Position,BlockID,States,Data
"(6, 0, 0)",minecraft:spruce_stairs,"{'facing': 'south', 'half': 'bottom', 'shape': 'straight', 'waterlogged': 'false'}",
"(7, 0, 0)",minecraft:oak_leaves,"{'distance': '7', 'persistent': 'true', 'waterlogged': 'false'}",
"(9, 0, 0)",minecraft:oak_leaves,"{'distance': '7', 'persistent': 'true', 'waterlogged': 'false'}",
"(10, 0, 0)",minecraft:spruce_stairs,"{'facing': 'south', 'half': 'bottom', 'shape': 'straight', 'waterlogged': 'false'}",
"(14, 0, 0)",minecraft:spruce_stairs,"{'facing': 'south', 'half': 'bottom', 'shape': 'straight', 'waterlogged': 'false'}",
"(17, 0, 0)",minecraft:oak_leaves,"{'distance': '7', 'persistent': 'true', 'waterlogged': 'false'}",
"(18, 0, 0)",minecraft:spruce_stairs,"{'facing': 'south', 'half': 'bottom', 'shape': 'straight', 'waterlogged': 'false'}",
"(19, 0, 0)",minecraft:flowering_azalea_leaves,"{'distance': '7', 'persistent': 'true', 'waterlogged': 'false'}",
"(22, 0, 0)",minecraft:spruce_stairs,"{'facing': 'south', 'half': 'bottom', 'shape': 'straight', 'waterlogged': 'false'}",
"(5, 0, 1)",minecraft:spruce_stairs,"{'facing': 'east', 'half': 'bottom', 'shape': 'straight', 'waterlogged': 'false'}",
"(6, 0, 1)",minecraft:oak_log,{'axis': 'y'},
"(7, 0, 1)",minecraft:granite,{},
"(8, 0, 1)",minecraft:granite,{},
"(9, 0, 1)",minecraft:granite,{},
"(10, 0, 1)",minecraft:stripped_spruce_wood,{'axis': 'y'},
"(11, 0, 1)",minecraft:granite,{},
"(12, 0, 1)",minecraft:granite,{},
"(13, 0, 1)",minecraft:terracotta,{},
"(14, 0, 1)",minecraft:stripped_spruce_wood,{'axis': 'y'},
"(15, 0, 1)",minecraft:granite,{},
"(16, 0, 1)",minecraft:granite,{},
"(17, 0, 1)",minecraft:granite,{},
"(18, 0, 1)",minecraft:stripped_spruce_wood,{'axis': 'y'},
"(19, 0, 1)",minecraft:granite,{},
"(20, 0, 1)",minecraft:granite,{},
"(21, 0, 1)",minecraft:terracotta,{},
"(22, 0, 1)",minecraft:oak_log,{'axis': 'y'},
"(23, 0, 1)",minecraft:spruce_stairs,"{'facing': 'west', 'half': 'bottom', 'shape': 'straight', 'waterlogged': 'false'}",
"(6, 0, 2)",minecraft:terracotta,{},
"(14, 0, 2)",minecraft:spruce_fence,"{'east': 'false', 'north': 'true', 'south': 'true', 'waterlogged': 'false', 'west': 'false'}",
"(22, 0, 2)",minecraft:terracotta,{},
"(23, 0, 2)",minecraft:oak_leaves,"{'distance': '7', 'persistent': 'true', 'waterlogged': 'false'}",
"(5, 0, 3)",minecraft:oak_leaves,"{'distance': '7', 'persistent': 'true', 'waterlogged': 'false'}",
"(6, 0, 3)",minecraft:granite,{},
"(14, 0, 3)",minecraft:spruce_fence,"{'east': 'false', 'north': 'true', 'south': 'true', 'waterlogged': 'false', 'west': 'false'}",
"(22, 0, 3)",minecraft:granite,{},
"(23, 0, 3)",minecraft:oak_leaves,"{'distance': '7', 'persistent': 'true', 'waterlogged': 'false'}",
"(4, 0, 4)",minecraft:spruce_trapdoor,"{'facing': 'north', 'half': 'bottom', 'open': 'true', 'powered': 'false', 'waterlogged': 'false'}",
"(5, 0, 4)",minecraft:spruce_stairs,"{'facing': 'east', 'half': 'bottom', 'shape': 'straight', 'waterlogged': 'false'}",
"(6, 0, 4)",minecraft:stripped_spruce_wood,{'axis': 'y'},
"(7, 0, 4)",minecraft:spruce_fence,"{'east': 'true', 'north': 'false', 'south': 'false', 'waterlogged': 'false', 'west': 'true'}",
"(8, 0, 4)",minecraft:spruce_fence,"{'east': 'true', 'north': 'false', 'south': 'false', 'waterlogged': 'false', 'west': 'true'}",
"(9, 0, 4)",minecraft:spruce_fence,"{'east': 'true', 'north': 'false', 'south': 'false', 'waterlogged': 'false', 'west': 'true'}",
"(10, 0, 4)",minecraft:spruce_fence,"{'east': 'true', 'north': 'false', 'south': 'false', 'waterlogged': 'false', 'west': 'true'}",
"(11, 0, 4)",minecraft:spruce_fence,"{'east': 'true', 'north': 'false', 'south': 'false', 'waterlogged': 'false', 'west': 'true'}",
"(12, 0, 4)",minecraft:spruce_fence_gate,"{'facing': 'north', 'in_wall': 'false', 'open': 'false', 'powered': 'false'}",
"(13, 0, 4)",minecraft:spruce_fence_gate,"{'facing': 'north', 'in_wall': 'false', 'open': 'false', 'powered': 'false'}",
"(14, 0, 4)",minecraft:spruce_fence,"{'east': 'true', 'north': 'true', 'south': 'false', 'waterlogged': 'false', 'west': 'true'}",
"(15, 0, 4)",minecraft:spruce_fence_gate,"{'facing': 'north', 'in_wall': 'false', 'open': 'false', 'powered': 'false'}",
"(16, 0, 4)",minecraft:spruce_fence_gate,"{'facing': 'north', 'in_wall': 'false', 'open': 'false', 'powered': 'false'}",
"(17, 0, 4)",minecraft:spruce_fence,"{'east': 'true', 'north': 'false', 'south': 'false', 'waterlogged': 'false', 'west': 'true'}",
"(18, 0, 4)",minecraft:spruce_fence,"{'east': 'true', 'north': 'false', 'south': 'false', 'waterlogged': 'false', 'west': 'true'}",
"(19, 0, 4)",minecraft:spruce_fence,"{'east': 'true', 'north': 'false', 'south': 'false', 'waterlogged': 'false', 'west': 'true'}",
"(20, 0, 4)",minecraft:spruce_fence,"{'east': 'true', 'north': 'false', 'south': 'false', 'waterlogged': 'false', 'west': 'true'}",
"(21, 0, 4)",minecraft:spruce_fence,"{'east': 'true', 'north': 'false', 'south': 'false', 'waterlogged': 'false', 'west': 'true'}",
"(22, 0, 4)",minecraft:stripped_spruce_wood,{'axis': 'y'},
"(23, 0, 4)",minecraft:spruce_stairs,"{'facing': 'west', 'half': 'bottom', 'shape': 'straight', 'waterlogged': 'false'}",
"(5, 0, 5)",minecraft:spruce_trapdoor,"{'facing': 'south', 'half': 'bottom', 'open': 'true', 'powered': 'false', 'waterlogged': 'false'}",
"(22, 0, 5)",minecraft:granite,{},
"(5, 0, 6)",minecraft:jigsaw,{'orientation': 'up_west'},"{components: {}, joint: ""rollable"", name: ""minecraft:empty"", pool: ""minecraft:empty"", final_state: ""minecraft:air"", placement_priority: 0, selection_priority: 0, id: ""minecraft:jigsaw"", target: ""minecraft:empty""}"
"(21, 0, 6)",minecraft:ladder,"{'facing': 'west', 'waterlogged': 'false'}",
"(22, 0, 6)",minecraft:granite,{},
"(5, 0, 7)",minecraft:spruce_trapdoor,"{'facing': 'north', 'half': 'bottom', 'open': 'true', 'powered': 'false', 'waterlogged': 'false'}",
"(22, 0, 7)",minecraft:granite,{},
"(5, 0, 8)",minecraft:spruce_stairs,"{'facing': 'east', 'half': 'bottom', 'shape': 'straight', 'waterlogged': 'false'}",
"(6, 0, 8)",minecraft:stripped_spruce_wood,{'axis': 'y'},
"(7, 0, 8)",minecraft:spruce_fence,"{'east': 'true', 'north': 'false', 'south': 'false', 'waterlogged': 'false', 'west': 'true'}",
"(8, 0, 8)",minecraft:spruce_fence,"{'east': 'true', 'north': 'false', 'south': 'false', 'waterlogged': 'false', 'west': 'true'}",
"(9, 0, 8)",minecraft:spruce_fence,"{'east': 'true', 'north': 'false', 'south': 'false', 'waterlogged': 'false', 'west': 'true'}",
"(10, 0, 8)",minecraft:spruce_fence,"{'east': 'true', 'north': 'false', 'south': 'false', 'waterlogged': 'false', 'west': 'true'}",
"(11, 0, 8)",minecraft:spruce_fence,"{'east': 'true', 'north': 'false', 'south': 'false', 'waterlogged': 'false', 'west': 'true'}",
"(12, 0, 8)",minecraft:spruce_fence_gate,"{'facing': 'south', 'in_wall': 'false', 'open': 'false', 'powered': 'false'}",
"(13, 0, 8)",minecraft:spruce_fence_gate,"{'facing': 'south', 'in_wall': 'false', 'open': 'false', 'powered': 'false'}",
"(14, 0, 8)",minecraft:spruce_fence,"{'east': 'true', 'north': 'false', 'south': 'true', 'waterlogged': 'false', 'west': 'true'}",
"(15, 0, 8)",minecraft:spruce_fence_gate,"{'facing': 'south', 'in_wall': 'false', 'open': 'false', 'powered': 'false'}",
"(16, 0, 8)",minecraft:spruce_fence_gate,"{'facing': 'south', 'in_wall': 'false', 'open': 'false', 'powered': 'false'}",
"(17, 0, 8)",minecraft:spruce_fence,"{'east': 'true', 'north': 'false', 'south': 'false', 'waterlogged': 'false', 'west': 'true'}",
"(18, 0, 8)",minecraft:spruce_fence,"{'east': 'true', 'north': 'false', 'south': 'false', 'waterlogged': 'false', 'west': 'true'}",
"(19, 0, 8)",minecraft:spruce_fence,"{'east': 'true', 'north': 'false', 'south': 'false', 'waterlogged': 'false', 'west': 'true'}",
"(20, 0, 8)",minecraft:spruce_fence,"{'east': 'true', 'north': 'false', 'south': 'false', 'waterlogged': 'false', 'west': 'true'}",
"(21, 0, 8)",minecraft:spruce_fence,"{'east': 'true', 'north': 'false', 'south': 'false', 'waterlogged': 'false', 'west': 'true'}",
"(22, 0, 8)",minecraft:stripped_spruce_wood,{'axis': 'y'},
"(23, 0, 8)",minecraft:spruce_stairs,"{'facing': 'west', 'half': 'bottom', 'shape': 'straight', 'waterlogged': 'false'}",
"(6, 0, 9)",minecraft:terracotta,{},
"(14, 0, 9)",minecraft:spruce_fence,"{'east': 'false', 'north': 'true', 'south': 'true', 'waterlogged': 'false', 'west': 'false'}",
"(22, 0, 9)",minecraft:granite,{},
"(6, 0, 10)",minecraft:granite,{},
"(14, 0, 10)",minecraft:spruce_fence,"{'east': 'false', 'north': 'true', 'south': 'true', 'waterlogged': 'false', 'west': 'false'}",
"(22, 0, 10)",minecraft:granite,{},
"(23, 0, 10)",minecraft:oak_leaves,"{'distance': '7', 'persistent': 'true', 'waterlogged': 'false'}",
"(5, 0, 11)",minecraft:spruce_stairs,"{'facing': 'east', 'half': 'bottom', 'shape': 'straight', 'waterlogged': 'false'}",
"(6, 0, 11)",minecraft:stripped_spruce_wood,{'axis': 'y'},
"(7, 0, 11)",minecraft:granite,{},
"(8, 0, 11)",minecraft:granite,{},
"(9, 0, 11)",minecraft:granite,{},
"(10, 0, 11)",minecraft:stripped_spruce_wood,{'axis': 'y'},
"(11, 0, 11)",minecraft:oak_fence_gate,"{'facing': 'north', 'in_wall': 'false', 'open': 'false', 'powered': 'false'}",
"(12, 0, 11)",minecraft:spruce_fence_gate,"{'facing': 'south', 'in_wall': 'false', 'open': 'false', 'powered': 'false'}",
"(13, 0, 11)",minecraft:oak_fence_gate,"{'facing': 'north', 'in_wall': 'false', 'open': 'false', 'powered': 'false'}",
"(14, 0, 11)",minecraft:stripped_spruce_wood,{'axis': 'y'},
"(15, 0, 11)",minecraft:granite,{},
"(16, 0, 11)",minecraft:granite,{},
"(17, 0, 11)",minecraft:granite,{},
"(18, 0, 11)",minecraft:stripped_spruce_wood,{'axis': 'y'},
"(19, 0, 11)",minecraft:spruce_fence_gate,"{'facing': 'north', 'in_wall': 'false', 'open': 'false', 'powered': 'false'}",
"(20, 0, 11)",minecraft:spruce_fence_gate,"{'facing': 'north', 'in_wall': 'false', 'open': 'false', 'powered': 'false'}",
"(21, 0, 11)",minecraft:oak_fence_gate,"{'facing': 'north', 'in_wall': 'false', 'open': 'false', 'powered': 'false'}",
"(22, 0, 11)",minecraft:stripped_spruce_wood,{'axis': 'y'},
"(23, 0, 11)",minecraft:spruce_stairs,"{'facing': 'west', 'half': 'bottom', 'shape': 'straight', 'waterlogged': 'false'}",
"(6, 0, 12)",minecraft:oak_log,{'axis': 'y'},
"(14, 0, 12)",minecraft:spruce_fence,"{'east': 'false', 'north': 'true', 'south': 'true', 'waterlogged': 'false', 'west': 'false'}",
"(22, 0, 12)",minecraft:oak_log,{'axis': 'y'},
"(6, 0, 13)",minecraft:spruce_fence,"{'east': 'false', 'north': 'true', 'south': 'true', 'waterlogged': 'false', 'west': 'false'}",
"(14, 0, 13)",minecraft:spruce_fence,"{'east': 'false', 'north': 'true', 'south': 'true', 'waterlogged': 'false', 'west': 'false'}",
"(22, 0, 13)",minecraft:oak_fence,"{'east': 'false', 'north': 'true', 'south': 'true', 'waterlogged': 'false', 'west': 'false'}",
"(6, 0, 14)",minecraft:spruce_fence,"{'east': 'false', 'north': 'true', 'south': 'true', 'waterlogged': 'false', 'west': 'false'}",
"(14, 0, 14)",minecraft:oak_fence,"{'east': 'false', 'north': 'true', 'south': 'true', 'waterlogged': 'false', 'west': 'false'}",
"(22, 0, 14)",minecraft:spruce_fence,"{'east': 'false', 'north': 'true', 'south': 'true', 'waterlogged': 'false', 'west': 'false'}",
"(6, 0, 15)",minecraft:spruce_fence,"{'east': 'false', 'north': 'true', 'south': 'true', 'waterlogged': 'false', 'west': 'false'}",
"(14, 0, 15)",minecraft:oak_fence,"{'east': 'false', 'north': 'true', 'south': 'true', 'waterlogged': 'false', 'west': 'false'}",
"(22, 0, 15)",minecraft:oak_fence,"{'east': 'false', 'north': 'true', 'south': 'true', 'waterlogged': 'false', 'west': 'false'}",
"(6, 0, 16)",minecraft:oak_fence_gate,"{'facing': 'east', 'in_wall': 'false', 'open': 'false', 'powered': 'false'}",
"(14, 0, 16)",minecraft:spruce_fence,"{'east': 'false', 'north': 'true', 'south': 'true', 'waterlogged': 'false', 'west': 'false'}",
"(22, 0, 16)",minecraft:spruce_fence_gate,"{'facing': 'west', 'in_wall': 'false', 'open': 'false', 'powered': 'false'}",
"(6, 0, 17)",minecraft:spruce_fence_gate,"{'facing': 'east', 'in_wall': 'false', 'open': 'false', 'powered': 'false'}",
"(14, 0, 17)",minecraft:spruce_fence,"{'east': 'false', 'north': 'true', 'south': 'true', 'waterlogged': 'false', 'west': 'false'}",
"(22, 0, 17)",minecraft:oak_fence_gate,"{'facing': 'west', 'in_wall': 'false', 'open': 'false', 'powered': 'false'}",
"(6, 0, 18)",minecraft:oak_fence,"{'east': 'false', 'north': 'true', 'south': 'true', 'waterlogged': 'false', 'west': 'false'}",
"(14, 0, 18)",minecraft:oak_fence,"{'east': 'false', 'north': 'true', 'south': 'true', 'waterlogged': 'false', 'west': 'false'}",
"(22, 0, 18)",minecraft:oak_fence,"{'east': 'false', 'north': 'true', 'south': 'true', 'waterlogged': 'false', 'west': 'false'}",
"(6, 0, 19)",minecraft:oak_fence,"{'east': 'true', 'north': 'true', 'south': 'false', 'waterlogged': 'false', 'west': 'false'}",
"(7, 0, 19)",minecraft:spruce_fence,"{'east': 'true', 'north': 'false', 'south': 'false', 'waterlogged': 'false', 'west': 'true'}",
"(8, 0, 19)",minecraft:spruce_fence,"{'east': 'true', 'north': 'false', 'south': 'false', 'waterlogged': 'false', 'west': 'true'}",
"(9, 0, 19)",minecraft:oak_fence,"{'east': 'true', 'north': 'false', 'south': 'false', 'waterlogged': 'false', 'west': 'true'}",
"(10, 0, 19)",minecraft:oak_fence,"{'east': 'true', 'north': 'false', 'south': 'false', 'waterlogged': 'false', 'west': 'true'}",
"(11, 0, 19)",minecraft:oak_fence,"{'east': 'true', 'north': 'false', 'south': 'false', 'waterlogged': 'false', 'west': 'true'}",
"(12, 0, 19)",minecraft:spruce_fence,"{'east': 'true', 'north': 'false', 'south': 'false', 'waterlogged': 'false', 'west': 'true'}",
"(13, 0, 19)",minecraft:oak_fence,"{'east': 'true', 'north': 'false', 'south': 'false', 'waterlogged': 'false', 'west': 'true'}",
"(14, 0, 19)",minecraft:spruce_fence,"{'east': 'true', 'north': 'true', 'south': 'false', 'waterlogged': 'false', 'west': 'true'}",
"(15, 0, 19)",minecraft:spruce_fence,"{'east': 'true', 'north': 'false', 'south': 'false', 'waterlogged': 'false', 'west': 'true'}",
"(16, 0, 19)",minecraft:oak_fence,"{'east': 'true', 'north': 'false', 'south': 'false', 'waterlogged': 'false', 'west': 'true'}",
"(17, 0, 19)",minecraft:spruce_fence,"{'east': 'true', 'north': 'false', 'south': 'false', 'waterlogged': 'false', 'west': 'true'}",
"(18, 0, 19)",minecraft:spruce_fence,"{'east': 'true', 'north': 'false', 'south': 'false', 'waterlogged': 'false', 'west': 'true'}",
"(19, 0, 19)",minecraft:oak_fence,"{'east': 'true', 'north': 'false', 'south': 'false', 'waterlogged': 'false', 'west': 'true'}",
"(20, 0, 19)",minecraft:oak_fence,"{'east': 'true', 'north': 'false', 'south': 'false', 'waterlogged': 'false', 'west': 'true'}",
"(21, 0, 19)",minecraft:spruce_fence,"{'east': 'true', 'north': 'false', 'south': 'false', 'waterlogged': 'false', 'west': 'true'}",
"(22, 0, 19)",minecraft:spruce_fence,"{'east': 'false', 'north': 'true', 'south': 'false', 'waterlogged': 'false', 'west': 'true'}",
"(8, 1, 0)",minecraft:azalea_leaves,"{'distance': '7', 'persistent': 'true', 'waterlogged': 'false'}",
"(18, 1, 0)",minecraft:azalea_leaves,"{'distance': '1', 'persistent': 'true', 'waterlogged': 'false'}",
"(6, 1, 1)",minecraft:oak_log,{'axis': 'y'},
"(7, 1, 1)",minecraft:granite,{},
"(8, 1, 1)",minecraft:terracotta,{},
"(9, 1, 1)",minecraft:terracotta,{},
"(10, 1, 1)",minecraft:oak_log,{'axis': 'y'},
"(11, 1, 1)",minecraft:terracotta,{},
"(12, 1, 1)",minecraft:terracotta,{},
"(13, 1, 1)",minecraft:terracotta,{},
"(14, 1, 1)",minecraft:oak_log,{'axis': 'y'},
"(15, 1, 1)",minecraft:granite,{},
"(16, 1, 1)",minecraft:terracotta,{},
"(17, 1, 1)",minecraft:terracotta,{},
"(18, 1, 1)",minecraft:oak_log,{'axis': 'y'},
"(19, 1, 1)",minecraft:granite,{},
"(20, 1, 1)",minecraft:terracotta,{},
"(21, 1, 1)",minecraft:terracotta,{},
"(22, 1, 1)",minecraft:oak_log,{'axis': 'y'},
"(6, 1, 2)",minecraft:terracotta,{},
"(22, 1, 2)",minecraft:terracotta,{},
"(6, 1, 3)",minecraft:terracotta,{},
"(22, 1, 3)",minecraft:terracotta,{},
"(23, 1, 3)",minecraft:azalea_leaves,"{'distance': '7', 'persistent': 'true', 'waterlogged': 'false'}",
"(4, 1, 4)",minecraft:spruce_trapdoor,"{'facing': 'north', 'half': 'bottom', 'open': 'true', 'powered': 'false', 'waterlogged': 'false'}",
"(6, 1, 4)",minecraft:oak_log,{'axis': 'y'},
"(22, 1, 4)",minecraft:oak_log,{'axis': 'y'},
"(5, 1, 5)",minecraft:spruce_trapdoor,"{'facing': 'south', 'half': 'bottom', 'open': 'true', 'powered': 'false', 'waterlogged': 'false'}",
"(22, 1, 5)",minecraft:terracotta,{},
"(21, 1, 6)",minecraft:ladder,"{'facing': 'west', 'waterlogged': 'false'}",
"(22, 1, 6)",minecraft:terracotta,{},
"(5, 1, 7)",minecraft:spruce_trapdoor,"{'facing': 'north', 'half': 'bottom', 'open': 'true', 'powered': 'false', 'waterlogged': 'false'}",
"(22, 1, 7)",minecraft:granite,{},
"(6, 1, 8)",minecraft:oak_log,{'axis': 'y'},
"(22, 1, 8)",minecraft:oak_log,{'axis': 'y'},
"(6, 1, 9)",minecraft:terracotta,{},
"(22, 1, 9)",minecraft:terracotta,{},
"(6, 1, 10)",minecraft:terracotta,{},
"(22, 1, 10)",minecraft:granite,{},
"(6, 1, 11)",minecraft:oak_log,{'axis': 'y'},
"(7, 1, 11)",minecraft:granite,{},
"(8, 1, 11)",minecraft:terracotta,{},
"(9, 1, 11)",minecraft:terracotta,{},
"(10, 1, 11)",minecraft:oak_log,{'axis': 'y'},
"(14, 1, 11)",minecraft:oak_log,{'axis': 'y'},
"(15, 1, 11)",minecraft:terracotta,{},
"(16, 1, 11)",minecraft:terracotta,{},
"(17, 1, 11)",minecraft:terracotta,{},
"(18, 1, 11)",minecraft:oak_log,{'axis': 'y'},
"(22, 1, 11)",minecraft:oak_log,{'axis': 'y'},
"(23, 1, 11)",minecraft:azalea_leaves,"{'distance': '1', 'persistent': 'true', 'waterlogged': 'false'}",
"(6, 1, 12)",minecraft:spruce_stairs,"{'facing': 'north', 'half': 'bottom', 'shape': 'straight', 'waterlogged': 'false'}",
"(22, 1, 12)",minecraft:spruce_stairs,"{'facing': 'north', 'half': 'bottom', 'shape': 'straight', 'waterlogged': 'false'}",
"(6, 2, 1)",minecraft:mangrove_wood,{'axis': 'y'},
"(7, 2, 1)",minecraft:terracotta,{},
"(8, 2, 1)",minecraft:terracotta,{},
"(9, 2, 1)",minecraft:brown_wool,{},
"(10, 2, 1)",minecraft:mangrove_wood,{'axis': 'y'},
"(11, 2, 1)",minecraft:terracotta,{},
"(12, 2, 1)",minecraft:brown_wool,{},
"(13, 2, 1)",minecraft:brown_wool,{},
"(14, 2, 1)",minecraft:mangrove_wood,{'axis': 'y'},
"(15, 2, 1)",minecraft:terracotta,{},
"(16, 2, 1)",minecraft:terracotta,{},
"(17, 2, 1)",minecraft:brown_wool,{},
"(18, 2, 1)",minecraft:mangrove_wood,{'axis': 'y'},
"(19, 2, 1)",minecraft:terracotta,{},
"(20, 2, 1)",minecraft:terracotta,{},
"(21, 2, 1)",minecraft:brown_wool,{},
"(22, 2, 1)",minecraft:mangrove_wood,{'axis': 'y'},
"(6, 2, 2)",minecraft:brown_wool,{},
"(7, 2, 2)",minecraft:spruce_trapdoor,"{'facing': 'south', 'half': 'top', 'open': 'false', 'powered': 'false', 'waterlogged': 'false'}",
"(8, 2, 2)",minecraft:spruce_trapdoor,"{'facing': 'south', 'half': 'top', 'open': 'false', 'powered': 'false', 'waterlogged': 'false'}",
"(9, 2, 2)",minecraft:spruce_trapdoor,"{'facing': 'south', 'half': 'top', 'open': 'false', 'powered': 'false', 'waterlogged': 'false'}",
"(11, 2, 2)",minecraft:spruce_trapdoor,"{'facing': 'south', 'half': 'top', 'open': 'false', 'powered': 'false', 'waterlogged': 'false'}",
"(12, 2, 2)",minecraft:spruce_trapdoor,"{'facing': 'south', 'half': 'top', 'open': 'false', 'powered': 'false', 'waterlogged': 'false'}",
"(13, 2, 2)",minecraft:spruce_trapdoor,"{'facing': 'south', 'half': 'top', 'open': 'false', 'powered': 'false', 'waterlogged': 'false'}",
"(15, 2, 2)",minecraft:spruce_trapdoor,"{'facing': 'south', 'half': 'top', 'open': 'false', 'powered': 'false', 'waterlogged': 'false'}",
"(16, 2, 2)",minecraft:spruce_trapdoor,"{'facing': 'south', 'half': 'top', 'open': 'false', 'powered': 'false', 'waterlogged': 'false'}",
"(17, 2, 2)",minecraft:spruce_trapdoor,"{'facing': 'south', 'half': 'top', 'open': 'false', 'powered': 'false', 'waterlogged': 'false'}",
"(19, 2, 2)",minecraft:spruce_trapdoor,"{'facing': 'south', 'half': 'top', 'open': 'false', 'powered': 'false', 'waterlogged': 'false'}",
"(20, 2, 2)",minecraft:spruce_trapdoor,"{'facing': 'south', 'half': 'top', 'open': 'false', 'powered': 'false', 'waterlogged': 'false'}",
"(21, 2, 2)",minecraft:spruce_trapdoor,"{'facing': 'south', 'half': 'top', 'open': 'false', 'powered': 'false', 'waterlogged': 'false'}",
"(22, 2, 2)",minecraft:brown_wool,{},
"(6, 2, 3)",minecraft:terracotta,{},
"(22, 2, 3)",minecraft:terracotta,{},
"(4, 2, 4)",minecraft:spruce_trapdoor,"{'facing': 'north', 'half': 'bottom', 'open': 'true', 'powered': 'false', 'waterlogged': 'false'}",
"(6, 2, 4)",minecraft:mangrove_wood,{'axis': 'y'},
"(22, 2, 4)",minecraft:mangrove_wood,{'axis': 'y'},
"(5, 2, 5)",minecraft:spruce_trapdoor,"{'facing': 'south', 'half': 'bottom', 'open': 'true', 'powered': 'false', 'waterlogged': 'false'}",
"(22, 2, 5)",minecraft:brown_wool,{},
"(21, 2, 6)",minecraft:ladder,"{'facing': 'west', 'waterlogged': 'false'}",
"(22, 2, 6)",minecraft:terracotta,{},
"(5, 2, 7)",minecraft:spruce_trapdoor,"{'facing': 'north', 'half': 'bottom', 'open': 'true', 'powered': 'false', 'waterlogged': 'false'}",
"(22, 2, 7)",minecraft:terracotta,{},
"(6, 2, 8)",minecraft:mangrove_wood,{'axis': 'y'},
"(22, 2, 8)",minecraft:mangrove_wood,{'axis': 'y'},
"(6, 2, 9)",minecraft:brown_wool,{},
"(22, 2, 9)",minecraft:brown_wool,{},
"(6, 2, 10)",minecraft:terracotta,{},
"(7, 2, 10)",minecraft:spruce_trapdoor,"{'facing': 'north', 'half': 'top', 'open': 'false', 'powered': 'false', 'waterlogged': 'false'}",
"(8, 2, 10)",minecraft:spruce_trapdoor,"{'facing': 'north', 'half': 'top', 'open': 'false', 'powered': 'false', 'waterlogged': 'false'}",
"(9, 2, 10)",minecraft:spruce_trapdoor,"{'facing': 'north', 'half': 'top', 'open': 'false', 'powered': 'false', 'waterlogged': 'false'}",
"(15, 2, 10)",minecraft:spruce_trapdoor,"{'facing': 'north', 'half': 'top', 'open': 'false', 'powered': 'false', 'waterlogged': 'false'}",
"(16, 2, 10)",minecraft:spruce_trapdoor,"{'facing': 'north', 'half': 'top', 'open': 'false', 'powered': 'false', 'waterlogged': 'false'}",
"(17, 2, 10)",minecraft:spruce_trapdoor,"{'facing': 'north', 'half': 'top', 'open': 'false', 'powered': 'false', 'waterlogged': 'false'}",
"(22, 2, 10)",minecraft:terracotta,{},
"(6, 2, 11)",minecraft:mangrove_wood,{'axis': 'y'},
"(7, 2, 11)",minecraft:terracotta,{},
"(8, 2, 11)",minecraft:terracotta,{},
"(9, 2, 11)",minecraft:brown_wool,{},
"(10, 2, 11)",minecraft:mangrove_wood,{'axis': 'y'},
"(11, 2, 11)",minecraft:spruce_stairs,"{'facing': 'west', 'half': 'top', 'shape': 'straight', 'waterlogged': 'false'}",
"(12, 2, 11)",minecraft:spruce_trapdoor,"{'facing': 'west', 'half': 'top', 'open': 'false', 'powered': 'false', 'waterlogged': 'false'}",
"(13, 2, 11)",minecraft:spruce_stairs,"{'facing': 'east', 'half': 'top', 'shape': 'straight', 'waterlogged': 'false'}",
"(14, 2, 11)",minecraft:mangrove_wood,{'axis': 'y'},
"(15, 2, 11)",minecraft:terracotta,{},
"(16, 2, 11)",minecraft:brown_wool,{},
"(17, 2, 11)",minecraft:brown_wool,{},
"(18, 2, 11)",minecraft:mangrove_wood,{'axis': 'y'},
"(19, 2, 11)",minecraft:spruce_stairs,"{'facing': 'west', 'half': 'top', 'shape': 'straight', 'waterlogged': 'false'}",
"(20, 2, 11)",minecraft:spruce_trapdoor,"{'facing': 'east', 'half': 'top', 'open': 'false', 'powered': 'false', 'waterlogged': 'false'}",
"(21, 2, 11)",minecraft:spruce_stairs,"{'facing': 'east', 'half': 'top', 'shape': 'straight', 'waterlogged': 'false'}",
"(22, 2, 11)",minecraft:mangrove_wood,{'axis': 'y'},
"(6, 3, 0)",minecraft:spruce_fence,"{'east': 'false', 'north': 'false', 'south': 'true', 'waterlogged': 'false', 'west': 'false'}",
"(10, 3, 0)",minecraft:spruce_fence,"{'east': 'false', 'north': 'false', 'south': 'true', 'waterlogged': 'false', 'west': 'false'}",
"(14, 3, 0)",minecraft:spruce_fence,"{'east': 'false', 'north': 'false', 'south': 'true', 'waterlogged': 'false', 'west': 'false'}",
"(18, 3, 0)",minecraft:spruce_fence,"{'east': 'false', 'north': 'false', 'south': 'true', 'waterlogged': 'false', 'west': 'false'}",
"(22, 3, 0)",minecraft:spruce_fence,"{'east': 'false', 'north': 'false', 'south': 'true', 'waterlogged': 'false', 'west': 'false'}",
"(5, 3, 1)",minecraft:spruce_fence,"{'east': 'true', 'north': 'false', 'south': 'false', 'waterlogged': 'false', 'west': 'false'}",
"(6, 3, 1)",minecraft:stripped_dark_oak_wood,{'axis': 'y'},
"(7, 3, 1)",minecraft:brown_wool,{},
"(8, 3, 1)",minecraft:brown_wool,{},
"(9, 3, 1)",minecraft:brown_wool,{},
"(10, 3, 1)",minecraft:stripped_dark_oak_wood,{'axis': 'y'},
"(11, 3, 1)",minecraft:brown_wool,{},
"(12, 3, 1)",minecraft:brown_wool,{},
"(13, 3, 1)",minecraft:brown_wool,{},
"(14, 3, 1)",minecraft:stripped_dark_oak_wood,{'axis': 'y'},
"(15, 3, 1)",minecraft:brown_wool,{},
"(16, 3, 1)",minecraft:brown_wool,{},
"(17, 3, 1)",minecraft:brown_wool,{},
"(18, 3, 1)",minecraft:stripped_dark_oak_wood,{'axis': 'y'},
"(19, 3, 1)",minecraft:brown_wool,{},
"(20, 3, 1)",minecraft:brown_wool,{},
"(21, 3, 1)",minecraft:brown_wool,{},
"(22, 3, 1)",minecraft:stripped_dark_oak_wood,{'axis': 'y'},
"(23, 3, 1)",minecraft:spruce_fence,"{'east': 'false', 'north': 'false', 'south': 'false', 'waterlogged': 'false', 'west': 'true'}",
"(6, 3, 2)",minecraft:brown_wool,{},
"(7, 3, 2)",minecraft:oak_leaves,"{'distance': '7', 'persistent': 'true', 'waterlogged': 'false'}",
"(9, 3, 2)",minecraft:barrel,"{'facing': 'south', 'open': 'false'}","{components: {}, Items: [], id: ""minecraft:barrel""}"
"(10, 3, 2)",minecraft:dark_oak_fence,"{'east': 'false', 'north': 'true', 'south': 'false', 'waterlogged': 'false', 'west': 'true'}",
"(11, 3, 2)",minecraft:potted_blue_orchid,{},
"(12, 3, 2)",minecraft:hay_block,{'axis': 'y'},
"(13, 3, 2)",minecraft:oak_leaves,"{'distance': '7', 'persistent': 'true', 'waterlogged': 'false'}",
"(14, 3, 2)",minecraft:dark_oak_fence,"{'east': 'true', 'north': 'true', 'south': 'false', 'waterlogged': 'false', 'west': 'false'}",
"(15, 3, 2)",minecraft:hay_block,{'axis': 'y'},
"(16, 3, 2)",minecraft:hay_block,{'axis': 'y'},
"(17, 3, 2)",minecraft:potted_spruce_sapling,{},
"(18, 3, 2)",minecraft:dark_oak_fence,"{'east': 'true', 'north': 'true', 'south': 'false', 'waterlogged': 'false', 'west': 'false'}",
"(19, 3, 2)",minecraft:hay_block,{'axis': 'y'},
"(20, 3, 2)",minecraft:potted_cornflower,{},
"(21, 3, 2)",minecraft:barrel,"{'facing': 'south', 'open': 'false'}","{components: {}, Items: [], id: ""minecraft:barrel""}"
"(22, 3, 2)",minecraft:brown_wool,{},
"(6, 3, 3)",minecraft:brown_wool,{},
"(22, 3, 3)",minecraft:brown_wool,{},
"(4, 3, 4)",minecraft:spruce_trapdoor,"{'facing': 'north', 'half': 'bottom', 'open': 'true', 'powered': 'false', 'waterlogged': 'false'}",
"(5, 3, 4)",minecraft:spruce_fence,"{'east': 'true', 'north': 'false', 'south': 'true', 'waterlogged': 'false', 'west': 'false'}",
"(6, 3, 4)",minecraft:stripped_dark_oak_wood,{'axis': 'y'},
"(22, 3, 4)",minecraft:stripped_dark_oak_wood,{'axis': 'y'},
"(23, 3, 4)",minecraft:spruce_fence,"{'east': 'false', 'north': 'false', 'south': 'false', 'waterlogged': 'false', 'west': 'true'}",
"(1, 3, 5)",minecraft:spruce_trapdoor,"{'facing': 'west', 'half': 'top', 'open': 'false', 'powered': 'false', 'waterlogged': 'false'}",
"(2, 3, 5)",minecraft:spruce_trapdoor,"{'facing': 'east', 'half': 'top', 'open': 'false', 'powered': 'false', 'waterlogged': 'false'}",
"(3, 3, 5)",minecraft:spruce_trapdoor,"{'facing': 'east', 'half': 'top', 'open': 'false', 'powered': 'false', 'waterlogged': 'false'}",
"(5, 3, 5)",minecraft:spruce_trapdoor,"{'facing': 'south', 'half': 'bottom', 'open': 'true', 'powered': 'false', 'waterlogged': 'false'}",
"(6, 3, 5)",minecraft:dark_oak_stairs,"{'facing': 'north', 'half': 'top', 'shape': 'straight', 'waterlogged': 'false'}",
"(22, 3, 5)",minecraft:brown_wool,{},
"(1, 3, 6)",minecraft:spruce_trapdoor,"{'facing': 'east', 'half': 'top', 'open': 'false', 'powered': 'false', 'waterlogged': 'false'}",
"(2, 3, 6)",minecraft:spruce_trapdoor,"{'facing': 'east', 'half': 'top', 'open': 'false', 'powered': 'false', 'waterlogged': 'false'}",
"(3, 3, 6)",minecraft:spruce_trapdoor,"{'facing': 'east', 'half': 'top', 'open': 'false', 'powered': 'false', 'waterlogged': 'false'}",
"(10, 3, 6)",minecraft:lantern,"{'hanging': 'true', 'waterlogged': 'false'}",
"(14, 3, 6)",minecraft:lantern,"{'hanging': 'true', 'waterlogged': 'false'}",
"(18, 3, 6)",minecraft:lantern,"{'hanging': 'true', 'waterlogged': 'false'}",
"(21, 3, 6)",minecraft:ladder,"{'facing': 'west', 'waterlogged': 'false'}",
"(22, 3, 6)",minecraft:brown_wool,{},
"(1, 3, 7)",minecraft:spruce_trapdoor,"{'facing': 'west', 'half': 'top', 'open': 'false', 'powered': 'false', 'waterlogged': 'false'}",
"(2, 3, 7)",minecraft:spruce_trapdoor,"{'facing': 'east', 'half': 'top', 'open': 'false', 'powered': 'false', 'waterlogged': 'false'}",
"(3, 3, 7)",minecraft:spruce_trapdoor,"{'facing': 'east', 'half': 'top', 'open': 'false', 'powered': 'false', 'waterlogged': 'false'}",
"(5, 3, 7)",minecraft:spruce_trapdoor,"{'facing': 'north', 'half': 'bottom', 'open': 'true', 'powered': 'false', 'waterlogged': 'false'}",
"(6, 3, 7)",minecraft:dark_oak_stairs,"{'facing': 'south', 'half': 'top', 'shape': 'straight', 'waterlogged': 'false'}",
"(22, 3, 7)",minecraft:brown_wool,{},
"(5, 3, 8)",minecraft:dark_oak_fence,"{'east': 'true', 'north': 'true', 'south': 'false', 'waterlogged': 'false', 'west': 'false'}",
"(6, 3, 8)",minecraft:stripped_dark_oak_wood,{'axis': 'y'},
"(22, 3, 8)",minecraft:stripped_dark_oak_wood,{'axis': 'y'},
"(23, 3, 8)",minecraft:dark_oak_fence,"{'east': 'false', 'north': 'false', 'south': 'false', 'waterlogged': 'false', 'west': 'true'}",
"(6, 3, 9)",minecraft:brown_wool,{},
"(22, 3, 9)",minecraft:brown_wool,{},
"(6, 3, 10)",minecraft:brown_wool,{},
"(8, 3, 10)",minecraft:hay_block,{'axis': 'y'},
"(9, 3, 10)",minecraft:potted_lily_of_the_valley,{},
"(10, 3, 10)",minecraft:dark_oak_fence,"{'east': 'false', 'north': 'false', 'south': 'true', 'waterlogged': 'false', 'west': 'false'}",
"(14, 3, 10)",minecraft:dark_oak_fence,"{'east': 'true', 'north': 'false', 'south': 'true', 'waterlogged': 'false', 'west': 'false'}",
"(15, 3, 10)",minecraft:hay_block,{'axis': 'y'},
"(16, 3, 10)",minecraft:barrel,"{'facing': 'north', 'open': 'false'}","{components: {}, Items: [], id: ""minecraft:barrel""}"
"(17, 3, 10)",minecraft:oak_leaves,"{'distance': '7', 'persistent': 'true', 'waterlogged': 'false'}",
"(18, 3, 10)",minecraft:dark_oak_fence,"{'east': 'false', 'north': 'false', 'south': 'true', 'waterlogged': 'false', 'west': 'false'}",
"(22, 3, 10)",minecraft:brown_wool,{},
"(5, 3, 11)",minecraft:dark_oak_fence,"{'east': 'true', 'north': 'false', 'south': 'false', 'waterlogged': 'false', 'west': 'false'}",
"(6, 3, 11)",minecraft:stripped_dark_oak_wood,{'axis': 'y'},
"(7, 3, 11)",minecraft:brown_wool,{},
"(8, 3, 11)",minecraft:brown_wool,{},
"(9, 3, 11)",minecraft:brown_wool,{},
"(10, 3, 11)",minecraft:stripped_dark_oak_wood,{'axis': 'y'},
"(11, 3, 11)",minecraft:brown_wool,{},
"(12, 3, 11)",minecraft:brown_wool,{},
"(13, 3, 11)",minecraft:brown_wool,{},
"(14, 3, 11)",minecraft:stripped_dark_oak_wood,{'axis': 'y'},
"(15, 3, 11)",minecraft:brown_wool,{},
"(16, 3, 11)",minecraft:brown_wool,{},
"(17, 3, 11)",minecraft:brown_wool,{},
"(18, 3, 11)",minecraft:stripped_dark_oak_wood,{'axis': 'y'},
"(19, 3, 11)",minecraft:brown_wool,{},
"(20, 3, 11)",minecraft:brown_wool,{},
"(21, 3, 11)",minecraft:brown_wool,{},
"(22, 3, 11)",minecraft:stripped_dark_oak_wood,{'axis': 'y'},
"(23, 3, 11)",minecraft:dark_oak_fence,"{'east': 'false', 'north': 'false', 'south': 'false', 'waterlogged': 'false', 'west': 'true'}",
"(6, 3, 12)",minecraft:dark_oak_fence,"{'east': 'false', 'north': 'true', 'south': 'false', 'waterlogged': 'false', 'west': 'false'}",
"(10, 3, 12)",minecraft:dark_oak_fence,"{'east': 'false', 'north': 'true', 'south': 'false', 'waterlogged': 'false', 'west': 'false'}",
"(14, 3, 12)",minecraft:dark_oak_fence,"{'east': 'false', 'north': 'true', 'south': 'false', 'waterlogged': 'false', 'west': 'false'}",
"(16, 3, 12)",minecraft:oak_leaves,"{'distance': '7', 'persistent': 'true', 'waterlogged': 'false'}",
"(18, 3, 12)",minecraft:dark_oak_fence,"{'east': 'false', 'north': 'true', 'south': 'false', 'waterlogged': 'false', 'west': 'false'}",
"(22, 3, 12)",minecraft:dark_oak_fence,"{'east': 'false', 'north': 'true', 'south': 'false', 'waterlogged': 'false', 'west': 'false'}",
"(6, 4, 0)",minecraft:oak_log,{'axis': 'z'},
"(7, 4, 0)",minecraft:spruce_stairs,"{'facing': 'south', 'half': 'top', 'shape': 'straight', 'waterlogged': 'false'}",
"(8, 4, 0)",minecraft:dark_oak_slab,"{'type': 'top', 'waterlogged': 'false'}",
"(9, 4, 0)",minecraft:spruce_stairs,"{'facing': 'south', 'half': 'top', 'shape': 'straight', 'waterlogged': 'false'}",
"(10, 4, 0)",minecraft:oak_log,{'axis': 'z'},
"(11, 4, 0)",minecraft:spruce_stairs,"{'facing': 'south', 'half': 'top', 'shape': 'straight', 'waterlogged': 'false'}",
"(12, 4, 0)",minecraft:dark_oak_slab,"{'type': 'top', 'waterlogged': 'false'}",
"(13, 4, 0)",minecraft:dark_oak_stairs,"{'facing': 'south', 'half': 'top', 'shape': 'straight', 'waterlogged': 'false'}",
"(14, 4, 0)",minecraft:oak_log,{'axis': 'z'},
"(15, 4, 0)",minecraft:dark_oak_stairs,"{'facing': 'south', 'half': 'top', 'shape': 'straight', 'waterlogged': 'false'}",
"(16, 4, 0)",minecraft:dark_oak_slab,"{'type': 'top', 'waterlogged': 'false'}",
"(17, 4, 0)",minecraft:spruce_stairs,"{'facing': 'south', 'half': 'top', 'shape': 'straight', 'waterlogged': 'false'}",
"(18, 4, 0)",minecraft:oak_log,{'axis': 'z'},
"(19, 4, 0)",minecraft:dark_oak_stairs,"{'facing': 'south', 'half': 'top', 'shape': 'straight', 'waterlogged': 'false'}",
"(20, 4, 0)",minecraft:dark_oak_slab,"{'type': 'top', 'waterlogged': 'false'}",
"(21, 4, 0)",minecraft:spruce_stairs,"{'facing': 'south', 'half': 'top', 'shape': 'straight', 'waterlogged': 'false'}",
"(22, 4, 0)",minecraft:oak_log,{'axis': 'z'},
"(5, 4, 1)",minecraft:oak_log,{'axis': 'x'},
"(6, 4, 1)",minecraft:oak_log,{'axis': 'y'},
"(7, 4, 1)",minecraft:stripped_dark_oak_wood,{'axis': 'x'},
"(8, 4, 1)",minecraft:stripped_dark_oak_wood,{'axis': 'x'},
"(9, 4, 1)",minecraft:stripped_dark_oak_wood,{'axis': 'x'},
"(10, 4, 1)",minecraft:stripped_dark_oak_wood,{'axis': 'x'},
"(11, 4, 1)",minecraft:stripped_dark_oak_wood,{'axis': 'x'},
"(12, 4, 1)",minecraft:stripped_dark_oak_wood,{'axis': 'x'},
"(13, 4, 1)",minecraft:stripped_dark_oak_wood,{'axis': 'x'},
"(14, 4, 1)",minecraft:stripped_dark_oak_wood,{'axis': 'x'},
"(15, 4, 1)",minecraft:stripped_dark_oak_wood,{'axis': 'x'},
"(16, 4, 1)",minecraft:stripped_dark_oak_wood,{'axis': 'x'},
"(17, 4, 1)",minecraft:stripped_dark_oak_wood,{'axis': 'x'},
"(18, 4, 1)",minecraft:stripped_dark_oak_wood,{'axis': 'x'},
"(19, 4, 1)",minecraft:stripped_dark_oak_wood,{'axis': 'x'},
"(20, 4, 1)",minecraft:stripped_dark_oak_wood,{'axis': 'x'},
"(21, 4, 1)",minecraft:stripped_dark_oak_wood,{'axis': 'x'},
"(22, 4, 1)",minecraft:oak_log,{'axis': 'y'},
"(23, 4, 1)",minecraft:oak_log,{'axis': 'x'},
"(5, 4, 2)",minecraft:spruce_stairs,"{'facing': 'east', 'half': 'top', 'shape': 'straight', 'waterlogged': 'false'}",
"(6, 4, 2)",minecraft:stripped_dark_oak_wood,{'axis': 'z'},
"(7, 4, 2)",minecraft:spruce_stairs,"{'facing': 'north', 'half': 'top', 'shape': 'straight', 'waterlogged': 'false'}",
"(8, 4, 2)",minecraft:spruce_stairs,"{'facing': 'north', 'half': 'top', 'shape': 'straight', 'waterlogged': 'false'}",
"(9, 4, 2)",minecraft:spruce_stairs,"{'facing': 'north', 'half': 'top', 'shape': 'straight', 'waterlogged': 'false'}",
"(10, 4, 2)",minecraft:stripped_dark_oak_wood,{'axis': 'z'},
"(11, 4, 2)",minecraft:spruce_stairs,"{'facing': 'north', 'half': 'top', 'shape': 'straight', 'waterlogged': 'false'}",
"(12, 4, 2)",minecraft:spruce_stairs,"{'facing': 'north', 'half': 'top', 'shape': 'straight', 'waterlogged': 'false'}",
"(13, 4, 2)",minecraft:spruce_stairs,"{'facing': 'north', 'half': 'top', 'shape': 'straight', 'waterlogged': 'false'}",
"(14, 4, 2)",minecraft:stripped_dark_oak_wood,{'axis': 'z'},
"(15, 4, 2)",minecraft:spruce_stairs,"{'facing': 'north', 'half': 'top', 'shape': 'straight', 'waterlogged': 'false'}",
"(16, 4, 2)",minecraft:spruce_stairs,"{'facing': 'north', 'half': 'top', 'shape': 'straight', 'waterlogged': 'false'}",
"(17, 4, 2)",minecraft:spruce_stairs,"{'facing': 'north', 'half': 'top', 'shape': 'straight', 'waterlogged': 'false'}",
"(18, 4, 2)",minecraft:stripped_dark_oak_wood,{'axis': 'z'},
"(19, 4, 2)",minecraft:spruce_stairs,"{'facing': 'north', 'half': 'top', 'shape': 'straight', 'waterlogged': 'false'}",
"(20, 4, 2)",minecraft:spruce_stairs,"{'facing': 'north', 'half': 'top', 'shape': 'straight', 'waterlogged': 'false'}",
"(21, 4, 2)",minecraft:spruce_stairs,"{'facing': 'north', 'half': 'top', 'shape': 'straight', 'waterlogged': 'false'}",
"(22, 4, 2)",minecraft:stripped_dark_oak_wood,{'axis': 'z'},
"(23, 4, 2)",minecraft:spruce_stairs,"{'facing': 'west', 'half': 'top', 'shape': 'straight', 'waterlogged': 'false'}",
"(5, 4, 3)",minecraft:dark_oak_stairs,"{'facing': 'east', 'half': 'top', 'shape': 'straight', 'waterlogged': 'false'}",
"(6, 4, 3)",minecraft:stripped_dark_oak_wood,{'axis': 'z'},
"(7, 4, 3)",minecraft:oak_slab,"{'type': 'top', 'waterlogged': 'false'}",
"(8, 4, 3)",minecraft:spruce_slab,"{'type': 'top', 'waterlogged': 'false'}",
"(9, 4, 3)",minecraft:spruce_slab,"{'type': 'top', 'waterlogged': 'false'}",
"(10, 4, 3)",minecraft:stripped_dark_oak_wood,{'axis': 'z'},
"(11, 4, 3)",minecraft:oak_slab,"{'type': 'top', 'waterlogged': 'false'}",
"(12, 4, 3)",minecraft:spruce_slab,"{'type': 'top', 'waterlogged': 'false'}",
"(13, 4, 3)",minecraft:spruce_slab,"{'type': 'top', 'waterlogged': 'false'}",
"(14, 4, 3)",minecraft:stripped_dark_oak_wood,{'axis': 'z'},
"(15, 4, 3)",minecraft:spruce_slab,"{'type': 'top', 'waterlogged': 'false'}",
"(16, 4, 3)",minecraft:spruce_slab,"{'type': 'top', 'waterlogged': 'false'}",
"(17, 4, 3)",minecraft:spruce_slab,"{'type': 'top', 'waterlogged': 'false'}",
"(18, 4, 3)",minecraft:mangrove_wood,{'axis': 'z'},
"(19, 4, 3)",minecraft:oak_slab,"{'type': 'top', 'waterlogged': 'false'}",
"(20, 4, 3)",minecraft:spruce_slab,"{'type': 'top', 'waterlogged': 'false'}",
"(21, 4, 3)",minecraft:spruce_slab,"{'type': 'top', 'waterlogged': 'false'}",
"(22, 4, 3)",minecraft:stripped_dark_oak_wood,{'axis': 'z'},
"(23, 4, 3)",minecraft:dark_oak_stairs,"{'facing': 'west', 'half': 'top', 'shape': 'straight', 'waterlogged': 'false'}",
"(1, 4, 4)",minecraft:spruce_wall_sign,"{'facing': 'north', 'waterlogged': 'false'}","{back_text: {has_glowing_text: 0b, color: ""black"", messages: ["""", """", """", """"]}, components: {}, is_waxed: 0b, id: ""minecraft:sign"", front_text: {has_glowing_text: 0b, color: ""black"", messages: [""  "", """", """", """"]}}"
"(2, 4, 4)",minecraft:ladder,"{'facing': 'north', 'waterlogged': 'false'}",
"(3, 4, 4)",minecraft:spruce_wall_sign,"{'facing': 'north', 'waterlogged': 'false'}","{back_text: {has_glowing_text: 0b, color: ""black"", messages: ["""", """", """", """"]}, components: {}, is_waxed: 0b, id: ""minecraft:sign"", front_text: {has_glowing_text: 0b, color: ""black"", messages: [""  "", """", """", """"]}}"
"(5, 4, 4)",minecraft:oak_log,{'axis': 'x'},
"(6, 4, 4)",minecraft:stripped_dark_oak_wood,{'axis': 'y'},
"(7, 4, 4)",minecraft:spruce_slab,"{'type': 'top', 'waterlogged': 'false'}",
"(8, 4, 4)",minecraft:spruce_slab,"{'type': 'top', 'waterlogged': 'false'}",
"(9, 4, 4)",minecraft:oak_slab,"{'type': 'top', 'waterlogged': 'false'}",
"(10, 4, 4)",minecraft:mangrove_wood,{'axis': 'z'},
"(11, 4, 4)",minecraft:spruce_slab,"{'type': 'top', 'waterlogged': 'false'}",
"(12, 4, 4)",minecraft:spruce_slab,"{'type': 'top', 'waterlogged': 'false'}",
"(13, 4, 4)",minecraft:oak_slab,"{'type': 'top', 'waterlogged': 'false'}",
"(14, 4, 4)",minecraft:stripped_dark_oak_wood,{'axis': 'z'},
"(15, 4, 4)",minecraft:oak_slab,"{'type': 'top', 'waterlogged': 'false'}",
"(16, 4, 4)",minecraft:spruce_slab,"{'type': 'top', 'waterlogged': 'false'}",
"(17, 4, 4)",minecraft:oak_slab,"{'type': 'top', 'waterlogged': 'false'}",
"(18, 4, 4)",minecraft:stripped_dark_oak_wood,{'axis': 'z'},
"(19, 4, 4)",minecraft:spruce_slab,"{'type': 'top', 'waterlogged': 'false'}",
"(20, 4, 4)",minecraft:oak_slab,"{'type': 'top', 'waterlogged': 'false'}",
"(21, 4, 4)",minecraft:oak_slab,"{'type': 'top', 'waterlogged': 'false'}",
"(22, 4, 4)",minecraft:stripped_dark_oak_wood,{'axis': 'y'},
"(23, 4, 4)",minecraft:oak_log,{'axis': 'x'},
"(0, 4, 5)",minecraft:spruce_wall_sign,"{'facing': 'west', 'waterlogged': 'false'}","{back_text: {has_glowing_text: 0b, color: ""black"", messages: ["""", """", """", """"]}, components: {}, is_waxed: 0b, id: ""minecraft:sign"", front_text: {has_glowing_text: 0b, color: ""black"", messages: [""  "", """", """", """"]}}"
"(1, 4, 5)",minecraft:hay_block,{'axis': 'y'},
"(2, 4, 5)",minecraft:hay_block,{'axis': 'y'},
"(3, 4, 5)",minecraft:spruce_trapdoor,"{'facing': 'north', 'half': 'bottom', 'open': 'false', 'powered': 'false', 'waterlogged': 'false'}",
"(4, 4, 5)",minecraft:spruce_wall_sign,"{'facing': 'east', 'waterlogged': 'false'}","{back_text: {has_glowing_text: 0b, color: ""black"", messages: ["""", """", """", """"]}, components: {}, is_waxed: 0b, id: ""minecraft:sign"", front_text: {has_glowing_text: 0b, color: ""black"", messages: [""  "", """", """", """"]}}"
"(5, 4, 5)",minecraft:spruce_stairs,"{'facing': 'east', 'half': 'top', 'shape': 'straight', 'waterlogged': 'false'}",
"(6, 4, 5)",minecraft:stripped_dark_oak_wood,{'axis': 'z'},
"(7, 4, 5)",minecraft:oak_slab,"{'type': 'top', 'waterlogged': 'false'}",
"(8, 4, 5)",minecraft:oak_slab,"{'type': 'top', 'waterlogged': 'false'}",
"(9, 4, 5)",minecraft:oak_slab,"{'type': 'top', 'waterlogged': 'false'}",
"(10, 4, 5)",minecraft:mangrove_wood,{'axis': 'z'},
"(11, 4, 5)",minecraft:oak_slab,"{'type': 'top', 'waterlogged': 'false'}",
"(12, 4, 5)",minecraft:oak_slab,"{'type': 'top', 'waterlogged': 'false'}",
"(13, 4, 5)",minecraft:oak_slab,"{'type': 'top', 'waterlogged': 'false'}",
"(14, 4, 5)",minecraft:mangrove_wood,{'axis': 'z'},
"(15, 4, 5)",minecraft:spruce_slab,"{'type': 'top', 'waterlogged': 'false'}",
"(16, 4, 5)",minecraft:oak_slab,"{'type': 'top', 'waterlogged': 'false'}",
"(17, 4, 5)",minecraft:spruce_slab,"{'type': 'top', 'waterlogged': 'false'}",
"(18, 4, 5)",minecraft:mangrove_wood,{'axis': 'z'},
"(19, 4, 5)",minecraft:oak_slab,"{'type': 'top', 'waterlogged': 'false'}",
"(20, 4, 5)",minecraft:spruce_slab,"{'type': 'top', 'waterlogged': 'false'}",
"(21, 4, 5)",minecraft:oak_slab,"{'type': 'top', 'waterlogged': 'false'}",
"(22, 4, 5)",minecraft:stripped_dark_oak_wood,{'axis': 'z'},
"(23, 4, 5)",minecraft:dark_oak_stairs,"{'facing': 'west', 'half': 'top', 'shape': 'straight', 'waterlogged': 'false'}",
"(0, 4, 6)",minecraft:ladder,"{'facing': 'west', 'waterlogged': 'false'}",
"(1, 4, 6)",minecraft:hay_block,{'axis': 'y'},
"(2, 4, 6)",minecraft:hay_block,{'axis': 'y'},
"(3, 4, 6)",minecraft:hay_block,{'axis': 'y'},
"(4, 4, 6)",minecraft:ladder,"{'facing': 'east', 'waterlogged': 'false'}",
"(5, 4, 6)",minecraft:dark_oak_slab,"{'type': 'top', 'waterlogged': 'false'}",
"(6, 4, 6)",minecraft:stripped_dark_oak_wood,{'axis': 'z'},
"(7, 4, 6)",minecraft:oak_slab,"{'type': 'top', 'waterlogged': 'false'}",
"(8, 4, 6)",minecraft:oak_slab,"{'type': 'top', 'waterlogged': 'false'}",
"(9, 4, 6)",minecraft:oak_slab,"{'type': 'top', 'waterlogged': 'false'}",
"(10, 4, 6)",minecraft:stripped_dark_oak_wood,{'axis': 'z'},
"(11, 4, 6)",minecraft:oak_slab,"{'type': 'top', 'waterlogged': 'false'}",
"(12, 4, 6)",minecraft:oak_slab,"{'type': 'top', 'waterlogged': 'false'}",
"(13, 4, 6)",minecraft:oak_slab,"{'type': 'top', 'waterlogged': 'false'}",
"(14, 4, 6)",minecraft:stripped_dark_oak_wood,{'axis': 'z'},
"(15, 4, 6)",minecraft:oak_slab,"{'type': 'top', 'waterlogged': 'false'}",
"(16, 4, 6)",minecraft:oak_slab,"{'type': 'top', 'waterlogged': 'false'}",
"(17, 4, 6)",minecraft:oak_slab,"{'type': 'top', 'waterlogged': 'false'}",
"(18, 4, 6)",minecraft:mangrove_wood,{'axis': 'z'},
"(19, 4, 6)",minecraft:oak_slab,"{'type': 'top', 'waterlogged': 'false'}",
"(20, 4, 6)",minecraft:oak_slab,"{'type': 'top', 'waterlogged': 'false'}",
"(21, 4, 6)",minecraft:ladder,"{'facing': 'west', 'waterlogged': 'false'}",
"(22, 4, 6)",minecraft:stripped_dark_oak_wood,{'axis': 'z'},
"(23, 4, 6)",minecraft:dark_oak_slab,"{'type': 'top', 'waterlogged': 'false'}",
"(0, 4, 7)",minecraft:spruce_wall_sign,"{'facing': 'west', 'waterlogged': 'false'}","{back_text: {has_glowing_text: 0b, color: ""black"", messages: ["""", """", """", """"]}, components: {}, is_waxed: 0b, id: ""minecraft:sign"", front_text: {has_glowing_text: 0b, color: ""black"", messages: [""  "", """", """", """"]}}"
"(1, 4, 7)",minecraft:spruce_trapdoor,"{'facing': 'west', 'half': 'bottom', 'open': 'false', 'powered': 'false', 'waterlogged': 'false'}",
"(2, 4, 7)",minecraft:hay_block,{'axis': 'y'},
"(3, 4, 7)",minecraft:hay_block,{'axis': 'y'},
"(4, 4, 7)",minecraft:spruce_wall_sign,"{'facing': 'east', 'waterlogged': 'false'}","{back_text: {has_glowing_text: 0b, color: ""black"", messages: ["""", """", """", """"]}, components: {}, is_waxed: 0b, id: ""minecraft:sign"", front_text: {has_glowing_text: 0b, color: ""black"", messages: [""  "", """", """", """"]}}"
"(5, 4, 7)",minecraft:dark_oak_stairs,"{'facing': 'east', 'half': 'top', 'shape': 'straight', 'waterlogged': 'false'}",
"(6, 4, 7)",minecraft:stripped_dark_oak_wood,{'axis': 'z'},
"(7, 4, 7)",minecraft:oak_slab,"{'type': 'top', 'waterlogged': 'false'}",
"(8, 4, 7)",minecraft:oak_slab,"{'type': 'top', 'waterlogged': 'false'}",
"(9, 4, 7)",minecraft:spruce_slab,"{'type': 'top', 'waterlogged': 'false'}",
"(10, 4, 7)",minecraft:stripped_dark_oak_wood,{'axis': 'z'},
"(11, 4, 7)",minecraft:spruce_slab,"{'type': 'top', 'waterlogged': 'false'}",
"(12, 4, 7)",minecraft:oak_slab,"{'type': 'top', 'waterlogged': 'false'}",
"(13, 4, 7)",minecraft:oak_slab,"{'type': 'top', 'waterlogged': 'false'}",
"(14, 4, 7)",minecraft:stripped_dark_oak_wood,{'axis': 'z'},
"(15, 4, 7)",minecraft:oak_slab,"{'type': 'top', 'waterlogged': 'false'}",
"(16, 4, 7)",minecraft:oak_slab,"{'type': 'top', 'waterlogged': 'false'}",
"(17, 4, 7)",minecraft:oak_slab,"{'type': 'top', 'waterlogged': 'false'}",
"(18, 4, 7)",minecraft:mangrove_wood,{'axis': 'z'},
"(19, 4, 7)",minecraft:spruce_slab,"{'type': 'top', 'waterlogged': 'false'}",
"(20, 4, 7)",minecraft:oak_slab,"{'type': 'top', 'waterlogged': 'false'}",
"(21, 4, 7)",minecraft:oak_slab,"{'type': 'top', 'waterlogged': 'false'}",
"(22, 4, 7)",minecraft:stripped_dark_oak_wood,{'axis': 'z'},
"(23, 4, 7)",minecraft:spruce_stairs,"{'facing': 'west', 'half': 'top', 'shape': 'straight', 'waterlogged': 'false'}",
"(1, 4, 8)",minecraft:spruce_wall_sign,"{'facing': 'south', 'waterlogged': 'false'}","{back_text: {has_glowing_text: 0b, color: ""black"", messages: ["""", """", """", """"]}, components: {}, is_waxed: 0b, id: ""minecraft:sign"", front_text: {has_glowing_text: 0b, color: ""black"", messages: [""  "", """", """", """"]}}"
"(2, 4, 8)",minecraft:ladder,"{'facing': 'south', 'waterlogged': 'false'}",
"(3, 4, 8)",minecraft:spruce_wall_sign,"{'facing': 'south', 'waterlogged': 'false'}","{back_text: {has_glowing_text: 0b, color: ""black"", messages: ["""", """", """", """"]}, components: {}, is_waxed: 0b, id: ""minecraft:sign"", front_text: {has_glowing_text: 0b, color: ""black"", messages: [""  "", """", """", """"]}}"
"(5, 4, 8)",minecraft:oak_log,{'axis': 'x'},
"(6, 4, 8)",minecraft:stripped_dark_oak_wood,{'axis': 'y'},
"(7, 4, 8)",minecraft:spruce_slab,"{'type': 'top', 'waterlogged': 'false'}",
"(8, 4, 8)",minecraft:spruce_slab,"{'type': 'top', 'waterlogged': 'false'}",
"(9, 4, 8)",minecraft:oak_slab,"{'type': 'top', 'waterlogged': 'false'}",
"(10, 4, 8)",minecraft:mangrove_wood,{'axis': 'z'},
"(11, 4, 8)",minecraft:oak_slab,"{'type': 'top', 'waterlogged': 'false'}",
"(12, 4, 8)",minecraft:spruce_slab,"{'type': 'top', 'waterlogged': 'false'}",
"(13, 4, 8)",minecraft:spruce_slab,"{'type': 'top', 'waterlogged': 'false'}",
"(14, 4, 8)",minecraft:mangrove_wood,{'axis': 'z'},
"(15, 4, 8)",minecraft:spruce_slab,"{'type': 'top', 'waterlogged': 'false'}",
"(16, 4, 8)",minecraft:oak_slab,"{'type': 'top', 'waterlogged': 'false'}",
"(17, 4, 8)",minecraft:spruce_slab,"{'type': 'top', 'waterlogged': 'false'}",
"(18, 4, 8)",minecraft:mangrove_wood,{'axis': 'z'},
"(19, 4, 8)",minecraft:oak_slab,"{'type': 'top', 'waterlogged': 'false'}",
"(20, 4, 8)",minecraft:spruce_slab,"{'type': 'top', 'waterlogged': 'false'}",
"(21, 4, 8)",minecraft:oak_slab,"{'type': 'top', 'waterlogged': 'false'}",
"(22, 4, 8)",minecraft:stripped_dark_oak_wood,{'axis': 'y'},
"(23, 4, 8)",minecraft:oak_log,{'axis': 'x'},
"(5, 4, 9)",minecraft:spruce_stairs,"{'facing': 'east', 'half': 'top', 'shape': 'straight', 'waterlogged': 'false'}",
"(6, 4, 9)",minecraft:stripped_dark_oak_wood,{'axis': 'z'},
"(7, 4, 9)",minecraft:oak_slab,"{'type': 'top', 'waterlogged': 'false'}",
"(8, 4, 9)",minecraft:spruce_slab,"{'type': 'top', 'waterlogged': 'false'}",
"(9, 4, 9)",minecraft:spruce_slab,"{'type': 'top', 'waterlogged': 'false'}",
"(10, 4, 9)",minecraft:stripped_dark_oak_wood,{'axis': 'z'},
"(11, 4, 9)",minecraft:spruce_slab,"{'type': 'top', 'waterlogged': 'false'}",
"(12, 4, 9)",minecraft:spruce_slab,"{'type': 'top', 'waterlogged': 'false'}",
"(13, 4, 9)",minecraft:oak_slab,"{'type': 'top', 'waterlogged': 'false'}",
"(14, 4, 9)",minecraft:mangrove_wood,{'axis': 'z'},
"(15, 4, 9)",minecraft:spruce_slab,"{'type': 'top', 'waterlogged': 'false'}",
"(16, 4, 9)",minecraft:spruce_slab,"{'type': 'top', 'waterlogged': 'false'}",
"(17, 4, 9)",minecraft:oak_slab,"{'type': 'top', 'waterlogged': 'false'}",
"(18, 4, 9)",minecraft:stripped_dark_oak_wood,{'axis': 'z'},
"(19, 4, 9)",minecraft:spruce_slab,"{'type': 'top', 'waterlogged': 'false'}",
"(20, 4, 9)",minecraft:spruce_slab,"{'type': 'top', 'waterlogged': 'false'}",
"(21, 4, 9)",minecraft:spruce_slab,"{'type': 'top', 'waterlogged': 'false'}",
"(22, 4, 9)",minecraft:stripped_dark_oak_wood,{'axis': 'z'},
"(23, 4, 9)",minecraft:dark_oak_stairs,"{'facing': 'west', 'half': 'top', 'shape': 'straight', 'waterlogged': 'false'}",
"(5, 4, 10)",minecraft:dark_oak_stairs,"{'facing': 'east', 'half': 'top', 'shape': 'straight', 'waterlogged': 'false'}",
"(6, 4, 10)",minecraft:stripped_dark_oak_wood,{'axis': 'z'},
"(7, 4, 10)",minecraft:spruce_stairs,"{'facing': 'south', 'half': 'top', 'shape': 'straight', 'waterlogged': 'false'}",
"(8, 4, 10)",minecraft:spruce_stairs,"{'facing': 'south', 'half': 'top', 'shape': 'straight', 'waterlogged': 'false'}",
"(9, 4, 10)",minecraft:spruce_stairs,"{'facing': 'south', 'half': 'top', 'shape': 'straight', 'waterlogged': 'false'}",
"(10, 4, 10)",minecraft:stripped_dark_oak_wood,{'axis': 'z'},
"(11, 4, 10)",minecraft:spruce_stairs,"{'facing': 'south', 'half': 'top', 'shape': 'straight', 'waterlogged': 'false'}",
"(12, 4, 10)",minecraft:spruce_stairs,"{'facing': 'south', 'half': 'top', 'shape': 'straight', 'waterlogged': 'false'}",
"(13, 4, 10)",minecraft:spruce_stairs,"{'facing': 'south', 'half': 'top', 'shape': 'straight', 'waterlogged': 'false'}",
"(14, 4, 10)",minecraft:stripped_dark_oak_wood,{'axis': 'z'},
"(15, 4, 10)",minecraft:spruce_stairs,"{'facing': 'south', 'half': 'top', 'shape': 'straight', 'waterlogged': 'false'}",
"(16, 4, 10)",minecraft:spruce_stairs,"{'facing': 'south', 'half': 'top', 'shape': 'straight', 'waterlogged': 'false'}",
"(17, 4, 10)",minecraft:spruce_stairs,"{'facing': 'south', 'half': 'top', 'shape': 'straight', 'waterlogged': 'false'}",
"(18, 4, 10)",minecraft:stripped_dark_oak_wood,{'axis': 'z'},
"(19, 4, 10)",minecraft:spruce_stairs,"{'facing': 'south', 'half': 'top', 'shape': 'straight', 'waterlogged': 'false'}",
"(20, 4, 10)",minecraft:spruce_stairs,"{'facing': 'south', 'half': 'top', 'shape': 'straight', 'waterlogged': 'false'}",
"(21, 4, 10)",minecraft:spruce_stairs,"{'facing': 'south', 'half': 'top', 'shape': 'straight', 'waterlogged': 'false'}",
"(22, 4, 10)",minecraft:stripped_dark_oak_wood,{'axis': 'z'},
"(23, 4, 10)",minecraft:spruce_stairs,"{'facing': 'west', 'half': 'top', 'shape': 'straight', 'waterlogged': 'false'}",
"(5, 4, 11)",minecraft:oak_log,{'axis': 'x'},
"(6, 4, 11)",minecraft:oak_log,{'axis': 'y'},
"(7, 4, 11)",minecraft:stripped_dark_oak_wood,{'axis': 'x'},
"(8, 4, 11)",minecraft:stripped_dark_oak_wood,{'axis': 'x'},
"(9, 4, 11)",minecraft:stripped_dark_oak_wood,{'axis': 'x'},
"(10, 4, 11)",minecraft:stripped_dark_oak_wood,{'axis': 'y'},
"(11, 4, 11)",minecraft:stripped_dark_oak_wood,{'axis': 'x'},
"(12, 4, 11)",minecraft:stripped_dark_oak_wood,{'axis': 'x'},
"(13, 4, 11)",minecraft:stripped_dark_oak_wood,{'axis': 'x'},
"(14, 4, 11)",minecraft:stripped_dark_oak_wood,{'axis': 'x'},
"(15, 4, 11)",minecraft:stripped_dark_oak_wood,{'axis': 'x'},
"(16, 4, 11)",minecraft:stripped_dark_oak_wood,{'axis': 'x'},
"(17, 4, 11)",minecraft:stripped_dark_oak_wood,{'axis': 'x'},
"(18, 4, 11)",minecraft:stripped_dark_oak_wood,{'axis': 'x'},
"(19, 4, 11)",minecraft:stripped_dark_oak_wood,{'axis': 'x'},
"(20, 4, 11)",minecraft:stripped_dark_oak_wood,{'axis': 'x'},
"(21, 4, 11)",minecraft:stripped_dark_oak_wood,{'axis': 'x'},
"(22, 4, 11)",minecraft:oak_log,{'axis': 'y'},
"(23, 4, 11)",minecraft:oak_log,{'axis': 'x'},
"(6, 4, 12)",minecraft:oak_log,{'axis': 'z'},
"(7, 4, 12)",minecraft:dark_oak_stairs,"{'facing': 'north', 'half': 'top', 'shape': 'straight', 'waterlogged': 'false'}",
"(8, 4, 12)",minecraft:dark_oak_slab,"{'type': 'top', 'waterlogged': 'false'}",
"(9, 4, 12)",minecraft:spruce_stairs,"{'facing': 'north', 'half': 'top', 'shape': 'straight', 'waterlogged': 'false'}",
"(10, 4, 12)",minecraft:oak_log,{'axis': 'z'},
"(11, 4, 12)",minecraft:dark_oak_stairs,"{'facing': 'north', 'half': 'top', 'shape': 'straight', 'waterlogged': 'false'}",
"(12, 4, 12)",minecraft:dark_oak_slab,"{'type': 'top', 'waterlogged': 'false'}",
"(13, 4, 12)",minecraft:spruce_stairs,"{'facing': 'north', 'half': 'top', 'shape': 'straight', 'waterlogged': 'false'}",
"(14, 4, 12)",minecraft:oak_log,{'axis': 'z'},
"(15, 4, 12)",minecraft:dark_oak_stairs,"{'facing': 'north', 'half': 'top', 'shape': 'straight', 'waterlogged': 'false'}",
"(16, 4, 12)",minecraft:dark_oak_slab,"{'type': 'top', 'waterlogged': 'false'}",
"(17, 4, 12)",minecraft:dark_oak_stairs,"{'facing': 'north', 'half': 'top', 'shape': 'straight', 'waterlogged': 'false'}",
"(18, 4, 12)",minecraft:oak_log,{'axis': 'z'},
"(19, 4, 12)",minecraft:dark_oak_stairs,"{'facing': 'north', 'half': 'top', 'shape': 'straight', 'waterlogged': 'false'}",
"(20, 4, 12)",minecraft:dark_oak_slab,"{'type': 'top', 'waterlogged': 'false'}",
"(21, 4, 12)",minecraft:spruce_stairs,"{'facing': 'north', 'half': 'top', 'shape': 'straight', 'waterlogged': 'false'}",
"(22, 4, 12)",minecraft:oak_log,{'axis': 'z'},
"(15, 4, 13)",minecraft:flowering_azalea_leaves,"{'distance': '7', 'persistent': 'true', 'waterlogged': 'false'}",
"(6, 5, 0)",minecraft:spruce_stairs,"{'facing': 'south', 'half': 'bottom', 'shape': 'straight', 'waterlogged': 'false'}",
"(8, 5, 0)",minecraft:spruce_slab,"{'type': 'bottom', 'waterlogged': 'false'}",
"(10, 5, 0)",minecraft:spruce_stairs,"{'facing': 'south', 'half': 'bottom', 'shape': 'straight', 'waterlogged': 'false'}",
"(11, 5, 0)",minecraft:oak_leaves,"{'distance': '7', 'persistent': 'true', 'waterlogged': 'false'}",
"(12, 5, 0)",minecraft:spruce_slab,"{'type': 'bottom', 'waterlogged': 'false'}",
"(14, 5, 0)",minecraft:spruce_stairs,"{'facing': 'south', 'half': 'bottom', 'shape': 'straight', 'waterlogged': 'false'}",
"(16, 5, 0)",minecraft:spruce_slab,"{'type': 'bottom', 'waterlogged': 'false'}",
"(18, 5, 0)",minecraft:spruce_stairs,"{'facing': 'south', 'half': 'bottom', 'shape': 'straight', 'waterlogged': 'false'}",
"(20, 5, 0)",minecraft:spruce_slab,"{'type': 'bottom', 'waterlogged': 'false'}",
"(21, 5, 0)",minecraft:azalea_leaves,"{'distance': '7', 'persistent': 'true', 'waterlogged': 'false'}",
"(22, 5, 0)",minecraft:spruce_stairs,"{'facing': 'south', 'half': 'bottom', 'shape': 'straight', 'waterlogged': 'false'}",
"(5, 5, 1)",minecraft:spruce_stairs,"{'facing': 'east', 'half': 'bottom', 'shape': 'straight', 'waterlogged': 'false'}",
"(6, 5, 1)",minecraft:oak_log,{'axis': 'y'},
"(7, 5, 1)",minecraft:brown_wool,{},
"(8, 5, 1)",minecraft:brown_wool,{},
"(9, 5, 1)",minecraft:brown_wool,{},
"(10, 5, 1)",minecraft:stripped_dark_oak_wood,{'axis': 'z'},
"(11, 5, 1)",minecraft:brown_wool,{},
"(12, 5, 1)",minecraft:brown_wool,{},
"(13, 5, 1)",minecraft:brown_wool,{},
"(14, 5, 1)",minecraft:stripped_dark_oak_wood,{'axis': 'z'},
"(15, 5, 1)",minecraft:brown_wool,{},
"(16, 5, 1)",minecraft:brown_wool,{},
"(17, 5, 1)",minecraft:brown_wool,{},
"(18, 5, 1)",minecraft:stripped_dark_oak_wood,{'axis': 'z'},
"(19, 5, 1)",minecraft:brown_wool,{},
"(20, 5, 1)",minecraft:brown_wool,{},
"(21, 5, 1)",minecraft:brown_wool,{},
"(22, 5, 1)",minecraft:oak_log,{'axis': 'y'},
"(23, 5, 1)",minecraft:spruce_stairs,"{'facing': 'west', 'half': 'bottom', 'shape': 'straight', 'waterlogged': 'false'}",
"(6, 5, 2)",minecraft:terracotta,{},
"(7, 5, 2)",minecraft:honey_block,{},
"(8, 5, 2)",minecraft:honey_block,{},
"(9, 5, 2)",minecraft:honey_block,{},
"(10, 5, 2)",minecraft:melon,{},
"(11, 5, 2)",minecraft:melon,{},
"(12, 5, 2)",minecraft:melon,{},
"(13, 5, 2)",minecraft:melon,{},
"(14, 5, 2)",minecraft:hay_block,{'axis': 'y'},
"(15, 5, 2)",minecraft:hay_block,{'axis': 'y'},
"(16, 5, 2)",minecraft:hay_block,{'axis': 'y'},
"(17, 5, 2)",minecraft:hay_block,{'axis': 'y'},
"(18, 5, 2)",minecraft:hay_block,{'axis': 'y'},
"(19, 5, 2)",minecraft:yellow_wool,{},
"(21, 5, 2)",minecraft:hay_block,{'axis': 'y'},
"(22, 5, 2)",minecraft:terracotta,{},
"(23, 5, 2)",minecraft:oak_leaves,"{'distance': '7', 'persistent': 'true', 'waterlogged': 'false'}",
"(6, 5, 3)",minecraft:granite,{},
"(7, 5, 3)",minecraft:honey_block,{},
"(8, 5, 3)",minecraft:honey_block,{},
"(9, 5, 3)",minecraft:spruce_trapdoor,"{'facing': 'west', 'half': 'bottom', 'open': 'true', 'powered': 'false', 'waterlogged': 'false'}",
"(10, 5, 3)",minecraft:melon,{},
"(11, 5, 3)",minecraft:melon,{},
"(12, 5, 3)",minecraft:melon,{},
"(13, 5, 3)",minecraft:spruce_trapdoor,"{'facing': 'west', 'half': 'bottom', 'open': 'true', 'powered': 'false', 'waterlogged': 'false'}",
"(14, 5, 3)",minecraft:hay_block,{'axis': 'y'},
"(15, 5, 3)",minecraft:hay_block,{'axis': 'y'},
"(16, 5, 3)",minecraft:hay_block,{'axis': 'y'},
"(17, 5, 3)",minecraft:hay_block,{'axis': 'y'},
"(18, 5, 3)",minecraft:hay_block,{'axis': 'y'},
"(20, 5, 3)",minecraft:hay_block,{'axis': 'y'},
"(21, 5, 3)",minecraft:yellow_carpet,{},
"(22, 5, 3)",minecraft:granite,{},
"(5, 5, 4)",minecraft:spruce_stairs,"{'facing': 'east', 'half': 'bottom', 'shape': 'straight', 'waterlogged': 'false'}",
"(6, 5, 4)",minecraft:oak_log,{'axis': 'y'},
"(7, 5, 4)",minecraft:honey_block,{},
"(9, 5, 4)",minecraft:spruce_trapdoor,"{'facing': 'west', 'half': 'bottom', 'open': 'true', 'powered': 'false', 'waterlogged': 'false'}",
"(10, 5, 4)",minecraft:melon,{},
"(13, 5, 4)",minecraft:spruce_trapdoor,"{'facing': 'west', 'half': 'bottom', 'open': 'true', 'powered': 'false', 'waterlogged': 'false'}",
"(14, 5, 4)",minecraft:yellow_wool,{},
"(15, 5, 4)",minecraft:yellow_carpet,{},
"(16, 5, 4)",minecraft:hay_block,{'axis': 'y'},
"(18, 5, 4)",minecraft:hay_block,{'axis': 'y'},
"(19, 5, 4)",minecraft:yellow_carpet,{},
"(21, 5, 4)",minecraft:yellow_carpet,{},
"(22, 5, 4)",minecraft:oak_log,{'axis': 'y'},
"(23, 5, 4)",minecraft:spruce_stairs,"{'facing': 'west', 'half': 'bottom', 'shape': 'straight', 'waterlogged': 'false'}",
"(2, 5, 5)",minecraft:rail,"{'shape': 'ascending_south', 'waterlogged': 'false'}",
"(17, 5, 5)",minecraft:yellow_carpet,{},
"(22, 5, 5)",minecraft:granite,{},
"(1, 5, 6)",minecraft:rail,"{'shape': 'ascending_east', 'waterlogged': 'false'}",
"(2, 5, 6)",minecraft:hay_block,{'axis': 'y'},
"(3, 5, 6)",minecraft:rail,"{'shape': 'ascending_west', 'waterlogged': 'false'}",
"(10, 5, 6)",minecraft:dark_oak_trapdoor,"{'facing': 'west', 'half': 'top', 'open': 'false', 'powered': 'false', 'waterlogged': 'false'}",
"(21, 5, 6)",minecraft:ladder,"{'facing': 'west', 'waterlogged': 'false'}",
"(22, 5, 6)",minecraft:granite,{},
"(23, 5, 6)",minecraft:dark_oak_slab,"{'type': 'bottom', 'waterlogged': 'false'}",
"(2, 5, 7)",minecraft:rail,"{'shape': 'ascending_north', 'waterlogged': 'false'}",
"(7, 5, 7)",minecraft:moss_carpet,{},
"(9, 5, 7)",minecraft:moss_carpet,{},
"(11, 5, 7)",minecraft:moss_carpet,{},
"(22, 5, 7)",minecraft:granite,{},
"(5, 5, 8)",minecraft:dark_oak_stairs,"{'facing': 'east', 'half': 'bottom', 'shape': 'straight', 'waterlogged': 'false'}",
"(6, 5, 8)",minecraft:oak_log,{'axis': 'y'},
"(7, 5, 8)",minecraft:moss_block,{},
"(8, 5, 8)",minecraft:moss_block,{},
"(9, 5, 8)",minecraft:moss_block,{},
"(10, 5, 8)",minecraft:moss_block,{},
"(12, 5, 8)",minecraft:moss_carpet,{},
"(13, 5, 8)",minecraft:spruce_trapdoor,"{'facing': 'west', 'half': 'bottom', 'open': 'true', 'powered': 'false', 'waterlogged': 'false'}",
"(14, 5, 8)",minecraft:honeycomb_block,{},
"(17, 5, 8)",minecraft:spruce_trapdoor,"{'facing': 'west', 'half': 'bottom', 'open': 'true', 'powered': 'false', 'waterlogged': 'false'}",
"(21, 5, 8)",minecraft:pumpkin,{},
"(22, 5, 8)",minecraft:oak_log,{'axis': 'y'},
"(23, 5, 8)",minecraft:dark_oak_stairs,"{'facing': 'west', 'half': 'bottom', 'shape': 'straight', 'waterlogged': 'false'}",
"(6, 5, 9)",minecraft:granite,{},
"(7, 5, 9)",minecraft:moss_block,{},
"(8, 5, 9)",minecraft:moss_block,{},
"(9, 5, 9)",minecraft:moss_block,{},
"(10, 5, 9)",minecraft:moss_block,{},
"(11, 5, 9)",minecraft:moss_block,{},
"(12, 5, 9)",minecraft:moss_carpet,{},
"(13, 5, 9)",minecraft:spruce_trapdoor,"{'facing': 'west', 'half': 'bottom', 'open': 'true', 'powered': 'false', 'waterlogged': 'false'}",
"(14, 5, 9)",minecraft:honeycomb_block,{},
"(15, 5, 9)",minecraft:honeycomb_block,{},
"(16, 5, 9)",minecraft:honeycomb_block,{},
"(17, 5, 9)",minecraft:spruce_trapdoor,"{'facing': 'west', 'half': 'bottom', 'open': 'true', 'powered': 'false', 'waterlogged': 'false'}",
"(19, 5, 9)",minecraft:pumpkin,{},
"(20, 5, 9)",minecraft:pumpkin,{},
"(21, 5, 9)",minecraft:pumpkin,{},
"(22, 5, 9)",minecraft:granite,{},
"(23, 5, 9)",minecraft:oak_leaves,"{'distance': '7', 'persistent': 'true', 'waterlogged': 'false'}",
"(5, 5, 10)",minecraft:oak_leaves,"{'distance': '7', 'persistent': 'true', 'waterlogged': 'false'}",
"(6, 5, 10)",minecraft:terracotta,{},
"(7, 5, 10)",minecraft:moss_block,{},
"(8, 5, 10)",minecraft:moss_block,{},
"(9, 5, 10)",minecraft:moss_block,{},
"(10, 5, 10)",minecraft:moss_block,{},
"(11, 5, 10)",minecraft:moss_block,{},
"(12, 5, 10)",minecraft:moss_block,{},
"(13, 5, 10)",minecraft:spruce_trapdoor,"{'facing': 'west', 'half': 'bottom', 'open': 'true', 'powered': 'false', 'waterlogged': 'false'}",
"(14, 5, 10)",minecraft:honeycomb_block,{},
"(15, 5, 10)",minecraft:honeycomb_block,{},
"(16, 5, 10)",minecraft:honeycomb_block,{},
"(17, 5, 10)",minecraft:honeycomb_block,{},
"(18, 5, 10)",minecraft:pumpkin,{},
"(19, 5, 10)",minecraft:pumpkin,{},
"(20, 5, 10)",minecraft:pumpkin,{},
"(21, 5, 10)",minecraft:pumpkin,{},
"(22, 5, 10)",minecraft:terracotta,{},
"(5, 5, 11)",minecraft:dark_oak_stairs,"{'facing': 'east', 'half': 'bottom', 'shape': 'straight', 'waterlogged': 'false'}",
"(6, 5, 11)",minecraft:oak_log,{'axis': 'y'},
"(7, 5, 11)",minecraft:brown_wool,{},
"(8, 5, 11)",minecraft:brown_wool,{},
"(9, 5, 11)",minecraft:brown_wool,{},
"(10, 5, 11)",minecraft:stripped_dark_oak_wood,{'axis': 'y'},
"(11, 5, 11)",minecraft:brown_wool,{},
"(12, 5, 11)",minecraft:brown_wool,{},
"(13, 5, 11)",minecraft:brown_wool,{},
"(14, 5, 11)",minecraft:stripped_dark_oak_wood,{'axis': 'z'},
"(15, 5, 11)",minecraft:brown_wool,{},
"(16, 5, 11)",minecraft:brown_wool,{},
"(17, 5, 11)",minecraft:brown_wool,{},
"(18, 5, 11)",minecraft:stripped_dark_oak_wood,{'axis': 'z'},
"(19, 5, 11)",minecraft:brown_wool,{},
"(20, 5, 11)",minecraft:brown_wool,{},
"(21, 5, 11)",minecraft:brown_wool,{},
"(22, 5, 11)",minecraft:oak_log,{'axis': 'y'},
"(23, 5, 11)",minecraft:dark_oak_stairs,"{'facing': 'west', 'half': 'bottom', 'shape': 'straight', 'waterlogged': 'false'}",
"(6, 5, 12)",minecraft:dark_oak_stairs,"{'facing': 'north', 'half': 'bottom', 'shape': 'straight', 'waterlogged': 'false'}",
"(7, 5, 12)",minecraft:oak_leaves,"{'distance': '7', 'persistent': 'true', 'waterlogged': 'false'}",
"(8, 5, 12)",minecraft:spruce_slab,"{'type': 'bottom', 'waterlogged': 'false'}",
"(10, 5, 12)",minecraft:dark_oak_stairs,"{'facing': 'north', 'half': 'bottom', 'shape': 'straight', 'waterlogged': 'false'}",
"(12, 5, 12)",minecraft:dark_oak_slab,"{'type': 'bottom', 'waterlogged': 'false'}",
"(14, 5, 12)",minecraft:dark_oak_stairs,"{'facing': 'north', 'half': 'bottom', 'shape': 'straight', 'waterlogged': 'false'}",
"(15, 5, 12)",minecraft:azalea_leaves,"{'distance': '7', 'persistent': 'true', 'waterlogged': 'false'}",
"(16, 5, 12)",minecraft:spruce_slab,"{'type': 'bottom', 'waterlogged': 'false'}",
"(18, 5, 12)",minecraft:dark_oak_stairs,"{'facing': 'north', 'half': 'bottom', 'shape': 'straight', 'waterlogged': 'false'}",
"(19, 5, 12)",minecraft:oak_leaves,"{'distance': '7', 'persistent': 'true', 'waterlogged': 'false'}",
"(20, 5, 12)",minecraft:dark_oak_slab,"{'type': 'bottom', 'waterlogged': 'false'}",
"(22, 5, 12)",minecraft:dark_oak_stairs,"{'facing': 'north', 'half': 'bottom', 'shape': 'straight', 'waterlogged': 'false'}",
"(5, 6, 0)",minecraft:jungle_stairs,"{'facing': 'south', 'half': 'bottom', 'shape': 'straight', 'waterlogged': 'false'}",
"(6, 6, 0)",minecraft:mud_brick_stairs,"{'facing': 'south', 'half': 'bottom', 'shape': 'straight', 'waterlogged': 'false'}",
"(7, 6, 0)",minecraft:mud_brick_stairs,"{'facing': 'south', 'half': 'bottom', 'shape': 'straight', 'waterlogged': 'false'}",
"(8, 6, 0)",minecraft:mud_brick_stairs,"{'facing': 'south', 'half': 'bottom', 'shape': 'straight', 'waterlogged': 'false'}",
"(9, 6, 0)",minecraft:mud_brick_stairs,"{'facing': 'south', 'half': 'bottom', 'shape': 'straight', 'waterlogged': 'false'}",
"(10, 6, 0)",minecraft:jungle_stairs,"{'facing': 'south', 'half': 'bottom', 'shape': 'straight', 'waterlogged': 'false'}",
"(11, 6, 0)",minecraft:jungle_stairs,"{'facing': 'south', 'half': 'bottom', 'shape': 'straight', 'waterlogged': 'false'}",
"(12, 6, 0)",minecraft:jungle_stairs,"{'facing': 'south', 'half': 'bottom', 'shape': 'straight', 'waterlogged': 'false'}",
"(13, 6, 0)",minecraft:mud_brick_stairs,"{'facing': 'south', 'half': 'bottom', 'shape': 'straight', 'waterlogged': 'false'}",
"(14, 6, 0)",minecraft:mud_brick_stairs,"{'facing': 'south', 'half': 'bottom', 'shape': 'straight', 'waterlogged': 'false'}",
"(15, 6, 0)",minecraft:mud_brick_stairs,"{'facing': 'south', 'half': 'bottom', 'shape': 'straight', 'waterlogged': 'false'}",
"(16, 6, 0)",minecraft:mud_brick_stairs,"{'facing': 'south', 'half': 'bottom', 'shape': 'straight', 'waterlogged': 'false'}",
"(17, 6, 0)",minecraft:jungle_stairs,"{'facing': 'south', 'half': 'bottom', 'shape': 'straight', 'waterlogged': 'false'}",
"(18, 6, 0)",minecraft:jungle_stairs,"{'facing': 'south', 'half': 'bottom', 'shape': 'straight', 'waterlogged': 'false'}",
"(19, 6, 0)",minecraft:mud_brick_stairs,"{'facing': 'south', 'half': 'bottom', 'shape': 'straight', 'waterlogged': 'false'}",
"(20, 6, 0)",minecraft:mud_brick_stairs,"{'facing': 'south', 'half': 'bottom', 'shape': 'straight', 'waterlogged': 'false'}",
"(21, 6, 0)",minecraft:mud_brick_stairs,"{'facing': 'south', 'half': 'bottom', 'shape': 'straight', 'waterlogged': 'false'}",
"(22, 6, 0)",minecraft:mud_brick_stairs,"{'facing': 'south', 'half': 'bottom', 'shape': 'straight', 'waterlogged': 'false'}",
"(23, 6, 0)",minecraft:jungle_stairs,"{'facing': 'south', 'half': 'bottom', 'shape': 'straight', 'waterlogged': 'false'}",
"(5, 6, 1)",minecraft:jungle_stairs,"{'facing': 'north', 'half': 'top', 'shape': 'straight', 'waterlogged': 'false'}",
"(6, 6, 1)",minecraft:stripped_dark_oak_wood,{'axis': 'y'},
"(7, 6, 1)",minecraft:brown_wool,{},
"(8, 6, 1)",minecraft:brown_wool,{},
"(9, 6, 1)",minecraft:brown_wool,{},
"(10, 6, 1)",minecraft:stripped_dark_oak_wood,{'axis': 'y'},
"(11, 6, 1)",minecraft:brown_wool,{},
"(12, 6, 1)",minecraft:brown_wool,{},
"(13, 6, 1)",minecraft:brown_wool,{},
"(14, 6, 1)",minecraft:stripped_dark_oak_wood,{'axis': 'z'},
"(15, 6, 1)",minecraft:brown_wool,{},
"(16, 6, 1)",minecraft:brown_wool,{},
"(17, 6, 1)",minecraft:brown_wool,{},
"(18, 6, 1)",minecraft:stripped_dark_oak_wood,{'axis': 'z'},
"(19, 6, 1)",minecraft:brown_wool,{},
"(20, 6, 1)",minecraft:brown_wool,{},
"(21, 6, 1)",minecraft:brown_wool,{},
"(22, 6, 1)",minecraft:stripped_dark_oak_wood,{'axis': 'y'},
"(23, 6, 1)",minecraft:jungle_stairs,"{'facing': 'north', 'half': 'top', 'shape': 'straight', 'waterlogged': 'false'}",
"(6, 6, 2)",minecraft:brown_wool,{},
"(7, 6, 2)",minecraft:honey_block,{},
"(8, 6, 2)",minecraft:honey_block,{},
"(9, 6, 2)",minecraft:spruce_trapdoor,"{'facing': 'west', 'half': 'bottom', 'open': 'true', 'powered': 'false', 'waterlogged': 'false'}",
"(10, 6, 2)",minecraft:melon,{},
"(11, 6, 2)",minecraft:melon,{},
"(12, 6, 2)",minecraft:melon,{},
"(13, 6, 2)",minecraft:spruce_trapdoor,"{'facing': 'west', 'half': 'bottom', 'open': 'true', 'powered': 'false', 'waterlogged': 'false'}",
"(14, 6, 2)",minecraft:hay_block,{'axis': 'y'},
"(15, 6, 2)",minecraft:hay_block,{'axis': 'y'},
"(16, 6, 2)",minecraft:hay_block,{'axis': 'y'},
"(17, 6, 2)",minecraft:hay_block,{'axis': 'y'},
"(18, 6, 2)",minecraft:hay_block,{'axis': 'y'},
"(22, 6, 2)",minecraft:brown_wool,{},
"(6, 6, 3)",minecraft:terracotta,{},
"(7, 6, 3)",minecraft:honey_block,{},
"(9, 6, 3)",minecraft:spruce_trapdoor,"{'facing': 'west', 'half': 'bottom', 'open': 'true', 'powered': 'false', 'waterlogged': 'false'}",
"(10, 6, 3)",minecraft:melon,{},
"(11, 6, 3)",minecraft:green_candle,"{'candles': '1', 'lit': 'false', 'waterlogged': 'false'}",
"(12, 6, 3)",minecraft:green_candle,"{'candles': '1', 'lit': 'false', 'waterlogged': 'false'}",
"(13, 6, 3)",minecraft:spruce_trapdoor,"{'facing': 'west', 'half': 'bottom', 'open': 'true', 'powered': 'false', 'waterlogged': 'false'}",
"(15, 6, 3)",minecraft:hay_block,{'axis': 'y'},
"(16, 6, 3)",minecraft:yellow_wool,{},
"(22, 6, 3)",minecraft:terracotta,{},
"(6, 6, 4)",minecraft:oak_log,{'axis': 'y'},
"(9, 6, 4)",minecraft:spruce_trapdoor,"{'facing': 'west', 'half': 'bottom', 'open': 'true', 'powered': 'false', 'waterlogged': 'false'}",
"(10, 6, 4)",minecraft:green_candle,"{'candles': '1', 'lit': 'false', 'waterlogged': 'false'}",
"(13, 6, 4)",minecraft:spruce_trapdoor,"{'facing': 'west', 'half': 'bottom', 'open': 'true', 'powered': 'false', 'waterlogged': 'false'}",
"(22, 6, 4)",minecraft:oak_log,{'axis': 'y'},
"(22, 6, 5)",minecraft:terracotta,{},
"(2, 6, 6)",minecraft:iron_chain,"{'axis': 'y', 'waterlogged': 'false'}",
"(10, 6, 6)",minecraft:anvil,{'facing': 'east'},
"(21, 6, 6)",minecraft:ladder,"{'facing': 'west', 'waterlogged': 'false'}",
"(22, 6, 6)",minecraft:terracotta,{},
"(22, 6, 7)",minecraft:granite,{},
"(6, 6, 8)",minecraft:oak_log,{'axis': 'y'},
"(7, 6, 8)",minecraft:moss_block,{},
"(8, 6, 8)",minecraft:moss_carpet,{},
"(10, 6, 8)",minecraft:moss_carpet,{},
"(13, 6, 8)",minecraft:spruce_trapdoor,"{'facing': 'west', 'half': 'bottom', 'open': 'true', 'powered': 'false', 'waterlogged': 'false'}",
"(17, 6, 8)",minecraft:spruce_trapdoor,"{'facing': 'west', 'half': 'bottom', 'open': 'true', 'powered': 'false', 'waterlogged': 'false'}",
"(21, 6, 8)",minecraft:sea_pickle,"{'pickles': '1', 'waterlogged': 'false'}",
"(22, 6, 8)",minecraft:oak_log,{'axis': 'y'},
"(6, 6, 9)",minecraft:terracotta,{},
"(7, 6, 9)",minecraft:moss_block,{},
"(8, 6, 9)",minecraft:moss_block,{},
"(9, 6, 9)",minecraft:moss_block,{},
"(10, 6, 9)",minecraft:moss_block,{},
"(13, 6, 9)",minecraft:spruce_trapdoor,"{'facing': 'west', 'half': 'bottom', 'open': 'true', 'powered': 'false', 'waterlogged': 'false'}",
"(14, 6, 9)",minecraft:honeycomb_block,{},
"(15, 6, 9)",minecraft:honeycomb_block,{},
"(17, 6, 9)",minecraft:spruce_trapdoor,"{'facing': 'west', 'half': 'bottom', 'open': 'true', 'powered': 'false', 'waterlogged': 'false'}",
"(19, 6, 9)",minecraft:sea_pickle,"{'pickles': '1', 'waterlogged': 'false'}",
"(20, 6, 9)",minecraft:pumpkin,{},
"(21, 6, 9)",minecraft:sea_pickle,"{'pickles': '1', 'waterlogged': 'false'}",
"(22, 6, 9)",minecraft:terracotta,{},
"(6, 6, 10)",minecraft:brown_wool,{},
"(7, 6, 10)",minecraft:moss_block,{},
"(8, 6, 10)",minecraft:moss_block,{},
"(9, 6, 10)",minecraft:moss_block,{},
"(10, 6, 10)",minecraft:moss_block,{},
"(11, 6, 10)",minecraft:moss_block,{},
"(13, 6, 10)",minecraft:spruce_trapdoor,"{'facing': 'west', 'half': 'bottom', 'open': 'true', 'powered': 'false', 'waterlogged': 'false'}",
"(14, 6, 10)",minecraft:honeycomb_block,{},
"(15, 6, 10)",minecraft:honeycomb_block,{},
"(16, 6, 10)",minecraft:honeycomb_block,{},
"(17, 6, 10)",minecraft:spruce_trapdoor,"{'facing': 'west', 'half': 'bottom', 'open': 'true', 'powered': 'false', 'waterlogged': 'false'}",
"(18, 6, 10)",minecraft:sea_pickle,"{'pickles': '1', 'waterlogged': 'false'}",
"(19, 6, 10)",minecraft:pumpkin,{},
"(20, 6, 10)",minecraft:pumpkin,{},
"(21, 6, 10)",minecraft:pumpkin,{},
"(22, 6, 10)",minecraft:brown_wool,{},
"(5, 6, 11)",minecraft:jungle_stairs,"{'facing': 'south', 'half': 'top', 'shape': 'straight', 'waterlogged': 'false'}",
"(6, 6, 11)",minecraft:stripped_dark_oak_wood,{'axis': 'y'},
"(7, 6, 11)",minecraft:brown_wool,{},
"(8, 6, 11)",minecraft:brown_wool,{},
"(9, 6, 11)",minecraft:brown_wool,{},
"(10, 6, 11)",minecraft:stripped_dark_oak_wood,{'axis': 'z'},
"(11, 6, 11)",minecraft:brown_wool,{},
"(12, 6, 11)",minecraft:brown_wool,{},
"(13, 6, 11)",minecraft:brown_wool,{},
"(14, 6, 11)",minecraft:stripped_dark_oak_wood,{'axis': 'z'},
"(15, 6, 11)",minecraft:brown_wool,{},
"(16, 6, 11)",minecraft:brown_wool,{},
"(17, 6, 11)",minecraft:brown_wool,{},
"(18, 6, 11)",minecraft:stripped_dark_oak_wood,{'axis': 'z'},
"(19, 6, 11)",minecraft:brown_wool,{},
"(20, 6, 11)",minecraft:brown_wool,{},
"(21, 6, 11)",minecraft:brown_wool,{},
"(22, 6, 11)",minecraft:stripped_dark_oak_wood,{'axis': 'y'},
"(23, 6, 11)",minecraft:jungle_stairs,"{'facing': 'south', 'half': 'top', 'shape': 'straight', 'waterlogged': 'false'}",
"(5, 6, 12)",minecraft:mud_brick_stairs,"{'facing': 'north', 'half': 'bottom', 'shape': 'straight', 'waterlogged': 'false'}",
"(6, 6, 12)",minecraft:mud_brick_stairs,"{'facing': 'north', 'half': 'bottom', 'shape': 'straight', 'waterlogged': 'false'}",
"(7, 6, 12)",minecraft:mud_brick_stairs,"{'facing': 'north', 'half': 'bottom', 'shape': 'straight', 'waterlogged': 'false'}",
"(8, 6, 12)",minecraft:jungle_stairs,"{'facing': 'north', 'half': 'bottom', 'shape': 'straight', 'waterlogged': 'false'}",
"(9, 6, 12)",minecraft:jungle_stairs,"{'facing': 'north', 'half': 'bottom', 'shape': 'straight', 'waterlogged': 'false'}",
"(10, 6, 12)",minecraft:jungle_stairs,"{'facing': 'north', 'half': 'bottom', 'shape': 'straight', 'waterlogged': 'false'}",
"(11, 6, 12)",minecraft:jungle_stairs,"{'facing': 'north', 'half': 'bottom', 'shape': 'straight', 'waterlogged': 'false'}",
"(12, 6, 12)",minecraft:mud_brick_stairs,"{'facing': 'north', 'half': 'bottom', 'shape': 'straight', 'waterlogged': 'false'}",
"(13, 6, 12)",minecraft:mud_brick_stairs,"{'facing': 'north', 'half': 'bottom', 'shape': 'straight', 'waterlogged': 'false'}",
"(14, 6, 12)",minecraft:mud_brick_stairs,"{'facing': 'north', 'half': 'bottom', 'shape': 'straight', 'waterlogged': 'false'}",
"(15, 6, 12)",minecraft:mud_brick_stairs,"{'facing': 'north', 'half': 'bottom', 'shape': 'straight', 'waterlogged': 'false'}",
"(16, 6, 12)",minecraft:jungle_stairs,"{'facing': 'north', 'half': 'bottom', 'shape': 'straight', 'waterlogged': 'false'}",
"(17, 6, 12)",minecraft:jungle_stairs,"{'facing': 'north', 'half': 'bottom', 'shape': 'straight', 'waterlogged': 'false'}",
"(18, 6, 12)",minecraft:jungle_stairs,"{'facing': 'north', 'half': 'bottom', 'shape': 'straight', 'waterlogged': 'false'}",
"(19, 6, 12)",minecraft:mud_brick_stairs,"{'facing': 'north', 'half': 'bottom', 'shape': 'straight', 'waterlogged': 'false'}",
"(20, 6, 12)",minecraft:mud_brick_stairs,"{'facing': 'north', 'half': 'bottom', 'shape': 'straight', 'waterlogged': 'false'}",
"(21, 6, 12)",minecraft:mud_brick_stairs,"{'facing': 'north', 'half': 'bottom', 'shape': 'straight', 'waterlogged': 'false'}",
"(22, 6, 12)",minecraft:mud_brick_stairs,"{'facing': 'north', 'half': 'bottom', 'shape': 'straight', 'waterlogged': 'false'}",
"(23, 6, 12)",minecraft:jungle_stairs,"{'facing': 'north', 'half': 'bottom', 'shape': 'straight', 'waterlogged': 'false'}",
"(5, 7, 1)",minecraft:jungle_planks,{},
"(6, 7, 1)",minecraft:jungle_planks,{},
"(7, 7, 1)",minecraft:mud_bricks,{},
"(8, 7, 1)",minecraft:mud_bricks,{},
"(9, 7, 1)",minecraft:jungle_planks,{},
"(10, 7, 1)",minecraft:jungle_planks,{},
"(11, 7, 1)",minecraft:jungle_planks,{},
"(12, 7, 1)",minecraft:jungle_planks,{},
"(13, 7, 1)",minecraft:mud_bricks,{},
"(14, 7, 1)",minecraft:mud_bricks,{},
"(15, 7, 1)",minecraft:mud_bricks,{},
"(16, 7, 1)",minecraft:jungle_planks,{},
"(17, 7, 1)",minecraft:jungle_planks,{},
"(18, 7, 1)",minecraft:jungle_planks,{},
"(19, 7, 1)",minecraft:jungle_planks,{},
"(20, 7, 1)",minecraft:mud_bricks,{},
"(21, 7, 1)",minecraft:mud_bricks,{},
"(22, 7, 1)",minecraft:jungle_planks,{},
"(23, 7, 1)",minecraft:jungle_planks,{},
"(6, 7, 2)",minecraft:stripped_dark_oak_wood,{'axis': 'x'},
"(8, 7, 2)",minecraft:honey_block,{},
"(9, 7, 2)",minecraft:spruce_trapdoor,"{'facing': 'west', 'half': 'bottom', 'open': 'true', 'powered': 'false', 'waterlogged': 'false'}",
"(10, 7, 2)",minecraft:dark_oak_stairs,"{'facing': 'north', 'half': 'top', 'shape': 'straight', 'waterlogged': 'false'}",
"(11, 7, 2)",minecraft:green_candle,"{'candles': '1', 'lit': 'false', 'waterlogged': 'false'}",
"(12, 7, 2)",minecraft:green_candle,"{'candles': '1', 'lit': 'false', 'waterlogged': 'false'}",
"(13, 7, 2)",minecraft:spruce_trapdoor,"{'facing': 'west', 'half': 'bottom', 'open': 'true', 'powered': 'false', 'waterlogged': 'false'}",
"(14, 7, 2)",minecraft:dark_oak_stairs,"{'facing': 'north', 'half': 'top', 'shape': 'straight', 'waterlogged': 'false'}",
"(15, 7, 2)",minecraft:yellow_wool,{},
"(18, 7, 2)",minecraft:dark_oak_stairs,"{'facing': 'north', 'half': 'top', 'shape': 'straight', 'waterlogged': 'false'}",
"(22, 7, 2)",minecraft:stripped_dark_oak_wood,{'axis': 'x'},
"(6, 7, 3)",minecraft:brown_wool,{},
"(9, 7, 3)",minecraft:spruce_trapdoor,"{'facing': 'west', 'half': 'bottom', 'open': 'true', 'powered': 'false', 'waterlogged': 'false'}",
"(10, 7, 3)",minecraft:green_candle,"{'candles': '1', 'lit': 'false', 'waterlogged': 'false'}",
"(13, 7, 3)",minecraft:spruce_trapdoor,"{'facing': 'west', 'half': 'bottom', 'open': 'true', 'powered': 'false', 'waterlogged': 'false'}",
"(22, 7, 3)",minecraft:brown_wool,{},
"(6, 7, 4)",minecraft:mangrove_wood,{'axis': 'y'},
"(22, 7, 4)",minecraft:mangrove_wood,{'axis': 'y'},
"(23, 7, 4)",minecraft:flowering_azalea_leaves,"{'distance': '1', 'persistent': 'true', 'waterlogged': 'false'}",
"(22, 7, 5)",minecraft:brown_wool,{},
"(2, 7, 6)",minecraft:iron_chain,"{'axis': 'y', 'waterlogged': 'false'}",
"(10, 7, 6)",minecraft:iron_chain,"{'axis': 'y', 'waterlogged': 'false'}",
"(22, 7, 6)",minecraft:terracotta,{},
"(22, 7, 7)",minecraft:terracotta,{},
"(6, 7, 8)",minecraft:mangrove_wood,{'axis': 'y'},
"(22, 7, 8)",minecraft:mangrove_wood,{'axis': 'y'},
"(6, 7, 9)",minecraft:terracotta,{},
"(7, 7, 9)",minecraft:moss_block,{},
"(8, 7, 9)",minecraft:moss_carpet,{},
"(10, 7, 9)",minecraft:moss_carpet,{},
"(13, 7, 9)",minecraft:spruce_trapdoor,"{'facing': 'west', 'half': 'bottom', 'open': 'true', 'powered': 'false', 'waterlogged': 'false'}",
"(17, 7, 9)",minecraft:spruce_trapdoor,"{'facing': 'west', 'half': 'bottom', 'open': 'true', 'powered': 'false', 'waterlogged': 'false'}",
"(20, 7, 9)",minecraft:sea_pickle,"{'pickles': '1', 'waterlogged': 'false'}",
"(22, 7, 9)",minecraft:terracotta,{},
"(6, 7, 10)",minecraft:stripped_dark_oak_wood,{'axis': 'x'},
"(7, 7, 10)",minecraft:moss_block,{},
"(8, 7, 10)",minecraft:moss_block,{},
"(9, 7, 10)",minecraft:moss_block,{},
"(10, 7, 10)",minecraft:dark_oak_stairs,"{'facing': 'south', 'half': 'top', 'shape': 'straight', 'waterlogged': 'false'}",
"(11, 7, 10)",minecraft:moss_carpet,{},
"(13, 7, 10)",minecraft:spruce_trapdoor,"{'facing': 'west', 'half': 'bottom', 'open': 'true', 'powered': 'false', 'waterlogged': 'false'}",
"(14, 7, 10)",minecraft:dark_oak_stairs,"{'facing': 'south', 'half': 'top', 'shape': 'straight', 'waterlogged': 'false'}",
"(17, 7, 10)",minecraft:spruce_trapdoor,"{'facing': 'west', 'half': 'bottom', 'open': 'true', 'powered': 'false', 'waterlogged': 'false'}",
"(18, 7, 10)",minecraft:dark_oak_stairs,"{'facing': 'south', 'half': 'top', 'shape': 'straight', 'waterlogged': 'false'}",
"(19, 7, 10)",minecraft:sea_pickle,"{'pickles': '1', 'waterlogged': 'false'}",
"(20, 7, 10)",minecraft:pumpkin,{},
"(21, 7, 10)",minecraft:sea_pickle,"{'pickles': '1', 'waterlogged': 'false'}",
"(22, 7, 10)",minecraft:stripped_dark_oak_wood,{'axis': 'x'},
"(5, 7, 11)",minecraft:jungle_planks,{},
"(6, 7, 11)",minecraft:mud_bricks,{},
"(7, 7, 11)",minecraft:jungle_planks,{},
"(8, 7, 11)",minecraft:jungle_planks,{},
"(9, 7, 11)",minecraft:jungle_planks,{},
"(10, 7, 11)",minecraft:jungle_planks,{},
"(11, 7, 11)",minecraft:jungle_planks,{},
"(12, 7, 11)",minecraft:jungle_planks,{},
"(13, 7, 11)",minecraft:mud_bricks,{},
"(14, 7, 11)",minecraft:mud_bricks,{},
"(15, 7, 11)",minecraft:jungle_planks,{},
"(16, 7, 11)",minecraft:jungle_planks,{},
"(17, 7, 11)",minecraft:jungle_planks,{},
"(18, 7, 11)",minecraft:jungle_planks,{},
"(19, 7, 11)",minecraft:jungle_planks,{},
"(20, 7, 11)",minecraft:mud_bricks,{},
"(21, 7, 11)",minecraft:mud_bricks,{},
"(22, 7, 11)",minecraft:jungle_planks,{},
"(23, 7, 11)",minecraft:jungle_planks,{},
"(5, 8, 1)",minecraft:jungle_stairs,"{'facing': 'south', 'half': 'bottom', 'shape': 'straight', 'waterlogged': 'false'}",
"(6, 8, 1)",minecraft:jungle_stairs,"{'facing': 'south', 'half': 'bottom', 'shape': 'straight', 'waterlogged': 'false'}",
"(7, 8, 1)",minecraft:jungle_stairs,"{'facing': 'south', 'half': 'bottom', 'shape': 'straight', 'waterlogged': 'false'}",
"(8, 8, 1)",minecraft:jungle_stairs,"{'facing': 'south', 'half': 'bottom', 'shape': 'straight', 'waterlogged': 'false'}",
"(9, 8, 1)",minecraft:jungle_stairs,"{'facing': 'south', 'half': 'bottom', 'shape': 'straight', 'waterlogged': 'false'}",
"(10, 8, 1)",minecraft:jungle_stairs,"{'facing': 'south', 'half': 'bottom', 'shape': 'straight', 'waterlogged': 'false'}",
"(11, 8, 1)",minecraft:oak_stairs,"{'facing': 'south', 'half': 'bottom', 'shape': 'straight', 'waterlogged': 'false'}",
"(12, 8, 1)",minecraft:jungle_stairs,"{'facing': 'south', 'half': 'bottom', 'shape': 'straight', 'waterlogged': 'false'}",
"(13, 8, 1)",minecraft:jungle_stairs,"{'facing': 'south', 'half': 'bottom', 'shape': 'straight', 'waterlogged': 'false'}",
"(14, 8, 1)",minecraft:jungle_stairs,"{'facing': 'south', 'half': 'bottom', 'shape': 'straight', 'waterlogged': 'false'}",
"(15, 8, 1)",minecraft:jungle_stairs,"{'facing': 'south', 'half': 'bottom', 'shape': 'straight', 'waterlogged': 'false'}",
"(16, 8, 1)",minecraft:jungle_stairs,"{'facing': 'south', 'half': 'bottom', 'shape': 'straight', 'waterlogged': 'false'}",
"(17, 8, 1)",minecraft:oak_stairs,"{'facing': 'south', 'half': 'bottom', 'shape': 'straight', 'waterlogged': 'false'}",
"(18, 8, 1)",minecraft:oak_stairs,"{'facing': 'south', 'half': 'bottom', 'shape': 'straight', 'waterlogged': 'false'}",
"(19, 8, 1)",minecraft:jungle_stairs,"{'facing': 'south', 'half': 'bottom', 'shape': 'straight', 'waterlogged': 'false'}",
"(20, 8, 1)",minecraft:jungle_stairs,"{'facing': 'south', 'half': 'bottom', 'shape': 'straight', 'waterlogged': 'false'}",
"(21, 8, 1)",minecraft:jungle_stairs,"{'facing': 'south', 'half': 'bottom', 'shape': 'straight', 'waterlogged': 'false'}",
"(22, 8, 1)",minecraft:jungle_stairs,"{'facing': 'south', 'half': 'bottom', 'shape': 'straight', 'waterlogged': 'false'}",
"(23, 8, 1)",minecraft:jungle_stairs,"{'facing': 'south', 'half': 'bottom', 'shape': 'straight', 'waterlogged': 'false'}",
"(5, 8, 2)",minecraft:jungle_stairs,"{'facing': 'north', 'half': 'top', 'shape': 'straight', 'waterlogged': 'false'}",
"(6, 8, 2)",minecraft:stripped_dark_oak_wood,{'axis': 'x'},
"(7, 8, 2)",minecraft:jungle_stairs,"{'facing': 'north', 'half': 'top', 'shape': 'straight', 'waterlogged': 'false'}",
"(8, 8, 2)",minecraft:jungle_stairs,"{'facing': 'north', 'half': 'top', 'shape': 'straight', 'waterlogged': 'false'}",
"(9, 8, 2)",minecraft:jungle_stairs,"{'facing': 'north', 'half': 'top', 'shape': 'straight', 'waterlogged': 'false'}",
"(10, 8, 2)",minecraft:stripped_dark_oak_wood,{'axis': 'y'},
"(11, 8, 2)",minecraft:oak_stairs,"{'facing': 'north', 'half': 'top', 'shape': 'straight', 'waterlogged': 'false'}",
"(12, 8, 2)",minecraft:jungle_stairs,"{'facing': 'north', 'half': 'top', 'shape': 'straight', 'waterlogged': 'false'}",
"(13, 8, 2)",minecraft:jungle_stairs,"{'facing': 'north', 'half': 'top', 'shape': 'straight', 'waterlogged': 'false'}",
"(14, 8, 2)",minecraft:stripped_dark_oak_wood,{'axis': 'y'},
"(15, 8, 2)",minecraft:jungle_stairs,"{'facing': 'north', 'half': 'top', 'shape': 'straight', 'waterlogged': 'false'}",
"(16, 8, 2)",minecraft:jungle_stairs,"{'facing': 'north', 'half': 'top', 'shape': 'straight', 'waterlogged': 'false'}",
"(17, 8, 2)",minecraft:oak_stairs,"{'facing': 'north', 'half': 'top', 'shape': 'straight', 'waterlogged': 'false'}",
"(18, 8, 2)",minecraft:stripped_dark_oak_wood,{'axis': 'y'},
"(19, 8, 2)",minecraft:jungle_stairs,"{'facing': 'north', 'half': 'top', 'shape': 'straight', 'waterlogged': 'false'}",
"(20, 8, 2)",minecraft:jungle_stairs,"{'facing': 'north', 'half': 'top', 'shape': 'straight', 'waterlogged': 'false'}",
"(21, 8, 2)",minecraft:jungle_stairs,"{'facing': 'north', 'half': 'top', 'shape': 'straight', 'waterlogged': 'false'}",
"(22, 8, 2)",minecraft:stripped_dark_oak_wood,{'axis': 'x'},
"(23, 8, 2)",minecraft:jungle_stairs,"{'facing': 'north', 'half': 'top', 'shape': 'straight', 'waterlogged': 'false'}",
"(5, 8, 3)",minecraft:azalea_leaves,"{'distance': '7', 'persistent': 'true', 'waterlogged': 'false'}",
"(6, 8, 3)",minecraft:brown_wool,{},
"(7, 8, 3)",minecraft:spruce_trapdoor,"{'facing': 'east', 'half': 'top', 'open': 'false', 'powered': 'false', 'waterlogged': 'false'}",
"(8, 8, 3)",minecraft:spruce_trapdoor,"{'facing': 'east', 'half': 'top', 'open': 'false', 'powered': 'false', 'waterlogged': 'false'}",
"(9, 8, 3)",minecraft:spruce_trapdoor,"{'facing': 'east', 'half': 'top', 'open': 'false', 'powered': 'false', 'waterlogged': 'false'}",
"(10, 8, 3)",minecraft:spruce_trapdoor,"{'facing': 'east', 'half': 'top', 'open': 'false', 'powered': 'false', 'waterlogged': 'false'}",
"(11, 8, 3)",minecraft:spruce_trapdoor,"{'facing': 'east', 'half': 'top', 'open': 'false', 'powered': 'false', 'waterlogged': 'false'}",
"(12, 8, 3)",minecraft:spruce_trapdoor,"{'facing': 'east', 'half': 'top', 'open': 'false', 'powered': 'false', 'waterlogged': 'false'}",
"(13, 8, 3)",minecraft:spruce_trapdoor,"{'facing': 'east', 'half': 'top', 'open': 'false', 'powered': 'false', 'waterlogged': 'false'}",
"(14, 8, 3)",minecraft:spruce_trapdoor,"{'facing': 'east', 'half': 'top', 'open': 'false', 'powered': 'false', 'waterlogged': 'false'}",
"(15, 8, 3)",minecraft:spruce_trapdoor,"{'facing': 'east', 'half': 'top', 'open': 'false', 'powered': 'false', 'waterlogged': 'false'}",
"(16, 8, 3)",minecraft:spruce_trapdoor,"{'facing': 'east', 'half': 'top', 'open': 'false', 'powered': 'false', 'waterlogged': 'false'}",
"(17, 8, 3)",minecraft:spruce_trapdoor,"{'facing': 'east', 'half': 'top', 'open': 'false', 'powered': 'false', 'waterlogged': 'false'}",
"(18, 8, 3)",minecraft:spruce_trapdoor,"{'facing': 'east', 'half': 'top', 'open': 'false', 'powered': 'false', 'waterlogged': 'false'}",
"(19, 8, 3)",minecraft:spruce_trapdoor,"{'facing': 'east', 'half': 'top', 'open': 'false', 'powered': 'false', 'waterlogged': 'false'}",
"(20, 8, 3)",minecraft:spruce_trapdoor,"{'facing': 'east', 'half': 'top', 'open': 'false', 'powered': 'false', 'waterlogged': 'false'}",
"(21, 8, 3)",minecraft:spruce_trapdoor,"{'facing': 'east', 'half': 'top', 'open': 'false', 'powered': 'false', 'waterlogged': 'false'}",
"(22, 8, 3)",minecraft:brown_wool,{},
"(23, 8, 3)",minecraft:azalea_leaves,"{'distance': '7', 'persistent': 'true', 'waterlogged': 'false'}",
"(5, 8, 4)",minecraft:dark_oak_fence,"{'east': 'true', 'north': 'false', 'south': 'false', 'waterlogged': 'false', 'west': 'false'}",
"(6, 8, 4)",minecraft:stripped_dark_oak_wood,{'axis': 'y'},
"(22, 8, 4)",minecraft:stripped_dark_oak_wood,{'axis': 'y'},
"(23, 8, 4)",minecraft:dark_oak_fence,"{'east': 'false', 'north': 'false', 'south': 'false', 'waterlogged': 'false', 'west': 'true'}",
"(22, 8, 5)",minecraft:brown_wool,{},
"(2, 8, 6)",minecraft:grindstone,"{'face': 'ceiling', 'facing': 'east'}",
"(10, 8, 6)",minecraft:iron_chain,"{'axis': 'y', 'waterlogged': 'false'}",
"(22, 8, 6)",minecraft:brown_wool,{},
"(22, 8, 7)",minecraft:brown_wool,{},
"(5, 8, 8)",minecraft:dark_oak_fence,"{'east': 'true', 'north': 'false', 'south': 'false', 'waterlogged': 'false', 'west': 'false'}",
"(6, 8, 8)",minecraft:stripped_dark_oak_wood,{'axis': 'y'},
"(22, 8, 8)",minecraft:stripped_dark_oak_wood,{'axis': 'y'},
"(23, 8, 8)",minecraft:dark_oak_fence,"{'east': 'false', 'north': 'false', 'south': 'false', 'waterlogged': 'false', 'west': 'true'}",
"(6, 8, 9)",minecraft:brown_wool,{},
"(7, 8, 9)",minecraft:spruce_trapdoor,"{'facing': 'west', 'half': 'top', 'open': 'false', 'powered': 'false', 'waterlogged': 'false'}",
"(8, 8, 9)",minecraft:spruce_trapdoor,"{'facing': 'west', 'half': 'top', 'open': 'false', 'powered': 'false', 'waterlogged': 'false'}",
"(9, 8, 9)",minecraft:spruce_trapdoor,"{'facing': 'west', 'half': 'top', 'open': 'false', 'powered': 'false', 'waterlogged': 'false'}",
"(10, 8, 9)",minecraft:spruce_trapdoor,"{'facing': 'west', 'half': 'top', 'open': 'false', 'powered': 'false', 'waterlogged': 'false'}",
"(11, 8, 9)",minecraft:spruce_trapdoor,"{'facing': 'west', 'half': 'top', 'open': 'false', 'powered': 'false', 'waterlogged': 'false'}",
"(12, 8, 9)",minecraft:spruce_trapdoor,"{'facing': 'west', 'half': 'top', 'open': 'false', 'powered': 'false', 'waterlogged': 'false'}",
"(13, 8, 9)",minecraft:spruce_trapdoor,"{'facing': 'west', 'half': 'top', 'open': 'false', 'powered': 'false', 'waterlogged': 'false'}",
"(14, 8, 9)",minecraft:spruce_trapdoor,"{'facing': 'west', 'half': 'top', 'open': 'false', 'powered': 'false', 'waterlogged': 'false'}",
"(15, 8, 9)",minecraft:spruce_trapdoor,"{'facing': 'west', 'half': 'top', 'open': 'false', 'powered': 'false', 'waterlogged': 'false'}",
"(16, 8, 9)",minecraft:spruce_trapdoor,"{'facing': 'west', 'half': 'top', 'open': 'false', 'powered': 'false', 'waterlogged': 'false'}",
"(17, 8, 9)",minecraft:spruce_trapdoor,"{'facing': 'west', 'half': 'top', 'open': 'false', 'powered': 'false', 'waterlogged': 'false'}",
"(18, 8, 9)",minecraft:spruce_trapdoor,"{'facing': 'west', 'half': 'top', 'open': 'false', 'powered': 'false', 'waterlogged': 'false'}",
"(19, 8, 9)",minecraft:spruce_trapdoor,"{'facing': 'west', 'half': 'top', 'open': 'false', 'powered': 'false', 'waterlogged': 'false'}",
"(20, 8, 9)",minecraft:spruce_trapdoor,"{'facing': 'west', 'half': 'top', 'open': 'false', 'powered': 'false', 'waterlogged': 'false'}",
"(21, 8, 9)",minecraft:spruce_trapdoor,"{'facing': 'west', 'half': 'top', 'open': 'false', 'powered': 'false', 'waterlogged': 'false'}",
"(22, 8, 9)",minecraft:brown_wool,{},
"(5, 8, 10)",minecraft:jungle_stairs,"{'facing': 'south', 'half': 'top', 'shape': 'straight', 'waterlogged': 'false'}",
"(6, 8, 10)",minecraft:stripped_dark_oak_wood,{'axis': 'x'},
"(7, 8, 10)",minecraft:jungle_stairs,"{'facing': 'south', 'half': 'top', 'shape': 'straight', 'waterlogged': 'false'}",
"(8, 8, 10)",minecraft:jungle_stairs,"{'facing': 'south', 'half': 'top', 'shape': 'straight', 'waterlogged': 'false'}",
"(9, 8, 10)",minecraft:oak_stairs,"{'facing': 'south', 'half': 'top', 'shape': 'straight', 'waterlogged': 'false'}",
"(10, 8, 10)",minecraft:stripped_dark_oak_wood,{'axis': 'y'},
"(11, 8, 10)",minecraft:jungle_stairs,"{'facing': 'south', 'half': 'top', 'shape': 'straight', 'waterlogged': 'false'}",
"(12, 8, 10)",minecraft:jungle_stairs,"{'facing': 'south', 'half': 'top', 'shape': 'straight', 'waterlogged': 'false'}",
"(13, 8, 10)",minecraft:jungle_stairs,"{'facing': 'south', 'half': 'top', 'shape': 'straight', 'waterlogged': 'false'}",
"(14, 8, 10)",minecraft:stripped_dark_oak_wood,{'axis': 'y'},
"(15, 8, 10)",minecraft:jungle_stairs,"{'facing': 'south', 'half': 'top', 'shape': 'straight', 'waterlogged': 'false'}",
"(16, 8, 10)",minecraft:jungle_stairs,"{'facing': 'south', 'half': 'top', 'shape': 'straight', 'waterlogged': 'false'}",
"(17, 8, 10)",minecraft:oak_stairs,"{'facing': 'south', 'half': 'top', 'shape': 'straight', 'waterlogged': 'false'}",
"(18, 8, 10)",minecraft:stripped_dark_oak_wood,{'axis': 'y'},
"(19, 8, 10)",minecraft:jungle_stairs,"{'facing': 'south', 'half': 'top', 'shape': 'straight', 'waterlogged': 'false'}",
"(20, 8, 10)",minecraft:jungle_stairs,"{'facing': 'south', 'half': 'top', 'shape': 'straight', 'waterlogged': 'false'}",
"(21, 8, 10)",minecraft:jungle_stairs,"{'facing': 'south', 'half': 'top', 'shape': 'straight', 'waterlogged': 'false'}",
"(22, 8, 10)",minecraft:stripped_dark_oak_wood,{'axis': 'x'},
"(23, 8, 10)",minecraft:jungle_stairs,"{'facing': 'south', 'half': 'top', 'shape': 'straight', 'waterlogged': 'false'}",
"(5, 8, 11)",minecraft:jungle_stairs,"{'facing': 'north', 'half': 'bottom', 'shape': 'straight', 'waterlogged': 'false'}",
"(6, 8, 11)",minecraft:jungle_stairs,"{'facing': 'north', 'half': 'bottom', 'shape': 'straight', 'waterlogged': 'false'}",
"(7, 8, 11)",minecraft:jungle_stairs,"{'facing': 'north', 'half': 'bottom', 'shape': 'straight', 'waterlogged': 'false'}",
"(8, 8, 11)",minecraft:jungle_stairs,"{'facing': 'north', 'half': 'bottom', 'shape': 'straight', 'waterlogged': 'false'}",
"(9, 8, 11)",minecraft:oak_stairs,"{'facing': 'north', 'half': 'bottom', 'shape': 'straight', 'waterlogged': 'false'}",
"(10, 8, 11)",minecraft:oak_stairs,"{'facing': 'north', 'half': 'bottom', 'shape': 'straight', 'waterlogged': 'false'}",
"(11, 8, 11)",minecraft:jungle_stairs,"{'facing': 'north', 'half': 'bottom', 'shape': 'straight', 'waterlogged': 'false'}",
"(12, 8, 11)",minecraft:jungle_stairs,"{'facing': 'north', 'half': 'bottom', 'shape': 'straight', 'waterlogged': 'false'}",
"(13, 8, 11)",minecraft:jungle_stairs,"{'facing': 'north', 'half': 'bottom', 'shape': 'straight', 'waterlogged': 'false'}",
"(14, 8, 11)",minecraft:jungle_stairs,"{'facing': 'north', 'half': 'bottom', 'shape': 'straight', 'waterlogged': 'false'}",
"(15, 8, 11)",minecraft:jungle_stairs,"{'facing': 'north', 'half': 'bottom', 'shape': 'straight', 'waterlogged': 'false'}",
"(16, 8, 11)",minecraft:jungle_stairs,"{'facing': 'north', 'half': 'bottom', 'shape': 'straight', 'waterlogged': 'false'}",
"(17, 8, 11)",minecraft:oak_stairs,"{'facing': 'north', 'half': 'bottom', 'shape': 'straight', 'waterlogged': 'false'}",
"(18, 8, 11)",minecraft:oak_stairs,"{'facing': 'north', 'half': 'bottom', 'shape': 'straight', 'waterlogged': 'false'}",
"(19, 8, 11)",minecraft:jungle_stairs,"{'facing': 'north', 'half': 'bottom', 'shape': 'straight', 'waterlogged': 'false'}",
"(20, 8, 11)",minecraft:jungle_stairs,"{'facing': 'north', 'half': 'bottom', 'shape': 'straight', 'waterlogged': 'false'}",
"(21, 8, 11)",minecraft:jungle_stairs,"{'facing': 'north', 'half': 'bottom', 'shape': 'straight', 'waterlogged': 'false'}",
"(22, 8, 11)",minecraft:jungle_stairs,"{'facing': 'north', 'half': 'bottom', 'shape': 'straight', 'waterlogged': 'false'}",
"(23, 8, 11)",minecraft:jungle_stairs,"{'facing': 'north', 'half': 'bottom', 'shape': 'straight', 'waterlogged': 'false'}",
"(5, 9, 2)",minecraft:oak_planks,{},
"(6, 9, 2)",minecraft:oak_planks,{},
"(7, 9, 2)",minecraft:jungle_planks,{},
"(8, 9, 2)",minecraft:jungle_planks,{},
"(9, 9, 2)",minecraft:oak_planks,{},
"(10, 9, 2)",minecraft:oak_planks,{},
"(11, 9, 2)",minecraft:oak_planks,{},
"(12, 9, 2)",minecraft:oak_planks,{},
"(13, 9, 2)",minecraft:jungle_planks,{},
"(14, 9, 2)",minecraft:jungle_planks,{},
"(15, 9, 2)",minecraft:jungle_planks,{},
"(16, 9, 2)",minecraft:oak_planks,{},
"(17, 9, 2)",minecraft:oak_planks,{},
"(18, 9, 2)",minecraft:oak_planks,{},
"(19, 9, 2)",minecraft:oak_planks,{},
"(20, 9, 2)",minecraft:jungle_planks,{},
"(21, 9, 2)",minecraft:jungle_planks,{},
"(22, 9, 2)",minecraft:jungle_planks,{},
"(23, 9, 2)",minecraft:oak_planks,{},
"(5, 9, 3)",minecraft:spruce_stairs,"{'facing': 'east', 'half': 'top', 'shape': 'straight', 'waterlogged': 'false'}",
"(6, 9, 3)",minecraft:stripped_dark_oak_wood,{'axis': 'z'},
"(8, 9, 3)",minecraft:barrel,"{'facing': 'south', 'open': 'false'}","{components: {}, Items: [], id: ""minecraft:barrel""}"
"(9, 9, 3)",minecraft:potted_blue_orchid,{},
"(10, 9, 3)",minecraft:dark_oak_stairs,"{'facing': 'north', 'half': 'top', 'shape': 'straight', 'waterlogged': 'false'}",
"(12, 9, 3)",minecraft:oak_leaves,"{'distance': '7', 'persistent': 'true', 'waterlogged': 'false'}",
"(14, 9, 3)",minecraft:dark_oak_stairs,"{'facing': 'north', 'half': 'top', 'shape': 'straight', 'waterlogged': 'false'}",
"(15, 9, 3)",minecraft:barrel,"{'facing': 'south', 'open': 'false'}","{components: {}, Items: [], id: ""minecraft:barrel""}"
"(18, 9, 3)",minecraft:dark_oak_stairs,"{'facing': 'north', 'half': 'top', 'shape': 'straight', 'waterlogged': 'false'}",
"(19, 9, 3)",minecraft:potted_fern,{},
"(20, 9, 3)",minecraft:barrel,"{'facing': 'south', 'open': 'false'}","{components: {}, Items: [], id: ""minecraft:barrel""}"
"(21, 9, 3)",minecraft:oak_leaves,"{'distance': '1', 'persistent': 'true', 'waterlogged': 'false'}",
"(22, 9, 3)",minecraft:stripped_dark_oak_wood,{'axis': 'z'},
"(23, 9, 3)",minecraft:spruce_stairs,"{'facing': 'west', 'half': 'top', 'shape': 'straight', 'waterlogged': 'false'}",
"(5, 9, 4)",minecraft:oak_log,{'axis': 'x'},
"(6, 9, 4)",minecraft:stripped_dark_oak_wood,{'axis': 'y'},
"(22, 9, 4)",minecraft:stripped_dark_oak_wood,{'axis': 'y'},
"(23, 9, 4)",minecraft:oak_log,{'axis': 'x'},
"(22, 9, 5)",minecraft:stripped_dark_oak_wood,{'axis': 'z'},
"(23, 9, 5)",minecraft:dark_oak_stairs,"{'facing': 'west', 'half': 'top', 'shape': 'straight', 'waterlogged': 'false'}",
"(1, 9, 6)",minecraft:spruce_trapdoor,"{'facing': 'west', 'half': 'top', 'open': 'false', 'powered': 'false', 'waterlogged': 'false'}",
"(2, 9, 6)",minecraft:grindstone,"{'face': 'floor', 'facing': 'east'}",
"(3, 9, 6)",minecraft:iron_chain,"{'axis': 'x', 'waterlogged': 'false'}",
"(4, 9, 6)",minecraft:iron_chain,"{'axis': 'x', 'waterlogged': 'false'}",
"(5, 9, 6)",minecraft:iron_chain,"{'axis': 'x', 'waterlogged': 'false'}",
"(6, 9, 6)",minecraft:iron_chain,"{'axis': 'x', 'waterlogged': 'false'}",
"(7, 9, 6)",minecraft:iron_chain,"{'axis': 'x', 'waterlogged': 'false'}",
"(8, 9, 6)",minecraft:iron_chain,"{'axis': 'x', 'waterlogged': 'false'}",
"(9, 9, 6)",minecraft:iron_chain,"{'axis': 'x', 'waterlogged': 'false'}",
"(10, 9, 6)",minecraft:grindstone,"{'face': 'ceiling', 'facing': 'east'}",
"(14, 9, 6)",minecraft:lantern,"{'hanging': 'true', 'waterlogged': 'false'}",
"(22, 9, 6)",minecraft:stripped_dark_oak_wood,{'axis': 'z'},
"(23, 9, 6)",minecraft:dark_oak_slab,"{'type': 'top', 'waterlogged': 'false'}",
"(22, 9, 7)",minecraft:stripped_dark_oak_wood,{'axis': 'z'},
"(23, 9, 7)",minecraft:spruce_stairs,"{'facing': 'west', 'half': 'top', 'shape': 'straight', 'waterlogged': 'false'}",
"(5, 9, 8)",minecraft:oak_log,{'axis': 'x'},
"(6, 9, 8)",minecraft:stripped_dark_oak_wood,{'axis': 'y'},
"(22, 9, 8)",minecraft:stripped_dark_oak_wood,{'axis': 'y'},
"(23, 9, 8)",minecraft:oak_log,{'axis': 'x'},
"(5, 9, 9)",minecraft:dark_oak_stairs,"{'facing': 'east', 'half': 'top', 'shape': 'straight', 'waterlogged': 'false'}",
"(6, 9, 9)",minecraft:stripped_dark_oak_wood,{'axis': 'z'},
"(7, 9, 9)",minecraft:potted_azalea_bush,{},
"(9, 9, 9)",minecraft:barrel,"{'facing': 'north', 'open': 'false'}","{components: {}, Items: [], id: ""minecraft:barrel""}"
"(10, 9, 9)",minecraft:dark_oak_stairs,"{'facing': 'south', 'half': 'top', 'shape': 'straight', 'waterlogged': 'false'}",
"(11, 9, 9)",minecraft:oak_leaves,"{'distance': '7', 'persistent': 'true', 'waterlogged': 'false'}",
"(13, 9, 9)",minecraft:barrel,"{'facing': 'north', 'open': 'false'}","{components: {}, Items: [], id: ""minecraft:barrel""}"
"(14, 9, 9)",minecraft:dark_oak_stairs,"{'facing': 'south', 'half': 'top', 'shape': 'straight', 'waterlogged': 'false'}",
"(17, 9, 9)",minecraft:potted_torchflower,{},
"(18, 9, 9)",minecraft:dark_oak_stairs,"{'facing': 'south', 'half': 'top', 'shape': 'straight', 'waterlogged': 'false'}",
"(19, 9, 9)",minecraft:oak_leaves,"{'distance': '7', 'persistent': 'true', 'waterlogged': 'false'}",
"(21, 9, 9)",minecraft:barrel,"{'facing': 'north', 'open': 'false'}","{components: {}, Items: [], id: ""minecraft:barrel""}"
"(22, 9, 9)",minecraft:stripped_dark_oak_wood,{'axis': 'z'},
"(23, 9, 9)",minecraft:dark_oak_stairs,"{'facing': 'west', 'half': 'top', 'shape': 'straight', 'waterlogged': 'false'}",
"(5, 9, 10)",minecraft:jungle_planks,{},
"(6, 9, 10)",minecraft:jungle_planks,{},
"(7, 9, 10)",minecraft:oak_planks,{},
"(8, 9, 10)",minecraft:oak_planks,{},
"(9, 9, 10)",minecraft:oak_planks,{},
"(10, 9, 10)",minecraft:oak_planks,{},
"(11, 9, 10)",minecraft:oak_planks,{},
"(12, 9, 10)",minecraft:jungle_planks,{},
"(13, 9, 10)",minecraft:jungle_planks,{},
"(14, 9, 10)",minecraft:jungle_planks,{},
"(15, 9, 10)",minecraft:jungle_planks,{},
"(16, 9, 10)",minecraft:oak_planks,{},
"(17, 9, 10)",minecraft:oak_planks,{},
"(18, 9, 10)",minecraft:oak_planks,{},
"(19, 9, 10)",minecraft:oak_planks,{},
"(20, 9, 10)",minecraft:jungle_planks,{},
"(21, 9, 10)",minecraft:jungle_planks,{},
"(22, 9, 10)",minecraft:jungle_planks,{},
"(23, 9, 10)",minecraft:oak_planks,{},
"(5, 10, 2)",minecraft:oak_stairs,"{'facing': 'south', 'half': 'bottom', 'shape': 'straight', 'waterlogged': 'false'}",
"(6, 10, 2)",minecraft:oak_stairs,"{'facing': 'south', 'half': 'bottom', 'shape': 'straight', 'waterlogged': 'false'}",
"(7, 10, 2)",minecraft:oak_stairs,"{'facing': 'south', 'half': 'bottom', 'shape': 'straight', 'waterlogged': 'false'}",
"(8, 10, 2)",minecraft:jungle_stairs,"{'facing': 'south', 'half': 'bottom', 'shape': 'straight', 'waterlogged': 'false'}",
"(9, 10, 2)",minecraft:oak_stairs,"{'facing': 'south', 'half': 'bottom', 'shape': 'straight', 'waterlogged': 'false'}",
"(10, 10, 2)",minecraft:oak_stairs,"{'facing': 'south', 'half': 'bottom', 'shape': 'straight', 'waterlogged': 'false'}",
"(11, 10, 2)",minecraft:oak_stairs,"{'facing': 'south', 'half': 'bottom', 'shape': 'straight', 'waterlogged': 'false'}",
"(12, 10, 2)",minecraft:oak_stairs,"{'facing': 'south', 'half': 'bottom', 'shape': 'straight', 'waterlogged': 'false'}",
"(13, 10, 2)",minecraft:jungle_stairs,"{'facing': 'south', 'half': 'bottom', 'shape': 'straight', 'waterlogged': 'false'}",
"(14, 10, 2)",minecraft:jungle_stairs,"{'facing': 'south', 'half': 'bottom', 'shape': 'straight', 'waterlogged': 'false'}",
"(15, 10, 2)",minecraft:oak_stairs,"{'facing': 'south', 'half': 'bottom', 'shape': 'straight', 'waterlogged': 'false'}",
"(16, 10, 2)",minecraft:oak_stairs,"{'facing': 'south', 'half': 'bottom', 'shape': 'straight', 'waterlogged': 'false'}",
"(17, 10, 2)",minecraft:oak_stairs,"{'facing': 'south', 'half': 'bottom', 'shape': 'straight', 'waterlogged': 'false'}",
"(18, 10, 2)",minecraft:oak_stairs,"{'facing': 'south', 'half': 'bottom', 'shape': 'straight', 'waterlogged': 'false'}",
"(19, 10, 2)",minecraft:oak_stairs,"{'facing': 'south', 'half': 'bottom', 'shape': 'straight', 'waterlogged': 'false'}",
"(20, 10, 2)",minecraft:oak_stairs,"{'facing': 'south', 'half': 'bottom', 'shape': 'straight', 'waterlogged': 'false'}",
"(21, 10, 2)",minecraft:jungle_stairs,"{'facing': 'south', 'half': 'bottom', 'shape': 'straight', 'waterlogged': 'false'}",
"(22, 10, 2)",minecraft:oak_stairs,"{'facing': 'south', 'half': 'bottom', 'shape': 'straight', 'waterlogged': 'false'}",
"(23, 10, 2)",minecraft:oak_stairs,"{'facing': 'south', 'half': 'bottom', 'shape': 'straight', 'waterlogged': 'false'}",
"(5, 10, 3)",minecraft:oak_stairs,"{'facing': 'north', 'half': 'top', 'shape': 'straight', 'waterlogged': 'false'}",
"(6, 10, 3)",minecraft:brown_wool,{},
"(7, 10, 3)",minecraft:oak_stairs,"{'facing': 'north', 'half': 'top', 'shape': 'straight', 'waterlogged': 'false'}",
"(8, 10, 3)",minecraft:oak_stairs,"{'facing': 'north', 'half': 'top', 'shape': 'straight', 'waterlogged': 'false'}",
"(9, 10, 3)",minecraft:oak_stairs,"{'facing': 'north', 'half': 'top', 'shape': 'straight', 'waterlogged': 'false'}",
"(10, 10, 3)",minecraft:stripped_dark_oak_wood,{'axis': 'y'},
"(11, 10, 3)",minecraft:oak_stairs,"{'facing': 'north', 'half': 'top', 'shape': 'straight', 'waterlogged': 'false'}",
"(12, 10, 3)",minecraft:oak_stairs,"{'facing': 'north', 'half': 'top', 'shape': 'straight', 'waterlogged': 'false'}",
"(13, 10, 3)",minecraft:oak_stairs,"{'facing': 'north', 'half': 'top', 'shape': 'straight', 'waterlogged': 'false'}",
"(14, 10, 3)",minecraft:stripped_dark_oak_wood,{'axis': 'y'},
"(15, 10, 3)",minecraft:oak_stairs,"{'facing': 'north', 'half': 'top', 'shape': 'straight', 'waterlogged': 'false'}",
"(16, 10, 3)",minecraft:oak_stairs,"{'facing': 'north', 'half': 'top', 'shape': 'straight', 'waterlogged': 'false'}",
"(17, 10, 3)",minecraft:oak_stairs,"{'facing': 'north', 'half': 'top', 'shape': 'straight', 'waterlogged': 'false'}",
"(18, 10, 3)",minecraft:stripped_dark_oak_wood,{'axis': 'y'},
"(19, 10, 3)",minecraft:oak_stairs,"{'facing': 'north', 'half': 'top', 'shape': 'straight', 'waterlogged': 'false'}",
"(20, 10, 3)",minecraft:oak_stairs,"{'facing': 'north', 'half': 'top', 'shape': 'straight', 'waterlogged': 'false'}",
"(21, 10, 3)",minecraft:oak_stairs,"{'facing': 'north', 'half': 'top', 'shape': 'straight', 'waterlogged': 'false'}",
"(22, 10, 3)",minecraft:stripped_dark_oak_wood,{'axis': 'x'},
"(23, 10, 3)",minecraft:oak_stairs,"{'facing': 'north', 'half': 'top', 'shape': 'straight', 'waterlogged': 'false'}",
"(5, 10, 4)",minecraft:dark_oak_stairs,"{'facing': 'east', 'half': 'bottom', 'shape': 'straight', 'waterlogged': 'false'}",
"(6, 10, 4)",minecraft:stripped_dark_oak_wood,{'axis': 'y'},
"(22, 10, 4)",minecraft:stripped_dark_oak_wood,{'axis': 'y'},
"(23, 10, 4)",minecraft:dark_oak_stairs,"{'facing': 'west', 'half': 'bottom', 'shape': 'straight', 'waterlogged': 'false'}",
"(3, 10, 5)",minecraft:spruce_wall_sign,"{'facing': 'north', 'waterlogged': 'false'}","{back_text: {has_glowing_text: 0b, color: ""black"", messages: ["""", """", """", """"]}, components: {}, is_waxed: 0b, id: ""minecraft:sign"", front_text: {has_glowing_text: 0b, color: ""black"", messages: ["""", """", """", """"]}}"
"(7, 10, 5)",minecraft:spruce_trapdoor,"{'facing': 'north', 'half': 'top', 'open': 'true', 'powered': 'false', 'waterlogged': 'false'}",
"(8, 10, 5)",minecraft:spruce_wall_sign,"{'facing': 'north', 'waterlogged': 'false'}","{back_text: {has_glowing_text: 0b, color: ""black"", messages: ["""", """", """", """"]}, components: {}, is_waxed: 0b, id: ""minecraft:sign"", front_text: {has_glowing_text: 0b, color: ""black"", messages: ["""", """", """", """"]}}"
"(9, 10, 5)",minecraft:spruce_trapdoor,"{'facing': 'north', 'half': 'top', 'open': 'true', 'powered': 'false', 'waterlogged': 'false'}",
"(10, 10, 5)",minecraft:spruce_wall_sign,"{'facing': 'north', 'waterlogged': 'false'}","{back_text: {has_glowing_text: 0b, color: ""black"", messages: ["""", """", """", """"]}, components: {}, is_waxed: 0b, id: ""minecraft:sign"", front_text: {has_glowing_text: 0b, color: ""black"", messages: ["""", """", """", """"]}}"
"(22, 10, 5)",minecraft:terracotta,{},
"(1, 10, 6)",minecraft:spruce_trapdoor,"{'facing': 'west', 'half': 'bottom', 'open': 'false', 'powered': 'false', 'waterlogged': 'false'}",
"(2, 10, 6)",minecraft:spruce_slab,"{'type': 'bottom', 'waterlogged': 'false'}",
"(3, 10, 6)",minecraft:spruce_slab,"{'type': 'double', 'waterlogged': 'false'}",
"(4, 10, 6)",minecraft:spruce_slab,"{'type': 'bottom', 'waterlogged': 'false'}",
"(5, 10, 6)",minecraft:spruce_slab,"{'type': 'bottom', 'waterlogged': 'false'}",
"(6, 10, 6)",minecraft:spruce_planks,{},
"(7, 10, 6)",minecraft:spruce_slab,"{'type': 'double', 'waterlogged': 'false'}",
"(8, 10, 6)",minecraft:spruce_planks,{},
"(9, 10, 6)",minecraft:spruce_slab,"{'type': 'double', 'waterlogged': 'false'}",
"(10, 10, 6)",minecraft:spruce_planks,{},
"(11, 10, 6)",minecraft:spruce_wall_sign,"{'facing': 'east', 'waterlogged': 'false'}","{back_text: {has_glowing_text: 0b, color: ""black"", messages: ["""", """", """", """"]}, components: {}, is_waxed: 0b, id: ""minecraft:sign"", front_text: {has_glowing_text: 0b, color: ""black"", messages: ["""", """", """", """"]}}"
"(14, 10, 6)",minecraft:iron_chain,"{'axis': 'y', 'waterlogged': 'false'}",
"(18, 10, 6)",minecraft:lantern,"{'hanging': 'true', 'waterlogged': 'false'}",
"(22, 10, 6)",minecraft:terracotta,{},
"(23, 10, 6)",minecraft:dark_oak_slab,"{'type': 'bottom', 'waterlogged': 'false'}",
"(3, 10, 7)",minecraft:spruce_wall_sign,"{'facing': 'south', 'waterlogged': 'false'}","{back_text: {has_glowing_text: 0b, color: ""black"", messages: ["""", """", """", """"]}, components: {}, is_waxed: 0b, id: ""minecraft:sign"", front_text: {has_glowing_text: 0b, color: ""black"", messages: ["""", """", """", """"]}}"
"(7, 10, 7)",minecraft:spruce_trapdoor,"{'facing': 'south', 'half': 'top', 'open': 'true', 'powered': 'false', 'waterlogged': 'false'}",
"(8, 10, 7)",minecraft:spruce_wall_sign,"{'facing': 'south', 'waterlogged': 'false'}","{back_text: {has_glowing_text: 0b, color: ""black"", messages: ["""", """", """", """"]}, components: {}, is_waxed: 0b, id: ""minecraft:sign"", front_text: {has_glowing_text: 0b, color: ""black"", messages: ["""", """", """", """"]}}"
"(9, 10, 7)",minecraft:spruce_trapdoor,"{'facing': 'south', 'half': 'top', 'open': 'true', 'powered': 'false', 'waterlogged': 'false'}",
"(10, 10, 7)",minecraft:spruce_wall_sign,"{'facing': 'south', 'waterlogged': 'false'}","{back_text: {has_glowing_text: 0b, color: ""black"", messages: ["""", """", """", """"]}, components: {}, is_waxed: 0b, id: ""minecraft:sign"", front_text: {has_glowing_text: 0b, color: ""black"", messages: ["""", """", """", """"]}}"
"(22, 10, 7)",minecraft:granite,{},
"(23, 10, 7)",minecraft:oak_leaves,"{'distance': '7', 'persistent': 'true', 'waterlogged': 'false'}",
"(5, 10, 8)",minecraft:dark_oak_stairs,"{'facing': 'east', 'half': 'bottom', 'shape': 'straight', 'waterlogged': 'false'}",
"(6, 10, 8)",minecraft:stripped_dark_oak_wood,{'axis': 'y'},
"(22, 10, 8)",minecraft:stripped_dark_oak_wood,{'axis': 'y'},
"(23, 10, 8)",minecraft:dark_oak_stairs,"{'facing': 'west', 'half': 'bottom', 'shape': 'straight', 'waterlogged': 'false'}",
"(5, 10, 9)",minecraft:oak_stairs,"{'facing': 'south', 'half': 'top', 'shape': 'straight', 'waterlogged': 'false'}",
"(6, 10, 9)",minecraft:brown_wool,{},
"(7, 10, 9)",minecraft:oak_stairs,"{'facing': 'south', 'half': 'top', 'shape': 'straight', 'waterlogged': 'false'}",
"(8, 10, 9)",minecraft:oak_stairs,"{'facing': 'south', 'half': 'top', 'shape': 'straight', 'waterlogged': 'false'}",
"(9, 10, 9)",minecraft:oak_stairs,"{'facing': 'south', 'half': 'top', 'shape': 'straight', 'waterlogged': 'false'}",
"(10, 10, 9)",minecraft:stripped_dark_oak_wood,{'axis': 'y'},
"(11, 10, 9)",minecraft:oak_stairs,"{'facing': 'south', 'half': 'top', 'shape': 'straight', 'waterlogged': 'false'}",
"(12, 10, 9)",minecraft:oak_stairs,"{'facing': 'south', 'half': 'top', 'shape': 'straight', 'waterlogged': 'false'}",
"(13, 10, 9)",minecraft:oak_stairs,"{'facing': 'south', 'half': 'top', 'shape': 'straight', 'waterlogged': 'false'}",
"(14, 10, 9)",minecraft:stripped_dark_oak_wood,{'axis': 'y'},
"(15, 10, 9)",minecraft:oak_stairs,"{'facing': 'south', 'half': 'top', 'shape': 'straight', 'waterlogged': 'false'}",
"(16, 10, 9)",minecraft:oak_stairs,"{'facing': 'south', 'half': 'top', 'shape': 'straight', 'waterlogged': 'false'}",
"(17, 10, 9)",minecraft:oak_stairs,"{'facing': 'south', 'half': 'top', 'shape': 'straight', 'waterlogged': 'false'}",
"(18, 10, 9)",minecraft:stripped_dark_oak_wood,{'axis': 'y'},
"(19, 10, 9)",minecraft:oak_stairs,"{'facing': 'south', 'half': 'top', 'shape': 'straight', 'waterlogged': 'false'}",
"(20, 10, 9)",minecraft:oak_stairs,"{'facing': 'south', 'half': 'top', 'shape': 'straight', 'waterlogged': 'false'}",
"(21, 10, 9)",minecraft:oak_stairs,"{'facing': 'south', 'half': 'top', 'shape': 'straight', 'waterlogged': 'false'}",
"(22, 10, 9)",minecraft:stripped_dark_oak_wood,{'axis': 'x'},
"(23, 10, 9)",minecraft:oak_stairs,"{'facing': 'south', 'half': 'top', 'shape': 'straight', 'waterlogged': 'false'}",
"(5, 10, 10)",minecraft:oak_stairs,"{'facing': 'north', 'half': 'bottom', 'shape': 'straight', 'waterlogged': 'false'}",
"(6, 10, 10)",minecraft:oak_stairs,"{'facing': 'north', 'half': 'bottom', 'shape': 'straight', 'waterlogged': 'false'}",
"(7, 10, 10)",minecraft:oak_stairs,"{'facing': 'north', 'half': 'bottom', 'shape': 'straight', 'waterlogged': 'false'}",
"(8, 10, 10)",minecraft:oak_stairs,"{'facing': 'north', 'half': 'bottom', 'shape': 'straight', 'waterlogged': 'false'}",
"(9, 10, 10)",minecraft:oak_stairs,"{'facing': 'north', 'half': 'bottom', 'shape': 'straight', 'waterlogged': 'false'}",
"(10, 10, 10)",minecraft:oak_stairs,"{'facing': 'north', 'half': 'bottom', 'shape': 'straight', 'waterlogged': 'false'}",
"(11, 10, 10)",minecraft:oak_stairs,"{'facing': 'north', 'half': 'bottom', 'shape': 'straight', 'waterlogged': 'false'}",
"(12, 10, 10)",minecraft:oak_stairs,"{'facing': 'north', 'half': 'bottom', 'shape': 'straight', 'waterlogged': 'false'}",
"(13, 10, 10)",minecraft:jungle_stairs,"{'facing': 'north', 'half': 'bottom', 'shape': 'straight', 'waterlogged': 'false'}",
"(14, 10, 10)",minecraft:oak_stairs,"{'facing': 'north', 'half': 'bottom', 'shape': 'straight', 'waterlogged': 'false'}",
"(15, 10, 10)",minecraft:oak_stairs,"{'facing': 'north', 'half': 'bottom', 'shape': 'straight', 'waterlogged': 'false'}",
"(16, 10, 10)",minecraft:oak_stairs,"{'facing': 'north', 'half': 'bottom', 'shape': 'straight', 'waterlogged': 'false'}",
"(17, 10, 10)",minecraft:oak_stairs,"{'facing': 'north', 'half': 'bottom', 'shape': 'straight', 'waterlogged': 'false'}",
"(18, 10, 10)",minecraft:oak_stairs,"{'facing': 'north', 'half': 'bottom', 'shape': 'straight', 'waterlogged': 'false'}",
"(19, 10, 10)",minecraft:oak_stairs,"{'facing': 'north', 'half': 'bottom', 'shape': 'straight', 'waterlogged': 'false'}",
"(20, 10, 10)",minecraft:oak_stairs,"{'facing': 'north', 'half': 'bottom', 'shape': 'straight', 'waterlogged': 'false'}",
"(21, 10, 10)",minecraft:jungle_stairs,"{'facing': 'north', 'half': 'bottom', 'shape': 'straight', 'waterlogged': 'false'}",
"(22, 10, 10)",minecraft:oak_stairs,"{'facing': 'north', 'half': 'bottom', 'shape': 'straight', 'waterlogged': 'false'}",
"(23, 10, 10)",minecraft:oak_stairs,"{'facing': 'north', 'half': 'bottom', 'shape': 'straight', 'waterlogged': 'false'}",
"(5, 11, 3)",minecraft:oak_planks,{},
"(6, 11, 3)",minecraft:oak_planks,{},
"(7, 11, 3)",minecraft:oak_planks,{},
"(8, 11, 3)",minecraft:oak_planks,{},
"(9, 11, 3)",minecraft:oak_planks,{},
"(10, 11, 3)",minecraft:birch_planks,{},
"(11, 11, 3)",minecraft:oak_planks,{},
"(12, 11, 3)",minecraft:oak_planks,{},
"(13, 11, 3)",minecraft:oak_planks,{},
"(14, 11, 3)",minecraft:oak_planks,{},
"(15, 11, 3)",minecraft:oak_planks,{},
"(16, 11, 3)",minecraft:oak_planks,{},
"(17, 11, 3)",minecraft:oak_planks,{},
"(18, 11, 3)",minecraft:birch_planks,{},
"(19, 11, 3)",minecraft:oak_planks,{},
"(20, 11, 3)",minecraft:oak_planks,{},
"(21, 11, 3)",minecraft:oak_planks,{},
"(22, 11, 3)",minecraft:oak_planks,{},
"(23, 11, 3)",minecraft:oak_planks,{},
"(5, 11, 4)",minecraft:dark_oak_fence,"{'east': 'true', 'north': 'true', 'south': 'false', 'waterlogged': 'false', 'west': 'false'}",
"(6, 11, 4)",minecraft:stripped_dark_oak_wood,{'axis': 'y'},
"(10, 11, 4)",minecraft:dark_oak_stairs,"{'facing': 'north', 'half': 'top', 'shape': 'straight', 'waterlogged': 'false'}",
"(14, 11, 4)",minecraft:dark_oak_stairs,"{'facing': 'north', 'half': 'top', 'shape': 'straight', 'waterlogged': 'false'}",
"(18, 11, 4)",minecraft:dark_oak_stairs,"{'facing': 'north', 'half': 'top', 'shape': 'straight', 'waterlogged': 'false'}",
"(22, 11, 4)",minecraft:stripped_dark_oak_wood,{'axis': 'y'},
"(23, 11, 4)",minecraft:dark_oak_fence,"{'east': 'false', 'north': 'true', 'south': 'false', 'waterlogged': 'false', 'west': 'true'}",
"(6, 11, 5)",minecraft:jungle_stairs,"{'facing': 'north', 'half': 'top', 'shape': 'straight', 'waterlogged': 'false'}",
"(22, 11, 5)",minecraft:brown_wool,{},
"(4, 11, 6)",minecraft:spruce_slab,"{'type': 'bottom', 'waterlogged': 'false'}",
"(5, 11, 6)",minecraft:spruce_slab,"{'type': 'top', 'waterlogged': 'false'}",
"(6, 11, 6)",minecraft:spruce_fence,"{'east': 'false', 'north': 'false', 'south': 'false', 'waterlogged': 'false', 'west': 'false'}",
"(7, 11, 6)",minecraft:spruce_trapdoor,"{'facing': 'south', 'half': 'bottom', 'open': 'false', 'powered': 'false', 'waterlogged': 'false'}",
"(8, 11, 6)",minecraft:iron_chain,"{'axis': 'y', 'waterlogged': 'false'}",
"(9, 11, 6)",minecraft:spruce_trapdoor,"{'facing': 'south', 'half': 'bottom', 'open': 'false', 'powered': 'false', 'waterlogged': 'false'}",
"(10, 11, 6)",minecraft:iron_chain,"{'axis': 'y', 'waterlogged': 'false'}",
"(14, 11, 6)",minecraft:iron_chain,"{'axis': 'y', 'waterlogged': 'false'}",
"(18, 11, 6)",minecraft:iron_chain,"{'axis': 'y', 'waterlogged': 'false'}",
"(22, 11, 6)",minecraft:brown_wool,{},
"(6, 11, 7)",minecraft:jungle_stairs,"{'facing': 'south', 'half': 'top', 'shape': 'straight', 'waterlogged': 'false'}",
"(22, 11, 7)",minecraft:terracotta,{},
"(5, 11, 8)",minecraft:dark_oak_fence,"{'east': 'true', 'north': 'false', 'south': 'true', 'waterlogged': 'false', 'west': 'false'}",
"(6, 11, 8)",minecraft:stripped_dark_oak_wood,{'axis': 'y'},
"(10, 11, 8)",minecraft:dark_oak_stairs,"{'facing': 'south', 'half': 'top', 'shape': 'straight', 'waterlogged': 'false'}",
"(14, 11, 8)",minecraft:dark_oak_stairs,"{'facing': 'south', 'half': 'top', 'shape': 'straight', 'waterlogged': 'false'}",
"(18, 11, 8)",minecraft:dark_oak_stairs,"{'facing': 'south', 'half': 'top', 'shape': 'straight', 'waterlogged': 'false'}",
"(22, 11, 8)",minecraft:stripped_dark_oak_wood,{'axis': 'y'},
"(23, 11, 8)",minecraft:dark_oak_fence,"{'east': 'false', 'north': 'false', 'south': 'true', 'waterlogged': 'false', 'west': 'true'}",
"(5, 11, 9)",minecraft:oak_planks,{},
"(6, 11, 9)",minecraft:oak_planks,{},
"(7, 11, 9)",minecraft:oak_planks,{},
"(8, 11, 9)",minecraft:birch_planks,{},
"(9, 11, 9)",minecraft:birch_planks,{},
"(10, 11, 9)",minecraft:oak_planks,{},
"(11, 11, 9)",minecraft:oak_planks,{},
"(12, 11, 9)",minecraft:oak_planks,{},
"(13, 11, 9)",minecraft:oak_planks,{},
"(14, 11, 9)",minecraft:oak_planks,{},
"(15, 11, 9)",minecraft:oak_planks,{},
"(16, 11, 9)",minecraft:oak_planks,{},
"(17, 11, 9)",minecraft:birch_planks,{},
"(18, 11, 9)",minecraft:oak_planks,{},
"(19, 11, 9)",minecraft:oak_planks,{},
"(20, 11, 9)",minecraft:oak_planks,{},
"(21, 11, 9)",minecraft:oak_planks,{},
"(22, 11, 9)",minecraft:oak_planks,{},
"(23, 11, 9)",minecraft:oak_planks,{},
"(5, 12, 3)",minecraft:oak_stairs,"{'facing': 'south', 'half': 'bottom', 'shape': 'straight', 'waterlogged': 'false'}",
"(6, 12, 3)",minecraft:birch_stairs,"{'facing': 'south', 'half': 'bottom', 'shape': 'straight', 'waterlogged': 'false'}",
"(7, 12, 3)",minecraft:oak_stairs,"{'facing': 'south', 'half': 'bottom', 'shape': 'straight', 'waterlogged': 'false'}",
"(8, 12, 3)",minecraft:oak_stairs,"{'facing': 'south', 'half': 'bottom', 'shape': 'straight', 'waterlogged': 'false'}",
"(9, 12, 3)",minecraft:birch_stairs,"{'facing': 'south', 'half': 'bottom', 'shape': 'straight', 'waterlogged': 'false'}",
"(10, 12, 3)",minecraft:birch_stairs,"{'facing': 'south', 'half': 'bottom', 'shape': 'straight', 'waterlogged': 'false'}",
"(11, 12, 3)",minecraft:birch_stairs,"{'facing': 'south', 'half': 'bottom', 'shape': 'straight', 'waterlogged': 'false'}",
"(12, 12, 3)",minecraft:oak_stairs,"{'facing': 'south', 'half': 'bottom', 'shape': 'straight', 'waterlogged': 'false'}",
"(13, 12, 3)",minecraft:oak_stairs,"{'facing': 'south', 'half': 'bottom', 'shape': 'straight', 'waterlogged': 'false'}",
"(14, 12, 3)",minecraft:oak_stairs,"{'facing': 'south', 'half': 'bottom', 'shape': 'straight', 'waterlogged': 'false'}",
"(15, 12, 3)",minecraft:oak_stairs,"{'facing': 'south', 'half': 'bottom', 'shape': 'straight', 'waterlogged': 'false'}",
"(16, 12, 3)",minecraft:birch_stairs,"{'facing': 'south', 'half': 'bottom', 'shape': 'straight', 'waterlogged': 'false'}",
"(17, 12, 3)",minecraft:birch_stairs,"{'facing': 'south', 'half': 'bottom', 'shape': 'straight', 'waterlogged': 'false'}",
"(18, 12, 3)",minecraft:birch_stairs,"{'facing': 'south', 'half': 'bottom', 'shape': 'straight', 'waterlogged': 'false'}",
"(19, 12, 3)",minecraft:birch_stairs,"{'facing': 'south', 'half': 'bottom', 'shape': 'straight', 'waterlogged': 'false'}",
"(20, 12, 3)",minecraft:oak_stairs,"{'facing': 'south', 'half': 'bottom', 'shape': 'straight', 'waterlogged': 'false'}",
"(21, 12, 3)",minecraft:oak_stairs,"{'facing': 'south', 'half': 'bottom', 'shape': 'straight', 'waterlogged': 'false'}",
"(22, 12, 3)",minecraft:oak_stairs,"{'facing': 'south', 'half': 'bottom', 'shape': 'straight', 'waterlogged': 'false'}",
"(23, 12, 3)",minecraft:birch_stairs,"{'facing': 'south', 'half': 'bottom', 'shape': 'straight', 'waterlogged': 'false'}",
"(5, 12, 4)",minecraft:birch_stairs,"{'facing': 'north', 'half': 'top', 'shape': 'straight', 'waterlogged': 'false'}",
"(6, 12, 4)",minecraft:stripped_dark_oak_wood,{'axis': 'y'},
"(7, 12, 4)",minecraft:oak_stairs,"{'facing': 'north', 'half': 'top', 'shape': 'straight', 'waterlogged': 'false'}",
"(8, 12, 4)",minecraft:oak_stairs,"{'facing': 'north', 'half': 'top', 'shape': 'straight', 'waterlogged': 'false'}",
"(9, 12, 4)",minecraft:birch_stairs,"{'facing': 'north', 'half': 'top', 'shape': 'straight', 'waterlogged': 'false'}",
"(10, 12, 4)",minecraft:stripped_dark_oak_wood,{'axis': 'y'},
"(11, 12, 4)",minecraft:birch_stairs,"{'facing': 'north', 'half': 'top', 'shape': 'straight', 'waterlogged': 'false'}",
"(12, 12, 4)",minecraft:oak_stairs,"{'facing': 'north', 'half': 'top', 'shape': 'straight', 'waterlogged': 'false'}",
"(13, 12, 4)",minecraft:birch_stairs,"{'facing': 'north', 'half': 'top', 'shape': 'straight', 'waterlogged': 'false'}",
"(14, 12, 4)",minecraft:stripped_dark_oak_wood,{'axis': 'y'},
"(15, 12, 4)",minecraft:oak_stairs,"{'facing': 'north', 'half': 'top', 'shape': 'straight', 'waterlogged': 'false'}",
"(16, 12, 4)",minecraft:birch_stairs,"{'facing': 'north', 'half': 'top', 'shape': 'straight', 'waterlogged': 'false'}",
"(17, 12, 4)",minecraft:birch_stairs,"{'facing': 'north', 'half': 'top', 'shape': 'straight', 'waterlogged': 'false'}",
"(18, 12, 4)",minecraft:stripped_dark_oak_wood,{'axis': 'z'},
"(19, 12, 4)",minecraft:birch_stairs,"{'facing': 'north', 'half': 'top', 'shape': 'straight', 'waterlogged': 'false'}",
"(20, 12, 4)",minecraft:oak_stairs,"{'facing': 'north', 'half': 'top', 'shape': 'straight', 'waterlogged': 'false'}",
"(21, 12, 4)",minecraft:oak_stairs,"{'facing': 'north', 'half': 'top', 'shape': 'straight', 'waterlogged': 'false'}",
"(22, 12, 4)",minecraft:stripped_dark_oak_wood,{'axis': 'y'},
"(23, 12, 4)",minecraft:birch_stairs,"{'facing': 'north', 'half': 'top', 'shape': 'straight', 'waterlogged': 'false'}",
"(6, 12, 5)",minecraft:brown_wool,{},
"(10, 12, 5)",minecraft:dark_oak_stairs,"{'facing': 'north', 'half': 'top', 'shape': 'straight', 'waterlogged': 'false'}",
"(14, 12, 5)",minecraft:dark_oak_stairs,"{'facing': 'north', 'half': 'top', 'shape': 'straight', 'waterlogged': 'false'}",
"(18, 12, 5)",minecraft:dark_oak_stairs,"{'facing': 'north', 'half': 'top', 'shape': 'straight', 'waterlogged': 'false'}",
"(22, 12, 5)",minecraft:brown_wool,{},
"(6, 12, 6)",minecraft:brown_wool,{},
"(8, 12, 6)",minecraft:spruce_fence,"{'east': 'false', 'north': 'false', 'south': 'false', 'waterlogged': 'false', 'west': 'false'}",
"(10, 12, 6)",minecraft:spruce_fence,"{'east': 'false', 'north': 'false', 'south': 'false', 'waterlogged': 'false', 'west': 'false'}",
"(14, 12, 6)",minecraft:spruce_fence,"{'east': 'false', 'north': 'false', 'south': 'false', 'waterlogged': 'false', 'west': 'false'}",
"(18, 12, 6)",minecraft:spruce_fence,"{'east': 'false', 'north': 'false', 'south': 'false', 'waterlogged': 'false', 'west': 'false'}",
"(22, 12, 6)",minecraft:brown_wool,{},
"(5, 12, 7)",minecraft:flowering_azalea_leaves,"{'distance': '7', 'persistent': 'true', 'waterlogged': 'false'}",
"(6, 12, 7)",minecraft:brown_wool,{},
"(10, 12, 7)",minecraft:dark_oak_stairs,"{'facing': 'south', 'half': 'top', 'shape': 'straight', 'waterlogged': 'false'}",
"(14, 12, 7)",minecraft:dark_oak_stairs,"{'facing': 'south', 'half': 'top', 'shape': 'straight', 'waterlogged': 'false'}",
"(18, 12, 7)",minecraft:dark_oak_stairs,"{'facing': 'south', 'half': 'top', 'shape': 'straight', 'waterlogged': 'false'}",
"(22, 12, 7)",minecraft:brown_wool,{},
"(5, 12, 8)",minecraft:birch_stairs,"{'facing': 'south', 'half': 'top', 'shape': 'straight', 'waterlogged': 'false'}",
"(6, 12, 8)",minecraft:stripped_dark_oak_wood,{'axis': 'y'},
"(7, 12, 8)",minecraft:birch_stairs,"{'facing': 'south', 'half': 'top', 'shape': 'straight', 'waterlogged': 'false'}",
"(8, 12, 8)",minecraft:birch_stairs,"{'facing': 'south', 'half': 'top', 'shape': 'straight', 'waterlogged': 'false'}",
"(9, 12, 8)",minecraft:birch_stairs,"{'facing': 'south', 'half': 'top', 'shape': 'straight', 'waterlogged': 'false'}",
"(10, 12, 8)",minecraft:stripped_dark_oak_wood,{'axis': 'y'},
"(11, 12, 8)",minecraft:oak_stairs,"{'facing': 'south', 'half': 'top', 'shape': 'straight', 'waterlogged': 'false'}",
"(12, 12, 8)",minecraft:birch_stairs,"{'facing': 'south', 'half': 'top', 'shape': 'straight', 'waterlogged': 'false'}",
"(13, 12, 8)",minecraft:birch_stairs,"{'facing': 'south', 'half': 'top', 'shape': 'straight', 'waterlogged': 'false'}",
"(14, 12, 8)",minecraft:stripped_dark_oak_wood,{'axis': 'y'},
"(15, 12, 8)",minecraft:oak_stairs,"{'facing': 'south', 'half': 'top', 'shape': 'straight', 'waterlogged': 'false'}",
"(16, 12, 8)",minecraft:birch_stairs,"{'facing': 'south', 'half': 'top', 'shape': 'straight', 'waterlogged': 'false'}",
"(17, 12, 8)",minecraft:birch_stairs,"{'facing': 'south', 'half': 'top', 'shape': 'straight', 'waterlogged': 'false'}",
"(18, 12, 8)",minecraft:stripped_dark_oak_wood,{'axis': 'y'},
"(19, 12, 8)",minecraft:birch_stairs,"{'facing': 'south', 'half': 'top', 'shape': 'straight', 'waterlogged': 'false'}",
"(20, 12, 8)",minecraft:birch_stairs,"{'facing': 'south', 'half': 'top', 'shape': 'straight', 'waterlogged': 'false'}",
"(21, 12, 8)",minecraft:oak_stairs,"{'facing': 'south', 'half': 'top', 'shape': 'straight', 'waterlogged': 'false'}",
"(22, 12, 8)",minecraft:stripped_dark_oak_wood,{'axis': 'y'},
"(23, 12, 8)",minecraft:birch_stairs,"{'facing': 'south', 'half': 'top', 'shape': 'straight', 'waterlogged': 'false'}",
"(5, 12, 9)",minecraft:oak_stairs,"{'facing': 'north', 'half': 'bottom', 'shape': 'straight', 'waterlogged': 'false'}",
"(6, 12, 9)",minecraft:oak_stairs,"{'facing': 'north', 'half': 'bottom', 'shape': 'straight', 'waterlogged': 'false'}",
"(7, 12, 9)",minecraft:birch_stairs,"{'facing': 'north', 'half': 'bottom', 'shape': 'straight', 'waterlogged': 'false'}",
"(8, 12, 9)",minecraft:birch_stairs,"{'facing': 'north', 'half': 'bottom', 'shape': 'straight', 'waterlogged': 'false'}",
"(9, 12, 9)",minecraft:birch_stairs,"{'facing': 'north', 'half': 'bottom', 'shape': 'straight', 'waterlogged': 'false'}",
"(10, 12, 9)",minecraft:birch_stairs,"{'facing': 'north', 'half': 'bottom', 'shape': 'straight', 'waterlogged': 'false'}",
"(11, 12, 9)",minecraft:oak_stairs,"{'facing': 'north', 'half': 'bottom', 'shape': 'straight', 'waterlogged': 'false'}",
"(12, 12, 9)",minecraft:oak_stairs,"{'facing': 'north', 'half': 'bottom', 'shape': 'straight', 'waterlogged': 'false'}",
"(13, 12, 9)",minecraft:oak_stairs,"{'facing': 'north', 'half': 'bottom', 'shape': 'straight', 'waterlogged': 'false'}",
"(14, 12, 9)",minecraft:oak_stairs,"{'facing': 'north', 'half': 'bottom', 'shape': 'straight', 'waterlogged': 'false'}",
"(15, 12, 9)",minecraft:oak_stairs,"{'facing': 'north', 'half': 'bottom', 'shape': 'straight', 'waterlogged': 'false'}",
"(16, 12, 9)",minecraft:birch_stairs,"{'facing': 'north', 'half': 'bottom', 'shape': 'straight', 'waterlogged': 'false'}",
"(17, 12, 9)",minecraft:birch_stairs,"{'facing': 'north', 'half': 'bottom', 'shape': 'straight', 'waterlogged': 'false'}",
"(18, 12, 9)",minecraft:birch_stairs,"{'facing': 'north', 'half': 'bottom', 'shape': 'straight', 'waterlogged': 'false'}",
"(19, 12, 9)",minecraft:oak_stairs,"{'facing': 'north', 'half': 'bottom', 'shape': 'straight', 'waterlogged': 'false'}",
"(20, 12, 9)",minecraft:oak_stairs,"{'facing': 'north', 'half': 'bottom', 'shape': 'straight', 'waterlogged': 'false'}",
"(21, 12, 9)",minecraft:oak_stairs,"{'facing': 'north', 'half': 'bottom', 'shape': 'straight', 'waterlogged': 'false'}",
"(22, 12, 9)",minecraft:oak_stairs,"{'facing': 'north', 'half': 'bottom', 'shape': 'straight', 'waterlogged': 'false'}",
"(23, 12, 9)",minecraft:oak_stairs,"{'facing': 'north', 'half': 'bottom', 'shape': 'straight', 'waterlogged': 'false'}",
"(5, 13, 4)",minecraft:birch_stairs,"{'facing': 'south', 'half': 'bottom', 'shape': 'straight', 'waterlogged': 'false'}",
"(6, 13, 4)",minecraft:birch_stairs,"{'facing': 'south', 'half': 'bottom', 'shape': 'straight', 'waterlogged': 'false'}",
"(7, 13, 4)",minecraft:birch_stairs,"{'facing': 'south', 'half': 'bottom', 'shape': 'straight', 'waterlogged': 'false'}",
"(8, 13, 4)",minecraft:birch_stairs,"{'facing': 'south', 'half': 'bottom', 'shape': 'straight', 'waterlogged': 'false'}",
"(9, 13, 4)",minecraft:birch_stairs,"{'facing': 'south', 'half': 'bottom', 'shape': 'straight', 'waterlogged': 'false'}",
"(10, 13, 4)",minecraft:smooth_sandstone_stairs,"{'facing': 'south', 'half': 'bottom', 'shape': 'straight', 'waterlogged': 'false'}",
"(11, 13, 4)",minecraft:birch_stairs,"{'facing': 'south', 'half': 'bottom', 'shape': 'straight', 'waterlogged': 'false'}",
"(12, 13, 4)",minecraft:birch_stairs,"{'facing': 'south', 'half': 'bottom', 'shape': 'straight', 'waterlogged': 'false'}",
"(13, 13, 4)",minecraft:birch_stairs,"{'facing': 'south', 'half': 'bottom', 'shape': 'straight', 'waterlogged': 'false'}",
"(14, 13, 4)",minecraft:birch_stairs,"{'facing': 'south', 'half': 'bottom', 'shape': 'straight', 'waterlogged': 'false'}",
"(15, 13, 4)",minecraft:birch_stairs,"{'facing': 'south', 'half': 'bottom', 'shape': 'straight', 'waterlogged': 'false'}",
"(16, 13, 4)",minecraft:birch_stairs,"{'facing': 'south', 'half': 'bottom', 'shape': 'straight', 'waterlogged': 'false'}",
"(17, 13, 4)",minecraft:birch_stairs,"{'facing': 'south', 'half': 'bottom', 'shape': 'straight', 'waterlogged': 'false'}",
"(18, 13, 4)",minecraft:smooth_sandstone_stairs,"{'facing': 'south', 'half': 'bottom', 'shape': 'straight', 'waterlogged': 'false'}",
"(19, 13, 4)",minecraft:birch_stairs,"{'facing': 'south', 'half': 'bottom', 'shape': 'straight', 'waterlogged': 'false'}",
"(20, 13, 4)",minecraft:birch_stairs,"{'facing': 'south', 'half': 'bottom', 'shape': 'straight', 'waterlogged': 'false'}",
"(21, 13, 4)",minecraft:birch_stairs,"{'facing': 'south', 'half': 'bottom', 'shape': 'straight', 'waterlogged': 'false'}",
"(22, 13, 4)",minecraft:birch_stairs,"{'facing': 'south', 'half': 'bottom', 'shape': 'straight', 'waterlogged': 'false'}",
"(23, 13, 4)",minecraft:birch_stairs,"{'facing': 'south', 'half': 'bottom', 'shape': 'straight', 'waterlogged': 'false'}",
"(5, 13, 5)",minecraft:birch_stairs,"{'facing': 'north', 'half': 'top', 'shape': 'straight', 'waterlogged': 'false'}",
"(6, 13, 5)",minecraft:stripped_dark_oak_wood,{'axis': 'x'},
"(7, 13, 5)",minecraft:birch_stairs,"{'facing': 'north', 'half': 'top', 'shape': 'straight', 'waterlogged': 'false'}",
"(8, 13, 5)",minecraft:birch_stairs,"{'facing': 'north', 'half': 'top', 'shape': 'straight', 'waterlogged': 'false'}",
"(9, 13, 5)",minecraft:birch_stairs,"{'facing': 'north', 'half': 'top', 'shape': 'straight', 'waterlogged': 'false'}",
"(10, 13, 5)",minecraft:stripped_dark_oak_wood,{'axis': 'z'},
"(11, 13, 5)",minecraft:birch_stairs,"{'facing': 'north', 'half': 'top', 'shape': 'straight', 'waterlogged': 'false'}",
"(12, 13, 5)",minecraft:birch_stairs,"{'facing': 'north', 'half': 'top', 'shape': 'straight', 'waterlogged': 'false'}",
"(13, 13, 5)",minecraft:birch_stairs,"{'facing': 'north', 'half': 'top', 'shape': 'straight', 'waterlogged': 'false'}",
"(14, 13, 5)",minecraft:stripped_dark_oak_wood,{'axis': 'z'},
"(15, 13, 5)",minecraft:birch_stairs,"{'facing': 'north', 'half': 'top', 'shape': 'straight', 'waterlogged': 'false'}",
"(16, 13, 5)",minecraft:birch_stairs,"{'facing': 'north', 'half': 'top', 'shape': 'straight', 'waterlogged': 'false'}",
"(17, 13, 5)",minecraft:birch_stairs,"{'facing': 'north', 'half': 'top', 'shape': 'straight', 'waterlogged': 'false'}",
"(18, 13, 5)",minecraft:stripped_dark_oak_wood,{'axis': 'z'},
"(19, 13, 5)",minecraft:birch_stairs,"{'facing': 'north', 'half': 'top', 'shape': 'straight', 'waterlogged': 'false'}",
"(20, 13, 5)",minecraft:birch_stairs,"{'facing': 'north', 'half': 'top', 'shape': 'straight', 'waterlogged': 'false'}",
"(21, 13, 5)",minecraft:birch_stairs,"{'facing': 'north', 'half': 'top', 'shape': 'straight', 'waterlogged': 'false'}",
"(22, 13, 5)",minecraft:stripped_dark_oak_wood,{'axis': 'x'},
"(23, 13, 5)",minecraft:birch_stairs,"{'facing': 'north', 'half': 'top', 'shape': 'straight', 'waterlogged': 'false'}",
"(5, 13, 6)",minecraft:azalea_leaves,"{'distance': '1', 'persistent': 'true', 'waterlogged': 'false'}",
"(6, 13, 6)",minecraft:stripped_dark_oak_wood,{'axis': 'x'},
"(7, 13, 6)",minecraft:stripped_dark_oak_wood,{'axis': 'x'},
"(8, 13, 6)",minecraft:stripped_dark_oak_wood,{'axis': 'x'},
"(9, 13, 6)",minecraft:stripped_dark_oak_wood,{'axis': 'x'},
"(10, 13, 6)",minecraft:stripped_dark_oak_wood,{'axis': 'x'},
"(11, 13, 6)",minecraft:stripped_dark_oak_wood,{'axis': 'x'},
"(12, 13, 6)",minecraft:stripped_dark_oak_wood,{'axis': 'x'},
"(13, 13, 6)",minecraft:stripped_dark_oak_wood,{'axis': 'x'},
"(14, 13, 6)",minecraft:stripped_dark_oak_wood,{'axis': 'x'},
"(15, 13, 6)",minecraft:stripped_dark_oak_wood,{'axis': 'x'},
"(16, 13, 6)",minecraft:stripped_dark_oak_wood,{'axis': 'x'},
"(17, 13, 6)",minecraft:stripped_dark_oak_wood,{'axis': 'x'},
"(18, 13, 6)",minecraft:stripped_dark_oak_wood,{'axis': 'x'},
"(19, 13, 6)",minecraft:stripped_dark_oak_wood,{'axis': 'x'},
"(20, 13, 6)",minecraft:stripped_dark_oak_wood,{'axis': 'x'},
"(21, 13, 6)",minecraft:stripped_dark_oak_wood,{'axis': 'x'},
"(22, 13, 6)",minecraft:stripped_dark_oak_wood,{'axis': 'x'},
"(5, 13, 7)",minecraft:birch_stairs,"{'facing': 'south', 'half': 'top', 'shape': 'straight', 'waterlogged': 'false'}",
"(6, 13, 7)",minecraft:stripped_dark_oak_wood,{'axis': 'x'},
"(7, 13, 7)",minecraft:birch_stairs,"{'facing': 'south', 'half': 'top', 'shape': 'straight', 'waterlogged': 'false'}",
"(8, 13, 7)",minecraft:birch_stairs,"{'facing': 'south', 'half': 'top', 'shape': 'straight', 'waterlogged': 'false'}",
"(9, 13, 7)",minecraft:birch_stairs,"{'facing': 'south', 'half': 'top', 'shape': 'straight', 'waterlogged': 'false'}",
"(10, 13, 7)",minecraft:stripped_dark_oak_wood,{'axis': 'z'},
"(11, 13, 7)",minecraft:birch_stairs,"{'facing': 'south', 'half': 'top', 'shape': 'straight', 'waterlogged': 'false'}",
"(12, 13, 7)",minecraft:birch_stairs,"{'facing': 'south', 'half': 'top', 'shape': 'straight', 'waterlogged': 'false'}",
"(13, 13, 7)",minecraft:birch_stairs,"{'facing': 'south', 'half': 'top', 'shape': 'straight', 'waterlogged': 'false'}",
"(14, 13, 7)",minecraft:stripped_dark_oak_wood,{'axis': 'z'},
"(15, 13, 7)",minecraft:birch_stairs,"{'facing': 'south', 'half': 'top', 'shape': 'straight', 'waterlogged': 'false'}",
"(16, 13, 7)",minecraft:birch_stairs,"{'facing': 'south', 'half': 'top', 'shape': 'straight', 'waterlogged': 'false'}",
"(17, 13, 7)",minecraft:birch_stairs,"{'facing': 'south', 'half': 'top', 'shape': 'straight', 'waterlogged': 'false'}",
"(18, 13, 7)",minecraft:stripped_dark_oak_wood,{'axis': 'z'},
"(19, 13, 7)",minecraft:birch_stairs,"{'facing': 'south', 'half': 'top', 'shape': 'straight', 'waterlogged': 'false'}",
"(20, 13, 7)",minecraft:birch_stairs,"{'facing': 'south', 'half': 'top', 'shape': 'straight', 'waterlogged': 'false'}",
"(21, 13, 7)",minecraft:birch_stairs,"{'facing': 'south', 'half': 'top', 'shape': 'straight', 'waterlogged': 'false'}",
"(22, 13, 7)",minecraft:stripped_dark_oak_wood,{'axis': 'x'},
"(23, 13, 7)",minecraft:birch_stairs,"{'facing': 'south', 'half': 'top', 'shape': 'straight', 'waterlogged': 'false'}",
"(5, 13, 8)",minecraft:birch_stairs,"{'facing': 'north', 'half': 'bottom', 'shape': 'straight', 'waterlogged': 'false'}",
"(6, 13, 8)",minecraft:birch_stairs,"{'facing': 'north', 'half': 'bottom', 'shape': 'straight', 'waterlogged': 'false'}",
"(7, 13, 8)",minecraft:birch_stairs,"{'facing': 'north', 'half': 'bottom', 'shape': 'straight', 'waterlogged': 'false'}",
"(8, 13, 8)",minecraft:smooth_sandstone_stairs,"{'facing': 'north', 'half': 'bottom', 'shape': 'straight', 'waterlogged': 'false'}",
"(9, 13, 8)",minecraft:birch_stairs,"{'facing': 'north', 'half': 'bottom', 'shape': 'straight', 'waterlogged': 'false'}",
"(10, 13, 8)",minecraft:birch_stairs,"{'facing': 'north', 'half': 'bottom', 'shape': 'straight', 'waterlogged': 'false'}",
"(11, 13, 8)",minecraft:birch_stairs,"{'facing': 'north', 'half': 'bottom', 'shape': 'straight', 'waterlogged': 'false'}",
"(12, 13, 8)",minecraft:birch_stairs,"{'facing': 'north', 'half': 'bottom', 'shape': 'straight', 'waterlogged': 'false'}",
"(13, 13, 8)",minecraft:birch_stairs,"{'facing': 'north', 'half': 'bottom', 'shape': 'straight', 'waterlogged': 'false'}",
"(14, 13, 8)",minecraft:birch_stairs,"{'facing': 'north', 'half': 'bottom', 'shape': 'straight', 'waterlogged': 'false'}",
"(15, 13, 8)",minecraft:birch_stairs,"{'facing': 'north', 'half': 'bottom', 'shape': 'straight', 'waterlogged': 'false'}",
"(16, 13, 8)",minecraft:birch_stairs,"{'facing': 'north', 'half': 'bottom', 'shape': 'straight', 'waterlogged': 'false'}",
"(17, 13, 8)",minecraft:smooth_sandstone_stairs,"{'facing': 'north', 'half': 'bottom', 'shape': 'straight', 'waterlogged': 'false'}",
"(18, 13, 8)",minecraft:birch_stairs,"{'facing': 'north', 'half': 'bottom', 'shape': 'straight', 'waterlogged': 'false'}",
"(19, 13, 8)",minecraft:birch_stairs,"{'facing': 'north', 'half': 'bottom', 'shape': 'straight', 'waterlogged': 'false'}",
"(20, 13, 8)",minecraft:birch_stairs,"{'facing': 'north', 'half': 'bottom', 'shape': 'straight', 'waterlogged': 'false'}",
"(21, 13, 8)",minecraft:birch_stairs,"{'facing': 'north', 'half': 'bottom', 'shape': 'straight', 'waterlogged': 'false'}",
"(22, 13, 8)",minecraft:birch_stairs,"{'facing': 'north', 'half': 'bottom', 'shape': 'straight', 'waterlogged': 'false'}",
"(23, 13, 8)",minecraft:birch_stairs,"{'facing': 'north', 'half': 'bottom', 'shape': 'straight', 'waterlogged': 'false'}",
"(5, 14, 5)",minecraft:birch_stairs,"{'facing': 'south', 'half': 'bottom', 'shape': 'straight', 'waterlogged': 'false'}",
"(6, 14, 5)",minecraft:smooth_sandstone_stairs,"{'facing': 'south', 'half': 'bottom', 'shape': 'straight', 'waterlogged': 'false'}",
"(7, 14, 5)",minecraft:birch_stairs,"{'facing': 'south', 'half': 'bottom', 'shape': 'straight', 'waterlogged': 'false'}",
"(8, 14, 5)",minecraft:birch_stairs,"{'facing': 'south', 'half': 'bottom', 'shape': 'straight', 'waterlogged': 'false'}",
"(9, 14, 5)",minecraft:smooth_sandstone_stairs,"{'facing': 'south', 'half': 'bottom', 'shape': 'straight', 'waterlogged': 'false'}",
"(10, 14, 5)",minecraft:smooth_sandstone_stairs,"{'facing': 'south', 'half': 'bottom', 'shape': 'straight', 'waterlogged': 'false'}",
"(11, 14, 5)",minecraft:smooth_sandstone_stairs,"{'facing': 'south', 'half': 'bottom', 'shape': 'straight', 'waterlogged': 'false'}",
"(12, 14, 5)",minecraft:smooth_sandstone_stairs,"{'facing': 'south', 'half': 'bottom', 'shape': 'straight', 'waterlogged': 'false'}",
"(13, 14, 5)",minecraft:birch_stairs,"{'facing': 'south', 'half': 'bottom', 'shape': 'straight', 'waterlogged': 'false'}",
"(14, 14, 5)",minecraft:birch_stairs,"{'facing': 'south', 'half': 'bottom', 'shape': 'straight', 'waterlogged': 'false'}",
"(15, 14, 5)",minecraft:birch_stairs,"{'facing': 'south', 'half': 'bottom', 'shape': 'straight', 'waterlogged': 'false'}",
"(16, 14, 5)",minecraft:birch_stairs,"{'facing': 'south', 'half': 'bottom', 'shape': 'straight', 'waterlogged': 'false'}",
"(17, 14, 5)",minecraft:smooth_sandstone_stairs,"{'facing': 'south', 'half': 'bottom', 'shape': 'straight', 'waterlogged': 'false'}",
"(18, 14, 5)",minecraft:smooth_sandstone_stairs,"{'facing': 'south', 'half': 'bottom', 'shape': 'straight', 'waterlogged': 'false'}",
"(19, 14, 5)",minecraft:smooth_sandstone_stairs,"{'facing': 'south', 'half': 'bottom', 'shape': 'straight', 'waterlogged': 'false'}",
"(20, 14, 5)",minecraft:birch_stairs,"{'facing': 'south', 'half': 'bottom', 'shape': 'straight', 'waterlogged': 'false'}",
"(21, 14, 5)",minecraft:birch_stairs,"{'facing': 'south', 'half': 'bottom', 'shape': 'straight', 'waterlogged': 'false'}",
"(22, 14, 5)",minecraft:birch_stairs,"{'facing': 'south', 'half': 'bottom', 'shape': 'straight', 'waterlogged': 'false'}",
"(23, 14, 5)",minecraft:smooth_sandstone_stairs,"{'facing': 'south', 'half': 'bottom', 'shape': 'straight', 'waterlogged': 'false'}",
"(5, 14, 6)",minecraft:smooth_sandstone,{},
"(6, 14, 6)",minecraft:smooth_sandstone,{},
"(7, 14, 6)",minecraft:smooth_sandstone,{},
"(8, 14, 6)",minecraft:smooth_sandstone,{},
"(9, 14, 6)",minecraft:smooth_sandstone,{},
"(10, 14, 6)",minecraft:smooth_sandstone,{},
"(11, 14, 6)",minecraft:smooth_sandstone,{},
"(12, 14, 6)",minecraft:smooth_sandstone,{},
"(13, 14, 6)",minecraft:smooth_sandstone,{},
"(14, 14, 6)",minecraft:smooth_sandstone,{},
"(15, 14, 6)",minecraft:smooth_sandstone,{},
"(16, 14, 6)",minecraft:smooth_sandstone,{},
"(17, 14, 6)",minecraft:smooth_sandstone,{},
"(18, 14, 6)",minecraft:smooth_sandstone,{},
"(19, 14, 6)",minecraft:smooth_sandstone,{},
"(20, 14, 6)",minecraft:smooth_sandstone,{},
"(21, 14, 6)",minecraft:smooth_sandstone,{},
"(22, 14, 6)",minecraft:smooth_sandstone,{},
"(23, 14, 6)",minecraft:smooth_sandstone,{},
"(5, 14, 7)",minecraft:birch_stairs,"{'facing': 'north', 'half': 'bottom', 'shape': 'straight', 'waterlogged': 'false'}",
"(6, 14, 7)",minecraft:birch_stairs,"{'facing': 'north', 'half': 'bottom', 'shape': 'straight', 'waterlogged': 'false'}",
"(7, 14, 7)",minecraft:smooth_sandstone_stairs,"{'facing': 'north', 'half': 'bottom', 'shape': 'straight', 'waterlogged': 'false'}",
"(8, 14, 7)",minecraft:smooth_sandstone_stairs,"{'facing': 'north', 'half': 'bottom', 'shape': 'straight', 'waterlogged': 'false'}",
"(9, 14, 7)",minecraft:smooth_sandstone_stairs,"{'facing': 'north', 'half': 'bottom', 'shape': 'straight', 'waterlogged': 'false'}",
"(10, 14, 7)",minecraft:smooth_sandstone_stairs,"{'facing': 'north', 'half': 'bottom', 'shape': 'straight', 'waterlogged': 'false'}",
"(11, 14, 7)",minecraft:birch_stairs,"{'facing': 'north', 'half': 'bottom', 'shape': 'straight', 'waterlogged': 'false'}",
"(12, 14, 7)",minecraft:birch_stairs,"{'facing': 'north', 'half': 'bottom', 'shape': 'straight', 'waterlogged': 'false'}",
"(13, 14, 7)",minecraft:smooth_sandstone_stairs,"{'facing': 'north', 'half': 'bottom', 'shape': 'straight', 'waterlogged': 'false'}",
"(14, 14, 7)",minecraft:birch_stairs,"{'facing': 'north', 'half': 'bottom', 'shape': 'straight', 'waterlogged': 'false'}",
"(15, 14, 7)",minecraft:birch_stairs,"{'facing': 'north', 'half': 'bottom', 'shape': 'straight', 'waterlogged': 'false'}",
"(16, 14, 7)",minecraft:smooth_sandstone_stairs,"{'facing': 'north', 'half': 'bottom', 'shape': 'straight', 'waterlogged': 'false'}",
"(17, 14, 7)",minecraft:smooth_sandstone_stairs,"{'facing': 'north', 'half': 'bottom', 'shape': 'straight', 'waterlogged': 'false'}",
"(18, 14, 7)",minecraft:smooth_sandstone_stairs,"{'facing': 'north', 'half': 'bottom', 'shape': 'straight', 'waterlogged': 'false'}",
"(19, 14, 7)",minecraft:birch_stairs,"{'facing': 'north', 'half': 'bottom', 'shape': 'straight', 'waterlogged': 'false'}",
"(20, 14, 7)",minecraft:birch_stairs,"{'facing': 'north', 'half': 'bottom', 'shape': 'straight', 'waterlogged': 'false'}",
"(21, 14, 7)",minecraft:birch_stairs,"{'facing': 'north', 'half': 'bottom', 'shape': 'straight', 'waterlogged': 'false'}",
"(22, 14, 7)",minecraft:smooth_sandstone_stairs,"{'facing': 'north', 'half': 'bottom', 'shape': 'straight', 'waterlogged': 'false'}",
"(23, 14, 7)",minecraft:smooth_sandstone_stairs,"{'facing': 'north', 'half': 'bottom', 'shape': 'straight', 'waterlogged': 'false'}",
