Position,BlockID,States,Data
"(27, 0, 7)",minecraft:dirt,{},
"(22, 0, 8)",minecraft:dirt,{},
"(30, 0, 8)",minecraft:dirt,{},
"(21, 0, 9)",minecraft:dirt,{},
"(25, 0, 10)",minecraft:dirt,{},
"(26, 0, 10)",minecraft:dirt,{},
"(30, 0, 10)",minecraft:dirt,{},
"(18, 0, 11)",minecraft:dirt,{},
"(19, 0, 11)",minecraft:dirt,{},
"(26, 0, 11)",minecraft:dirt,{},
"(30, 0, 11)",minecraft:dirt,{},
"(31, 0, 11)",minecraft:dirt,{},
"(13, 0, 12)",minecraft:dirt,{},
"(14, 0, 12)",minecraft:dirt,{},
"(18, 0, 12)",minecraft:dirt,{},
"(12, 0, 13)",minecraft:dirt,{},
"(13, 0, 13)",minecraft:dirt,{},
"(14, 0, 13)",minecraft:dirt,{},
"(20, 0, 13)",minecraft:dirt,{},
"(22, 0, 13)",minecraft:dirt,{},
"(25, 0, 13)",minecraft:dirt,{},
"(26, 0, 13)",minecraft:dirt,{},
"(33, 0, 13)",minecraft:dirt,{},
"(34, 0, 13)",minecraft:dirt,{},
"(10, 0, 14)",minecraft:dirt,{},
"(11, 0, 14)",minecraft:dirt,{},
"(12, 0, 14)",minecraft:dirt,{},
"(13, 0, 14)",minecraft:dirt,{},
"(14, 0, 14)",minecraft:dirt,{},
"(15, 0, 14)",minecraft:dirt,{},
"(20, 0, 14)",minecraft:dirt,{},
"(26, 0, 14)",minecraft:dirt,{},
"(31, 0, 14)",minecraft:dirt,{},
"(33, 0, 14)",minecraft:dirt,{},
"(11, 0, 15)",minecraft:dirt,{},
"(12, 0, 15)",minecraft:dirt,{},
"(13, 0, 15)",minecraft:dirt,{},
"(14, 0, 15)",minecraft:dirt,{},
"(15, 0, 15)",minecraft:dirt,{},
"(12, 0, 16)",minecraft:dirt,{},
"(13, 0, 16)",minecraft:dirt,{},
"(37, 1, 0)",minecraft:cobblestone_slab,"{'type': 'double', 'waterlogged': 'false'}",
"(38, 1, 0)",minecraft:cobblestone_slab,"{'type': 'double', 'waterlogged': 'false'}",
"(18, 1, 1)",minecraft:dirt,{},
"(19, 1, 1)",minecraft:dirt,{},
"(20, 1, 1)",minecraft:dirt,{},
"(21, 1, 1)",minecraft:dirt,{},
"(27, 1, 1)",minecraft:packed_mud,{},
"(35, 1, 1)",minecraft:cobblestone_slab,"{'type': 'double', 'waterlogged': 'false'}",
"(36, 1, 1)",minecraft:cobblestone_slab,"{'type': 'double', 'waterlogged': 'false'}",
"(37, 1, 1)",minecraft:coarse_dirt,{},
"(38, 1, 1)",minecraft:grass_block,{'snowy': 'false'},
"(39, 1, 1)",minecraft:cobblestone_slab,"{'type': 'double', 'waterlogged': 'false'}",
"(17, 1, 2)",minecraft:dirt,{},
"(18, 1, 2)",minecraft:coarse_dirt,{},
"(19, 1, 2)",minecraft:grass_block,{'snowy': 'false'},
"(20, 1, 2)",minecraft:grass_block,{'snowy': 'false'},
"(21, 1, 2)",minecraft:grass_block,{'snowy': 'false'},
"(22, 1, 2)",minecraft:dirt,{},
"(23, 1, 2)",minecraft:dirt,{},
"(25, 1, 2)",minecraft:coarse_dirt,{},
"(27, 1, 2)",minecraft:dirt,{},
"(28, 1, 2)",minecraft:dirt,{},
"(34, 1, 2)",minecraft:dirt,{},
"(35, 1, 2)",minecraft:grass_block,{'snowy': 'false'},
"(36, 1, 2)",minecraft:coarse_dirt,{},
"(37, 1, 2)",minecraft:grass_block,{'snowy': 'false'},
"(38, 1, 2)",minecraft:coarse_dirt,{},
"(39, 1, 2)",minecraft:cobblestone_slab,"{'type': 'double', 'waterlogged': 'false'}",
"(40, 1, 2)",minecraft:cobblestone_slab,"{'type': 'double', 'waterlogged': 'false'}",
"(12, 1, 3)",minecraft:dirt,{},
"(13, 1, 3)",minecraft:dirt,{},
"(14, 1, 3)",minecraft:dirt,{},
"(15, 1, 3)",minecraft:dirt,{},
"(16, 1, 3)",minecraft:dirt,{},
"(17, 1, 3)",minecraft:dirt,{},
"(18, 1, 3)",minecraft:grass_block,{'snowy': 'false'},
"(19, 1, 3)",minecraft:grass_block,{'snowy': 'false'},
"(20, 1, 3)",minecraft:coarse_dirt,{},
"(21, 1, 3)",minecraft:dirt,{},
"(22, 1, 3)",minecraft:dirt,{},
"(23, 1, 3)",minecraft:dirt,{},
"(25, 1, 3)",minecraft:coarse_dirt,{},
"(27, 1, 3)",minecraft:rooted_dirt,{},
"(29, 1, 3)",minecraft:coarse_dirt,{},
"(33, 1, 3)",minecraft:dirt,{},
"(34, 1, 3)",minecraft:dirt,{},
"(35, 1, 3)",minecraft:dirt,{},
"(36, 1, 3)",minecraft:grass_block,{'snowy': 'false'},
"(37, 1, 3)",minecraft:grass_block,{'snowy': 'false'},
"(38, 1, 3)",minecraft:coarse_dirt,{},
"(39, 1, 3)",minecraft:dirt,{},
"(40, 1, 3)",minecraft:stone_bricks,{},
"(41, 1, 3)",minecraft:stone,{},
"(42, 1, 3)",minecraft:stone_bricks,{},
"(43, 1, 3)",minecraft:stone,{},
"(44, 1, 3)",minecraft:dirt,{},
"(45, 1, 3)",minecraft:dirt,{},
"(11, 1, 4)",minecraft:dirt,{},
"(12, 1, 4)",minecraft:dirt,{},
"(13, 1, 4)",minecraft:spruce_planks,{},
"(14, 1, 4)",minecraft:spruce_planks,{},
"(15, 1, 4)",minecraft:spruce_planks,{},
"(16, 1, 4)",minecraft:dirt,{},
"(17, 1, 4)",minecraft:grass_block,{'snowy': 'false'},
"(18, 1, 4)",minecraft:grass_block,{'snowy': 'false'},
"(19, 1, 4)",minecraft:grass_block,{'snowy': 'false'},
"(20, 1, 4)",minecraft:dirt,{},
"(21, 1, 4)",minecraft:spruce_planks,{},
"(22, 1, 4)",minecraft:spruce_planks,{},
"(23, 1, 4)",minecraft:spruce_planks,{},
"(24, 1, 4)",minecraft:dirt,{},
"(25, 1, 4)",minecraft:rooted_dirt,{},
"(26, 1, 4)",minecraft:rooted_dirt,{},
"(28, 1, 4)",minecraft:coarse_dirt,{},
"(29, 1, 4)",minecraft:packed_mud,{},
"(30, 1, 4)",minecraft:coarse_dirt,{},
"(32, 1, 4)",minecraft:dirt,{},
"(33, 1, 4)",minecraft:spruce_planks,{},
"(34, 1, 4)",minecraft:spruce_planks,{},
"(35, 1, 4)",minecraft:spruce_planks,{},
"(36, 1, 4)",minecraft:dirt,{},
"(37, 1, 4)",minecraft:coarse_dirt,{},
"(38, 1, 4)",minecraft:grass_block,{'snowy': 'false'},
"(39, 1, 4)",minecraft:dirt,{},
"(40, 1, 4)",minecraft:spruce_planks,{},
"(41, 1, 4)",minecraft:spruce_planks,{},
"(42, 1, 4)",minecraft:spruce_planks,{},
"(43, 1, 4)",minecraft:dirt,{},
"(44, 1, 4)",minecraft:grass_block,{'snowy': 'false'},
"(45, 1, 4)",minecraft:coarse_dirt,{},
"(46, 1, 4)",minecraft:dirt,{},
"(10, 1, 5)",minecraft:dirt,{},
"(11, 1, 5)",minecraft:dirt,{},
"(12, 1, 5)",minecraft:dirt,{},
"(13, 1, 5)",minecraft:spruce_planks,{},
"(14, 1, 5)",minecraft:spruce_planks,{},
"(15, 1, 5)",minecraft:spruce_planks,{},
"(16, 1, 5)",minecraft:dirt,{},
"(17, 1, 5)",minecraft:dirt,{},
"(18, 1, 5)",minecraft:dirt,{},
"(19, 1, 5)",minecraft:dirt,{},
"(20, 1, 5)",minecraft:dirt,{},
"(21, 1, 5)",minecraft:spruce_planks,{},
"(22, 1, 5)",minecraft:spruce_planks,{},
"(23, 1, 5)",minecraft:spruce_planks,{},
"(24, 1, 5)",minecraft:dirt,{},
"(25, 1, 5)",minecraft:dirt,{},
"(26, 1, 5)",minecraft:packed_mud,{},
"(27, 1, 5)",minecraft:coarse_dirt,{},
"(28, 1, 5)",minecraft:rooted_dirt,{},
"(29, 1, 5)",minecraft:coarse_dirt,{},
"(30, 1, 5)",minecraft:packed_mud,{},
"(31, 1, 5)",minecraft:dirt,{},
"(32, 1, 5)",minecraft:dirt,{},
"(33, 1, 5)",minecraft:spruce_planks,{},
"(34, 1, 5)",minecraft:spruce_planks,{},
"(35, 1, 5)",minecraft:spruce_planks,{},
"(36, 1, 5)",minecraft:spruce_planks,{},
"(37, 1, 5)",minecraft:dirt,{},
"(38, 1, 5)",minecraft:dirt,{},
"(39, 1, 5)",minecraft:spruce_planks,{},
"(40, 1, 5)",minecraft:spruce_planks,{},
"(41, 1, 5)",minecraft:spruce_planks,{},
"(42, 1, 5)",minecraft:spruce_planks,{},
"(43, 1, 5)",minecraft:spruce_planks,{},
"(44, 1, 5)",minecraft:dirt,{},
"(45, 1, 5)",minecraft:grass_block,{'snowy': 'false'},
"(46, 1, 5)",minecraft:coarse_dirt,{},
"(47, 1, 5)",minecraft:dirt,{},
"(9, 1, 6)",minecraft:dirt,{},
"(10, 1, 6)",minecraft:dirt,{},
"(11, 1, 6)",minecraft:dirt,{},
"(12, 1, 6)",minecraft:spruce_planks,{},
"(13, 1, 6)",minecraft:spruce_planks,{},
"(14, 1, 6)",minecraft:spruce_planks,{},
"(15, 1, 6)",minecraft:spruce_slab,"{'type': 'double', 'waterlogged': 'false'}",
"(16, 1, 6)",minecraft:dirt,{},
"(17, 1, 6)",minecraft:dirt,{},
"(18, 1, 6)",minecraft:grass_block,{'snowy': 'false'},
"(19, 1, 6)",minecraft:grass_block,{'snowy': 'false'},
"(20, 1, 6)",minecraft:dirt,{},
"(21, 1, 6)",minecraft:spruce_planks,{},
"(22, 1, 6)",minecraft:spruce_planks,{},
"(23, 1, 6)",minecraft:spruce_planks,{},
"(24, 1, 6)",minecraft:dirt,{},
"(25, 1, 6)",minecraft:moss_block,{},
"(26, 1, 6)",minecraft:packed_mud,{},
"(27, 1, 6)",minecraft:coarse_dirt,{},
"(28, 1, 6)",minecraft:coarse_dirt,{},
"(29, 1, 6)",minecraft:packed_mud,{},
"(30, 1, 6)",minecraft:coarse_dirt,{},
"(31, 1, 6)",minecraft:moss_block,{},
"(32, 1, 6)",minecraft:dirt,{},
"(33, 1, 6)",minecraft:spruce_planks,{},
"(34, 1, 6)",minecraft:spruce_planks,{},
"(35, 1, 6)",minecraft:spruce_planks,{},
"(36, 1, 6)",minecraft:spruce_planks,{},
"(37, 1, 6)",minecraft:spruce_planks,{},
"(38, 1, 6)",minecraft:spruce_planks,{},
"(39, 1, 6)",minecraft:spruce_planks,{},
"(40, 1, 6)",minecraft:spruce_planks,{},
"(41, 1, 6)",minecraft:spruce_planks,{},
"(42, 1, 6)",minecraft:spruce_planks,{},
"(43, 1, 6)",minecraft:spruce_planks,{},
"(44, 1, 6)",minecraft:dirt,{},
"(45, 1, 6)",minecraft:coarse_dirt,{},
"(46, 1, 6)",minecraft:grass_block,{'snowy': 'false'},
"(47, 1, 6)",minecraft:dirt,{},
"(9, 1, 7)",minecraft:dirt,{},
"(10, 1, 7)",minecraft:spruce_planks,{},
"(11, 1, 7)",minecraft:spruce_planks,{},
"(12, 1, 7)",minecraft:spruce_planks,{},
"(13, 1, 7)",minecraft:spruce_planks,{},
"(14, 1, 7)",minecraft:spruce_planks,{},
"(15, 1, 7)",minecraft:spruce_planks,{},
"(16, 1, 7)",minecraft:dirt,{},
"(17, 1, 7)",minecraft:coarse_dirt,{},
"(18, 1, 7)",minecraft:dirt,{},
"(19, 1, 7)",minecraft:dirt,{},
"(20, 1, 7)",minecraft:dirt,{},
"(21, 1, 7)",minecraft:dirt,{},
"(22, 1, 7)",minecraft:coarse_dirt,{},
"(23, 1, 7)",minecraft:dirt,{},
"(24, 1, 7)",minecraft:grass_block,{'snowy': 'false'},
"(25, 1, 7)",minecraft:grass_block,{'snowy': 'false'},
"(26, 1, 7)",minecraft:coarse_dirt,{},
"(27, 1, 7)",minecraft:brown_concrete_powder,{},
"(28, 1, 7)",minecraft:coarse_dirt,{},
"(29, 1, 7)",minecraft:coarse_dirt,{},
"(30, 1, 7)",minecraft:coarse_dirt,{},
"(31, 1, 7)",minecraft:grass_block,{'snowy': 'false'},
"(32, 1, 7)",minecraft:moss_block,{},
"(33, 1, 7)",minecraft:dirt,{},
"(34, 1, 7)",minecraft:spruce_planks,{},
"(35, 1, 7)",minecraft:spruce_planks,{},
"(36, 1, 7)",minecraft:spruce_planks,{},
"(37, 1, 7)",minecraft:spruce_planks,{},
"(38, 1, 7)",minecraft:spruce_planks,{},
"(39, 1, 7)",minecraft:spruce_planks,{},
"(40, 1, 7)",minecraft:spruce_planks,{},
"(41, 1, 7)",minecraft:spruce_planks,{},
"(42, 1, 7)",minecraft:spruce_planks,{},
"(43, 1, 7)",minecraft:spruce_planks,{},
"(44, 1, 7)",minecraft:dirt,{},
"(45, 1, 7)",minecraft:dirt,{},
"(46, 1, 7)",minecraft:dirt,{},
"(9, 1, 8)",minecraft:stone,{},
"(10, 1, 8)",minecraft:spruce_planks,{},
"(11, 1, 8)",minecraft:spruce_planks,{},
"(12, 1, 8)",minecraft:spruce_planks,{},
"(13, 1, 8)",minecraft:spruce_planks,{},
"(14, 1, 8)",minecraft:spruce_planks,{},
"(15, 1, 8)",minecraft:spruce_planks,{},
"(16, 1, 8)",minecraft:stone,{},
"(17, 1, 8)",minecraft:dirt,{},
"(18, 1, 8)",minecraft:coarse_dirt,{},
"(19, 1, 8)",minecraft:moss_block,{},
"(20, 1, 8)",minecraft:grass_block,{'snowy': 'false'},
"(21, 1, 8)",minecraft:coarse_dirt,{},
"(22, 1, 8)",minecraft:brown_concrete_powder,{},
"(23, 1, 8)",minecraft:grass_block,{'snowy': 'false'},
"(24, 1, 8)",minecraft:moss_block,{},
"(25, 1, 8)",minecraft:moss_block,{},
"(26, 1, 8)",minecraft:coarse_dirt,{},
"(27, 1, 8)",minecraft:coarse_dirt,{},
"(28, 1, 8)",minecraft:coarse_dirt,{},
"(29, 1, 8)",minecraft:coarse_dirt,{},
"(30, 1, 8)",minecraft:brown_concrete_powder,{},
"(31, 1, 8)",minecraft:moss_block,{},
"(32, 1, 8)",minecraft:grass_block,{'snowy': 'false'},
"(33, 1, 8)",minecraft:grass_block,{'snowy': 'false'},
"(34, 1, 8)",minecraft:dirt,{},
"(35, 1, 8)",minecraft:spruce_planks,{},
"(36, 1, 8)",minecraft:spruce_planks,{},
"(37, 1, 8)",minecraft:spruce_planks,{},
"(38, 1, 8)",minecraft:spruce_planks,{},
"(39, 1, 8)",minecraft:spruce_planks,{},
"(40, 1, 8)",minecraft:spruce_planks,{},
"(41, 1, 8)",minecraft:spruce_planks,{},
"(42, 1, 8)",minecraft:spruce_planks,{},
"(43, 1, 8)",minecraft:spruce_planks,{},
"(44, 1, 8)",minecraft:spruce_planks,{},
"(45, 1, 8)",minecraft:spruce_planks,{},
"(46, 1, 8)",minecraft:dirt,{},
"(9, 1, 9)",minecraft:dirt,{},
"(10, 1, 9)",minecraft:spruce_planks,{},
"(11, 1, 9)",minecraft:spruce_planks,{},
"(12, 1, 9)",minecraft:spruce_planks,{},
"(13, 1, 9)",minecraft:dirt,{},
"(14, 1, 9)",minecraft:spruce_planks,{},
"(15, 1, 9)",minecraft:dirt,{},
"(16, 1, 9)",minecraft:dirt,{},
"(17, 1, 9)",minecraft:moss_block,{},
"(18, 1, 9)",minecraft:coarse_dirt,{},
"(19, 1, 9)",minecraft:coarse_dirt,{},
"(20, 1, 9)",minecraft:coarse_dirt,{},
"(21, 1, 9)",minecraft:brown_concrete_powder,{},
"(22, 1, 9)",minecraft:coarse_dirt,{},
"(23, 1, 9)",minecraft:coarse_dirt,{},
"(24, 1, 9)",minecraft:moss_block,{},
"(25, 1, 9)",minecraft:grass_block,{'snowy': 'false'},
"(26, 1, 9)",minecraft:coarse_dirt,{},
"(27, 1, 9)",minecraft:coarse_dirt,{},
"(28, 1, 9)",minecraft:coarse_dirt,{},
"(29, 1, 9)",minecraft:coarse_dirt,{},
"(30, 1, 9)",minecraft:coarse_dirt,{},
"(31, 1, 9)",minecraft:grass_block,{'snowy': 'false'},
"(32, 1, 9)",minecraft:moss_block,{},
"(33, 1, 9)",minecraft:moss_block,{},
"(34, 1, 9)",minecraft:dirt,{},
"(35, 1, 9)",minecraft:spruce_planks,{},
"(36, 1, 9)",minecraft:spruce_planks,{},
"(37, 1, 9)",minecraft:spruce_planks,{},
"(38, 1, 9)",minecraft:spruce_planks,{},
"(39, 1, 9)",minecraft:spruce_planks,{},
"(40, 1, 9)",minecraft:spruce_planks,{},
"(41, 1, 9)",minecraft:spruce_planks,{},
"(42, 1, 9)",minecraft:spruce_planks,{},
"(43, 1, 9)",minecraft:spruce_planks,{},
"(44, 1, 9)",minecraft:dirt,{},
"(45, 1, 9)",minecraft:dirt,{},
"(46, 1, 9)",minecraft:dirt,{},
"(47, 1, 9)",minecraft:dirt,{},
"(7, 1, 10)",minecraft:podzol,{'snowy': 'false'},
"(9, 1, 10)",minecraft:dirt,{},
"(10, 1, 10)",minecraft:dirt,{},
"(11, 1, 10)",minecraft:dirt,{},
"(12, 1, 10)",minecraft:dirt,{},
"(13, 1, 10)",minecraft:dirt,{},
"(14, 1, 10)",minecraft:spruce_planks,{},
"(15, 1, 10)",minecraft:dirt,{},
"(16, 1, 10)",minecraft:dirt,{},
"(17, 1, 10)",minecraft:dirt,{},
"(18, 1, 10)",minecraft:grass_block,{'snowy': 'false'},
"(19, 1, 10)",minecraft:coarse_dirt,{},
"(20, 1, 10)",minecraft:coarse_dirt,{},
"(21, 1, 10)",minecraft:coarse_dirt,{},
"(22, 1, 10)",minecraft:coarse_dirt,{},
"(23, 1, 10)",minecraft:coarse_dirt,{},
"(24, 1, 10)",minecraft:coarse_dirt,{},
"(25, 1, 10)",minecraft:brown_concrete_powder,{},
"(26, 1, 10)",minecraft:brown_concrete_powder,{},
"(27, 1, 10)",minecraft:coarse_dirt,{},
"(28, 1, 10)",minecraft:coarse_dirt,{},
"(29, 1, 10)",minecraft:coarse_dirt,{},
"(30, 1, 10)",minecraft:brown_concrete_powder,{},
"(31, 1, 10)",minecraft:coarse_dirt,{},
"(32, 1, 10)",minecraft:grass_block,{'snowy': 'false'},
"(33, 1, 10)",minecraft:moss_block,{},
"(34, 1, 10)",minecraft:dirt,{},
"(35, 1, 10)",minecraft:spruce_planks,{},
"(36, 1, 10)",minecraft:spruce_planks,{},
"(37, 1, 10)",minecraft:spruce_planks,{},
"(38, 1, 10)",minecraft:spruce_planks,{},
"(39, 1, 10)",minecraft:spruce_planks,{},
"(40, 1, 10)",minecraft:spruce_planks,{},
"(41, 1, 10)",minecraft:spruce_planks,{},
"(42, 1, 10)",minecraft:spruce_planks,{},
"(43, 1, 10)",minecraft:spruce_planks,{},
"(44, 1, 10)",minecraft:dirt,{},
"(45, 1, 10)",minecraft:coarse_dirt,{},
"(46, 1, 10)",minecraft:grass_block,{'snowy': 'false'},
"(47, 1, 10)",minecraft:coarse_dirt,{},
"(48, 1, 10)",minecraft:dirt,{},
"(8, 1, 11)",minecraft:coarse_dirt,{},
"(9, 1, 11)",minecraft:coarse_dirt,{},
"(10, 1, 11)",minecraft:dirt,{},
"(11, 1, 11)",minecraft:dirt,{},
"(12, 1, 11)",minecraft:podzol,{'snowy': 'false'},
"(13, 1, 11)",minecraft:moss_block,{},
"(14, 1, 11)",minecraft:mossy_stone_bricks,{},
"(15, 1, 11)",minecraft:dirt,{},
"(16, 1, 11)",minecraft:dirt,{},
"(17, 1, 11)",minecraft:grass_block,{'snowy': 'false'},
"(18, 1, 11)",minecraft:brown_concrete_powder,{},
"(19, 1, 11)",minecraft:brown_concrete_powder,{},
"(20, 1, 11)",minecraft:coarse_dirt,{},
"(21, 1, 11)",minecraft:coarse_dirt,{},
"(22, 1, 11)",minecraft:coarse_dirt,{},
"(23, 1, 11)",minecraft:coarse_dirt,{},
"(24, 1, 11)",minecraft:coarse_dirt,{},
"(25, 1, 11)",minecraft:coarse_dirt,{},
"(26, 1, 11)",minecraft:brown_concrete_powder,{},
"(27, 1, 11)",minecraft:coarse_dirt,{},
"(28, 1, 11)",minecraft:coarse_dirt,{},
"(29, 1, 11)",minecraft:coarse_dirt,{},
"(30, 1, 11)",minecraft:brown_concrete_powder,{},
"(31, 1, 11)",minecraft:brown_concrete_powder,{},
"(32, 1, 11)",minecraft:coarse_dirt,{},
"(33, 1, 11)",minecraft:grass_block,{'snowy': 'false'},
"(34, 1, 11)",minecraft:dirt,{},
"(35, 1, 11)",minecraft:dirt,{},
"(36, 1, 11)",minecraft:dirt,{},
"(37, 1, 11)",minecraft:dirt,{},
"(38, 1, 11)",minecraft:dirt,{},
"(39, 1, 11)",minecraft:dirt,{},
"(40, 1, 11)",minecraft:dirt,{},
"(41, 1, 11)",minecraft:dirt,{},
"(42, 1, 11)",minecraft:dirt,{},
"(43, 1, 11)",minecraft:dirt,{},
"(44, 1, 11)",minecraft:dirt,{},
"(45, 1, 11)",minecraft:grass_block,{'snowy': 'false'},
"(46, 1, 11)",minecraft:coarse_dirt,{},
"(47, 1, 11)",minecraft:grass_block,{'snowy': 'false'},
"(48, 1, 11)",minecraft:dirt,{},
"(7, 1, 12)",minecraft:coarse_dirt,{},
"(8, 1, 12)",minecraft:moss_block,{},
"(9, 1, 12)",minecraft:spruce_stairs,"{'facing': 'north', 'half': 'bottom', 'shape': 'straight', 'waterlogged': 'true'}",
"(10, 1, 12)",minecraft:mossy_stone_bricks,{},
"(11, 1, 12)",minecraft:dirt,{},
"(12, 1, 12)",minecraft:coarse_dirt,{},
"(13, 1, 12)",minecraft:water,{'level': '0'},
"(14, 1, 12)",minecraft:water,{'level': '0'},
"(15, 1, 12)",minecraft:coarse_dirt,{},
"(16, 1, 12)",minecraft:moss_block,{},
"(17, 1, 12)",minecraft:grass_block,{'snowy': 'false'},
"(18, 1, 12)",minecraft:brown_concrete_powder,{},
"(19, 1, 12)",minecraft:coarse_dirt,{},
"(20, 1, 12)",minecraft:coarse_dirt,{},
"(21, 1, 12)",minecraft:moss_block,{},
"(22, 1, 12)",minecraft:coarse_dirt,{},
"(23, 1, 12)",minecraft:coarse_dirt,{},
"(24, 1, 12)",minecraft:coarse_dirt,{},
"(25, 1, 12)",minecraft:coarse_dirt,{},
"(26, 1, 12)",minecraft:coarse_dirt,{},
"(27, 1, 12)",minecraft:coarse_dirt,{},
"(28, 1, 12)",minecraft:coarse_dirt,{},
"(29, 1, 12)",minecraft:coarse_dirt,{},
"(30, 1, 12)",minecraft:coarse_dirt,{},
"(31, 1, 12)",minecraft:coarse_dirt,{},
"(32, 1, 12)",minecraft:coarse_dirt,{},
"(33, 1, 12)",minecraft:coarse_dirt,{},
"(34, 1, 12)",minecraft:moss_block,{},
"(35, 1, 12)",minecraft:grass_block,{'snowy': 'false'},
"(36, 1, 12)",minecraft:dirt,{},
"(37, 1, 12)",minecraft:dirt,{},
"(38, 1, 12)",minecraft:dirt,{},
"(39, 1, 12)",minecraft:dirt,{},
"(40, 1, 12)",minecraft:dirt,{},
"(41, 1, 12)",minecraft:dirt,{},
"(42, 1, 12)",minecraft:dirt,{},
"(43, 1, 12)",minecraft:dirt,{},
"(44, 1, 12)",minecraft:dirt,{},
"(45, 1, 12)",minecraft:dirt,{},
"(46, 1, 12)",minecraft:dirt,{},
"(47, 1, 12)",minecraft:dirt,{},
"(6, 1, 13)",minecraft:podzol,{'snowy': 'false'},
"(7, 1, 13)",minecraft:spruce_stairs,"{'facing': 'north', 'half': 'bottom', 'shape': 'straight', 'waterlogged': 'true'}",
"(8, 1, 13)",minecraft:coarse_dirt,{},
"(9, 1, 13)",minecraft:podzol,{'snowy': 'false'},
"(10, 1, 13)",minecraft:spruce_stairs,"{'facing': 'south', 'half': 'bottom', 'shape': 'straight', 'waterlogged': 'true'}",
"(11, 1, 13)",minecraft:podzol,{'snowy': 'false'},
"(12, 1, 13)",minecraft:water,{'level': '0'},
"(13, 1, 13)",minecraft:water,{'level': '0'},
"(14, 1, 13)",minecraft:water,{'level': '0'},
"(15, 1, 13)",minecraft:coarse_dirt,{},
"(16, 1, 13)",minecraft:coarse_dirt,{},
"(17, 1, 13)",minecraft:coarse_dirt,{},
"(18, 1, 13)",minecraft:coarse_dirt,{},
"(19, 1, 13)",minecraft:coarse_dirt,{},
"(20, 1, 13)",minecraft:brown_concrete_powder,{},
"(21, 1, 13)",minecraft:coarse_dirt,{},
"(22, 1, 13)",minecraft:brown_concrete_powder,{},
"(23, 1, 13)",minecraft:grass_block,{'snowy': 'false'},
"(24, 1, 13)",minecraft:grass_block,{'snowy': 'false'},
"(25, 1, 13)",minecraft:brown_concrete_powder,{},
"(26, 1, 13)",minecraft:brown_concrete_powder,{},
"(27, 1, 13)",minecraft:coarse_dirt,{},
"(28, 1, 13)",minecraft:coarse_dirt,{},
"(29, 1, 13)",minecraft:coarse_dirt,{},
"(30, 1, 13)",minecraft:coarse_dirt,{},
"(31, 1, 13)",minecraft:coarse_dirt,{},
"(32, 1, 13)",minecraft:coarse_dirt,{},
"(33, 1, 13)",minecraft:brown_concrete_powder,{},
"(34, 1, 13)",minecraft:brown_concrete_powder,{},
"(35, 1, 13)",minecraft:dirt,{},
"(36, 1, 13)",minecraft:dirt,{},
"(37, 1, 13)",minecraft:dirt,{},
"(38, 1, 13)",minecraft:dirt,{},
"(39, 1, 13)",minecraft:dirt,{},
"(40, 1, 13)",minecraft:dirt,{},
"(41, 1, 13)",minecraft:dirt,{},
"(42, 1, 13)",minecraft:dirt,{},
"(43, 1, 13)",minecraft:dirt,{},
"(44, 1, 13)",minecraft:dirt,{},
"(45, 1, 13)",minecraft:dirt,{},
"(46, 1, 13)",minecraft:dirt,{},
"(47, 1, 13)",minecraft:dirt,{},
"(6, 1, 14)",minecraft:podzol,{'snowy': 'false'},
"(7, 1, 14)",minecraft:coarse_dirt,{},
"(8, 1, 14)",minecraft:spruce_stairs,"{'facing': 'south', 'half': 'bottom', 'shape': 'straight', 'waterlogged': 'true'}",
"(9, 1, 14)",minecraft:spruce_stairs,"{'facing': 'south', 'half': 'bottom', 'shape': 'straight', 'waterlogged': 'true'}",
"(10, 1, 14)",minecraft:water,{'level': '0'},
"(11, 1, 14)",minecraft:water,{'level': '0'},
"(12, 1, 14)",minecraft:water,{'level': '0'},
"(13, 1, 14)",minecraft:water,{'level': '0'},
"(14, 1, 14)",minecraft:water,{'level': '0'},
"(15, 1, 14)",minecraft:water,{'level': '0'},
"(16, 1, 14)",minecraft:coarse_dirt,{},
"(17, 1, 14)",minecraft:coarse_dirt,{},
"(18, 1, 14)",minecraft:moss_block,{},
"(19, 1, 14)",minecraft:coarse_dirt,{},
"(20, 1, 14)",minecraft:brown_concrete_powder,{},
"(21, 1, 14)",minecraft:grass_block,{'snowy': 'false'},
"(22, 1, 14)",minecraft:grass_block,{'snowy': 'false'},
"(23, 1, 14)",minecraft:moss_block,{},
"(24, 1, 14)",minecraft:moss_block,{},
"(25, 1, 14)",minecraft:grass_block,{'snowy': 'false'},
"(26, 1, 14)",minecraft:brown_concrete_powder,{},
"(27, 1, 14)",minecraft:coarse_dirt,{},
"(28, 1, 14)",minecraft:coarse_dirt,{},
"(29, 1, 14)",minecraft:coarse_dirt,{},
"(30, 1, 14)",minecraft:coarse_dirt,{},
"(31, 1, 14)",minecraft:brown_concrete_powder,{},
"(32, 1, 14)",minecraft:coarse_dirt,{},
"(33, 1, 14)",minecraft:brown_concrete_powder,{},
"(34, 1, 14)",minecraft:dirt,{},
"(35, 1, 14)",minecraft:dirt,{},
"(36, 1, 14)",minecraft:dirt,{},
"(37, 1, 14)",minecraft:dirt,{},
"(38, 1, 14)",minecraft:dirt,{},
"(39, 1, 14)",minecraft:dirt,{},
"(40, 1, 14)",minecraft:dirt,{},
"(41, 1, 14)",minecraft:dirt,{},
"(42, 1, 14)",minecraft:dirt,{},
"(43, 1, 14)",minecraft:dirt,{},
"(44, 1, 14)",minecraft:dirt,{},
"(45, 1, 14)",minecraft:dirt,{},
"(46, 1, 14)",minecraft:dirt,{},
"(47, 1, 14)",minecraft:rooted_dirt,{},
"(7, 1, 15)",minecraft:moss_block,{},
"(8, 1, 15)",minecraft:coarse_dirt,{},
"(9, 1, 15)",minecraft:spruce_stairs,"{'facing': 'east', 'half': 'bottom', 'shape': 'outer_right', 'waterlogged': 'true'}",
"(10, 1, 15)",minecraft:spruce_stairs,"{'facing': 'south', 'half': 'bottom', 'shape': 'straight', 'waterlogged': 'true'}",
"(11, 1, 15)",minecraft:water,{'level': '0'},
"(12, 1, 15)",minecraft:water,{'level': '0'},
"(13, 1, 15)",minecraft:water,{'level': '0'},
"(14, 1, 15)",minecraft:water,{'level': '0'},
"(15, 1, 15)",minecraft:water,{'level': '0'},
"(16, 1, 15)",minecraft:coarse_dirt,{},
"(17, 1, 15)",minecraft:podzol,{'snowy': 'false'},
"(18, 1, 15)",minecraft:coarse_dirt,{},
"(19, 1, 15)",minecraft:coarse_dirt,{},
"(20, 1, 15)",minecraft:grass_block,{'snowy': 'false'},
"(21, 1, 15)",minecraft:dirt,{},
"(22, 1, 15)",minecraft:moss_block,{},
"(23, 1, 15)",minecraft:moss_block,{},
"(24, 1, 15)",minecraft:grass_block,{'snowy': 'false'},
"(25, 1, 15)",minecraft:grass_block,{'snowy': 'false'},
"(26, 1, 15)",minecraft:grass_block,{'snowy': 'false'},
"(27, 1, 15)",minecraft:coarse_dirt,{},
"(28, 1, 15)",minecraft:dirt,{},
"(29, 1, 15)",minecraft:coarse_dirt,{},
"(30, 1, 15)",minecraft:dirt,{},
"(31, 1, 15)",minecraft:dirt,{},
"(32, 1, 15)",minecraft:dirt,{},
"(33, 1, 15)",minecraft:dirt,{},
"(34, 1, 15)",minecraft:dirt,{},
"(35, 1, 15)",minecraft:dirt,{},
"(36, 1, 15)",minecraft:dirt,{},
"(37, 1, 15)",minecraft:dirt,{},
"(38, 1, 15)",minecraft:dirt,{},
"(39, 1, 15)",minecraft:dirt,{},
"(40, 1, 15)",minecraft:dirt,{},
"(41, 1, 15)",minecraft:dirt,{},
"(42, 1, 15)",minecraft:dirt,{},
"(43, 1, 15)",minecraft:dirt,{},
"(44, 1, 15)",minecraft:dirt,{},
"(45, 1, 15)",minecraft:dirt,{},
"(46, 1, 15)",minecraft:dirt,{},
"(7, 1, 16)",minecraft:podzol,{'snowy': 'false'},
"(8, 1, 16)",minecraft:spruce_stairs,"{'facing': 'south', 'half': 'bottom', 'shape': 'straight', 'waterlogged': 'true'}",
"(9, 1, 16)",minecraft:coarse_dirt,{},
"(10, 1, 16)",minecraft:stone_bricks,{},
"(11, 1, 16)",minecraft:mossy_stone_bricks,{},
"(12, 1, 16)",minecraft:spruce_trapdoor,"{'facing': 'north', 'half': 'bottom', 'open': 'true', 'powered': 'false', 'waterlogged': 'true'}",
"(13, 1, 16)",minecraft:oak_trapdoor,"{'facing': 'north', 'half': 'bottom', 'open': 'true', 'powered': 'false', 'waterlogged': 'true'}",
"(14, 1, 16)",minecraft:coarse_dirt,{},
"(15, 1, 16)",minecraft:podzol,{'snowy': 'false'},
"(16, 1, 16)",minecraft:podzol,{'snowy': 'false'},
"(17, 1, 16)",minecraft:coarse_dirt,{},
"(18, 1, 16)",minecraft:coarse_dirt,{},
"(19, 1, 16)",minecraft:coarse_dirt,{},
"(20, 1, 16)",minecraft:moss_block,{},
"(21, 1, 16)",minecraft:grass_block,{'snowy': 'false'},
"(22, 1, 16)",minecraft:dirt,{},
"(23, 1, 16)",minecraft:dirt,{},
"(24, 1, 16)",minecraft:moss_block,{},
"(25, 1, 16)",minecraft:grass_block,{'snowy': 'false'},
"(26, 1, 16)",minecraft:moss_block,{},
"(27, 1, 16)",minecraft:coarse_dirt,{},
"(28, 1, 16)",minecraft:dirt,{},
"(29, 1, 16)",minecraft:dirt,{},
"(30, 1, 16)",minecraft:dirt,{},
"(31, 1, 16)",minecraft:dirt,{},
"(32, 1, 16)",minecraft:dirt,{},
"(33, 1, 16)",minecraft:dirt,{},
"(34, 1, 16)",minecraft:dirt,{},
"(35, 1, 16)",minecraft:dirt,{},
"(36, 1, 16)",minecraft:dirt,{},
"(37, 1, 16)",minecraft:dirt,{},
"(38, 1, 16)",minecraft:dirt,{},
"(39, 1, 16)",minecraft:dirt,{},
"(40, 1, 16)",minecraft:dirt,{},
"(41, 1, 16)",minecraft:dirt,{},
"(42, 1, 16)",minecraft:dirt,{},
"(43, 1, 16)",minecraft:dirt,{},
"(44, 1, 16)",minecraft:dirt,{},
"(45, 1, 16)",minecraft:grass_block,{'snowy': 'false'},
"(46, 1, 16)",minecraft:grass_block,{'snowy': 'false'},
"(8, 1, 17)",minecraft:coarse_dirt,{},
"(9, 1, 17)",minecraft:podzol,{'snowy': 'false'},
"(10, 1, 17)",minecraft:dirt,{},
"(11, 1, 17)",minecraft:dirt,{},
"(12, 1, 17)",minecraft:podzol,{'snowy': 'false'},
"(13, 1, 17)",minecraft:coarse_dirt,{},
"(14, 1, 17)",minecraft:podzol,{'snowy': 'false'},
"(15, 1, 17)",minecraft:moss_block,{},
"(16, 1, 17)",minecraft:podzol,{'snowy': 'false'},
"(17, 1, 17)",minecraft:coarse_dirt,{},
"(18, 1, 17)",minecraft:coarse_dirt,{},
"(19, 1, 17)",minecraft:grass_block,{'snowy': 'false'},
"(20, 1, 17)",minecraft:moss_block,{},
"(21, 1, 17)",minecraft:moss_block,{},
"(22, 1, 17)",minecraft:grass_block,{'snowy': 'false'},
"(23, 1, 17)",minecraft:dirt,{},
"(24, 1, 17)",minecraft:grass_block,{'snowy': 'false'},
"(25, 1, 17)",minecraft:moss_block,{},
"(26, 1, 17)",minecraft:moss_block,{},
"(27, 1, 17)",minecraft:dirt,{},
"(28, 1, 17)",minecraft:dirt,{},
"(29, 1, 17)",minecraft:dirt,{},
"(30, 1, 17)",minecraft:dirt,{},
"(31, 1, 17)",minecraft:dirt,{},
"(32, 1, 17)",minecraft:dirt,{},
"(33, 1, 17)",minecraft:dirt,{},
"(34, 1, 17)",minecraft:dirt,{},
"(35, 1, 17)",minecraft:dirt,{},
"(36, 1, 17)",minecraft:dirt,{},
"(37, 1, 17)",minecraft:dirt,{},
"(38, 1, 17)",minecraft:dirt,{},
"(39, 1, 17)",minecraft:dirt,{},
"(40, 1, 17)",minecraft:dirt,{},
"(41, 1, 17)",minecraft:dirt,{},
"(42, 1, 17)",minecraft:dirt,{},
"(43, 1, 17)",minecraft:dirt,{},
"(44, 1, 17)",minecraft:dirt,{},
"(45, 1, 17)",minecraft:dirt,{},
"(46, 1, 17)",minecraft:dirt,{},
"(47, 1, 17)",minecraft:dirt,{},
"(48, 1, 17)",minecraft:andesite,{},
"(10, 1, 18)",minecraft:dirt,{},
"(11, 1, 18)",minecraft:dirt,{},
"(12, 1, 18)",minecraft:coarse_dirt,{},
"(13, 1, 18)",minecraft:coarse_dirt,{},
"(14, 1, 18)",minecraft:coarse_dirt,{},
"(15, 1, 18)",minecraft:podzol,{'snowy': 'false'},
"(16, 1, 18)",minecraft:grass_block,{'snowy': 'false'},
"(17, 1, 18)",minecraft:coarse_dirt,{},
"(18, 1, 18)",minecraft:coarse_dirt,{},
"(19, 1, 18)",minecraft:moss_block,{},
"(20, 1, 18)",minecraft:grass_block,{'snowy': 'false'},
"(21, 1, 18)",minecraft:grass_block,{'snowy': 'false'},
"(22, 1, 18)",minecraft:dirt,{},
"(23, 1, 18)",minecraft:grass_block,{'snowy': 'false'},
"(24, 1, 18)",minecraft:grass_block,{'snowy': 'false'},
"(25, 1, 18)",minecraft:dirt,{},
"(26, 1, 18)",minecraft:dirt,{},
"(27, 1, 18)",minecraft:dirt,{},
"(28, 1, 18)",minecraft:dirt,{},
"(29, 1, 18)",minecraft:dirt,{},
"(30, 1, 18)",minecraft:dirt,{},
"(31, 1, 18)",minecraft:dirt,{},
"(32, 1, 18)",minecraft:dirt,{},
"(33, 1, 18)",minecraft:dirt,{},
"(34, 1, 18)",minecraft:dirt,{},
"(35, 1, 18)",minecraft:dirt,{},
"(36, 1, 18)",minecraft:dirt,{},
"(37, 1, 18)",minecraft:dirt,{},
"(38, 1, 18)",minecraft:dirt,{},
"(39, 1, 18)",minecraft:dirt,{},
"(40, 1, 18)",minecraft:dirt,{},
"(41, 1, 18)",minecraft:dirt,{},
"(42, 1, 18)",minecraft:dirt,{},
"(43, 1, 18)",minecraft:dirt,{},
"(44, 1, 18)",minecraft:dirt,{},
"(45, 1, 18)",minecraft:dirt,{},
"(46, 1, 18)",minecraft:dirt,{},
"(47, 1, 18)",minecraft:dirt,{},
"(48, 1, 18)",minecraft:stone_bricks,{},
"(8, 1, 19)",minecraft:dirt,{},
"(9, 1, 19)",minecraft:dirt,{},
"(10, 1, 19)",minecraft:dirt,{},
"(11, 1, 19)",minecraft:dirt,{},
"(12, 1, 19)",minecraft:dirt,{},
"(13, 1, 19)",minecraft:dirt,{},
"(14, 1, 19)",minecraft:dirt,{},
"(15, 1, 19)",minecraft:dirt,{},
"(16, 1, 19)",minecraft:dirt,{},
"(17, 1, 19)",minecraft:dirt,{},
"(18, 1, 19)",minecraft:dirt,{},
"(19, 1, 19)",minecraft:grass_block,{'snowy': 'false'},
"(20, 1, 19)",minecraft:dirt,{},
"(21, 1, 19)",minecraft:dirt,{},
"(22, 1, 19)",minecraft:dirt,{},
"(23, 1, 19)",minecraft:dirt,{},
"(24, 1, 19)",minecraft:dirt,{},
"(25, 1, 19)",minecraft:dirt,{},
"(26, 1, 19)",minecraft:dirt,{},
"(27, 1, 19)",minecraft:dirt,{},
"(28, 1, 19)",minecraft:dirt,{},
"(29, 1, 19)",minecraft:dirt,{},
"(30, 1, 19)",minecraft:dirt,{},
"(31, 1, 19)",minecraft:dirt,{},
"(32, 1, 19)",minecraft:dirt,{},
"(33, 1, 19)",minecraft:dirt,{},
"(34, 1, 19)",minecraft:dirt,{},
"(35, 1, 19)",minecraft:dirt,{},
"(36, 1, 19)",minecraft:dirt,{},
"(37, 1, 19)",minecraft:dirt,{},
"(38, 1, 19)",minecraft:dirt,{},
"(39, 1, 19)",minecraft:dirt,{},
"(40, 1, 19)",minecraft:dirt,{},
"(41, 1, 19)",minecraft:dirt,{},
"(42, 1, 19)",minecraft:dirt,{},
"(43, 1, 19)",minecraft:dirt,{},
"(44, 1, 19)",minecraft:dirt,{},
"(45, 1, 19)",minecraft:dirt,{},
"(46, 1, 19)",minecraft:dirt,{},
"(47, 1, 19)",minecraft:dirt,{},
"(48, 1, 19)",minecraft:stone_bricks,{},
"(8, 1, 20)",minecraft:dirt,{},
"(9, 1, 20)",minecraft:spruce_planks,{},
"(10, 1, 20)",minecraft:spruce_planks,{},
"(11, 1, 20)",minecraft:spruce_planks,{},
"(12, 1, 20)",minecraft:spruce_planks,{},
"(13, 1, 20)",minecraft:spruce_planks,{},
"(14, 1, 20)",minecraft:dirt,{},
"(15, 1, 20)",minecraft:dirt,{},
"(16, 1, 20)",minecraft:dirt,{},
"(17, 1, 20)",minecraft:dirt,{},
"(18, 1, 20)",minecraft:dirt,{},
"(19, 1, 20)",minecraft:dirt,{},
"(20, 1, 20)",minecraft:dirt,{},
"(21, 1, 20)",minecraft:dirt,{},
"(22, 1, 20)",minecraft:dirt,{},
"(23, 1, 20)",minecraft:dirt,{},
"(24, 1, 20)",minecraft:dirt,{},
"(25, 1, 20)",minecraft:dirt,{},
"(26, 1, 20)",minecraft:dirt,{},
"(27, 1, 20)",minecraft:dirt,{},
"(28, 1, 20)",minecraft:dirt,{},
"(29, 1, 20)",minecraft:dirt,{},
"(30, 1, 20)",minecraft:dirt,{},
"(31, 1, 20)",minecraft:dirt,{},
"(32, 1, 20)",minecraft:dirt,{},
"(33, 1, 20)",minecraft:dirt,{},
"(34, 1, 20)",minecraft:dirt,{},
"(35, 1, 20)",minecraft:dirt,{},
"(36, 1, 20)",minecraft:dirt,{},
"(37, 1, 20)",minecraft:dirt,{},
"(38, 1, 20)",minecraft:dirt,{},
"(39, 1, 20)",minecraft:dirt,{},
"(40, 1, 20)",minecraft:dirt,{},
"(41, 1, 20)",minecraft:dirt,{},
"(42, 1, 20)",minecraft:dirt,{},
"(43, 1, 20)",minecraft:dirt,{},
"(44, 1, 20)",minecraft:dirt,{},
"(45, 1, 20)",minecraft:dirt,{},
"(46, 1, 20)",minecraft:dirt,{},
"(47, 1, 20)",minecraft:dirt,{},
"(48, 1, 20)",minecraft:stone,{},
"(5, 1, 21)",minecraft:dirt,{},
"(6, 1, 21)",minecraft:dirt,{},
"(7, 1, 21)",minecraft:dirt,{},
"(8, 1, 21)",minecraft:spruce_planks,{},
"(9, 1, 21)",minecraft:spruce_planks,{},
"(10, 1, 21)",minecraft:spruce_planks,{},
"(11, 1, 21)",minecraft:spruce_planks,{},
"(12, 1, 21)",minecraft:spruce_planks,{},
"(13, 1, 21)",minecraft:spruce_planks,{},
"(14, 1, 21)",minecraft:dirt,{},
"(15, 1, 21)",minecraft:dirt,{},
"(16, 1, 21)",minecraft:dirt,{},
"(17, 1, 21)",minecraft:dirt,{},
"(18, 1, 21)",minecraft:dirt,{},
"(19, 1, 21)",minecraft:dirt,{},
"(20, 1, 21)",minecraft:dirt,{},
"(21, 1, 21)",minecraft:dirt,{},
"(22, 1, 21)",minecraft:dirt,{},
"(23, 1, 21)",minecraft:dirt,{},
"(24, 1, 21)",minecraft:dirt,{},
"(25, 1, 21)",minecraft:dirt,{},
"(26, 1, 21)",minecraft:dirt,{},
"(27, 1, 21)",minecraft:dirt,{},
"(28, 1, 21)",minecraft:dirt,{},
"(29, 1, 21)",minecraft:dirt,{},
"(30, 1, 21)",minecraft:dirt,{},
"(31, 1, 21)",minecraft:dirt,{},
"(32, 1, 21)",minecraft:dirt,{},
"(33, 1, 21)",minecraft:dirt,{},
"(34, 1, 21)",minecraft:dirt,{},
"(35, 1, 21)",minecraft:dirt,{},
"(36, 1, 21)",minecraft:dirt,{},
"(37, 1, 21)",minecraft:dirt,{},
"(38, 1, 21)",minecraft:dirt,{},
"(39, 1, 21)",minecraft:dirt,{},
"(40, 1, 21)",minecraft:dirt,{},
"(41, 1, 21)",minecraft:dirt,{},
"(42, 1, 21)",minecraft:dirt,{},
"(43, 1, 21)",minecraft:dirt,{},
"(44, 1, 21)",minecraft:dirt,{},
"(45, 1, 21)",minecraft:dirt,{},
"(46, 1, 21)",minecraft:dirt,{},
"(47, 1, 21)",minecraft:dirt,{},
"(48, 1, 21)",minecraft:andesite,{},
"(5, 1, 22)",minecraft:dirt,{},
"(6, 1, 22)",minecraft:spruce_planks,{},
"(7, 1, 22)",minecraft:spruce_planks,{},
"(8, 1, 22)",minecraft:spruce_planks,{},
"(9, 1, 22)",minecraft:spruce_planks,{},
"(10, 1, 22)",minecraft:spruce_planks,{},
"(11, 1, 22)",minecraft:spruce_planks,{},
"(12, 1, 22)",minecraft:spruce_planks,{},
"(13, 1, 22)",minecraft:spruce_planks,{},
"(14, 1, 22)",minecraft:dirt,{},
"(15, 1, 22)",minecraft:dirt,{},
"(16, 1, 22)",minecraft:dirt,{},
"(17, 1, 22)",minecraft:dirt,{},
"(18, 1, 22)",minecraft:dirt,{},
"(19, 1, 22)",minecraft:dirt,{},
"(20, 1, 22)",minecraft:dirt,{},
"(21, 1, 22)",minecraft:dirt,{},
"(22, 1, 22)",minecraft:dirt,{},
"(23, 1, 22)",minecraft:dirt,{},
"(24, 1, 22)",minecraft:dirt,{},
"(25, 1, 22)",minecraft:dirt,{},
"(26, 1, 22)",minecraft:dirt,{},
"(27, 1, 22)",minecraft:dirt,{},
"(28, 1, 22)",minecraft:dirt,{},
"(29, 1, 22)",minecraft:dirt,{},
"(30, 1, 22)",minecraft:dirt,{},
"(31, 1, 22)",minecraft:dirt,{},
"(32, 1, 22)",minecraft:dirt,{},
"(33, 1, 22)",minecraft:dirt,{},
"(34, 1, 22)",minecraft:dirt,{},
"(35, 1, 22)",minecraft:dirt,{},
"(36, 1, 22)",minecraft:dirt,{},
"(37, 1, 22)",minecraft:dirt,{},
"(38, 1, 22)",minecraft:dirt,{},
"(39, 1, 22)",minecraft:dirt,{},
"(40, 1, 22)",minecraft:dirt,{},
"(41, 1, 22)",minecraft:dirt,{},
"(42, 1, 22)",minecraft:dirt,{},
"(43, 1, 22)",minecraft:dirt,{},
"(44, 1, 22)",minecraft:dirt,{},
"(45, 1, 22)",minecraft:dirt,{},
"(46, 1, 22)",minecraft:dirt,{},
"(47, 1, 22)",minecraft:dirt,{},
"(48, 1, 22)",minecraft:stone_bricks,{},
"(5, 1, 23)",minecraft:dirt,{},
"(6, 1, 23)",minecraft:spruce_planks,{},
"(7, 1, 23)",minecraft:spruce_planks,{},
"(8, 1, 23)",minecraft:spruce_planks,{},
"(9, 1, 23)",minecraft:spruce_planks,{},
"(10, 1, 23)",minecraft:spruce_planks,{},
"(11, 1, 23)",minecraft:spruce_planks,{},
"(12, 1, 23)",minecraft:spruce_planks,{},
"(13, 1, 23)",minecraft:spruce_planks,{},
"(14, 1, 23)",minecraft:dirt,{},
"(15, 1, 23)",minecraft:dirt,{},
"(16, 1, 23)",minecraft:dirt,{},
"(17, 1, 23)",minecraft:dirt,{},
"(18, 1, 23)",minecraft:dirt,{},
"(19, 1, 23)",minecraft:dirt,{},
"(20, 1, 23)",minecraft:dirt,{},
"(21, 1, 23)",minecraft:dirt,{},
"(22, 1, 23)",minecraft:dirt,{},
"(23, 1, 23)",minecraft:dirt,{},
"(24, 1, 23)",minecraft:dirt,{},
"(25, 1, 23)",minecraft:dirt,{},
"(26, 1, 23)",minecraft:dirt,{},
"(27, 1, 23)",minecraft:dirt,{},
"(28, 1, 23)",minecraft:dirt,{},
"(29, 1, 23)",minecraft:dirt,{},
"(30, 1, 23)",minecraft:dirt,{},
"(31, 1, 23)",minecraft:dirt,{},
"(32, 1, 23)",minecraft:dirt,{},
"(33, 1, 23)",minecraft:dirt,{},
"(34, 1, 23)",minecraft:dirt,{},
"(35, 1, 23)",minecraft:dirt,{},
"(36, 1, 23)",minecraft:dirt,{},
"(37, 1, 23)",minecraft:dirt,{},
"(38, 1, 23)",minecraft:dirt,{},
"(39, 1, 23)",minecraft:dirt,{},
"(40, 1, 23)",minecraft:dirt,{},
"(41, 1, 23)",minecraft:dirt,{},
"(42, 1, 23)",minecraft:dirt,{},
"(43, 1, 23)",minecraft:dirt,{},
"(44, 1, 23)",minecraft:dirt,{},
"(45, 1, 23)",minecraft:dirt,{},
"(46, 1, 23)",minecraft:dirt,{},
"(47, 1, 23)",minecraft:dirt,{},
"(48, 1, 23)",minecraft:stone,{},
"(5, 1, 24)",minecraft:dirt,{},
"(6, 1, 24)",minecraft:spruce_planks,{},
"(7, 1, 24)",minecraft:spruce_planks,{},
"(8, 1, 24)",minecraft:spruce_planks,{},
"(9, 1, 24)",minecraft:spruce_planks,{},
"(10, 1, 24)",minecraft:spruce_planks,{},
"(11, 1, 24)",minecraft:spruce_planks,{},
"(12, 1, 24)",minecraft:spruce_planks,{},
"(13, 1, 24)",minecraft:spruce_planks,{},
"(14, 1, 24)",minecraft:dirt,{},
"(15, 1, 24)",minecraft:dirt,{},
"(16, 1, 24)",minecraft:dirt,{},
"(17, 1, 24)",minecraft:dirt,{},
"(18, 1, 24)",minecraft:dirt,{},
"(19, 1, 24)",minecraft:dirt,{},
"(20, 1, 24)",minecraft:dirt,{},
"(21, 1, 24)",minecraft:dirt,{},
"(22, 1, 24)",minecraft:dirt,{},
"(23, 1, 24)",minecraft:dirt,{},
"(24, 1, 24)",minecraft:dirt,{},
"(25, 1, 24)",minecraft:dirt,{},
"(26, 1, 24)",minecraft:dirt,{},
"(27, 1, 24)",minecraft:dirt,{},
"(28, 1, 24)",minecraft:dirt,{},
"(29, 1, 24)",minecraft:dirt,{},
"(30, 1, 24)",minecraft:dirt,{},
"(31, 1, 24)",minecraft:dirt,{},
"(32, 1, 24)",minecraft:dirt,{},
"(33, 1, 24)",minecraft:dirt,{},
"(34, 1, 24)",minecraft:dirt,{},
"(35, 1, 24)",minecraft:dirt,{},
"(36, 1, 24)",minecraft:dirt,{},
"(37, 1, 24)",minecraft:dirt,{},
"(38, 1, 24)",minecraft:dirt,{},
"(39, 1, 24)",minecraft:dirt,{},
"(40, 1, 24)",minecraft:dirt,{},
"(41, 1, 24)",minecraft:dirt,{},
"(42, 1, 24)",minecraft:dirt,{},
"(43, 1, 24)",minecraft:dirt,{},
"(44, 1, 24)",minecraft:dirt,{},
"(45, 1, 24)",minecraft:dirt,{},
"(46, 1, 24)",minecraft:dirt,{},
"(47, 1, 24)",minecraft:dirt,{},
"(48, 1, 24)",minecraft:andesite,{},
"(5, 1, 25)",minecraft:dirt,{},
"(6, 1, 25)",minecraft:spruce_planks,{},
"(7, 1, 25)",minecraft:spruce_planks,{},
"(8, 1, 25)",minecraft:spruce_planks,{},
"(9, 1, 25)",minecraft:spruce_planks,{},
"(10, 1, 25)",minecraft:spruce_planks,{},
"(11, 1, 25)",minecraft:spruce_planks,{},
"(12, 1, 25)",minecraft:spruce_planks,{},
"(13, 1, 25)",minecraft:spruce_planks,{},
"(14, 1, 25)",minecraft:dirt,{},
"(15, 1, 25)",minecraft:dirt,{},
"(16, 1, 25)",minecraft:dirt,{},
"(17, 1, 25)",minecraft:dirt,{},
"(18, 1, 25)",minecraft:dirt,{},
"(19, 1, 25)",minecraft:dirt,{},
"(20, 1, 25)",minecraft:dirt,{},
"(21, 1, 25)",minecraft:dirt,{},
"(22, 1, 25)",minecraft:dirt,{},
"(23, 1, 25)",minecraft:dirt,{},
"(24, 1, 25)",minecraft:dirt,{},
"(25, 1, 25)",minecraft:dirt,{},
"(26, 1, 25)",minecraft:dirt,{},
"(27, 1, 25)",minecraft:dirt,{},
"(28, 1, 25)",minecraft:grass_block,{'snowy': 'false'},
"(29, 1, 25)",minecraft:grass_block,{'snowy': 'false'},
"(30, 1, 25)",minecraft:grass_block,{'snowy': 'false'},
"(31, 1, 25)",minecraft:grass_block,{'snowy': 'false'},
"(32, 1, 25)",minecraft:grass_block,{'snowy': 'false'},
"(33, 1, 25)",minecraft:grass_block,{'snowy': 'false'},
"(34, 1, 25)",minecraft:grass_block,{'snowy': 'false'},
"(35, 1, 25)",minecraft:dirt,{},
"(36, 1, 25)",minecraft:dirt,{},
"(37, 1, 25)",minecraft:dirt,{},
"(38, 1, 25)",minecraft:dirt,{},
"(39, 1, 25)",minecraft:dirt,{},
"(40, 1, 25)",minecraft:dirt,{},
"(41, 1, 25)",minecraft:dirt,{},
"(42, 1, 25)",minecraft:dirt,{},
"(43, 1, 25)",minecraft:dirt,{},
"(44, 1, 25)",minecraft:dirt,{},
"(45, 1, 25)",minecraft:dirt,{},
"(46, 1, 25)",minecraft:dirt,{},
"(47, 1, 25)",minecraft:dirt,{},
"(48, 1, 25)",minecraft:dirt,{},
"(49, 1, 25)",minecraft:andesite,{},
"(50, 1, 25)",minecraft:stone,{},
"(5, 1, 26)",minecraft:dirt,{},
"(6, 1, 26)",minecraft:spruce_planks,{},
"(7, 1, 26)",minecraft:spruce_planks,{},
"(8, 1, 26)",minecraft:spruce_planks,{},
"(9, 1, 26)",minecraft:spruce_planks,{},
"(10, 1, 26)",minecraft:spruce_planks,{},
"(11, 1, 26)",minecraft:spruce_planks,{},
"(12, 1, 26)",minecraft:spruce_planks,{},
"(13, 1, 26)",minecraft:spruce_planks,{},
"(14, 1, 26)",minecraft:dirt,{},
"(15, 1, 26)",minecraft:dirt,{},
"(16, 1, 26)",minecraft:dirt,{},
"(17, 1, 26)",minecraft:dirt,{},
"(18, 1, 26)",minecraft:dirt,{},
"(19, 1, 26)",minecraft:dirt,{},
"(20, 1, 26)",minecraft:dirt,{},
"(21, 1, 26)",minecraft:dirt,{},
"(22, 1, 26)",minecraft:dirt,{},
"(23, 1, 26)",minecraft:dirt,{},
"(24, 1, 26)",minecraft:dirt,{},
"(25, 1, 26)",minecraft:dirt,{},
"(26, 1, 26)",minecraft:dirt,{},
"(27, 1, 26)",minecraft:dirt,{},
"(28, 1, 26)",minecraft:grass_block,{'snowy': 'false'},
"(29, 1, 26)",minecraft:grass_block,{'snowy': 'false'},
"(30, 1, 26)",minecraft:grass_block,{'snowy': 'false'},
"(31, 1, 26)",minecraft:grass_block,{'snowy': 'false'},
"(32, 1, 26)",minecraft:grass_block,{'snowy': 'false'},
"(33, 1, 26)",minecraft:grass_block,{'snowy': 'false'},
"(34, 1, 26)",minecraft:grass_block,{'snowy': 'false'},
"(35, 1, 26)",minecraft:dirt,{},
"(36, 1, 26)",minecraft:dirt,{},
"(37, 1, 26)",minecraft:dirt,{},
"(38, 1, 26)",minecraft:dirt,{},
"(39, 1, 26)",minecraft:grass_block,{'snowy': 'false'},
"(40, 1, 26)",minecraft:grass_block,{'snowy': 'false'},
"(41, 1, 26)",minecraft:grass_block,{'snowy': 'false'},
"(42, 1, 26)",minecraft:grass_block,{'snowy': 'false'},
"(43, 1, 26)",minecraft:grass_block,{'snowy': 'false'},
"(44, 1, 26)",minecraft:grass_block,{'snowy': 'false'},
"(45, 1, 26)",minecraft:grass_block,{'snowy': 'false'},
"(46, 1, 26)",minecraft:grass_block,{'snowy': 'false'},
"(47, 1, 26)",minecraft:grass_block,{'snowy': 'false'},
"(48, 1, 26)",minecraft:grass_block,{'snowy': 'false'},
"(49, 1, 26)",minecraft:grass_block,{'snowy': 'false'},
"(50, 1, 26)",minecraft:stone_bricks,{},
"(5, 1, 27)",minecraft:dirt,{},
"(6, 1, 27)",minecraft:dirt,{},
"(7, 1, 27)",minecraft:dirt,{},
"(8, 1, 27)",minecraft:spruce_planks,{},
"(9, 1, 27)",minecraft:spruce_planks,{},
"(10, 1, 27)",minecraft:spruce_planks,{},
"(11, 1, 27)",minecraft:spruce_planks,{},
"(12, 1, 27)",minecraft:spruce_planks,{},
"(13, 1, 27)",minecraft:spruce_planks,{},
"(14, 1, 27)",minecraft:dirt,{},
"(15, 1, 27)",minecraft:dirt,{},
"(16, 1, 27)",minecraft:dirt,{},
"(17, 1, 27)",minecraft:dirt,{},
"(18, 1, 27)",minecraft:dirt,{},
"(19, 1, 27)",minecraft:dirt,{},
"(20, 1, 27)",minecraft:dirt,{},
"(21, 1, 27)",minecraft:dirt,{},
"(22, 1, 27)",minecraft:dirt,{},
"(23, 1, 27)",minecraft:grass_block,{'snowy': 'false'},
"(24, 1, 27)",minecraft:grass_block,{'snowy': 'false'},
"(25, 1, 27)",minecraft:grass_block,{'snowy': 'false'},
"(26, 1, 27)",minecraft:grass_block,{'snowy': 'false'},
"(27, 1, 27)",minecraft:grass_block,{'snowy': 'false'},
"(28, 1, 27)",minecraft:grass_block,{'snowy': 'false'},
"(29, 1, 27)",minecraft:grass_block,{'snowy': 'false'},
"(30, 1, 27)",minecraft:grass_block,{'snowy': 'false'},
"(31, 1, 27)",minecraft:grass_block,{'snowy': 'false'},
"(32, 1, 27)",minecraft:grass_block,{'snowy': 'false'},
"(33, 1, 27)",minecraft:grass_block,{'snowy': 'false'},
"(34, 1, 27)",minecraft:grass_block,{'snowy': 'false'},
"(35, 1, 27)",minecraft:grass_block,{'snowy': 'false'},
"(36, 1, 27)",minecraft:grass_block,{'snowy': 'false'},
"(37, 1, 27)",minecraft:grass_block,{'snowy': 'false'},
"(38, 1, 27)",minecraft:dirt,{},
"(39, 1, 27)",minecraft:grass_block,{'snowy': 'false'},
"(40, 1, 27)",minecraft:grass_block,{'snowy': 'false'},
"(41, 1, 27)",minecraft:grass_block,{'snowy': 'false'},
"(42, 1, 27)",minecraft:grass_block,{'snowy': 'false'},
"(43, 1, 27)",minecraft:grass_block,{'snowy': 'false'},
"(44, 1, 27)",minecraft:grass_block,{'snowy': 'false'},
"(45, 1, 27)",minecraft:grass_block,{'snowy': 'false'},
"(46, 1, 27)",minecraft:grass_block,{'snowy': 'false'},
"(47, 1, 27)",minecraft:grass_block,{'snowy': 'false'},
"(48, 1, 27)",minecraft:grass_block,{'snowy': 'false'},
"(49, 1, 27)",minecraft:grass_block,{'snowy': 'false'},
"(50, 1, 27)",minecraft:andesite,{},
"(8, 1, 28)",minecraft:dirt,{},
"(9, 1, 28)",minecraft:dirt,{},
"(10, 1, 28)",minecraft:dirt,{},
"(11, 1, 28)",minecraft:grass_block,{'snowy': 'false'},
"(12, 1, 28)",minecraft:grass_block,{'snowy': 'false'},
"(13, 1, 28)",minecraft:dirt,{},
"(14, 1, 28)",minecraft:dirt,{},
"(15, 1, 28)",minecraft:dirt,{},
"(16, 1, 28)",minecraft:dirt,{},
"(17, 1, 28)",minecraft:dirt,{},
"(18, 1, 28)",minecraft:dirt,{},
"(19, 1, 28)",minecraft:dirt,{},
"(20, 1, 28)",minecraft:dirt,{},
"(21, 1, 28)",minecraft:dirt,{},
"(22, 1, 28)",minecraft:dirt,{},
"(23, 1, 28)",minecraft:grass_block,{'snowy': 'false'},
"(24, 1, 28)",minecraft:grass_block,{'snowy': 'false'},
"(25, 1, 28)",minecraft:grass_block,{'snowy': 'false'},
"(26, 1, 28)",minecraft:grass_block,{'snowy': 'false'},
"(27, 1, 28)",minecraft:grass_block,{'snowy': 'false'},
"(28, 1, 28)",minecraft:grass_block,{'snowy': 'false'},
"(29, 1, 28)",minecraft:grass_block,{'snowy': 'false'},
"(30, 1, 28)",minecraft:grass_block,{'snowy': 'false'},
"(31, 1, 28)",minecraft:grass_block,{'snowy': 'false'},
"(32, 1, 28)",minecraft:grass_block,{'snowy': 'false'},
"(33, 1, 28)",minecraft:grass_block,{'snowy': 'false'},
"(34, 1, 28)",minecraft:grass_block,{'snowy': 'false'},
"(35, 1, 28)",minecraft:grass_block,{'snowy': 'false'},
"(36, 1, 28)",minecraft:grass_block,{'snowy': 'false'},
"(37, 1, 28)",minecraft:grass_block,{'snowy': 'false'},
"(38, 1, 28)",minecraft:dirt,{},
"(39, 1, 28)",minecraft:grass_block,{'snowy': 'false'},
"(40, 1, 28)",minecraft:grass_block,{'snowy': 'false'},
"(41, 1, 28)",minecraft:grass_block,{'snowy': 'false'},
"(42, 1, 28)",minecraft:grass_block,{'snowy': 'false'},
"(43, 1, 28)",minecraft:grass_block,{'snowy': 'false'},
"(44, 1, 28)",minecraft:grass_block,{'snowy': 'false'},
"(45, 1, 28)",minecraft:grass_block,{'snowy': 'false'},
"(46, 1, 28)",minecraft:grass_block,{'snowy': 'false'},
"(47, 1, 28)",minecraft:grass_block,{'snowy': 'false'},
"(48, 1, 28)",minecraft:grass_block,{'snowy': 'false'},
"(49, 1, 28)",minecraft:grass_block,{'snowy': 'false'},
"(50, 1, 28)",minecraft:stone,{},
"(8, 1, 29)",minecraft:dirt,{},
"(9, 1, 29)",minecraft:grass_block,{'snowy': 'false'},
"(10, 1, 29)",minecraft:grass_block,{'snowy': 'false'},
"(11, 1, 29)",minecraft:grass_block,{'snowy': 'false'},
"(12, 1, 29)",minecraft:grass_block,{'snowy': 'false'},
"(13, 1, 29)",minecraft:grass_block,{'snowy': 'false'},
"(14, 1, 29)",minecraft:dirt,{},
"(15, 1, 29)",minecraft:dirt,{},
"(16, 1, 29)",minecraft:dirt,{},
"(17, 1, 29)",minecraft:dirt,{},
"(18, 1, 29)",minecraft:dirt,{},
"(19, 1, 29)",minecraft:dirt,{},
"(20, 1, 29)",minecraft:dirt,{},
"(21, 1, 29)",minecraft:dirt,{},
"(22, 1, 29)",minecraft:dirt,{},
"(23, 1, 29)",minecraft:grass_block,{'snowy': 'false'},
"(24, 1, 29)",minecraft:grass_block,{'snowy': 'false'},
"(25, 1, 29)",minecraft:grass_block,{'snowy': 'false'},
"(26, 1, 29)",minecraft:grass_block,{'snowy': 'false'},
"(27, 1, 29)",minecraft:grass_block,{'snowy': 'false'},
"(28, 1, 29)",minecraft:grass_block,{'snowy': 'false'},
"(29, 1, 29)",minecraft:grass_block,{'snowy': 'false'},
"(30, 1, 29)",minecraft:grass_block,{'snowy': 'false'},
"(31, 1, 29)",minecraft:grass_block,{'snowy': 'false'},
"(32, 1, 29)",minecraft:grass_block,{'snowy': 'false'},
"(33, 1, 29)",minecraft:grass_block,{'snowy': 'false'},
"(34, 1, 29)",minecraft:grass_block,{'snowy': 'false'},
"(35, 1, 29)",minecraft:grass_block,{'snowy': 'false'},
"(36, 1, 29)",minecraft:grass_block,{'snowy': 'false'},
"(37, 1, 29)",minecraft:grass_block,{'snowy': 'false'},
"(38, 1, 29)",minecraft:dirt,{},
"(39, 1, 29)",minecraft:grass_block,{'snowy': 'false'},
"(40, 1, 29)",minecraft:grass_block,{'snowy': 'false'},
"(41, 1, 29)",minecraft:grass_block,{'snowy': 'false'},
"(42, 1, 29)",minecraft:grass_block,{'snowy': 'false'},
"(43, 1, 29)",minecraft:grass_block,{'snowy': 'false'},
"(44, 1, 29)",minecraft:grass_block,{'snowy': 'false'},
"(45, 1, 29)",minecraft:grass_block,{'snowy': 'false'},
"(46, 1, 29)",minecraft:grass_block,{'snowy': 'false'},
"(47, 1, 29)",minecraft:grass_block,{'snowy': 'false'},
"(48, 1, 29)",minecraft:grass_block,{'snowy': 'false'},
"(49, 1, 29)",minecraft:grass_block,{'snowy': 'false'},
"(50, 1, 29)",minecraft:stone_bricks,{},
"(8, 1, 30)",minecraft:dirt,{},
"(9, 1, 30)",minecraft:grass_block,{'snowy': 'false'},
"(10, 1, 30)",minecraft:grass_block,{'snowy': 'false'},
"(11, 1, 30)",minecraft:grass_block,{'snowy': 'false'},
"(12, 1, 30)",minecraft:grass_block,{'snowy': 'false'},
"(13, 1, 30)",minecraft:grass_block,{'snowy': 'false'},
"(14, 1, 30)",minecraft:dirt,{},
"(15, 1, 30)",minecraft:dirt,{},
"(16, 1, 30)",minecraft:dirt,{},
"(17, 1, 30)",minecraft:dirt,{},
"(18, 1, 30)",minecraft:dirt,{},
"(19, 1, 30)",minecraft:dirt,{},
"(20, 1, 30)",minecraft:dirt,{},
"(21, 1, 30)",minecraft:dirt,{},
"(22, 1, 30)",minecraft:dirt,{},
"(23, 1, 30)",minecraft:grass_block,{'snowy': 'false'},
"(24, 1, 30)",minecraft:grass_block,{'snowy': 'false'},
"(25, 1, 30)",minecraft:grass_block,{'snowy': 'false'},
"(26, 1, 30)",minecraft:grass_block,{'snowy': 'false'},
"(27, 1, 30)",minecraft:grass_block,{'snowy': 'false'},
"(28, 1, 30)",minecraft:grass_block,{'snowy': 'false'},
"(29, 1, 30)",minecraft:grass_block,{'snowy': 'false'},
"(30, 1, 30)",minecraft:grass_block,{'snowy': 'false'},
"(31, 1, 30)",minecraft:grass_block,{'snowy': 'false'},
"(32, 1, 30)",minecraft:grass_block,{'snowy': 'false'},
"(33, 1, 30)",minecraft:grass_block,{'snowy': 'false'},
"(34, 1, 30)",minecraft:grass_block,{'snowy': 'false'},
"(35, 1, 30)",minecraft:grass_block,{'snowy': 'false'},
"(36, 1, 30)",minecraft:grass_block,{'snowy': 'false'},
"(37, 1, 30)",minecraft:grass_block,{'snowy': 'false'},
"(38, 1, 30)",minecraft:dirt,{},
"(39, 1, 30)",minecraft:grass_block,{'snowy': 'false'},
"(40, 1, 30)",minecraft:grass_block,{'snowy': 'false'},
"(41, 1, 30)",minecraft:grass_block,{'snowy': 'false'},
"(42, 1, 30)",minecraft:grass_block,{'snowy': 'false'},
"(43, 1, 30)",minecraft:grass_block,{'snowy': 'false'},
"(44, 1, 30)",minecraft:grass_block,{'snowy': 'false'},
"(45, 1, 30)",minecraft:grass_block,{'snowy': 'false'},
"(46, 1, 30)",minecraft:grass_block,{'snowy': 'false'},
"(47, 1, 30)",minecraft:grass_block,{'snowy': 'false'},
"(48, 1, 30)",minecraft:grass_block,{'snowy': 'false'},
"(49, 1, 30)",minecraft:grass_block,{'snowy': 'false'},
"(50, 1, 30)",minecraft:andesite,{},
"(8, 1, 31)",minecraft:dirt,{},
"(9, 1, 31)",minecraft:grass_block,{'snowy': 'false'},
"(10, 1, 31)",minecraft:grass_block,{'snowy': 'false'},
"(11, 1, 31)",minecraft:grass_block,{'snowy': 'false'},
"(12, 1, 31)",minecraft:grass_block,{'snowy': 'false'},
"(13, 1, 31)",minecraft:grass_block,{'snowy': 'false'},
"(14, 1, 31)",minecraft:dirt,{},
"(15, 1, 31)",minecraft:dirt,{},
"(16, 1, 31)",minecraft:dirt,{},
"(17, 1, 31)",minecraft:dirt,{},
"(18, 1, 31)",minecraft:dirt,{},
"(19, 1, 31)",minecraft:dirt,{},
"(20, 1, 31)",minecraft:dirt,{},
"(21, 1, 31)",minecraft:dirt,{},
"(22, 1, 31)",minecraft:dirt,{},
"(23, 1, 31)",minecraft:dirt,{},
"(24, 1, 31)",minecraft:grass_block,{'snowy': 'false'},
"(25, 1, 31)",minecraft:grass_block,{'snowy': 'false'},
"(26, 1, 31)",minecraft:grass_block,{'snowy': 'false'},
"(27, 1, 31)",minecraft:grass_block,{'snowy': 'false'},
"(28, 1, 31)",minecraft:grass_block,{'snowy': 'false'},
"(29, 1, 31)",minecraft:grass_block,{'snowy': 'false'},
"(30, 1, 31)",minecraft:grass_block,{'snowy': 'false'},
"(31, 1, 31)",minecraft:grass_block,{'snowy': 'false'},
"(32, 1, 31)",minecraft:grass_block,{'snowy': 'false'},
"(33, 1, 31)",minecraft:grass_block,{'snowy': 'false'},
"(34, 1, 31)",minecraft:grass_block,{'snowy': 'false'},
"(35, 1, 31)",minecraft:grass_block,{'snowy': 'false'},
"(36, 1, 31)",minecraft:grass_block,{'snowy': 'false'},
"(37, 1, 31)",minecraft:grass_block,{'snowy': 'false'},
"(38, 1, 31)",minecraft:dirt,{},
"(39, 1, 31)",minecraft:dirt,{},
"(40, 1, 31)",minecraft:dirt,{},
"(41, 1, 31)",minecraft:dirt,{},
"(42, 1, 31)",minecraft:grass_block,{'snowy': 'false'},
"(43, 1, 31)",minecraft:grass_block,{'snowy': 'false'},
"(44, 1, 31)",minecraft:grass_block,{'snowy': 'false'},
"(45, 1, 31)",minecraft:grass_block,{'snowy': 'false'},
"(46, 1, 31)",minecraft:grass_block,{'snowy': 'false'},
"(47, 1, 31)",minecraft:grass_block,{'snowy': 'false'},
"(48, 1, 31)",minecraft:grass_block,{'snowy': 'false'},
"(49, 1, 31)",minecraft:dirt,{},
"(50, 1, 31)",minecraft:stone_bricks,{},
"(8, 1, 32)",minecraft:dirt,{},
"(9, 1, 32)",minecraft:grass_block,{'snowy': 'false'},
"(10, 1, 32)",minecraft:grass_block,{'snowy': 'false'},
"(11, 1, 32)",minecraft:grass_block,{'snowy': 'false'},
"(12, 1, 32)",minecraft:grass_block,{'snowy': 'false'},
"(13, 1, 32)",minecraft:grass_block,{'snowy': 'false'},
"(14, 1, 32)",minecraft:grass_block,{'snowy': 'false'},
"(15, 1, 32)",minecraft:grass_block,{'snowy': 'false'},
"(16, 1, 32)",minecraft:grass_block,{'snowy': 'false'},
"(17, 1, 32)",minecraft:grass_block,{'snowy': 'false'},
"(18, 1, 32)",minecraft:grass_block,{'snowy': 'false'},
"(19, 1, 32)",minecraft:grass_block,{'snowy': 'false'},
"(20, 1, 32)",minecraft:dirt,{},
"(21, 1, 32)",minecraft:grass_block,{'snowy': 'false'},
"(22, 1, 32)",minecraft:dirt,{},
"(23, 1, 32)",minecraft:dirt,{},
"(24, 1, 32)",minecraft:grass_block,{'snowy': 'false'},
"(25, 1, 32)",minecraft:grass_block,{'snowy': 'false'},
"(26, 1, 32)",minecraft:grass_block,{'snowy': 'false'},
"(27, 1, 32)",minecraft:grass_block,{'snowy': 'false'},
"(28, 1, 32)",minecraft:grass_block,{'snowy': 'false'},
"(29, 1, 32)",minecraft:grass_block,{'snowy': 'false'},
"(30, 1, 32)",minecraft:grass_block,{'snowy': 'false'},
"(31, 1, 32)",minecraft:grass_block,{'snowy': 'false'},
"(32, 1, 32)",minecraft:grass_block,{'snowy': 'false'},
"(33, 1, 32)",minecraft:grass_block,{'snowy': 'false'},
"(34, 1, 32)",minecraft:grass_block,{'snowy': 'false'},
"(35, 1, 32)",minecraft:grass_block,{'snowy': 'false'},
"(36, 1, 32)",minecraft:grass_block,{'snowy': 'false'},
"(37, 1, 32)",minecraft:grass_block,{'snowy': 'false'},
"(38, 1, 32)",minecraft:dirt,{},
"(39, 1, 32)",minecraft:grass_block,{'snowy': 'false'},
"(40, 1, 32)",minecraft:grass_block,{'snowy': 'false'},
"(41, 1, 32)",minecraft:coarse_dirt,{},
"(42, 1, 32)",minecraft:dirt,{},
"(43, 1, 32)",minecraft:grass_block,{'snowy': 'false'},
"(44, 1, 32)",minecraft:grass_block,{'snowy': 'false'},
"(45, 1, 32)",minecraft:grass_block,{'snowy': 'false'},
"(46, 1, 32)",minecraft:grass_block,{'snowy': 'false'},
"(47, 1, 32)",minecraft:grass_block,{'snowy': 'false'},
"(48, 1, 32)",minecraft:dirt,{},
"(49, 1, 32)",minecraft:dirt,{},
"(50, 1, 32)",minecraft:granite,{},
"(8, 1, 33)",minecraft:dirt,{},
"(9, 1, 33)",minecraft:grass_block,{'snowy': 'false'},
"(10, 1, 33)",minecraft:grass_block,{'snowy': 'false'},
"(11, 1, 33)",minecraft:grass_block,{'snowy': 'false'},
"(12, 1, 33)",minecraft:grass_block,{'snowy': 'false'},
"(13, 1, 33)",minecraft:grass_block,{'snowy': 'false'},
"(14, 1, 33)",minecraft:grass_block,{'snowy': 'false'},
"(15, 1, 33)",minecraft:grass_block,{'snowy': 'false'},
"(16, 1, 33)",minecraft:grass_block,{'snowy': 'false'},
"(17, 1, 33)",minecraft:grass_block,{'snowy': 'false'},
"(18, 1, 33)",minecraft:grass_block,{'snowy': 'false'},
"(19, 1, 33)",minecraft:grass_block,{'snowy': 'false'},
"(20, 1, 33)",minecraft:dirt,{},
"(21, 1, 33)",minecraft:dirt,{},
"(22, 1, 33)",minecraft:dirt,{},
"(23, 1, 33)",minecraft:dirt,{},
"(24, 1, 33)",minecraft:dirt,{},
"(25, 1, 33)",minecraft:grass_block,{'snowy': 'false'},
"(26, 1, 33)",minecraft:grass_block,{'snowy': 'false'},
"(27, 1, 33)",minecraft:grass_block,{'snowy': 'false'},
"(28, 1, 33)",minecraft:grass_block,{'snowy': 'false'},
"(29, 1, 33)",minecraft:grass_block,{'snowy': 'false'},
"(30, 1, 33)",minecraft:grass_block,{'snowy': 'false'},
"(31, 1, 33)",minecraft:grass_block,{'snowy': 'false'},
"(32, 1, 33)",minecraft:grass_block,{'snowy': 'false'},
"(33, 1, 33)",minecraft:grass_block,{'snowy': 'false'},
"(34, 1, 33)",minecraft:grass_block,{'snowy': 'false'},
"(35, 1, 33)",minecraft:grass_block,{'snowy': 'false'},
"(36, 1, 33)",minecraft:grass_block,{'snowy': 'false'},
"(37, 1, 33)",minecraft:grass_block,{'snowy': 'false'},
"(38, 1, 33)",minecraft:dirt,{},
"(39, 1, 33)",minecraft:coarse_dirt,{},
"(40, 1, 33)",minecraft:coarse_dirt,{},
"(41, 1, 33)",minecraft:grass_block,{'snowy': 'false'},
"(42, 1, 33)",minecraft:dirt,{},
"(43, 1, 33)",minecraft:dirt,{},
"(44, 1, 33)",minecraft:dirt,{},
"(45, 1, 33)",minecraft:dirt,{},
"(46, 1, 33)",minecraft:dirt,{},
"(47, 1, 33)",minecraft:dirt,{},
"(48, 1, 33)",minecraft:bricks,{},
"(49, 1, 33)",minecraft:stone_bricks,{},
"(9, 1, 34)",minecraft:cobblestone,{},
"(10, 1, 34)",minecraft:cobblestone,{},
"(11, 1, 34)",minecraft:cobblestone,{},
"(12, 1, 34)",minecraft:dirt,{},
"(13, 1, 34)",minecraft:dirt,{},
"(14, 1, 34)",minecraft:cobblestone,{},
"(15, 1, 34)",minecraft:cobblestone,{},
"(16, 1, 34)",minecraft:cobblestone,{},
"(17, 1, 34)",minecraft:dirt,{},
"(18, 1, 34)",minecraft:dirt,{},
"(19, 1, 34)",minecraft:dirt,{},
"(20, 1, 34)",minecraft:dirt,{},
"(21, 1, 34)",minecraft:dirt,{},
"(22, 1, 34)",minecraft:dirt,{},
"(23, 1, 34)",minecraft:dirt,{},
"(24, 1, 34)",minecraft:dirt,{},
"(25, 1, 34)",minecraft:dirt,{},
"(26, 1, 34)",minecraft:dirt,{},
"(27, 1, 34)",minecraft:dirt,{},
"(28, 1, 34)",minecraft:grass_block,{'snowy': 'false'},
"(29, 1, 34)",minecraft:grass_block,{'snowy': 'false'},
"(30, 1, 34)",minecraft:grass_block,{'snowy': 'false'},
"(31, 1, 34)",minecraft:grass_block,{'snowy': 'false'},
"(32, 1, 34)",minecraft:grass_block,{'snowy': 'false'},
"(33, 1, 34)",minecraft:grass_block,{'snowy': 'false'},
"(34, 1, 34)",minecraft:grass_block,{'snowy': 'false'},
"(35, 1, 34)",minecraft:dirt,{},
"(36, 1, 34)",minecraft:dirt,{},
"(37, 1, 34)",minecraft:dirt,{},
"(38, 1, 34)",minecraft:dirt,{},
"(39, 1, 34)",minecraft:grass_block,{'snowy': 'false'},
"(40, 1, 34)",minecraft:coarse_dirt,{},
"(41, 1, 34)",minecraft:dirt,{},
"(27, 1, 35)",minecraft:dirt,{},
"(28, 1, 35)",minecraft:grass_block,{'snowy': 'false'},
"(29, 1, 35)",minecraft:grass_block,{'snowy': 'false'},
"(30, 1, 35)",minecraft:grass_block,{'snowy': 'false'},
"(31, 1, 35)",minecraft:grass_block,{'snowy': 'false'},
"(32, 1, 35)",minecraft:grass_block,{'snowy': 'false'},
"(33, 1, 35)",minecraft:grass_block,{'snowy': 'false'},
"(34, 1, 35)",minecraft:grass_block,{'snowy': 'false'},
"(35, 1, 35)",minecraft:dirt,{},
"(36, 1, 35)",minecraft:grass_block,{'snowy': 'false'},
"(37, 1, 35)",minecraft:grass_block,{'snowy': 'false'},
"(38, 1, 35)",minecraft:grass_block,{'snowy': 'false'},
"(39, 1, 35)",minecraft:grass_block,{'snowy': 'false'},
"(40, 1, 35)",minecraft:grass_block,{'snowy': 'false'},
"(41, 1, 35)",minecraft:dirt,{},
"(27, 1, 36)",minecraft:dirt,{},
"(28, 1, 36)",minecraft:dirt,{},
"(29, 1, 36)",minecraft:dirt,{},
"(30, 1, 36)",minecraft:dirt,{},
"(31, 1, 36)",minecraft:dirt,{},
"(32, 1, 36)",minecraft:dirt,{},
"(33, 1, 36)",minecraft:dirt,{},
"(34, 1, 36)",minecraft:dirt,{},
"(35, 1, 36)",minecraft:dirt,{},
"(36, 1, 36)",minecraft:dirt,{},
"(37, 1, 36)",minecraft:dirt,{},
"(38, 1, 36)",minecraft:coarse_dirt,{},
"(39, 1, 36)",minecraft:coarse_dirt,{},
"(40, 1, 36)",minecraft:dirt,{},
"(38, 1, 37)",minecraft:dirt,{},
"(39, 1, 37)",minecraft:dirt,{},
"(37, 2, 0)",minecraft:cobblestone_slab,"{'type': 'bottom', 'waterlogged': 'false'}",
"(38, 2, 0)",minecraft:cobblestone,{},
"(18, 2, 1)",minecraft:cobblestone_slab,"{'type': 'bottom', 'waterlogged': 'false'}",
"(19, 2, 1)",minecraft:cobblestone_slab,"{'type': 'double', 'waterlogged': 'false'}",
"(20, 2, 1)",minecraft:cobblestone_slab,"{'type': 'double', 'waterlogged': 'false'}",
"(21, 2, 1)",minecraft:cobblestone_slab,"{'type': 'bottom', 'waterlogged': 'false'}",
"(27, 2, 1)",minecraft:jigsaw,{'orientation': 'up_north'},"{components: {}, joint: ""rollable"", name: ""minecraft:empty"", pool: ""minecraft:empty"", final_state: ""minecraft:air"", placement_priority: 0, selection_priority: 0, id: ""minecraft:jigsaw"", target: ""minecraft:empty""}"
"(35, 2, 1)",minecraft:cobblestone,{},
"(36, 2, 1)",minecraft:cobblestone_slab,"{'type': 'bottom', 'waterlogged': 'false'}",
"(37, 2, 1)",minecraft:white_tulip,{},
"(39, 2, 1)",minecraft:cobblestone_slab,"{'type': 'bottom', 'waterlogged': 'false'}",
"(13, 2, 2)",minecraft:spruce_slab,"{'type': 'top', 'waterlogged': 'false'}",
"(15, 2, 2)",minecraft:spruce_slab,"{'type': 'top', 'waterlogged': 'false'}",
"(16, 2, 2)",minecraft:acacia_leaves,"{'distance': '7', 'persistent': 'true', 'waterlogged': 'false'}",
"(17, 2, 2)",minecraft:cobblestone_slab,"{'type': 'bottom', 'waterlogged': 'false'}",
"(18, 2, 2)",minecraft:white_tulip,{},
"(19, 2, 2)",minecraft:short_grass,{},
"(20, 2, 2)",minecraft:poppy,{},
"(21, 2, 2)",minecraft:acacia_leaves,"{'distance': '7', 'persistent': 'true', 'waterlogged': 'false'}",
"(22, 2, 2)",minecraft:cobblestone_slab,"{'type': 'double', 'waterlogged': 'false'}",
"(23, 2, 2)",minecraft:cobblestone_slab,"{'type': 'bottom', 'waterlogged': 'false'}",
"(25, 2, 2)",minecraft:jigsaw,{'orientation': 'up_north'},"{components: {}, joint: ""rollable"", name: ""minecraft:empty"", pool: ""minecraft:empty"", final_state: ""minecraft:air"", placement_priority: 0, selection_priority: 0, id: ""minecraft:jigsaw"", target: ""minecraft:empty""}"
"(29, 2, 2)",minecraft:jigsaw,{'orientation': 'up_north'},"{components: {}, joint: ""rollable"", name: ""minecraft:empty"", pool: ""minecraft:empty"", final_state: ""minecraft:air"", placement_priority: 0, selection_priority: 0, id: ""minecraft:jigsaw"", target: ""minecraft:empty""}"
"(34, 2, 2)",minecraft:cobblestone_slab,"{'type': 'bottom', 'waterlogged': 'false'}",
"(35, 2, 2)",minecraft:acacia_leaves,"{'distance': '7', 'persistent': 'true', 'waterlogged': 'false'}",
"(36, 2, 2)",minecraft:short_grass,{},
"(37, 2, 2)",minecraft:acacia_leaves,"{'distance': '7', 'persistent': 'true', 'waterlogged': 'false'}",
"(38, 2, 2)",minecraft:short_grass,{},
"(39, 2, 2)",minecraft:cobblestone,{},
"(40, 2, 2)",minecraft:spruce_slab,"{'type': 'top', 'waterlogged': 'false'}",
"(42, 2, 2)",minecraft:spruce_slab,"{'type': 'top', 'waterlogged': 'false'}",
"(9, 2, 3)",minecraft:cobblestone_wall,"{'east': 'none', 'north': 'none', 'south': 'none', 'up': 'true', 'waterlogged': 'false', 'west': 'none'}",
"(12, 2, 3)",minecraft:stone_bricks,{},
"(13, 2, 3)",minecraft:stone,{},
"(14, 2, 3)",minecraft:andesite,{},
"(15, 2, 3)",minecraft:stone,{},
"(16, 2, 3)",minecraft:andesite,{},
"(17, 2, 3)",minecraft:cobblestone_slab,"{'type': 'double', 'waterlogged': 'false'}",
"(19, 2, 3)",minecraft:acacia_leaves,"{'distance': '7', 'persistent': 'true', 'waterlogged': 'false'}",
"(20, 2, 3)",minecraft:short_grass,{},
"(21, 2, 3)",minecraft:andesite,{},
"(22, 2, 3)",minecraft:stone_bricks,{},
"(23, 2, 3)",minecraft:stone_bricks,{},
"(33, 2, 3)",minecraft:stone,{},
"(34, 2, 3)",minecraft:stone_bricks,{},
"(35, 2, 3)",minecraft:andesite,{},
"(36, 2, 3)",minecraft:acacia_leaves,"{'distance': '7', 'persistent': 'true', 'waterlogged': 'false'}",
"(37, 2, 3)",minecraft:short_grass,{},
"(38, 2, 3)",minecraft:tall_grass,{'half': 'lower'},
"(39, 2, 3)",minecraft:stone,{},
"(40, 2, 3)",minecraft:stone_bricks,{},
"(41, 2, 3)",minecraft:stone_bricks,{},
"(42, 2, 3)",minecraft:stone,{},
"(43, 2, 3)",minecraft:stone_bricks,{},
"(44, 2, 3)",minecraft:cobblestone,{},
"(45, 2, 3)",minecraft:cobblestone_slab,"{'type': 'bottom', 'waterlogged': 'false'}",
"(11, 2, 4)",minecraft:bricks,{},
"(12, 2, 4)",minecraft:stone,{},
"(13, 2, 4)",minecraft:spruce_slab,"{'type': 'top', 'waterlogged': 'false'}",
"(14, 2, 4)",minecraft:spruce_slab,"{'type': 'top', 'waterlogged': 'false'}",
"(15, 2, 4)",minecraft:spruce_slab,"{'type': 'top', 'waterlogged': 'false'}",
"(16, 2, 4)",minecraft:stone_bricks,{},
"(17, 2, 4)",minecraft:acacia_leaves,"{'distance': '7', 'persistent': 'true', 'waterlogged': 'false'}",
"(20, 2, 4)",minecraft:stone,{},
"(21, 2, 4)",minecraft:spruce_slab,"{'type': 'top', 'waterlogged': 'false'}",
"(23, 2, 4)",minecraft:ladder,"{'facing': 'south', 'waterlogged': 'false'}",
"(24, 2, 4)",minecraft:stone,{},
"(25, 2, 4)",minecraft:cobblestone_wall,"{'east': 'none', 'north': 'none', 'south': 'low', 'up': 'true', 'waterlogged': 'false', 'west': 'low'}",
"(31, 2, 4)",minecraft:cobblestone_wall,"{'east': 'low', 'north': 'none', 'south': 'low', 'up': 'true', 'waterlogged': 'false', 'west': 'none'}",
"(32, 2, 4)",minecraft:stone_bricks,{},
"(33, 2, 4)",minecraft:ladder,"{'facing': 'south', 'waterlogged': 'false'}",
"(35, 2, 4)",minecraft:repeating_command_block,"{'conditional': 'false', 'facing': 'south'}","{conditionMet: 0b, auto: 0b, components: {}, powered: 0b, Command: """", id: ""minecraft:command_block"", SuccessCount: 0, TrackOutput: 1b, UpdateLastExecution: 1b}"
"(36, 2, 4)",minecraft:stone,{},
"(38, 2, 4)",minecraft:rose_bush,{'half': 'lower'},
"(39, 2, 4)",minecraft:stone_bricks,{},
"(40, 2, 4)",minecraft:bookshelf,{},
"(41, 2, 4)",minecraft:bookshelf,{},
"(42, 2, 4)",minecraft:bookshelf,{},
"(43, 2, 4)",minecraft:stone_bricks,{},
"(44, 2, 4)",minecraft:acacia_leaves,"{'distance': '7', 'persistent': 'true', 'waterlogged': 'false'}",
"(45, 2, 4)",minecraft:white_tulip,{},
"(46, 2, 4)",minecraft:cobblestone,{},
"(10, 2, 5)",minecraft:granite,{},
"(11, 2, 5)",minecraft:bricks,{},
"(12, 2, 5)",minecraft:stone_bricks,{},
"(15, 2, 5)",minecraft:repeating_command_block,"{'conditional': 'false', 'facing': 'west'}","{conditionMet: 0b, auto: 0b, components: {}, powered: 0b, Command: """", id: ""minecraft:command_block"", SuccessCount: 0, TrackOutput: 1b, UpdateLastExecution: 1b}"
"(16, 2, 5)",minecraft:stone_bricks,{},
"(17, 2, 5)",minecraft:stone,{},
"(18, 2, 5)",minecraft:stone,{},
"(19, 2, 5)",minecraft:stone_bricks,{},
"(20, 2, 5)",minecraft:stone_bricks,{},
"(21, 2, 5)",minecraft:spruce_slab,"{'type': 'top', 'waterlogged': 'false'}",
"(24, 2, 5)",minecraft:stone_bricks,{},
"(25, 2, 5)",minecraft:stone_bricks,{},
"(31, 2, 5)",minecraft:andesite,{},
"(32, 2, 5)",minecraft:andesite,{},
"(34, 2, 5)",minecraft:white_carpet,{},
"(35, 2, 5)",minecraft:red_carpet,{},
"(36, 2, 5)",minecraft:red_carpet,{},
"(37, 2, 5)",minecraft:stone_bricks,{},
"(38, 2, 5)",minecraft:stone,{},
"(39, 2, 5)",minecraft:loom,{'facing': 'west'},
"(43, 2, 5)",minecraft:bookshelf,{},
"(44, 2, 5)",minecraft:stone_bricks,{},
"(45, 2, 5)",minecraft:acacia_leaves,"{'distance': '7', 'persistent': 'true', 'waterlogged': 'false'}",
"(46, 2, 5)",minecraft:tall_grass,{'half': 'lower'},
"(47, 2, 5)",minecraft:cobblestone,{},
"(9, 2, 6)",minecraft:stone_bricks,{},
"(10, 2, 6)",minecraft:andesite,{},
"(11, 2, 6)",minecraft:stone_bricks,{},
"(12, 2, 6)",minecraft:composter,{'level': '0'},
"(15, 2, 6)",minecraft:repeating_command_block,"{'conditional': 'false', 'facing': 'west'}","{conditionMet: 0b, auto: 0b, components: {}, powered: 0b, Command: """", id: ""minecraft:command_block"", SuccessCount: 0, TrackOutput: 1b, UpdateLastExecution: 1b}"
"(16, 2, 6)",minecraft:stone_bricks,{},
"(17, 2, 6)",minecraft:cobblestone_slab,"{'type': 'bottom', 'waterlogged': 'false'}",
"(18, 2, 6)",minecraft:acacia_leaves,"{'distance': '7', 'persistent': 'true', 'waterlogged': 'false'}",
"(19, 2, 6)",minecraft:tall_grass,{'half': 'lower'},
"(20, 2, 6)",minecraft:andesite,{},
"(21, 2, 6)",minecraft:spruce_slab,"{'type': 'top', 'waterlogged': 'false'}",
"(23, 2, 6)",minecraft:repeating_command_block,"{'conditional': 'false', 'facing': 'west'}","{conditionMet: 0b, auto: 0b, components: {}, powered: 0b, Command: """", id: ""minecraft:command_block"", SuccessCount: 0, TrackOutput: 1b, UpdateLastExecution: 1b}"
"(24, 2, 6)",minecraft:stone_bricks,{},
"(25, 2, 6)",minecraft:cobblestone_wall,"{'east': 'low', 'north': 'low', 'south': 'none', 'up': 'true', 'waterlogged': 'false', 'west': 'low'}",
"(26, 2, 6)",minecraft:spruce_trapdoor,"{'facing': 'east', 'half': 'bottom', 'open': 'true', 'powered': 'false', 'waterlogged': 'false'}",
"(30, 2, 6)",minecraft:spruce_trapdoor,"{'facing': 'west', 'half': 'bottom', 'open': 'true', 'powered': 'false', 'waterlogged': 'false'}",
"(31, 2, 6)",minecraft:cobblestone_wall,"{'east': 'low', 'north': 'low', 'south': 'none', 'up': 'true', 'waterlogged': 'false', 'west': 'low'}",
"(32, 2, 6)",minecraft:andesite,{},
"(33, 2, 6)",minecraft:repeating_command_block,"{'conditional': 'false', 'facing': 'east'}","{conditionMet: 0b, auto: 0b, components: {}, powered: 0b, Command: """", id: ""minecraft:command_block"", SuccessCount: 0, TrackOutput: 1b, UpdateLastExecution: 1b}"
"(34, 2, 6)",minecraft:white_carpet,{},
"(35, 2, 6)",minecraft:white_carpet,{},
"(36, 2, 6)",minecraft:red_carpet,{},
"(37, 2, 6)",minecraft:red_carpet,{},
"(38, 2, 6)",minecraft:repeating_command_block,"{'conditional': 'false', 'facing': 'south'}","{conditionMet: 0b, auto: 0b, components: {}, powered: 0b, Command: """", id: ""minecraft:command_block"", SuccessCount: 0, TrackOutput: 1b, UpdateLastExecution: 1b}"
"(43, 2, 6)",minecraft:bookshelf,{},
"(44, 2, 6)",minecraft:stone_bricks,{},
"(45, 2, 6)",minecraft:rose_bush,{'half': 'lower'},
"(46, 2, 6)",minecraft:acacia_leaves,"{'distance': '7', 'persistent': 'true', 'waterlogged': 'false'}",
"(47, 2, 6)",minecraft:cobblestone_slab,"{'type': 'bottom', 'waterlogged': 'false'}",
"(8, 2, 7)",minecraft:spruce_slab,"{'type': 'top', 'waterlogged': 'false'}",
"(9, 2, 7)",minecraft:stone,{},
"(10, 2, 7)",minecraft:barrel,"{'facing': 'up', 'open': 'false'}","{components: {}, Items: [], id: ""minecraft:barrel""}"
"(11, 2, 7)",minecraft:barrel,"{'facing': 'up', 'open': 'false'}","{components: {}, Items: [], id: ""minecraft:barrel""}"
"(15, 2, 7)",minecraft:spruce_door,"{'facing': 'west', 'half': 'lower', 'hinge': 'right', 'open': 'false', 'powered': 'false'}",
"(18, 2, 7)",minecraft:cobblestone_slab,"{'type': 'bottom', 'waterlogged': 'false'}",
"(19, 2, 7)",minecraft:cobblestone_slab,"{'type': 'bottom', 'waterlogged': 'false'}",
"(20, 2, 7)",minecraft:cobblestone_slab,"{'type': 'bottom', 'waterlogged': 'false'}",
"(21, 2, 7)",minecraft:stone,{},
"(22, 2, 7)",minecraft:spruce_door,"{'facing': 'south', 'half': 'lower', 'hinge': 'right', 'open': 'false', 'powered': 'false'}",
"(23, 2, 7)",minecraft:stone,{},
"(24, 2, 7)",minecraft:oak_leaves,"{'distance': '7', 'persistent': 'true', 'waterlogged': 'false'}",
"(25, 2, 7)",minecraft:spruce_trapdoor,"{'facing': 'west', 'half': 'bottom', 'open': 'true', 'powered': 'false', 'waterlogged': 'false'}",
"(31, 2, 7)",minecraft:spruce_trapdoor,"{'facing': 'east', 'half': 'bottom', 'open': 'true', 'powered': 'false', 'waterlogged': 'false'}",
"(32, 2, 7)",minecraft:oak_leaves,"{'distance': '7', 'persistent': 'true', 'waterlogged': 'false'}",
"(33, 2, 7)",minecraft:andesite,{},
"(34, 2, 7)",minecraft:repeating_command_block,"{'conditional': 'false', 'facing': 'east'}","{conditionMet: 0b, auto: 0b, components: {}, powered: 0b, Command: """", id: ""minecraft:command_block"", SuccessCount: 0, TrackOutput: 1b, UpdateLastExecution: 1b}"
"(35, 2, 7)",minecraft:white_carpet,{},
"(36, 2, 7)",minecraft:white_carpet,{},
"(37, 2, 7)",minecraft:red_carpet,{},
"(38, 2, 7)",minecraft:red_carpet,{},
"(43, 2, 7)",minecraft:bookshelf,{},
"(44, 2, 7)",minecraft:andesite,{},
"(45, 2, 7)",minecraft:stone_bricks,{},
"(46, 2, 7)",minecraft:stone,{},
"(9, 2, 8)",minecraft:stone_bricks,{},
"(10, 2, 8)",minecraft:barrel,"{'facing': 'east', 'open': 'false'}","{components: {}, Items: [], id: ""minecraft:barrel""}"
"(11, 2, 8)",minecraft:barrel,"{'facing': 'up', 'open': 'false'}","{components: {}, Items: [], id: ""minecraft:barrel""}"
"(15, 2, 8)",minecraft:spruce_door,"{'facing': 'west', 'half': 'lower', 'hinge': 'left', 'open': 'false', 'powered': 'false'}",
"(19, 2, 8)",minecraft:tall_grass,{'half': 'lower'},
"(20, 2, 8)",minecraft:oak_leaves,"{'distance': '7', 'persistent': 'true', 'waterlogged': 'false'}",
"(23, 2, 8)",minecraft:oak_leaves,"{'distance': '7', 'persistent': 'true', 'waterlogged': 'false'}",
"(24, 2, 8)",minecraft:orange_tulip,{},
"(25, 2, 8)",minecraft:spruce_trapdoor,"{'facing': 'west', 'half': 'bottom', 'open': 'true', 'powered': 'false', 'waterlogged': 'false'}",
"(31, 2, 8)",minecraft:spruce_trapdoor,"{'facing': 'east', 'half': 'bottom', 'open': 'true', 'powered': 'false', 'waterlogged': 'false'}",
"(32, 2, 8)",minecraft:tall_grass,{'half': 'lower'},
"(34, 2, 8)",minecraft:stone,{},
"(36, 2, 8)",minecraft:white_carpet,{},
"(37, 2, 8)",minecraft:white_carpet,{},
"(38, 2, 8)",minecraft:white_carpet,{},
"(39, 2, 8)",minecraft:spruce_trapdoor,"{'facing': 'north', 'half': 'bottom', 'open': 'true', 'powered': 'false', 'waterlogged': 'false'}",
"(40, 2, 8)",minecraft:oak_trapdoor,"{'facing': 'north', 'half': 'bottom', 'open': 'true', 'powered': 'false', 'waterlogged': 'false'}",
"(41, 2, 8)",minecraft:oak_trapdoor,"{'facing': 'north', 'half': 'bottom', 'open': 'true', 'powered': 'false', 'waterlogged': 'false'}",
"(42, 2, 8)",minecraft:oak_trapdoor,"{'facing': 'north', 'half': 'bottom', 'open': 'true', 'powered': 'false', 'waterlogged': 'false'}",
"(43, 2, 8)",minecraft:spruce_trapdoor,"{'facing': 'north', 'half': 'bottom', 'open': 'true', 'powered': 'false', 'waterlogged': 'false'}",
"(44, 2, 8)",minecraft:spruce_door,"{'facing': 'west', 'half': 'lower', 'hinge': 'left', 'open': 'false', 'powered': 'false'}",
"(45, 2, 8)",minecraft:ladder,"{'facing': 'south', 'waterlogged': 'false'}",
"(46, 2, 8)",minecraft:andesite,{},
"(47, 2, 8)",minecraft:spruce_slab,"{'type': 'top', 'waterlogged': 'false'}",
"(8, 2, 9)",minecraft:spruce_slab,"{'type': 'top', 'waterlogged': 'false'}",
"(9, 2, 9)",minecraft:stone,{},
"(10, 2, 9)",minecraft:barrel,"{'facing': 'north', 'open': 'false'}","{components: {}, Items: [], id: ""minecraft:barrel""}"
"(11, 2, 9)",minecraft:barrel,"{'facing': 'north', 'open': 'false'}","{components: {}, Items: [], id: ""minecraft:barrel""}"
"(12, 2, 9)",minecraft:barrel,"{'facing': 'north', 'open': 'false'}","{components: {}, Items: [], id: ""minecraft:barrel""}"
"(13, 2, 9)",minecraft:andesite,{},
"(15, 2, 9)",minecraft:stone_bricks,{},
"(16, 2, 9)",minecraft:stone,{},
"(17, 2, 9)",minecraft:oak_trapdoor,"{'facing': 'north', 'half': 'bottom', 'open': 'true', 'powered': 'false', 'waterlogged': 'false'}",
"(24, 2, 9)",minecraft:tall_grass,{'half': 'lower'},
"(25, 2, 9)",minecraft:oak_leaves,"{'distance': '7', 'persistent': 'true', 'waterlogged': 'false'}",
"(27, 2, 9)",minecraft:short_grass,{},
"(31, 2, 9)",minecraft:short_grass,{},
"(32, 2, 9)",minecraft:oak_leaves,"{'distance': '7', 'persistent': 'true', 'waterlogged': 'false'}",
"(33, 2, 9)",minecraft:spruce_slab,"{'type': 'top', 'waterlogged': 'false'}",
"(34, 2, 9)",minecraft:andesite,{},
"(35, 2, 9)",minecraft:spruce_stairs,"{'facing': 'north', 'half': 'top', 'shape': 'straight', 'waterlogged': 'false'}",
"(39, 2, 9)",minecraft:spruce_stairs,"{'facing': 'east', 'half': 'bottom', 'shape': 'straight', 'waterlogged': 'false'}",
"(40, 2, 9)",minecraft:spruce_stairs,"{'facing': 'west', 'half': 'top', 'shape': 'straight', 'waterlogged': 'false'}",
"(41, 2, 9)",minecraft:potted_white_tulip,{},
"(42, 2, 9)",minecraft:black_candle,"{'candles': '3', 'lit': 'true', 'waterlogged': 'false'}",
"(43, 2, 9)",minecraft:coal_block,{},
"(44, 2, 9)",minecraft:andesite,{},
"(45, 2, 9)",minecraft:stone,{},
"(46, 2, 9)",minecraft:stone,{},
"(47, 2, 9)",minecraft:cobblestone_slab,"{'type': 'bottom', 'waterlogged': 'false'}",
"(8, 2, 10)",minecraft:birch_leaves,"{'distance': '7', 'persistent': 'true', 'waterlogged': 'false'}",
"(9, 2, 10)",minecraft:stone_bricks,{},
"(10, 2, 10)",minecraft:stone,{},
"(11, 2, 10)",minecraft:andesite,{},
"(12, 2, 10)",minecraft:stone_bricks,{},
"(13, 2, 10)",minecraft:stone_bricks,{},
"(14, 2, 10)",minecraft:ladder,"{'facing': 'north', 'waterlogged': 'false'}",
"(15, 2, 10)",minecraft:stone,{},
"(16, 2, 10)",minecraft:stone,{},
"(17, 2, 10)",minecraft:barrel,"{'facing': 'up', 'open': 'false'}","{components: {}, Items: [], id: ""minecraft:barrel""}"
"(18, 2, 10)",minecraft:short_grass,{},
"(20, 2, 10)",minecraft:short_grass,{},
"(34, 2, 10)",minecraft:andesite,{},
"(35, 2, 10)",minecraft:spruce_stairs,"{'facing': 'south', 'half': 'top', 'shape': 'straight', 'waterlogged': 'false'}",
"(39, 2, 10)",minecraft:spruce_stairs,"{'facing': 'east', 'half': 'bottom', 'shape': 'straight', 'waterlogged': 'false'}",
"(40, 2, 10)",minecraft:spruce_stairs,"{'facing': 'west', 'half': 'top', 'shape': 'straight', 'waterlogged': 'false'}",
"(41, 2, 10)",minecraft:coal_block,{},
"(42, 2, 10)",minecraft:coal_block,{},
"(43, 2, 10)",minecraft:coal_block,{},
"(44, 2, 10)",minecraft:stone_bricks,{},
"(45, 2, 10)",minecraft:rose_bush,{'half': 'lower'},
"(46, 2, 10)",minecraft:acacia_leaves,"{'distance': '7', 'persistent': 'true', 'waterlogged': 'false'}",
"(47, 2, 10)",minecraft:white_tulip,{},
"(48, 2, 10)",minecraft:cobblestone_slab,"{'type': 'bottom', 'waterlogged': 'false'}",
"(10, 2, 11)",minecraft:moss_block,{},
"(11, 2, 11)",minecraft:stone_bricks,{},
"(12, 2, 11)",minecraft:cobblestone_wall,"{'east': 'low', 'north': 'low', 'south': 'none', 'up': 'true', 'waterlogged': 'false', 'west': 'low'}",
"(13, 2, 11)",minecraft:mossy_stone_bricks,{},
"(14, 2, 11)",minecraft:andesite,{},
"(15, 2, 11)",minecraft:andesite,{},
"(16, 2, 11)",minecraft:barrel,"{'facing': 'up', 'open': 'false'}","{components: {}, Items: [], id: ""minecraft:barrel""}"
"(17, 2, 11)",minecraft:chest,"{'facing': 'east', 'type': 'single', 'waterlogged': 'false'}","{components: {}, Items: [], id: ""minecraft:chest""}"
"(33, 2, 11)",minecraft:short_grass,{},
"(34, 2, 11)",minecraft:stone,{},
"(35, 2, 11)",minecraft:stone,{},
"(36, 2, 11)",minecraft:andesite,{},
"(37, 2, 11)",minecraft:andesite,{},
"(38, 2, 11)",minecraft:andesite,{},
"(39, 2, 11)",minecraft:andesite,{},
"(40, 2, 11)",minecraft:stone,{},
"(41, 2, 11)",minecraft:andesite,{},
"(42, 2, 11)",minecraft:andesite,{},
"(43, 2, 11)",minecraft:stone_bricks,{},
"(44, 2, 11)",minecraft:stone_bricks,{},
"(45, 2, 11)",minecraft:acacia_leaves,"{'distance': '7', 'persistent': 'true', 'waterlogged': 'false'}",
"(46, 2, 11)",minecraft:tall_grass,{'half': 'lower'},
"(47, 2, 11)",minecraft:acacia_leaves,"{'distance': '7', 'persistent': 'true', 'waterlogged': 'false'}",
"(48, 2, 11)",minecraft:cobblestone,{},
"(9, 2, 12)",minecraft:birch_leaves,"{'distance': '7', 'persistent': 'true', 'waterlogged': 'false'}",
"(10, 2, 12)",minecraft:moss_block,{},
"(11, 2, 12)",minecraft:stone_bricks,{},
"(12, 2, 12)",minecraft:lantern,"{'hanging': 'false', 'waterlogged': 'false'}",
"(14, 2, 12)",minecraft:oak_trapdoor,"{'facing': 'west', 'half': 'bottom', 'open': 'true', 'powered': 'false', 'waterlogged': 'false'}",
"(15, 2, 12)",minecraft:waxed_oxidized_copper,{},
"(16, 2, 12)",minecraft:barrel,"{'facing': 'up', 'open': 'false'}","{components: {}, Items: [], id: ""minecraft:barrel""}"
"(17, 2, 12)",minecraft:oak_trapdoor,"{'facing': 'east', 'half': 'bottom', 'open': 'true', 'powered': 'false', 'waterlogged': 'false'}",
"(34, 2, 12)",minecraft:short_grass,{},
"(35, 2, 12)",minecraft:acacia_leaves,"{'distance': '7', 'persistent': 'true', 'waterlogged': 'false'}",
"(36, 2, 12)",minecraft:moss_block,{},
"(37, 2, 12)",minecraft:grass_block,{'snowy': 'false'},
"(38, 2, 12)",minecraft:dirt,{},
"(39, 2, 12)",minecraft:dirt,{},
"(40, 2, 12)",minecraft:dirt,{},
"(41, 2, 12)",minecraft:dirt,{},
"(42, 2, 12)",minecraft:dirt,{},
"(43, 2, 12)",minecraft:dirt,{},
"(44, 2, 12)",minecraft:stone_bricks,{},
"(45, 2, 12)",minecraft:bricks,{},
"(46, 2, 12)",minecraft:brick_stairs,"{'facing': 'south', 'half': 'bottom', 'shape': 'straight', 'waterlogged': 'false'}",
"(47, 2, 12)",minecraft:cobblestone,{},
"(8, 2, 13)",minecraft:birch_leaves,"{'distance': '7', 'persistent': 'true', 'waterlogged': 'false'}",
"(11, 2, 13)",minecraft:iron_bars,"{'east': 'false', 'north': 'true', 'south': 'true', 'waterlogged': 'false', 'west': 'false'}",
"(15, 2, 13)",minecraft:oak_trapdoor,"{'facing': 'south', 'half': 'bottom', 'open': 'true', 'powered': 'false', 'waterlogged': 'false'}",
"(24, 2, 13)",minecraft:short_grass,{},
"(31, 2, 13)",minecraft:short_grass,{},
"(35, 2, 13)",minecraft:spruce_slab,"{'type': 'bottom', 'waterlogged': 'false'}",
"(36, 2, 13)",minecraft:brown_concrete_powder,{},
"(37, 2, 13)",minecraft:coarse_dirt,{},
"(38, 2, 13)",minecraft:dirt,{},
"(39, 2, 13)",minecraft:dirt,{},
"(40, 2, 13)",minecraft:dirt,{},
"(41, 2, 13)",minecraft:dirt,{},
"(42, 2, 13)",minecraft:dirt,{},
"(43, 2, 13)",minecraft:dirt,{},
"(44, 2, 13)",minecraft:stone,{},
"(45, 2, 13)",minecraft:bricks,{},
"(46, 2, 13)",minecraft:bricks,{},
"(47, 2, 13)",minecraft:brick_slab,"{'type': 'bottom', 'waterlogged': 'false'}",
"(48, 2, 13)",minecraft:acacia_leaves,"{'distance': '7', 'persistent': 'true', 'waterlogged': 'false'}",
"(11, 2, 14)",minecraft:iron_bars,"{'east': 'false', 'north': 'true', 'south': 'true', 'waterlogged': 'false', 'west': 'false'}",
"(14, 2, 14)",minecraft:spruce_trapdoor,"{'facing': 'east', 'half': 'top', 'open': 'false', 'powered': 'false', 'waterlogged': 'false'}",
"(21, 2, 14)",minecraft:short_grass,{},
"(22, 2, 14)",minecraft:short_grass,{},
"(23, 2, 14)",minecraft:tall_grass,{'half': 'lower'},
"(25, 2, 14)",minecraft:orange_tulip,{},
"(34, 2, 14)",minecraft:spruce_slab,"{'type': 'bottom', 'waterlogged': 'false'}",
"(35, 2, 14)",minecraft:coarse_dirt,{},
"(36, 2, 14)",minecraft:coarse_dirt,{},
"(37, 2, 14)",minecraft:brown_concrete_powder,{},
"(38, 2, 14)",minecraft:dirt,{},
"(39, 2, 14)",minecraft:dirt,{},
"(40, 2, 14)",minecraft:dirt,{},
"(41, 2, 14)",minecraft:dirt,{},
"(42, 2, 14)",minecraft:dirt,{},
"(43, 2, 14)",minecraft:dirt,{},
"(44, 2, 14)",minecraft:stone,{},
"(45, 2, 14)",minecraft:bricks,{},
"(46, 2, 14)",minecraft:bricks,{},
"(47, 2, 14)",minecraft:brick_stairs,"{'facing': 'west', 'half': 'bottom', 'shape': 'straight', 'waterlogged': 'false'}",
"(7, 2, 15)",minecraft:birch_leaves,"{'distance': '7', 'persistent': 'true', 'waterlogged': 'false'}",
"(11, 2, 15)",minecraft:iron_bars,"{'east': 'false', 'north': 'true', 'south': 'true', 'waterlogged': 'false', 'west': 'false'}",
"(16, 2, 15)",minecraft:lantern,"{'hanging': 'false', 'waterlogged': 'false'}",
"(20, 2, 15)",minecraft:short_grass,{},
"(21, 2, 15)",minecraft:spruce_slab,"{'type': 'bottom', 'waterlogged': 'false'}",
"(23, 2, 15)",minecraft:oak_wood,{'axis': 'y'},
"(25, 2, 15)",minecraft:tall_grass,{'half': 'lower'},
"(31, 2, 15)",minecraft:spruce_slab,"{'type': 'bottom', 'waterlogged': 'false'}",
"(32, 2, 15)",minecraft:spruce_slab,"{'type': 'bottom', 'waterlogged': 'false'}",
"(33, 2, 15)",minecraft:coarse_dirt,{},
"(34, 2, 15)",minecraft:coarse_dirt,{},
"(35, 2, 15)",minecraft:brown_concrete_powder,{},
"(36, 2, 15)",minecraft:coarse_dirt,{},
"(37, 2, 15)",minecraft:coarse_dirt,{},
"(38, 2, 15)",minecraft:dirt,{},
"(39, 2, 15)",minecraft:dirt,{},
"(40, 2, 15)",minecraft:dirt,{},
"(41, 2, 15)",minecraft:dirt,{},
"(42, 2, 15)",minecraft:dirt,{},
"(43, 2, 15)",minecraft:dirt,{},
"(44, 2, 15)",minecraft:andesite,{},
"(45, 2, 15)",minecraft:bricks,{},
"(46, 2, 15)",minecraft:bricks,{},
"(47, 2, 15)",minecraft:acacia_leaves,"{'distance': '7', 'persistent': 'true', 'waterlogged': 'false'}",
"(9, 2, 16)",minecraft:birch_leaves,"{'distance': '7', 'persistent': 'true', 'waterlogged': 'false'}",
"(10, 2, 16)",minecraft:moss_block,{},
"(11, 2, 16)",minecraft:stone_bricks,{},
"(12, 2, 16)",minecraft:spruce_trapdoor,"{'facing': 'north', 'half': 'bottom', 'open': 'true', 'powered': 'false', 'waterlogged': 'false'}",
"(13, 2, 16)",minecraft:oak_trapdoor,"{'facing': 'north', 'half': 'bottom', 'open': 'true', 'powered': 'false', 'waterlogged': 'false'}",
"(14, 2, 16)",minecraft:oak_trapdoor,"{'facing': 'north', 'half': 'bottom', 'open': 'true', 'powered': 'false', 'waterlogged': 'false'}",
"(15, 2, 16)",minecraft:spruce_trapdoor,"{'facing': 'north', 'half': 'bottom', 'open': 'true', 'powered': 'false', 'waterlogged': 'false'}",
"(17, 2, 16)",minecraft:short_grass,{},
"(20, 2, 16)",minecraft:short_grass,{},
"(22, 2, 16)",minecraft:oak_wood,{'axis': 'y'},
"(23, 2, 16)",minecraft:oak_wood,{'axis': 'y'},
"(24, 2, 16)",minecraft:spruce_stairs,"{'facing': 'west', 'half': 'bottom', 'shape': 'straight', 'waterlogged': 'false'}",
"(26, 2, 16)",minecraft:short_grass,{},
"(28, 2, 16)",minecraft:spruce_slab,"{'type': 'bottom', 'waterlogged': 'false'}",
"(29, 2, 16)",minecraft:spruce_slab,"{'type': 'bottom', 'waterlogged': 'false'}",
"(30, 2, 16)",minecraft:spruce_slab,"{'type': 'bottom', 'waterlogged': 'false'}",
"(31, 2, 16)",minecraft:brown_concrete_powder,{},
"(32, 2, 16)",minecraft:coarse_dirt,{},
"(33, 2, 16)",minecraft:coarse_dirt,{},
"(34, 2, 16)",minecraft:coarse_dirt,{},
"(35, 2, 16)",minecraft:coarse_dirt,{},
"(36, 2, 16)",minecraft:brown_concrete_powder,{},
"(37, 2, 16)",minecraft:moss_block,{},
"(38, 2, 16)",minecraft:dirt,{},
"(39, 2, 16)",minecraft:dirt,{},
"(40, 2, 16)",minecraft:dirt,{},
"(41, 2, 16)",minecraft:dirt,{},
"(42, 2, 16)",minecraft:dirt,{},
"(43, 2, 16)",minecraft:dirt,{},
"(44, 2, 16)",minecraft:stone,{},
"(47, 2, 16)",minecraft:acacia_leaves,"{'distance': '7', 'persistent': 'true', 'waterlogged': 'false'}",
"(48, 2, 16)",minecraft:acacia_leaves,"{'distance': '7', 'persistent': 'true', 'waterlogged': 'false'}",
"(10, 2, 17)",minecraft:mossy_stone_bricks,{},
"(11, 2, 17)",minecraft:stone_bricks,{},
"(12, 2, 17)",minecraft:birch_leaves,"{'distance': '7', 'persistent': 'true', 'waterlogged': 'false'}",
"(14, 2, 17)",minecraft:birch_leaves,"{'distance': '7', 'persistent': 'true', 'waterlogged': 'false'}",
"(15, 2, 17)",minecraft:birch_leaves,"{'distance': '7', 'persistent': 'true', 'waterlogged': 'false'}",
"(16, 2, 17)",minecraft:spruce_trapdoor,"{'facing': 'east', 'half': 'bottom', 'open': 'true', 'powered': 'false', 'waterlogged': 'false'}",
"(19, 2, 17)",minecraft:short_grass,{},
"(21, 2, 17)",minecraft:tall_grass,{'half': 'lower'},
"(22, 2, 17)",minecraft:orange_tulip,{},
"(23, 2, 17)",minecraft:oak_wood,{'axis': 'y'},
"(25, 2, 17)",minecraft:short_grass,{},
"(27, 2, 17)",minecraft:spruce_slab,"{'type': 'bottom', 'waterlogged': 'false'}",
"(28, 2, 17)",minecraft:coarse_dirt,{},
"(29, 2, 17)",minecraft:coarse_dirt,{},
"(30, 2, 17)",minecraft:coarse_dirt,{},
"(31, 2, 17)",minecraft:coarse_dirt,{},
"(32, 2, 17)",minecraft:brown_concrete_powder,{},
"(33, 2, 17)",minecraft:coarse_dirt,{},
"(34, 2, 17)",minecraft:coarse_dirt,{},
"(35, 2, 17)",minecraft:grass_block,{'snowy': 'false'},
"(36, 2, 17)",minecraft:coarse_dirt,{},
"(37, 2, 17)",minecraft:coarse_dirt,{},
"(38, 2, 17)",minecraft:coarse_dirt,{},
"(39, 2, 17)",minecraft:grass_block,{'snowy': 'false'},
"(40, 2, 17)",minecraft:dirt,{},
"(41, 2, 17)",minecraft:dirt,{},
"(42, 2, 17)",minecraft:stone_bricks,{},
"(43, 2, 17)",minecraft:stone,{},
"(44, 2, 17)",minecraft:andesite,{},
"(45, 2, 17)",minecraft:stone,{},
"(46, 2, 17)",minecraft:stone_bricks,{},
"(47, 2, 17)",minecraft:stone_bricks,{},
"(48, 2, 17)",minecraft:stone_bricks,{},
"(6, 2, 18)",minecraft:acacia_leaves,"{'distance': '7', 'persistent': 'true', 'waterlogged': 'false'}",
"(8, 2, 18)",minecraft:acacia_leaves,"{'distance': '7', 'persistent': 'true', 'waterlogged': 'false'}",
"(9, 2, 18)",minecraft:cobblestone_wall,"{'east': 'tall', 'north': 'none', 'south': 'tall', 'up': 'true', 'waterlogged': 'false', 'west': 'none'}",
"(10, 2, 18)",minecraft:stone,{},
"(11, 2, 18)",minecraft:stone,{},
"(13, 2, 18)",minecraft:birch_leaves,"{'distance': '7', 'persistent': 'true', 'waterlogged': 'false'}",
"(16, 2, 18)",minecraft:spruce_trapdoor,"{'facing': 'east', 'half': 'bottom', 'open': 'true', 'powered': 'false', 'waterlogged': 'false'}",
"(20, 2, 18)",minecraft:short_grass,{},
"(22, 2, 18)",minecraft:spruce_slab,"{'type': 'bottom', 'waterlogged': 'false'}",
"(23, 2, 18)",minecraft:oak_leaves,"{'distance': '1', 'persistent': 'true', 'waterlogged': 'false'}",
"(24, 2, 18)",minecraft:tall_grass,{'half': 'lower'},
"(25, 2, 18)",minecraft:moss_block,{},
"(26, 2, 18)",minecraft:moss_block,{},
"(27, 2, 18)",minecraft:grass_block,{'snowy': 'false'},
"(28, 2, 18)",minecraft:coarse_dirt,{},
"(29, 2, 18)",minecraft:coarse_dirt,{},
"(30, 2, 18)",minecraft:coarse_dirt,{},
"(31, 2, 18)",minecraft:coarse_dirt,{},
"(32, 2, 18)",minecraft:coarse_dirt,{},
"(33, 2, 18)",minecraft:coarse_dirt,{},
"(34, 2, 18)",minecraft:coarse_dirt,{},
"(35, 2, 18)",minecraft:coarse_dirt,{},
"(36, 2, 18)",minecraft:coarse_dirt,{},
"(37, 2, 18)",minecraft:brown_concrete_powder,{},
"(38, 2, 18)",minecraft:brown_concrete_powder,{},
"(39, 2, 18)",minecraft:dirt,{},
"(40, 2, 18)",minecraft:dirt,{},
"(41, 2, 18)",minecraft:dirt,{},
"(42, 2, 18)",minecraft:andesite,{},
"(43, 2, 18)",minecraft:dirt,{},
"(44, 2, 18)",minecraft:dirt,{},
"(45, 2, 18)",minecraft:dirt,{},
"(46, 2, 18)",minecraft:dirt,{},
"(47, 2, 18)",minecraft:dirt,{},
"(48, 2, 18)",minecraft:stone,{},
"(49, 2, 18)",minecraft:acacia_leaves,"{'distance': '7', 'persistent': 'true', 'waterlogged': 'false'}",
"(7, 2, 19)",minecraft:acacia_leaves,"{'distance': '7', 'persistent': 'true', 'waterlogged': 'false'}",
"(8, 2, 19)",minecraft:andesite,{},
"(9, 2, 19)",minecraft:stone_bricks,{},
"(10, 2, 19)",minecraft:andesite,{},
"(11, 2, 19)",minecraft:stone_bricks,{},
"(12, 2, 19)",minecraft:stone_bricks,{},
"(13, 2, 19)",minecraft:stone_bricks,{},
"(14, 2, 19)",minecraft:stone_bricks,{},
"(15, 2, 19)",minecraft:dirt,{},
"(16, 2, 19)",minecraft:moss_block,{},
"(17, 2, 19)",minecraft:spruce_slab,"{'type': 'bottom', 'waterlogged': 'false'}",
"(18, 2, 19)",minecraft:spruce_slab,"{'type': 'bottom', 'waterlogged': 'false'}",
"(19, 2, 19)",minecraft:tall_grass,{'half': 'lower'},
"(20, 2, 19)",minecraft:grass_block,{'snowy': 'false'},
"(21, 2, 19)",minecraft:moss_block,{},
"(22, 2, 19)",minecraft:grass_block,{'snowy': 'false'},
"(23, 2, 19)",minecraft:grass_block,{'snowy': 'false'},
"(24, 2, 19)",minecraft:grass_block,{'snowy': 'false'},
"(25, 2, 19)",minecraft:grass_block,{'snowy': 'false'},
"(26, 2, 19)",minecraft:moss_block,{},
"(27, 2, 19)",minecraft:moss_block,{},
"(28, 2, 19)",minecraft:grass_block,{'snowy': 'false'},
"(29, 2, 19)",minecraft:brown_concrete_powder,{},
"(30, 2, 19)",minecraft:coarse_dirt,{},
"(31, 2, 19)",minecraft:coarse_dirt,{},
"(32, 2, 19)",minecraft:coarse_dirt,{},
"(33, 2, 19)",minecraft:coarse_dirt,{},
"(34, 2, 19)",minecraft:brown_concrete_powder,{},
"(35, 2, 19)",minecraft:coarse_dirt,{},
"(36, 2, 19)",minecraft:coarse_dirt,{},
"(37, 2, 19)",minecraft:coarse_dirt,{},
"(38, 2, 19)",minecraft:brown_concrete_powder,{},
"(39, 2, 19)",minecraft:dirt,{},
"(40, 2, 19)",minecraft:dirt,{},
"(41, 2, 19)",minecraft:dirt,{},
"(42, 2, 19)",minecraft:andesite,{},
"(43, 2, 19)",minecraft:dirt,{},
"(44, 2, 19)",minecraft:dirt,{},
"(45, 2, 19)",minecraft:dirt,{},
"(46, 2, 19)",minecraft:dirt,{},
"(47, 2, 19)",minecraft:dirt,{},
"(48, 2, 19)",minecraft:stone_bricks,{},
"(49, 2, 19)",minecraft:acacia_leaves,"{'distance': '7', 'persistent': 'true', 'waterlogged': 'false'}",
"(5, 2, 20)",minecraft:acacia_leaves,"{'distance': '7', 'persistent': 'true', 'waterlogged': 'false'}",
"(8, 2, 20)",minecraft:stone,{},
"(14, 2, 20)",minecraft:stone_bricks,{},
"(15, 2, 20)",minecraft:brown_concrete_powder,{},
"(16, 2, 20)",minecraft:brown_concrete_powder,{},
"(17, 2, 20)",minecraft:brown_concrete_powder,{},
"(18, 2, 20)",minecraft:coarse_dirt,{},
"(19, 2, 20)",minecraft:grass_block,{'snowy': 'false'},
"(20, 2, 20)",minecraft:grass_block,{'snowy': 'false'},
"(21, 2, 20)",minecraft:grass_block,{'snowy': 'false'},
"(22, 2, 20)",minecraft:grass_block,{'snowy': 'false'},
"(23, 2, 20)",minecraft:grass_block,{'snowy': 'false'},
"(24, 2, 20)",minecraft:moss_block,{},
"(25, 2, 20)",minecraft:grass_block,{'snowy': 'false'},
"(26, 2, 20)",minecraft:grass_block,{'snowy': 'false'},
"(27, 2, 20)",minecraft:grass_block,{'snowy': 'false'},
"(28, 2, 20)",minecraft:moss_block,{},
"(29, 2, 20)",minecraft:coarse_dirt,{},
"(30, 2, 20)",minecraft:coarse_dirt,{},
"(31, 2, 20)",minecraft:coarse_dirt,{},
"(32, 2, 20)",minecraft:coarse_dirt,{},
"(33, 2, 20)",minecraft:brown_concrete_powder,{},
"(34, 2, 20)",minecraft:grass_block,{'snowy': 'false'},
"(35, 2, 20)",minecraft:moss_block,{},
"(36, 2, 20)",minecraft:brown_concrete_powder,{},
"(37, 2, 20)",minecraft:coarse_dirt,{},
"(38, 2, 20)",minecraft:dirt,{},
"(39, 2, 20)",minecraft:dirt,{},
"(40, 2, 20)",minecraft:dirt,{},
"(41, 2, 20)",minecraft:dirt,{},
"(42, 2, 20)",minecraft:andesite,{},
"(43, 2, 20)",minecraft:dirt,{},
"(44, 2, 20)",minecraft:dirt,{},
"(45, 2, 20)",minecraft:dirt,{},
"(46, 2, 20)",minecraft:dirt,{},
"(47, 2, 20)",minecraft:dirt,{},
"(48, 2, 20)",minecraft:stone,{},
"(50, 2, 20)",minecraft:acacia_leaves,"{'distance': '7', 'persistent': 'true', 'waterlogged': 'false'}",
"(4, 2, 21)",minecraft:acacia_leaves,"{'distance': '7', 'persistent': 'true', 'waterlogged': 'false'}",
"(5, 2, 21)",minecraft:stone_bricks,{},
"(6, 2, 21)",minecraft:stone,{},
"(7, 2, 21)",minecraft:stone,{},
"(14, 2, 21)",minecraft:stone_bricks,{},
"(15, 2, 21)",minecraft:coarse_dirt,{},
"(16, 2, 21)",minecraft:coarse_dirt,{},
"(17, 2, 21)",minecraft:coarse_dirt,{},
"(18, 2, 21)",minecraft:coarse_dirt,{},
"(19, 2, 21)",minecraft:grass_block,{'snowy': 'false'},
"(20, 2, 21)",minecraft:moss_block,{},
"(21, 2, 21)",minecraft:grass_block,{'snowy': 'false'},
"(22, 2, 21)",minecraft:grass_block,{'snowy': 'false'},
"(23, 2, 21)",minecraft:moss_block,{},
"(24, 2, 21)",minecraft:grass_block,{'snowy': 'false'},
"(25, 2, 21)",minecraft:grass_block,{'snowy': 'false'},
"(26, 2, 21)",minecraft:moss_block,{},
"(27, 2, 21)",minecraft:grass_block,{'snowy': 'false'},
"(28, 2, 21)",minecraft:grass_block,{'snowy': 'false'},
"(29, 2, 21)",minecraft:coarse_dirt,{},
"(30, 2, 21)",minecraft:coarse_dirt,{},
"(31, 2, 21)",minecraft:coarse_dirt,{},
"(32, 2, 21)",minecraft:coarse_dirt,{},
"(33, 2, 21)",minecraft:brown_concrete_powder,{},
"(34, 2, 21)",minecraft:moss_block,{},
"(35, 2, 21)",minecraft:moss_block,{},
"(36, 2, 21)",minecraft:grass_block,{'snowy': 'false'},
"(37, 2, 21)",minecraft:dirt,{},
"(38, 2, 21)",minecraft:dirt,{},
"(39, 2, 21)",minecraft:dirt,{},
"(40, 2, 21)",minecraft:dirt,{},
"(41, 2, 21)",minecraft:dirt,{},
"(42, 2, 21)",minecraft:andesite,{},
"(43, 2, 21)",minecraft:dirt,{},
"(44, 2, 21)",minecraft:dirt,{},
"(45, 2, 21)",minecraft:dirt,{},
"(46, 2, 21)",minecraft:dirt,{},
"(47, 2, 21)",minecraft:dirt,{},
"(48, 2, 21)",minecraft:andesite,{},
"(5, 2, 22)",minecraft:stone_bricks,{},
"(14, 2, 22)",minecraft:stone_bricks,{},
"(15, 2, 22)",minecraft:grass_block,{'snowy': 'false'},
"(16, 2, 22)",minecraft:coarse_dirt,{},
"(17, 2, 22)",minecraft:coarse_dirt,{},
"(18, 2, 22)",minecraft:moss_block,{},
"(19, 2, 22)",minecraft:grass_block,{'snowy': 'false'},
"(20, 2, 22)",minecraft:moss_block,{},
"(21, 2, 22)",minecraft:moss_block,{},
"(22, 2, 22)",minecraft:dirt,{},
"(23, 2, 22)",minecraft:dirt,{},
"(24, 2, 22)",minecraft:dirt,{},
"(25, 2, 22)",minecraft:dirt,{},
"(26, 2, 22)",minecraft:dirt,{},
"(27, 2, 22)",minecraft:grass_block,{'snowy': 'false'},
"(28, 2, 22)",minecraft:dirt,{},
"(29, 2, 22)",minecraft:dirt,{},
"(30, 2, 22)",minecraft:dirt,{},
"(31, 2, 22)",minecraft:dirt,{},
"(32, 2, 22)",minecraft:dirt,{},
"(33, 2, 22)",minecraft:dirt,{},
"(34, 2, 22)",minecraft:dirt,{},
"(35, 2, 22)",minecraft:grass_block,{'snowy': 'false'},
"(36, 2, 22)",minecraft:dirt,{},
"(37, 2, 22)",minecraft:dirt,{},
"(38, 2, 22)",minecraft:dirt,{},
"(39, 2, 22)",minecraft:dirt,{},
"(40, 2, 22)",minecraft:dirt,{},
"(41, 2, 22)",minecraft:dirt,{},
"(42, 2, 22)",minecraft:andesite,{},
"(43, 2, 22)",minecraft:dirt,{},
"(44, 2, 22)",minecraft:dirt,{},
"(45, 2, 22)",minecraft:dirt,{},
"(46, 2, 22)",minecraft:dirt,{},
"(47, 2, 22)",minecraft:dirt,{},
"(48, 2, 22)",minecraft:stone_bricks,{},
"(49, 2, 22)",minecraft:acacia_leaves,"{'distance': '7', 'persistent': 'true', 'waterlogged': 'false'}",
"(4, 2, 23)",minecraft:acacia_leaves,"{'distance': '7', 'persistent': 'true', 'waterlogged': 'false'}",
"(5, 2, 23)",minecraft:andesite,{},
"(14, 2, 23)",minecraft:andesite,{},
"(15, 2, 23)",minecraft:stone_bricks,{},
"(16, 2, 23)",minecraft:coarse_dirt,{},
"(17, 2, 23)",minecraft:coarse_dirt,{},
"(18, 2, 23)",minecraft:stone_bricks,{},
"(19, 2, 23)",minecraft:stone_bricks,{},
"(20, 2, 23)",minecraft:andesite,{},
"(21, 2, 23)",minecraft:stone_bricks,{},
"(22, 2, 23)",minecraft:stone_bricks,{},
"(23, 2, 23)",minecraft:dirt,{},
"(24, 2, 23)",minecraft:coarse_dirt,{},
"(25, 2, 23)",minecraft:moss_block,{},
"(26, 2, 23)",minecraft:grass_block,{'snowy': 'false'},
"(27, 2, 23)",minecraft:dirt,{},
"(28, 2, 23)",minecraft:dirt,{},
"(29, 2, 23)",minecraft:grass_block,{'snowy': 'false'},
"(30, 2, 23)",minecraft:grass_block,{'snowy': 'false'},
"(31, 2, 23)",minecraft:grass_block,{'snowy': 'false'},
"(32, 2, 23)",minecraft:grass_block,{'snowy': 'false'},
"(33, 2, 23)",minecraft:grass_block,{'snowy': 'false'},
"(34, 2, 23)",minecraft:dirt,{},
"(35, 2, 23)",minecraft:dirt,{},
"(36, 2, 23)",minecraft:dirt,{},
"(37, 2, 23)",minecraft:dirt,{},
"(38, 2, 23)",minecraft:dirt,{},
"(39, 2, 23)",minecraft:dirt,{},
"(40, 2, 23)",minecraft:dirt,{},
"(41, 2, 23)",minecraft:dirt,{},
"(42, 2, 23)",minecraft:stone_bricks,{},
"(43, 2, 23)",minecraft:dirt,{},
"(44, 2, 23)",minecraft:dirt,{},
"(45, 2, 23)",minecraft:dirt,{},
"(46, 2, 23)",minecraft:dirt,{},
"(47, 2, 23)",minecraft:dirt,{},
"(48, 2, 23)",minecraft:stone,{},
"(50, 2, 23)",minecraft:acacia_leaves,"{'distance': '7', 'persistent': 'true', 'waterlogged': 'false'}",
"(5, 2, 24)",minecraft:stone_bricks,{},
"(14, 2, 24)",minecraft:stone_bricks,{},
"(15, 2, 24)",minecraft:spruce_planks,{},
"(16, 2, 24)",minecraft:spruce_planks,{},
"(17, 2, 24)",minecraft:spruce_planks,{},
"(18, 2, 24)",minecraft:spruce_planks,{},
"(19, 2, 24)",minecraft:spruce_planks,{},
"(20, 2, 24)",minecraft:spruce_planks,{},
"(21, 2, 24)",minecraft:spruce_planks,{},
"(22, 2, 24)",minecraft:andesite,{},
"(23, 2, 24)",minecraft:coarse_dirt,{},
"(24, 2, 24)",minecraft:moss_block,{},
"(25, 2, 24)",minecraft:grass_block,{'snowy': 'false'},
"(26, 2, 24)",minecraft:brown_concrete_powder,{},
"(27, 2, 24)",minecraft:andesite,{},
"(28, 2, 24)",minecraft:andesite,{},
"(29, 2, 24)",minecraft:stone,{},
"(30, 2, 24)",minecraft:andesite,{},
"(31, 2, 24)",minecraft:stone_bricks,{},
"(32, 2, 24)",minecraft:andesite,{},
"(33, 2, 24)",minecraft:stone_bricks,{},
"(34, 2, 24)",minecraft:stone_bricks,{},
"(35, 2, 24)",minecraft:andesite,{},
"(36, 2, 24)",minecraft:dirt,{},
"(37, 2, 24)",minecraft:dirt,{},
"(38, 2, 24)",minecraft:dirt,{},
"(39, 2, 24)",minecraft:dirt,{},
"(40, 2, 24)",minecraft:dirt,{},
"(41, 2, 24)",minecraft:dirt,{},
"(42, 2, 24)",minecraft:andesite,{},
"(43, 2, 24)",minecraft:dirt,{},
"(44, 2, 24)",minecraft:dirt,{},
"(45, 2, 24)",minecraft:dirt,{},
"(46, 2, 24)",minecraft:dirt,{},
"(47, 2, 24)",minecraft:dirt,{},
"(48, 2, 24)",minecraft:stone_bricks,{},
"(4, 2, 25)",minecraft:spruce_slab,"{'type': 'top', 'waterlogged': 'false'}",
"(5, 2, 25)",minecraft:stone_bricks,{},
"(14, 2, 25)",minecraft:andesite,{},
"(15, 2, 25)",minecraft:spruce_planks,{},
"(16, 2, 25)",minecraft:spruce_planks,{},
"(17, 2, 25)",minecraft:spruce_planks,{},
"(18, 2, 25)",minecraft:spruce_planks,{},
"(19, 2, 25)",minecraft:spruce_planks,{},
"(20, 2, 25)",minecraft:spruce_planks,{},
"(21, 2, 25)",minecraft:spruce_planks,{},
"(22, 2, 25)",minecraft:stone,{},
"(23, 2, 25)",minecraft:coarse_dirt,{},
"(24, 2, 25)",minecraft:grass_block,{'snowy': 'false'},
"(25, 2, 25)",minecraft:brown_concrete_powder,{},
"(26, 2, 25)",minecraft:glowstone,{},
"(27, 2, 25)",minecraft:stone,{},
"(35, 2, 25)",minecraft:stone,{},
"(36, 2, 25)",minecraft:dirt,{},
"(37, 2, 25)",minecraft:dirt,{},
"(38, 2, 25)",minecraft:dirt,{},
"(39, 2, 25)",minecraft:stone_bricks,{},
"(40, 2, 25)",minecraft:stone_bricks,{},
"(41, 2, 25)",minecraft:stone_bricks,{},
"(42, 2, 25)",minecraft:stone,{},
"(43, 2, 25)",minecraft:stone_bricks,{},
"(44, 2, 25)",minecraft:andesite,{},
"(45, 2, 25)",minecraft:stone_bricks,{},
"(46, 2, 25)",minecraft:stone,{},
"(47, 2, 25)",minecraft:stone_bricks,{},
"(48, 2, 25)",minecraft:stone,{},
"(49, 2, 25)",minecraft:andesite,{},
"(50, 2, 25)",minecraft:stone_bricks,{},
"(52, 2, 25)",minecraft:acacia_leaves,"{'distance': '7', 'persistent': 'true', 'waterlogged': 'false'}",
"(4, 2, 26)",minecraft:acacia_leaves,"{'distance': '7', 'persistent': 'true', 'waterlogged': 'false'}",
"(5, 2, 26)",minecraft:stone_bricks,{},
"(14, 2, 26)",minecraft:stone_bricks,{},
"(15, 2, 26)",minecraft:spruce_planks,{},
"(16, 2, 26)",minecraft:spruce_planks,{},
"(17, 2, 26)",minecraft:red_wool,{},
"(18, 2, 26)",minecraft:red_wool,{},
"(19, 2, 26)",minecraft:spruce_planks,{},
"(20, 2, 26)",minecraft:spruce_planks,{},
"(21, 2, 26)",minecraft:spruce_planks,{},
"(22, 2, 26)",minecraft:stone,{},
"(23, 2, 26)",minecraft:andesite,{},
"(24, 2, 26)",minecraft:stone,{},
"(25, 2, 26)",minecraft:stone,{},
"(26, 2, 26)",minecraft:stone_bricks,{},
"(27, 2, 26)",minecraft:stone,{},
"(35, 2, 26)",minecraft:stone,{},
"(36, 2, 26)",minecraft:stone_bricks,{},
"(37, 2, 26)",minecraft:stone,{},
"(38, 2, 26)",minecraft:stone_bricks,{},
"(50, 2, 26)",minecraft:stone,{},
"(5, 2, 27)",minecraft:stone_bricks,{},
"(6, 2, 27)",minecraft:stone,{},
"(7, 2, 27)",minecraft:stone_bricks,{},
"(14, 2, 27)",minecraft:stone_bricks,{},
"(15, 2, 27)",minecraft:spruce_planks,{},
"(16, 2, 27)",minecraft:red_wool,{},
"(17, 2, 27)",minecraft:red_wool,{},
"(18, 2, 27)",minecraft:red_wool,{},
"(19, 2, 27)",minecraft:red_wool,{},
"(20, 2, 27)",minecraft:spruce_planks,{},
"(21, 2, 27)",minecraft:spruce_planks,{},
"(22, 2, 27)",minecraft:stone,{},
"(38, 2, 27)",minecraft:stone_bricks,{},
"(50, 2, 27)",minecraft:stone_bricks,{},
"(51, 2, 27)",minecraft:acacia_leaves,"{'distance': '7', 'persistent': 'true', 'waterlogged': 'false'}",
"(6, 2, 28)",minecraft:acacia_leaves,"{'distance': '7', 'persistent': 'true', 'waterlogged': 'false'}",
"(8, 2, 28)",minecraft:stone_bricks,{},
"(9, 2, 28)",minecraft:stone,{},
"(10, 2, 28)",minecraft:andesite,{},
"(13, 2, 28)",minecraft:stone_bricks,{},
"(14, 2, 28)",minecraft:stone_bricks,{},
"(15, 2, 28)",minecraft:spruce_planks,{},
"(16, 2, 28)",minecraft:spruce_planks,{},
"(17, 2, 28)",minecraft:spruce_planks,{},
"(18, 2, 28)",minecraft:red_wool,{},
"(19, 2, 28)",minecraft:spruce_planks,{},
"(20, 2, 28)",minecraft:spruce_planks,{},
"(21, 2, 28)",minecraft:spruce_planks,{},
"(22, 2, 28)",minecraft:andesite,{},
"(38, 2, 28)",minecraft:stone,{},
"(50, 2, 28)",minecraft:stone_bricks,{},
"(5, 2, 29)",minecraft:acacia_leaves,"{'distance': '7', 'persistent': 'true', 'waterlogged': 'false'}",
"(7, 2, 29)",minecraft:acacia_leaves,"{'distance': '7', 'persistent': 'true', 'waterlogged': 'false'}",
"(8, 2, 29)",minecraft:stone,{},
"(11, 2, 29)",minecraft:short_grass,{},
"(14, 2, 29)",minecraft:stone_bricks,{},
"(15, 2, 29)",minecraft:spruce_planks,{},
"(16, 2, 29)",minecraft:spruce_planks,{},
"(17, 2, 29)",minecraft:spruce_planks,{},
"(18, 2, 29)",minecraft:spruce_planks,{},
"(19, 2, 29)",minecraft:spruce_planks,{},
"(20, 2, 29)",minecraft:spruce_planks,{},
"(21, 2, 29)",minecraft:spruce_planks,{},
"(22, 2, 29)",minecraft:stone,{},
"(38, 2, 29)",minecraft:stone,{},
"(50, 2, 29)",minecraft:andesite,{},
"(51, 2, 29)",minecraft:spruce_slab,"{'type': 'top', 'waterlogged': 'false'}",
"(7, 2, 30)",minecraft:acacia_leaves,"{'distance': '7', 'persistent': 'true', 'waterlogged': 'false'}",
"(8, 2, 30)",minecraft:stone_bricks,{},
"(11, 2, 30)",minecraft:short_grass,{},
"(12, 2, 30)",minecraft:short_grass,{},
"(14, 2, 30)",minecraft:andesite,{},
"(15, 2, 30)",minecraft:spruce_planks,{},
"(16, 2, 30)",minecraft:spruce_planks,{},
"(17, 2, 30)",minecraft:spruce_planks,{},
"(18, 2, 30)",minecraft:spruce_planks,{},
"(19, 2, 30)",minecraft:spruce_planks,{},
"(20, 2, 30)",minecraft:spruce_planks,{},
"(21, 2, 30)",minecraft:spruce_planks,{},
"(22, 2, 30)",minecraft:andesite,{},
"(38, 2, 30)",minecraft:andesite,{},
"(50, 2, 30)",minecraft:stone,{},
"(6, 2, 31)",minecraft:acacia_leaves,"{'distance': '7', 'persistent': 'true', 'waterlogged': 'false'}",
"(8, 2, 31)",minecraft:stone,{},
"(12, 2, 31)",minecraft:short_grass,{},
"(14, 2, 31)",minecraft:stone,{},
"(15, 2, 31)",minecraft:stone,{},
"(16, 2, 31)",minecraft:stone_bricks,{},
"(17, 2, 31)",minecraft:stone_bricks,{},
"(18, 2, 31)",minecraft:andesite,{},
"(19, 2, 31)",minecraft:stone_bricks,{},
"(20, 2, 31)",minecraft:stone_bricks,{},
"(21, 2, 31)",minecraft:stone_bricks,{},
"(22, 2, 31)",minecraft:stone_bricks,{},
"(23, 2, 31)",minecraft:stone,{},
"(38, 2, 31)",minecraft:andesite,{},
"(39, 2, 31)",minecraft:stone,{},
"(40, 2, 31)",minecraft:stone_bricks,{},
"(41, 2, 31)",minecraft:andesite,{},
"(49, 2, 31)",minecraft:stone,{},
"(50, 2, 31)",minecraft:stone,{},
"(8, 2, 32)",minecraft:stone,{},
"(12, 2, 32)",minecraft:short_grass,{},
"(20, 2, 32)",minecraft:stone,{},
"(22, 2, 32)",minecraft:stone_bricks,{},
"(23, 2, 32)",minecraft:andesite,{},
"(38, 2, 32)",minecraft:stone_bricks,{},
"(39, 2, 32)",minecraft:acacia_leaves,"{'distance': '7', 'persistent': 'true', 'waterlogged': 'false'}",
"(40, 2, 32)",minecraft:spruce_slab,"{'type': 'top', 'waterlogged': 'false'}",
"(42, 2, 32)",minecraft:stone,{},
"(48, 2, 32)",minecraft:stone_bricks,{},
"(49, 2, 32)",minecraft:bricks,{},
"(50, 2, 32)",minecraft:granite,{},
"(8, 2, 33)",minecraft:andesite,{},
"(20, 2, 33)",minecraft:stone_bricks,{},
"(21, 2, 33)",minecraft:cobblestone,{},
"(22, 2, 33)",minecraft:cobblestone,{},
"(23, 2, 33)",minecraft:cyan_terracotta,{},
"(24, 2, 33)",minecraft:cobblestone,{},
"(38, 2, 33)",minecraft:stone_bricks,{},
"(39, 2, 33)",minecraft:tall_grass,{'half': 'lower'},
"(40, 2, 33)",minecraft:white_tulip,{},
"(41, 2, 33)",minecraft:rose_bush,{'half': 'lower'},
"(42, 2, 33)",minecraft:stone,{},
"(43, 2, 33)",minecraft:stone_bricks,{},
"(44, 2, 33)",minecraft:stone_bricks,{},
"(45, 2, 33)",minecraft:andesite,{},
"(46, 2, 33)",minecraft:stone,{},
"(47, 2, 33)",minecraft:stone,{},
"(48, 2, 33)",minecraft:stone_bricks,{},
"(49, 2, 33)",minecraft:bricks,{},
"(6, 2, 34)",minecraft:acacia_leaves,"{'distance': '7', 'persistent': 'true', 'waterlogged': 'false'}",
"(8, 2, 34)",minecraft:acacia_leaves,"{'distance': '7', 'persistent': 'true', 'waterlogged': 'false'}",
"(9, 2, 34)",minecraft:andesite,{},
"(10, 2, 34)",minecraft:stone_bricks,{},
"(11, 2, 34)",minecraft:stone,{},
"(12, 2, 34)",minecraft:andesite,{},
"(13, 2, 34)",minecraft:stone_bricks,{},
"(14, 2, 34)",minecraft:stone_bricks,{},
"(15, 2, 34)",minecraft:andesite,{},
"(16, 2, 34)",minecraft:stone,{},
"(17, 2, 34)",minecraft:andesite,{},
"(18, 2, 34)",minecraft:stone,{},
"(19, 2, 34)",minecraft:stone,{},
"(20, 2, 34)",minecraft:stone_bricks,{},
"(21, 2, 34)",minecraft:stone_bricks,{},
"(22, 2, 34)",minecraft:stone_bricks,{},
"(23, 2, 34)",minecraft:stone,{},
"(24, 2, 34)",minecraft:stone_bricks,{},
"(25, 2, 34)",minecraft:stone,{},
"(26, 2, 34)",minecraft:stone,{},
"(27, 2, 34)",minecraft:stone_bricks,{},
"(35, 2, 34)",minecraft:stone,{},
"(36, 2, 34)",minecraft:stone,{},
"(37, 2, 34)",minecraft:stone,{},
"(38, 2, 34)",minecraft:stone,{},
"(39, 2, 34)",minecraft:acacia_leaves,"{'distance': '7', 'persistent': 'true', 'waterlogged': 'false'}",
"(40, 2, 34)",minecraft:tall_grass,{'half': 'lower'},
"(41, 2, 34)",minecraft:cobblestone,{},
"(44, 2, 34)",minecraft:spruce_slab,"{'type': 'top', 'waterlogged': 'false'}",
"(46, 2, 34)",minecraft:spruce_slab,"{'type': 'top', 'waterlogged': 'false'}",
"(10, 2, 35)",minecraft:acacia_leaves,"{'distance': '7', 'persistent': 'true', 'waterlogged': 'false'}",
"(11, 2, 35)",minecraft:acacia_leaves,"{'distance': '7', 'persistent': 'true', 'waterlogged': 'false'}",
"(13, 2, 35)",minecraft:acacia_leaves,"{'distance': '7', 'persistent': 'true', 'waterlogged': 'false'}",
"(14, 2, 35)",minecraft:acacia_leaves,"{'distance': '7', 'persistent': 'true', 'waterlogged': 'false'}",
"(18, 2, 35)",minecraft:acacia_leaves,"{'distance': '7', 'persistent': 'true', 'waterlogged': 'false'}",
"(21, 2, 35)",minecraft:acacia_leaves,"{'distance': '7', 'persistent': 'true', 'waterlogged': 'false'}",
"(24, 2, 35)",minecraft:acacia_leaves,"{'distance': '7', 'persistent': 'true', 'waterlogged': 'false'}",
"(27, 2, 35)",minecraft:stone_bricks,{},
"(35, 2, 35)",minecraft:andesite,{},
"(36, 2, 35)",minecraft:rose_bush,{'half': 'lower'},
"(38, 2, 35)",minecraft:acacia_leaves,"{'distance': '7', 'persistent': 'true', 'waterlogged': 'false'}",
"(39, 2, 35)",minecraft:white_tulip,{},
"(40, 2, 35)",minecraft:short_grass,{},
"(41, 2, 35)",minecraft:cobblestone_slab,"{'type': 'bottom', 'waterlogged': 'false'}",
"(10, 2, 36)",minecraft:acacia_leaves,"{'distance': '7', 'persistent': 'true', 'waterlogged': 'false'}",
"(16, 2, 36)",minecraft:acacia_leaves,"{'distance': '7', 'persistent': 'true', 'waterlogged': 'false'}",
"(19, 2, 36)",minecraft:acacia_leaves,"{'distance': '7', 'persistent': 'true', 'waterlogged': 'false'}",
"(22, 2, 36)",minecraft:acacia_leaves,"{'distance': '7', 'persistent': 'true', 'waterlogged': 'false'}",
"(26, 2, 36)",minecraft:acacia_leaves,"{'distance': '7', 'persistent': 'true', 'waterlogged': 'false'}",
"(27, 2, 36)",minecraft:stone,{},
"(28, 2, 36)",minecraft:stone_bricks,{},
"(29, 2, 36)",minecraft:stone_bricks,{},
"(30, 2, 36)",minecraft:stone,{},
"(31, 2, 36)",minecraft:stone,{},
"(32, 2, 36)",minecraft:stone,{},
"(33, 2, 36)",minecraft:stone_bricks,{},
"(34, 2, 36)",minecraft:andesite,{},
"(35, 2, 36)",minecraft:stone,{},
"(36, 2, 36)",minecraft:cobblestone,{},
"(37, 2, 36)",minecraft:cobblestone_slab,"{'type': 'bottom', 'waterlogged': 'false'}",
"(38, 2, 36)",minecraft:tall_grass,{'half': 'lower'},
"(39, 2, 36)",minecraft:short_grass,{},
"(40, 2, 36)",minecraft:cobblestone,{},
"(29, 2, 37)",minecraft:acacia_leaves,"{'distance': '7', 'persistent': 'true', 'waterlogged': 'false'}",
"(33, 2, 37)",minecraft:acacia_leaves,"{'distance': '7', 'persistent': 'true', 'waterlogged': 'false'}",
"(38, 2, 37)",minecraft:cobblestone_slab,"{'type': 'bottom', 'waterlogged': 'false'}",
"(39, 2, 37)",minecraft:cobblestone,{},
"(29, 2, 38)",minecraft:acacia_leaves,"{'distance': '7', 'persistent': 'true', 'waterlogged': 'false'}",
"(31, 2, 38)",minecraft:acacia_leaves,"{'distance': '7', 'persistent': 'true', 'waterlogged': 'false'}",
"(35, 2, 38)",minecraft:acacia_leaves,"{'distance': '7', 'persistent': 'true', 'waterlogged': 'false'}",
"(12, 3, 2)",minecraft:spruce_trapdoor,"{'facing': 'north', 'half': 'top', 'open': 'true', 'powered': 'false', 'waterlogged': 'false'}",
"(13, 3, 2)",minecraft:potted_poppy,{},
"(15, 3, 2)",minecraft:lantern,"{'hanging': 'false', 'waterlogged': 'false'}",
"(16, 3, 2)",minecraft:spruce_trapdoor,"{'facing': 'north', 'half': 'top', 'open': 'true', 'powered': 'false', 'waterlogged': 'false'}",
"(21, 3, 2)",minecraft:spruce_trapdoor,"{'facing': 'north', 'half': 'top', 'open': 'true', 'powered': 'false', 'waterlogged': 'false'}",
"(33, 3, 2)",minecraft:spruce_trapdoor,"{'facing': 'north', 'half': 'top', 'open': 'true', 'powered': 'false', 'waterlogged': 'false'}",
"(39, 3, 2)",minecraft:spruce_trapdoor,"{'facing': 'north', 'half': 'top', 'open': 'true', 'powered': 'false', 'waterlogged': 'false'}",
"(40, 3, 2)",minecraft:lantern,"{'hanging': 'false', 'waterlogged': 'false'}",
"(42, 3, 2)",minecraft:potted_white_tulip,{},
"(43, 3, 2)",minecraft:spruce_trapdoor,"{'facing': 'north', 'half': 'top', 'open': 'true', 'powered': 'false', 'waterlogged': 'false'}",
"(9, 3, 3)",minecraft:spruce_fence,"{'east': 'false', 'north': 'false', 'south': 'false', 'waterlogged': 'false', 'west': 'false'}",
"(12, 3, 3)",minecraft:stone,{},
"(13, 3, 3)",minecraft:spruce_fence,"{'east': 'true', 'north': 'false', 'south': 'false', 'waterlogged': 'false', 'west': 'true'}",
"(14, 3, 3)",minecraft:stone,{},
"(15, 3, 3)",minecraft:spruce_fence,"{'east': 'true', 'north': 'false', 'south': 'false', 'waterlogged': 'false', 'west': 'true'}",
"(16, 3, 3)",minecraft:stone,{},
"(17, 3, 3)",minecraft:acacia_leaves,"{'distance': '7', 'persistent': 'true', 'waterlogged': 'false'}",
"(21, 3, 3)",minecraft:stone,{},
"(22, 3, 3)",minecraft:gray_stained_glass_pane,"{'east': 'true', 'north': 'false', 'south': 'false', 'waterlogged': 'false', 'west': 'true'}",
"(23, 3, 3)",minecraft:andesite,{},
"(33, 3, 3)",minecraft:stone,{},
"(34, 3, 3)",minecraft:gray_stained_glass_pane,"{'east': 'true', 'north': 'false', 'south': 'false', 'waterlogged': 'false', 'west': 'true'}",
"(35, 3, 3)",minecraft:stone_bricks,{},
"(38, 3, 3)",minecraft:tall_grass,{'half': 'upper'},
"(39, 3, 3)",minecraft:stone_bricks,{},
"(40, 3, 3)",minecraft:spruce_fence,"{'east': 'true', 'north': 'false', 'south': 'false', 'waterlogged': 'false', 'west': 'true'}",
"(41, 3, 3)",minecraft:stone,{},
"(42, 3, 3)",minecraft:spruce_fence,"{'east': 'true', 'north': 'false', 'south': 'false', 'waterlogged': 'false', 'west': 'true'}",
"(43, 3, 3)",minecraft:stone,{},
"(44, 3, 3)",minecraft:acacia_leaves,"{'distance': '7', 'persistent': 'true', 'waterlogged': 'false'}",
"(11, 3, 4)",minecraft:granite_stairs,"{'facing': 'south', 'half': 'bottom', 'shape': 'straight', 'waterlogged': 'false'}",
"(12, 3, 4)",minecraft:stone_bricks,{},
"(13, 3, 4)",minecraft:lantern,"{'hanging': 'false', 'waterlogged': 'false'}",
"(16, 3, 4)",minecraft:stone_bricks,{},
"(19, 3, 4)",minecraft:acacia_leaves,"{'distance': '7', 'persistent': 'true', 'waterlogged': 'false'}",
"(20, 3, 4)",minecraft:stone_bricks,{},
"(21, 3, 4)",minecraft:repeating_command_block,"{'conditional': 'false', 'facing': 'east'}","{conditionMet: 0b, auto: 0b, components: {}, powered: 0b, Command: """", id: ""minecraft:command_block"", SuccessCount: 0, TrackOutput: 1b, UpdateLastExecution: 1b}"
"(23, 3, 4)",minecraft:ladder,"{'facing': 'south', 'waterlogged': 'false'}",
"(24, 3, 4)",minecraft:stone,{},
"(25, 3, 4)",minecraft:iron_chain,"{'axis': 'y', 'waterlogged': 'false'}",
"(31, 3, 4)",minecraft:iron_chain,"{'axis': 'y', 'waterlogged': 'false'}",
"(32, 3, 4)",minecraft:stone,{},
"(33, 3, 4)",minecraft:ladder,"{'facing': 'south', 'waterlogged': 'false'}",
"(35, 3, 4)",minecraft:repeating_command_block,"{'conditional': 'false', 'facing': 'south'}","{conditionMet: 0b, auto: 0b, components: {}, powered: 0b, Command: """", id: ""minecraft:command_block"", SuccessCount: 0, TrackOutput: 1b, UpdateLastExecution: 1b}"
"(36, 3, 4)",minecraft:stone_bricks,{},
"(37, 3, 4)",minecraft:acacia_leaves,"{'distance': '7', 'persistent': 'true', 'waterlogged': 'false'}",
"(38, 3, 4)",minecraft:rose_bush,{'half': 'upper'},
"(39, 3, 4)",minecraft:stone_bricks,{},
"(41, 3, 4)",minecraft:bookshelf,{},
"(43, 3, 4)",minecraft:stone_bricks,{},
"(10, 3, 5)",minecraft:bricks,{},
"(11, 3, 5)",minecraft:bricks,{},
"(12, 3, 5)",minecraft:stone_bricks,{},
"(15, 3, 5)",minecraft:repeating_command_block,"{'conditional': 'false', 'facing': 'west'}","{conditionMet: 0b, auto: 0b, components: {}, powered: 0b, Command: """", id: ""minecraft:command_block"", SuccessCount: 0, TrackOutput: 1b, UpdateLastExecution: 1b}"
"(16, 3, 5)",minecraft:stone,{},
"(17, 3, 5)",minecraft:stone,{},
"(18, 3, 5)",minecraft:stone_bricks,{},
"(19, 3, 5)",minecraft:andesite,{},
"(20, 3, 5)",minecraft:stone,{},
"(21, 3, 5)",minecraft:potted_lily_of_the_valley,{},
"(24, 3, 5)",minecraft:andesite,{},
"(25, 3, 5)",minecraft:stone_bricks,{},
"(31, 3, 5)",minecraft:stone,{},
"(32, 3, 5)",minecraft:stone,{},
"(37, 3, 5)",minecraft:stone,{},
"(38, 3, 5)",minecraft:stone,{},
"(39, 3, 5)",minecraft:bookshelf,{},
"(43, 3, 5)",minecraft:bookshelf,{},
"(44, 3, 5)",minecraft:stone_bricks,{},
"(45, 3, 5)",minecraft:acacia_leaves,"{'distance': '7', 'persistent': 'true', 'waterlogged': 'false'}",
"(46, 3, 5)",minecraft:tall_grass,{'half': 'upper'},
"(8, 3, 6)",minecraft:spruce_trapdoor,"{'facing': 'west', 'half': 'top', 'open': 'true', 'powered': 'false', 'waterlogged': 'false'}",
"(9, 3, 6)",minecraft:stone,{},
"(10, 3, 6)",minecraft:stone_bricks,{},
"(11, 3, 6)",minecraft:stone,{},
"(12, 3, 6)",minecraft:flowering_azalea_leaves,"{'distance': '7', 'persistent': 'true', 'waterlogged': 'false'}",
"(15, 3, 6)",minecraft:repeating_command_block,"{'conditional': 'false', 'facing': 'west'}","{conditionMet: 0b, auto: 0b, components: {}, powered: 0b, Command: """", id: ""minecraft:command_block"", SuccessCount: 0, TrackOutput: 1b, UpdateLastExecution: 1b}"
"(16, 3, 6)",minecraft:stone_bricks,{},
"(18, 3, 6)",minecraft:acacia_leaves,"{'distance': '7', 'persistent': 'true', 'waterlogged': 'false'}",
"(19, 3, 6)",minecraft:tall_grass,{'half': 'upper'},
"(20, 3, 6)",minecraft:stone,{},
"(21, 3, 6)",minecraft:chest,"{'facing': 'east', 'type': 'single', 'waterlogged': 'false'}","{components: {}, Items: [], id: ""minecraft:chest""}"
"(23, 3, 6)",minecraft:repeating_command_block,"{'conditional': 'false', 'facing': 'west'}","{conditionMet: 0b, auto: 0b, components: {}, powered: 0b, Command: """", id: ""minecraft:command_block"", SuccessCount: 0, TrackOutput: 1b, UpdateLastExecution: 1b}"
"(24, 3, 6)",minecraft:stone_bricks,{},
"(25, 3, 6)",minecraft:iron_chain,"{'axis': 'y', 'waterlogged': 'false'}",
"(26, 3, 6)",minecraft:spruce_trapdoor,"{'facing': 'east', 'half': 'bottom', 'open': 'true', 'powered': 'false', 'waterlogged': 'false'}",
"(30, 3, 6)",minecraft:spruce_trapdoor,"{'facing': 'west', 'half': 'bottom', 'open': 'true', 'powered': 'false', 'waterlogged': 'false'}",
"(31, 3, 6)",minecraft:iron_chain,"{'axis': 'y', 'waterlogged': 'false'}",
"(32, 3, 6)",minecraft:stone_bricks,{},
"(33, 3, 6)",minecraft:repeating_command_block,"{'conditional': 'false', 'facing': 'east'}","{conditionMet: 0b, auto: 0b, components: {}, powered: 0b, Command: """", id: ""minecraft:command_block"", SuccessCount: 0, TrackOutput: 1b, UpdateLastExecution: 1b}"
"(38, 3, 6)",minecraft:repeating_command_block,"{'conditional': 'false', 'facing': 'south'}","{conditionMet: 0b, auto: 0b, components: {}, powered: 0b, Command: """", id: ""minecraft:command_block"", SuccessCount: 0, TrackOutput: 1b, UpdateLastExecution: 1b}"
"(43, 3, 6)",minecraft:loom,{'facing': 'south'},
"(44, 3, 6)",minecraft:stone,{},
"(45, 3, 6)",minecraft:rose_bush,{'half': 'upper'},
"(8, 3, 7)",minecraft:potted_white_tulip,{},
"(9, 3, 7)",minecraft:spruce_fence,"{'east': 'false', 'north': 'true', 'south': 'true', 'waterlogged': 'false', 'west': 'false'}",
"(11, 3, 7)",minecraft:lantern,"{'hanging': 'false', 'waterlogged': 'false'}",
"(15, 3, 7)",minecraft:spruce_door,"{'facing': 'west', 'half': 'upper', 'hinge': 'right', 'open': 'false', 'powered': 'false'}",
"(21, 3, 7)",minecraft:stone,{},
"(22, 3, 7)",minecraft:spruce_door,"{'facing': 'south', 'half': 'upper', 'hinge': 'right', 'open': 'false', 'powered': 'false'}",
"(23, 3, 7)",minecraft:stone,{},
"(25, 3, 7)",minecraft:spruce_trapdoor,"{'facing': 'west', 'half': 'bottom', 'open': 'true', 'powered': 'false', 'waterlogged': 'false'}",
"(31, 3, 7)",minecraft:spruce_trapdoor,"{'facing': 'east', 'half': 'bottom', 'open': 'true', 'powered': 'false', 'waterlogged': 'false'}",
"(33, 3, 7)",minecraft:stone_bricks,{},
"(34, 3, 7)",minecraft:repeating_command_block,"{'conditional': 'false', 'facing': 'east'}","{conditionMet: 0b, auto: 0b, components: {}, powered: 0b, Command: """", id: ""minecraft:command_block"", SuccessCount: 0, TrackOutput: 1b, UpdateLastExecution: 1b}"
"(43, 3, 7)",minecraft:bookshelf,{},
"(44, 3, 7)",minecraft:stone_bricks,{},
"(45, 3, 7)",minecraft:stone,{},
"(46, 3, 7)",minecraft:stone_bricks,{},
"(47, 3, 7)",minecraft:spruce_trapdoor,"{'facing': 'east', 'half': 'top', 'open': 'true', 'powered': 'false', 'waterlogged': 'false'}",
"(9, 3, 8)",minecraft:stone,{},
"(10, 3, 8)",minecraft:potted_lily_of_the_valley,{},
"(15, 3, 8)",minecraft:spruce_door,"{'facing': 'west', 'half': 'upper', 'hinge': 'left', 'open': 'false', 'powered': 'false'}",
"(19, 3, 8)",minecraft:tall_grass,{'half': 'upper'},
"(24, 3, 8)",minecraft:oak_leaves,"{'distance': '7', 'persistent': 'true', 'waterlogged': 'false'}",
"(25, 3, 8)",minecraft:spruce_trapdoor,"{'facing': 'west', 'half': 'bottom', 'open': 'true', 'powered': 'false', 'waterlogged': 'false'}",
"(26, 3, 8)",minecraft:tripwire_hook,"{'attached': 'false', 'facing': 'east', 'powered': 'false'}",
"(30, 3, 8)",minecraft:tripwire_hook,"{'attached': 'false', 'facing': 'west', 'powered': 'false'}",
"(31, 3, 8)",minecraft:spruce_trapdoor,"{'facing': 'east', 'half': 'bottom', 'open': 'true', 'powered': 'false', 'waterlogged': 'false'}",
"(32, 3, 8)",minecraft:tall_grass,{'half': 'upper'},
"(33, 3, 8)",minecraft:oak_leaves,"{'distance': '7', 'persistent': 'true', 'waterlogged': 'false'}",
"(34, 3, 8)",minecraft:stone,{},
"(39, 3, 8)",minecraft:spruce_trapdoor,"{'facing': 'north', 'half': 'bottom', 'open': 'true', 'powered': 'false', 'waterlogged': 'false'}",
"(40, 3, 8)",minecraft:oak_trapdoor,"{'facing': 'north', 'half': 'bottom', 'open': 'true', 'powered': 'false', 'waterlogged': 'false'}",
"(41, 3, 8)",minecraft:oak_trapdoor,"{'facing': 'north', 'half': 'bottom', 'open': 'true', 'powered': 'false', 'waterlogged': 'false'}",
"(42, 3, 8)",minecraft:oak_trapdoor,"{'facing': 'north', 'half': 'bottom', 'open': 'true', 'powered': 'false', 'waterlogged': 'false'}",
"(43, 3, 8)",minecraft:spruce_trapdoor,"{'facing': 'north', 'half': 'bottom', 'open': 'true', 'powered': 'false', 'waterlogged': 'false'}",
"(44, 3, 8)",minecraft:spruce_door,"{'facing': 'west', 'half': 'upper', 'hinge': 'left', 'open': 'false', 'powered': 'false'}",
"(45, 3, 8)",minecraft:ladder,"{'facing': 'south', 'waterlogged': 'false'}",
"(46, 3, 8)",minecraft:spruce_fence,"{'east': 'false', 'north': 'true', 'south': 'true', 'waterlogged': 'false', 'west': 'false'}",
"(47, 3, 8)",minecraft:potted_poppy,{},
"(8, 3, 9)",minecraft:potted_poppy,{},
"(9, 3, 9)",minecraft:spruce_fence,"{'east': 'false', 'north': 'true', 'south': 'true', 'waterlogged': 'false', 'west': 'false'}",
"(12, 3, 9)",minecraft:potted_blue_orchid,{},
"(13, 3, 9)",minecraft:stone,{},
"(15, 3, 9)",minecraft:stone,{},
"(16, 3, 9)",minecraft:stone_bricks,{},
"(24, 3, 9)",minecraft:tall_grass,{'half': 'upper'},
"(33, 3, 9)",minecraft:potted_poppy,{},
"(34, 3, 9)",minecraft:spruce_fence,"{'east': 'false', 'north': 'true', 'south': 'true', 'waterlogged': 'false', 'west': 'false'}",
"(35, 3, 9)",minecraft:potted_warped_fungus,{},
"(40, 3, 9)",minecraft:spruce_stairs,"{'facing': 'east', 'half': 'bottom', 'shape': 'straight', 'waterlogged': 'false'}",
"(41, 3, 9)",minecraft:spruce_planks,{},
"(42, 3, 9)",minecraft:spruce_planks,{},
"(43, 3, 9)",minecraft:spruce_planks,{},
"(44, 3, 9)",minecraft:stone,{},
"(45, 3, 9)",minecraft:stone,{},
"(46, 3, 9)",minecraft:andesite,{},
"(8, 3, 10)",minecraft:spruce_trapdoor,"{'facing': 'west', 'half': 'top', 'open': 'true', 'powered': 'false', 'waterlogged': 'false'}",
"(9, 3, 10)",minecraft:stone,{},
"(10, 3, 10)",minecraft:stone,{},
"(11, 3, 10)",minecraft:stone,{},
"(12, 3, 10)",minecraft:stone_bricks,{},
"(13, 3, 10)",minecraft:andesite,{},
"(14, 3, 10)",minecraft:ladder,"{'facing': 'north', 'waterlogged': 'false'}",
"(15, 3, 10)",minecraft:stone_bricks,{},
"(16, 3, 10)",minecraft:andesite,{},
"(33, 3, 10)",minecraft:spruce_trapdoor,"{'facing': 'west', 'half': 'top', 'open': 'true', 'powered': 'false', 'waterlogged': 'false'}",
"(34, 3, 10)",minecraft:andesite,{},
"(35, 3, 10)",minecraft:lantern,"{'hanging': 'false', 'waterlogged': 'false'}",
"(40, 3, 10)",minecraft:spruce_stairs,"{'facing': 'east', 'half': 'bottom', 'shape': 'straight', 'waterlogged': 'false'}",
"(41, 3, 10)",minecraft:spruce_planks,{},
"(42, 3, 10)",minecraft:spruce_planks,{},
"(43, 3, 10)",minecraft:spruce_planks,{},
"(44, 3, 10)",minecraft:stone,{},
"(45, 3, 10)",minecraft:rose_bush,{'half': 'upper'},
"(9, 3, 11)",minecraft:birch_leaves,"{'distance': '7', 'persistent': 'true', 'waterlogged': 'false'}",
"(10, 3, 11)",minecraft:mossy_stone_bricks,{},
"(11, 3, 11)",minecraft:stone,{},
"(12, 3, 11)",minecraft:iron_chain,"{'axis': 'y', 'waterlogged': 'false'}",
"(13, 3, 11)",minecraft:stone_bricks,{},
"(14, 3, 11)",minecraft:stone_bricks,{},
"(15, 3, 11)",minecraft:mossy_stone_bricks,{},
"(16, 3, 11)",minecraft:barrel,"{'facing': 'up', 'open': 'false'}","{components: {}, Items: [], id: ""minecraft:barrel""}"
"(34, 3, 11)",minecraft:stone_bricks,{},
"(35, 3, 11)",minecraft:spruce_fence,"{'east': 'true', 'north': 'false', 'south': 'false', 'waterlogged': 'false', 'west': 'true'}",
"(36, 3, 11)",minecraft:stone_bricks,{},
"(37, 3, 11)",minecraft:stone,{},
"(38, 3, 11)",minecraft:stone_bricks,{},
"(39, 3, 11)",minecraft:andesite,{},
"(40, 3, 11)",minecraft:andesite,{},
"(41, 3, 11)",minecraft:andesite,{},
"(42, 3, 11)",minecraft:cobblestone,{},
"(43, 3, 11)",minecraft:stone_bricks,{},
"(44, 3, 11)",minecraft:stone_bricks,{},
"(45, 3, 11)",minecraft:acacia_leaves,"{'distance': '7', 'persistent': 'true', 'waterlogged': 'false'}",
"(46, 3, 11)",minecraft:tall_grass,{'half': 'upper'},
"(10, 3, 12)",minecraft:stone,{},
"(11, 3, 12)",minecraft:stone,{},
"(13, 3, 12)",minecraft:birch_leaves,"{'distance': '7', 'persistent': 'true', 'waterlogged': 'false'}",
"(16, 3, 12)",minecraft:chest,"{'facing': 'south', 'type': 'single', 'waterlogged': 'false'}","{components: {}, Items: [], id: ""minecraft:chest""}"
"(36, 3, 12)",minecraft:spruce_trapdoor,"{'facing': 'south', 'half': 'top', 'open': 'true', 'powered': 'false', 'waterlogged': 'false'}",
"(37, 3, 12)",minecraft:tall_grass,{'half': 'lower'},
"(38, 3, 12)",minecraft:cobblestone,{},
"(39, 3, 12)",minecraft:andesite,{},
"(40, 3, 12)",minecraft:tuff,{},
"(41, 3, 12)",minecraft:cobblestone,{},
"(42, 3, 12)",minecraft:andesite,{},
"(43, 3, 12)",minecraft:cobblestone,{},
"(44, 3, 12)",minecraft:andesite,{},
"(45, 3, 12)",minecraft:brick_slab,"{'type': 'bottom', 'waterlogged': 'false'}",
"(47, 3, 12)",minecraft:acacia_leaves,"{'distance': '7', 'persistent': 'true', 'waterlogged': 'false'}",
"(10, 3, 13)",minecraft:stone_brick_stairs,"{'facing': 'north', 'half': 'top', 'shape': 'straight', 'waterlogged': 'false'}",
"(11, 3, 13)",minecraft:iron_bars,"{'east': 'true', 'north': 'true', 'south': 'true', 'waterlogged': 'false', 'west': 'false'}",
"(12, 3, 13)",minecraft:spruce_trapdoor,"{'facing': 'east', 'half': 'bottom', 'open': 'true', 'powered': 'false', 'waterlogged': 'false'}",
"(14, 3, 13)",minecraft:oak_trapdoor,"{'facing': 'north', 'half': 'bottom', 'open': 'true', 'powered': 'false', 'waterlogged': 'false'}",
"(38, 3, 13)",minecraft:andesite_stairs,"{'facing': 'east', 'half': 'bottom', 'shape': 'straight', 'waterlogged': 'false'}",
"(39, 3, 13)",minecraft:tuff,{},
"(40, 3, 13)",minecraft:tuff,{},
"(41, 3, 13)",minecraft:andesite,{},
"(42, 3, 13)",minecraft:coal_ore,{},
"(43, 3, 13)",minecraft:cobblestone,{},
"(44, 3, 13)",minecraft:stone,{},
"(45, 3, 13)",minecraft:bricks,{},
"(46, 3, 13)",minecraft:bricks,{},
"(11, 3, 14)",minecraft:iron_bars,"{'east': 'true', 'north': 'true', 'south': 'true', 'waterlogged': 'false', 'west': 'false'}",
"(12, 3, 14)",minecraft:spruce_trapdoor,"{'facing': 'east', 'half': 'bottom', 'open': 'true', 'powered': 'false', 'waterlogged': 'false'}",
"(13, 3, 14)",minecraft:oak_trapdoor,"{'facing': 'west', 'half': 'bottom', 'open': 'true', 'powered': 'false', 'waterlogged': 'false'}",
"(14, 3, 14)",minecraft:waxed_weathered_copper,{},
"(15, 3, 14)",minecraft:oak_trapdoor,"{'facing': 'east', 'half': 'bottom', 'open': 'true', 'powered': 'false', 'waterlogged': 'false'}",
"(23, 3, 14)",minecraft:tall_grass,{'half': 'upper'},
"(38, 3, 14)",minecraft:cobblestone_stairs,"{'facing': 'east', 'half': 'bottom', 'shape': 'straight', 'waterlogged': 'false'}",
"(39, 3, 14)",minecraft:cobblestone,{},
"(40, 3, 14)",minecraft:cobblestone,{},
"(41, 3, 14)",minecraft:cobblestone,{},
"(42, 3, 14)",minecraft:cobblestone,{},
"(43, 3, 14)",minecraft:tuff,{},
"(44, 3, 14)",minecraft:coal_ore,{},
"(45, 3, 14)",minecraft:bricks,{},
"(46, 3, 14)",minecraft:bricks,{},
"(10, 3, 15)",minecraft:stone_stairs,"{'facing': 'south', 'half': 'top', 'shape': 'straight', 'waterlogged': 'false'}",
"(11, 3, 15)",minecraft:iron_bars,"{'east': 'true', 'north': 'true', 'south': 'true', 'waterlogged': 'false', 'west': 'false'}",
"(12, 3, 15)",minecraft:spruce_trapdoor,"{'facing': 'east', 'half': 'bottom', 'open': 'true', 'powered': 'false', 'waterlogged': 'false'}",
"(14, 3, 15)",minecraft:oak_trapdoor,"{'facing': 'south', 'half': 'bottom', 'open': 'true', 'powered': 'false', 'waterlogged': 'false'}",
"(23, 3, 15)",minecraft:spruce_stairs,"{'facing': 'south', 'half': 'bottom', 'shape': 'straight', 'waterlogged': 'false'}",
"(25, 3, 15)",minecraft:tall_grass,{'half': 'upper'},
"(38, 3, 15)",minecraft:cobblestone_stairs,"{'facing': 'east', 'half': 'bottom', 'shape': 'straight', 'waterlogged': 'false'}",
"(39, 3, 15)",minecraft:andesite,{},
"(40, 3, 15)",minecraft:cobblestone,{},
"(41, 3, 15)",minecraft:tuff,{},
"(42, 3, 15)",minecraft:andesite,{},
"(43, 3, 15)",minecraft:cobblestone,{},
"(44, 3, 15)",minecraft:stone,{},
"(45, 3, 15)",minecraft:bricks,{},
"(46, 3, 15)",minecraft:bricks,{},
"(10, 3, 16)",minecraft:mossy_stone_bricks,{},
"(11, 3, 16)",minecraft:andesite,{},
"(12, 3, 16)",minecraft:spruce_trapdoor,"{'facing': 'north', 'half': 'bottom', 'open': 'true', 'powered': 'false', 'waterlogged': 'false'}",
"(13, 3, 16)",minecraft:oak_trapdoor,"{'facing': 'north', 'half': 'bottom', 'open': 'true', 'powered': 'false', 'waterlogged': 'false'}",
"(14, 3, 16)",minecraft:oak_trapdoor,"{'facing': 'north', 'half': 'bottom', 'open': 'true', 'powered': 'false', 'waterlogged': 'false'}",
"(15, 3, 16)",minecraft:spruce_trapdoor,"{'facing': 'north', 'half': 'bottom', 'open': 'true', 'powered': 'false', 'waterlogged': 'false'}",
"(22, 3, 16)",minecraft:spruce_slab,"{'type': 'bottom', 'waterlogged': 'false'}",
"(23, 3, 16)",minecraft:oak_wood,{'axis': 'y'},
"(37, 3, 16)",minecraft:tall_grass,{'half': 'lower'},
"(38, 3, 16)",minecraft:tuff,{},
"(39, 3, 16)",minecraft:cobblestone,{},
"(40, 3, 16)",minecraft:andesite,{},
"(41, 3, 16)",minecraft:cobblestone,{},
"(42, 3, 16)",minecraft:cobblestone,{},
"(43, 3, 16)",minecraft:andesite,{},
"(44, 3, 16)",minecraft:stone_bricks,{},
"(45, 3, 16)",minecraft:acacia_leaves,"{'distance': '7', 'persistent': 'true', 'waterlogged': 'false'}",
"(47, 3, 16)",minecraft:acacia_leaves,"{'distance': '7', 'persistent': 'true', 'waterlogged': 'false'}",
"(10, 3, 17)",minecraft:andesite,{},
"(11, 3, 17)",minecraft:stone,{},
"(13, 3, 17)",minecraft:birch_leaves,"{'distance': '7', 'persistent': 'true', 'waterlogged': 'false'}",
"(14, 3, 17)",minecraft:spruce_stairs,"{'facing': 'east', 'half': 'top', 'shape': 'straight', 'waterlogged': 'false'}",
"(15, 3, 17)",minecraft:spruce_planks,{},
"(16, 3, 17)",minecraft:spruce_trapdoor,"{'facing': 'east', 'half': 'bottom', 'open': 'true', 'powered': 'false', 'waterlogged': 'false'}",
"(21, 3, 17)",minecraft:tall_grass,{'half': 'upper'},
"(39, 3, 17)",minecraft:short_grass,{},
"(40, 3, 17)",minecraft:grass_block,{'snowy': 'false'},
"(41, 3, 17)",minecraft:moss_block,{},
"(42, 3, 17)",minecraft:stone,{},
"(43, 3, 17)",minecraft:stone_bricks,{},
"(44, 3, 17)",minecraft:stone_bricks,{},
"(45, 3, 17)",minecraft:stone,{},
"(46, 3, 17)",minecraft:stone_bricks,{},
"(47, 3, 17)",minecraft:andesite,{},
"(48, 3, 17)",minecraft:stone,{},
"(9, 3, 18)",minecraft:spruce_fence,"{'east': 'true', 'north': 'false', 'south': 'true', 'waterlogged': 'false', 'west': 'false'}",
"(10, 3, 18)",minecraft:stone_bricks,{},
"(11, 3, 18)",minecraft:stone_bricks,{},
"(12, 3, 18)",minecraft:birch_leaves,"{'distance': '7', 'persistent': 'true', 'waterlogged': 'false'}",
"(15, 3, 18)",minecraft:spruce_planks,{},
"(16, 3, 18)",minecraft:spruce_trapdoor,"{'facing': 'east', 'half': 'bottom', 'open': 'true', 'powered': 'false', 'waterlogged': 'false'}",
"(24, 3, 18)",minecraft:tall_grass,{'half': 'upper'},
"(27, 3, 18)",minecraft:orange_tulip,{},
"(32, 3, 18)",minecraft:short_grass,{},
"(39, 3, 18)",minecraft:spruce_slab,"{'type': 'bottom', 'waterlogged': 'false'}",
"(40, 3, 18)",minecraft:brown_concrete_powder,{},
"(41, 3, 18)",minecraft:grass_block,{'snowy': 'false'},
"(42, 3, 18)",minecraft:stone,{},
"(43, 3, 18)",minecraft:coarse_dirt,{},
"(44, 3, 18)",minecraft:coarse_dirt,{},
"(45, 3, 18)",minecraft:coarse_dirt,{},
"(46, 3, 18)",minecraft:coarse_dirt,{},
"(47, 3, 18)",minecraft:brown_concrete_powder,{},
"(48, 3, 18)",minecraft:andesite,{},
"(8, 3, 19)",minecraft:andesite,{},
"(9, 3, 19)",minecraft:stone_bricks,{},
"(10, 3, 19)",minecraft:andesite,{},
"(11, 3, 19)",minecraft:stone,{},
"(12, 3, 19)",minecraft:stone,{},
"(13, 3, 19)",minecraft:andesite,{},
"(14, 3, 19)",minecraft:stone,{},
"(15, 3, 19)",minecraft:spruce_stairs,"{'facing': 'north', 'half': 'bottom', 'shape': 'straight', 'waterlogged': 'false'}",
"(16, 3, 19)",minecraft:spruce_trapdoor,"{'facing': 'east', 'half': 'bottom', 'open': 'true', 'powered': 'false', 'waterlogged': 'false'}",
"(19, 3, 19)",minecraft:tall_grass,{'half': 'upper'},
"(21, 3, 19)",minecraft:short_grass,{},
"(22, 3, 19)",minecraft:oak_leaves,"{'distance': '7', 'persistent': 'true', 'waterlogged': 'false'}",
"(25, 3, 19)",minecraft:short_grass,{},
"(27, 3, 19)",minecraft:short_grass,{},
"(39, 3, 19)",minecraft:spruce_slab,"{'type': 'bottom', 'waterlogged': 'false'}",
"(40, 3, 19)",minecraft:coarse_dirt,{},
"(41, 3, 19)",minecraft:coarse_dirt,{},
"(42, 3, 19)",minecraft:coarse_dirt,{},
"(43, 3, 19)",minecraft:brown_concrete_powder,{},
"(44, 3, 19)",minecraft:brown_concrete_powder,{},
"(45, 3, 19)",minecraft:hay_block,{'axis': 'y'},
"(46, 3, 19)",minecraft:coarse_dirt,{},
"(47, 3, 19)",minecraft:hay_block,{'axis': 'y'},
"(48, 3, 19)",minecraft:stone_bricks,{},
"(49, 3, 19)",minecraft:acacia_leaves,"{'distance': '7', 'persistent': 'true', 'waterlogged': 'false'}",
"(6, 3, 20)",minecraft:acacia_leaves,"{'distance': '7', 'persistent': 'true', 'waterlogged': 'false'}",
"(8, 3, 20)",minecraft:stone,{},
"(14, 3, 20)",minecraft:stone,{},
"(16, 3, 20)",minecraft:spruce_trapdoor,"{'facing': 'east', 'half': 'bottom', 'open': 'true', 'powered': 'false', 'waterlogged': 'false'}",
"(20, 3, 20)",minecraft:short_grass,{},
"(21, 3, 20)",minecraft:cobblestone_wall,"{'east': 'none', 'north': 'none', 'south': 'none', 'up': 'true', 'waterlogged': 'false', 'west': 'none'}",
"(23, 3, 20)",minecraft:tall_grass,{'half': 'lower'},
"(24, 3, 20)",minecraft:orange_tulip,{},
"(25, 3, 20)",minecraft:short_grass,{},
"(26, 3, 20)",minecraft:tall_grass,{'half': 'lower'},
"(28, 3, 20)",minecraft:short_grass,{},
"(35, 3, 20)",minecraft:short_grass,{},
"(37, 3, 20)",minecraft:short_grass,{},
"(38, 3, 20)",minecraft:spruce_slab,"{'type': 'bottom', 'waterlogged': 'false'}",
"(39, 3, 20)",minecraft:coarse_dirt,{},
"(40, 3, 20)",minecraft:coarse_dirt,{},
"(41, 3, 20)",minecraft:coarse_dirt,{},
"(42, 3, 20)",minecraft:brown_concrete_powder,{},
"(43, 3, 20)",minecraft:brown_concrete_powder,{},
"(44, 3, 20)",minecraft:coarse_dirt,{},
"(45, 3, 20)",minecraft:coarse_dirt,{},
"(46, 3, 20)",minecraft:brown_concrete_powder,{},
"(47, 3, 20)",minecraft:coarse_dirt,{},
"(48, 3, 20)",minecraft:andesite,{},
"(5, 3, 21)",minecraft:andesite,{},
"(6, 3, 21)",minecraft:stone_bricks,{},
"(7, 3, 21)",minecraft:stone,{},
"(14, 3, 21)",minecraft:stone,{},
"(17, 3, 21)",minecraft:short_grass,{},
"(19, 3, 21)",minecraft:short_grass,{},
"(20, 3, 21)",minecraft:orange_tulip,{},
"(21, 3, 21)",minecraft:oak_leaves,"{'distance': '7', 'persistent': 'true', 'waterlogged': 'false'}",
"(22, 3, 21)",minecraft:tall_grass,{'half': 'lower'},
"(24, 3, 21)",minecraft:short_grass,{},
"(27, 3, 21)",minecraft:tall_grass,{'half': 'lower'},
"(28, 3, 21)",minecraft:polished_andesite_stairs,"{'facing': 'south', 'half': 'top', 'shape': 'straight', 'waterlogged': 'false'}",
"(34, 3, 21)",minecraft:polished_andesite_stairs,"{'facing': 'south', 'half': 'top', 'shape': 'straight', 'waterlogged': 'false'}",
"(36, 3, 21)",minecraft:short_grass,{},
"(37, 3, 21)",minecraft:spruce_slab,"{'type': 'bottom', 'waterlogged': 'false'}",
"(38, 3, 21)",minecraft:brown_concrete_powder,{},
"(39, 3, 21)",minecraft:coarse_dirt,{},
"(40, 3, 21)",minecraft:coarse_dirt,{},
"(41, 3, 21)",minecraft:grass_block,{'snowy': 'false'},
"(42, 3, 21)",minecraft:stone_bricks,{},
"(43, 3, 21)",minecraft:coarse_dirt,{},
"(44, 3, 21)",minecraft:coarse_dirt,{},
"(45, 3, 21)",minecraft:coarse_dirt,{},
"(46, 3, 21)",minecraft:coarse_dirt,{},
"(47, 3, 21)",minecraft:coarse_dirt,{},
"(48, 3, 21)",minecraft:stone,{},
"(49, 3, 21)",minecraft:acacia_leaves,"{'distance': '7', 'persistent': 'true', 'waterlogged': 'false'}",
"(4, 3, 22)",minecraft:spruce_trapdoor,"{'facing': 'west', 'half': 'top', 'open': 'true', 'powered': 'false', 'waterlogged': 'false'}",
"(5, 3, 22)",minecraft:stone_bricks,{},
"(14, 3, 22)",minecraft:stone,{},
"(15, 3, 22)",minecraft:tall_grass,{'half': 'lower'},
"(18, 3, 22)",minecraft:repeating_command_block,"{'conditional': 'false', 'facing': 'north'}","{conditionMet: 0b, auto: 0b, components: {}, powered: 0b, Command: """", id: ""minecraft:command_block"", SuccessCount: 0, TrackOutput: 1b, UpdateLastExecution: 1b}"
"(19, 3, 22)",minecraft:tall_grass,{'half': 'lower'},
"(20, 3, 22)",minecraft:short_grass,{},
"(21, 3, 22)",minecraft:repeating_command_block,"{'conditional': 'false', 'facing': 'west'}","{conditionMet: 0b, auto: 0b, components: {}, powered: 0b, Command: """", id: ""minecraft:command_block"", SuccessCount: 0, TrackOutput: 1b, UpdateLastExecution: 1b}"
"(22, 3, 22)",minecraft:stone_bricks,{},
"(23, 3, 22)",minecraft:andesite,{},
"(24, 3, 22)",minecraft:cobblestone,{},
"(25, 3, 22)",minecraft:cobblestone_slab,"{'type': 'bottom', 'waterlogged': 'false'}",
"(26, 3, 22)",minecraft:cobblestone,{},
"(28, 3, 22)",minecraft:polished_andesite,{},
"(29, 3, 22)",minecraft:spruce_stairs,"{'facing': 'south', 'half': 'bottom', 'shape': 'straight', 'waterlogged': 'false'}",
"(30, 3, 22)",minecraft:spruce_stairs,"{'facing': 'south', 'half': 'bottom', 'shape': 'straight', 'waterlogged': 'false'}",
"(31, 3, 22)",minecraft:spruce_stairs,"{'facing': 'south', 'half': 'bottom', 'shape': 'straight', 'waterlogged': 'false'}",
"(32, 3, 22)",minecraft:spruce_stairs,"{'facing': 'south', 'half': 'bottom', 'shape': 'straight', 'waterlogged': 'false'}",
"(33, 3, 22)",minecraft:spruce_stairs,"{'facing': 'south', 'half': 'bottom', 'shape': 'straight', 'waterlogged': 'false'}",
"(34, 3, 22)",minecraft:polished_andesite,{},
"(35, 3, 22)",minecraft:tall_grass,{'half': 'lower'},
"(36, 3, 22)",minecraft:moss_block,{},
"(37, 3, 22)",minecraft:grass_block,{'snowy': 'false'},
"(38, 3, 22)",minecraft:grass_block,{'snowy': 'false'},
"(39, 3, 22)",minecraft:brown_concrete_powder,{},
"(40, 3, 22)",minecraft:coarse_dirt,{},
"(41, 3, 22)",minecraft:brown_concrete_powder,{},
"(42, 3, 22)",minecraft:brown_concrete_powder,{},
"(43, 3, 22)",minecraft:coarse_dirt,{},
"(44, 3, 22)",minecraft:coarse_dirt,{},
"(45, 3, 22)",minecraft:coarse_dirt,{},
"(46, 3, 22)",minecraft:brown_concrete_powder,{},
"(47, 3, 22)",minecraft:coarse_dirt,{},
"(48, 3, 22)",minecraft:stone_bricks,{},
"(5, 3, 23)",minecraft:spruce_fence,"{'east': 'false', 'north': 'true', 'south': 'true', 'waterlogged': 'false', 'west': 'false'}",
"(14, 3, 23)",minecraft:stone,{},
"(15, 3, 23)",minecraft:stone_bricks,{},
"(18, 3, 23)",minecraft:stone_bricks,{},
"(19, 3, 23)",minecraft:stone,{},
"(20, 3, 23)",minecraft:andesite,{},
"(21, 3, 23)",minecraft:stone,{},
"(22, 3, 23)",minecraft:andesite,{},
"(23, 3, 23)",minecraft:andesite,{},
"(25, 3, 23)",minecraft:acacia_leaves,"{'distance': '7', 'persistent': 'true', 'waterlogged': 'false'}",
"(26, 3, 23)",minecraft:rose_bush,{'half': 'lower'},
"(27, 3, 23)",minecraft:cobblestone,{},
"(28, 3, 23)",minecraft:polished_andesite,{},
"(34, 3, 23)",minecraft:polished_andesite,{},
"(35, 3, 23)",minecraft:moss_block,{},
"(36, 3, 23)",minecraft:grass_block,{'snowy': 'false'},
"(37, 3, 23)",minecraft:dirt,{},
"(38, 3, 23)",minecraft:dirt,{},
"(39, 3, 23)",minecraft:dirt,{},
"(40, 3, 23)",minecraft:coarse_dirt,{},
"(41, 3, 23)",minecraft:coarse_dirt,{},
"(42, 3, 23)",minecraft:coarse_dirt,{},
"(43, 3, 23)",minecraft:coarse_dirt,{},
"(44, 3, 23)",minecraft:coarse_dirt,{},
"(45, 3, 23)",minecraft:hay_block,{'axis': 'y'},
"(46, 3, 23)",minecraft:coarse_dirt,{},
"(47, 3, 23)",minecraft:brown_concrete_powder,{},
"(48, 3, 23)",minecraft:stone_bricks,{},
"(5, 3, 24)",minecraft:stone,{},
"(14, 3, 24)",minecraft:stone,{},
"(16, 3, 24)",minecraft:spruce_door,"{'facing': 'south', 'half': 'lower', 'hinge': 'right', 'open': 'false', 'powered': 'false'}",
"(17, 3, 24)",minecraft:spruce_door,"{'facing': 'south', 'half': 'lower', 'hinge': 'left', 'open': 'false', 'powered': 'false'}",
"(22, 3, 24)",minecraft:andesite,{},
"(24, 3, 24)",minecraft:acacia_leaves,"{'distance': '7', 'persistent': 'true', 'waterlogged': 'false'}",
"(25, 3, 24)",minecraft:dark_oak_fence,"{'east': 'false', 'north': 'false', 'south': 'false', 'waterlogged': 'false', 'west': 'false'}",
"(26, 3, 24)",minecraft:acacia_leaves,"{'distance': '7', 'persistent': 'true', 'waterlogged': 'false'}",
"(27, 3, 24)",minecraft:andesite,{},
"(28, 3, 24)",minecraft:stone,{},
"(29, 3, 24)",minecraft:stone,{},
"(30, 3, 24)",minecraft:stone,{},
"(31, 3, 24)",minecraft:stone,{},
"(32, 3, 24)",minecraft:stone,{},
"(33, 3, 24)",minecraft:stone_bricks,{},
"(34, 3, 24)",minecraft:stone_bricks,{},
"(35, 3, 24)",minecraft:stone_bricks,{},
"(36, 3, 24)",minecraft:dirt,{},
"(37, 3, 24)",minecraft:grass_block,{'snowy': 'false'},
"(38, 3, 24)",minecraft:grass_block,{'snowy': 'false'},
"(39, 3, 24)",minecraft:grass_block,{'snowy': 'false'},
"(40, 3, 24)",minecraft:grass_block,{'snowy': 'false'},
"(41, 3, 24)",minecraft:dirt,{},
"(42, 3, 24)",minecraft:stone,{},
"(43, 3, 24)",minecraft:brown_concrete,{},
"(44, 3, 24)",minecraft:brown_concrete,{},
"(45, 3, 24)",minecraft:hay_block,{'axis': 'y'},
"(46, 3, 24)",minecraft:coarse_dirt,{},
"(47, 3, 24)",minecraft:coarse_dirt,{},
"(48, 3, 24)",minecraft:stone,{},
"(4, 3, 25)",minecraft:lantern,"{'hanging': 'false', 'waterlogged': 'false'}",
"(5, 3, 25)",minecraft:spruce_fence,"{'east': 'false', 'north': 'true', 'south': 'true', 'waterlogged': 'false', 'west': 'false'}",
"(14, 3, 25)",minecraft:stone_bricks,{},
"(17, 3, 25)",minecraft:red_carpet,{},
"(18, 3, 25)",minecraft:red_carpet,{},
"(21, 3, 25)",minecraft:barrel,"{'facing': 'west', 'open': 'false'}","{components: {}, Items: [], id: ""minecraft:barrel""}"
"(22, 3, 25)",minecraft:stone,{},
"(23, 3, 25)",minecraft:acacia_leaves,"{'distance': '7', 'persistent': 'true', 'waterlogged': 'false'}",
"(24, 3, 25)",minecraft:white_tulip,{},
"(27, 3, 25)",minecraft:stone_bricks,{},
"(35, 3, 25)",minecraft:andesite,{},
"(36, 3, 25)",minecraft:grass_block,{'snowy': 'false'},
"(37, 3, 25)",minecraft:grass_block,{'snowy': 'false'},
"(38, 3, 25)",minecraft:grass_block,{'snowy': 'false'},
"(39, 3, 25)",minecraft:stone_bricks,{},
"(40, 3, 25)",minecraft:stone,{},
"(41, 3, 25)",minecraft:andesite,{},
"(42, 3, 25)",minecraft:stone_bricks,{},
"(43, 3, 25)",minecraft:stone_bricks,{},
"(44, 3, 25)",minecraft:stone,{},
"(45, 3, 25)",minecraft:stone_bricks,{},
"(46, 3, 25)",minecraft:stone_bricks,{},
"(47, 3, 25)",minecraft:stone_bricks,{},
"(48, 3, 25)",minecraft:stone_bricks,{},
"(49, 3, 25)",minecraft:stone,{},
"(50, 3, 25)",minecraft:stone,{},
"(4, 3, 26)",minecraft:spruce_trapdoor,"{'facing': 'west', 'half': 'top', 'open': 'true', 'powered': 'false', 'waterlogged': 'false'}",
"(5, 3, 26)",minecraft:andesite,{},
"(14, 3, 26)",minecraft:stone_bricks,{},
"(16, 3, 26)",minecraft:red_carpet,{},
"(17, 3, 26)",minecraft:red_carpet,{},
"(19, 3, 26)",minecraft:red_carpet,{},
"(21, 3, 26)",minecraft:barrel,"{'facing': 'west', 'open': 'false'}","{components: {}, Items: [], id: ""minecraft:barrel""}"
"(22, 3, 26)",minecraft:andesite,{},
"(23, 3, 26)",minecraft:stone_bricks,{},
"(24, 3, 26)",minecraft:stone,{},
"(25, 3, 26)",minecraft:stone,{},
"(26, 3, 26)",minecraft:stone_bricks,{},
"(27, 3, 26)",minecraft:stone_bricks,{},
"(35, 3, 26)",minecraft:andesite,{},
"(36, 3, 26)",minecraft:stone_bricks,{},
"(37, 3, 26)",minecraft:stone_bricks,{},
"(38, 3, 26)",minecraft:andesite,{},
"(50, 3, 26)",minecraft:andesite,{},
"(51, 3, 26)",minecraft:acacia_leaves,"{'distance': '7', 'persistent': 'true', 'waterlogged': 'false'}",
"(4, 3, 27)",minecraft:acacia_leaves,"{'distance': '7', 'persistent': 'true', 'waterlogged': 'false'}",
"(5, 3, 27)",minecraft:andesite,{},
"(6, 3, 27)",minecraft:stone_bricks,{},
"(7, 3, 27)",minecraft:stone_bricks,{},
"(14, 3, 27)",minecraft:stone,{},
"(15, 3, 27)",minecraft:red_carpet,{},
"(20, 3, 27)",minecraft:red_carpet,{},
"(21, 3, 27)",minecraft:barrel,"{'facing': 'west', 'open': 'false'}","{components: {}, Items: [], id: ""minecraft:barrel""}"
"(22, 3, 27)",minecraft:stone,{},
"(38, 3, 27)",minecraft:stone_bricks,{},
"(50, 3, 27)",minecraft:spruce_fence,"{'east': 'false', 'north': 'true', 'south': 'true', 'waterlogged': 'false', 'west': 'false'}",
"(8, 3, 28)",minecraft:stone_bricks,{},
"(9, 3, 28)",minecraft:andesite,{},
"(10, 3, 28)",minecraft:stone,{},
"(13, 3, 28)",minecraft:andesite,{},
"(14, 3, 28)",minecraft:stone,{},
"(16, 3, 28)",minecraft:red_carpet,{},
"(17, 3, 28)",minecraft:red_carpet,{},
"(19, 3, 28)",minecraft:red_carpet,{},
"(20, 3, 28)",minecraft:red_carpet,{},
"(21, 3, 28)",minecraft:barrel,"{'facing': 'west', 'open': 'false'}","{components: {}, Items: [], id: ""minecraft:barrel""}"
"(22, 3, 28)",minecraft:stone,{},
"(38, 3, 28)",minecraft:stone,{},
"(50, 3, 28)",minecraft:andesite,{},
"(7, 3, 29)",minecraft:acacia_leaves,"{'distance': '7', 'persistent': 'true', 'waterlogged': 'false'}",
"(8, 3, 29)",minecraft:stone_bricks,{},
"(14, 3, 29)",minecraft:stone,{},
"(17, 3, 29)",minecraft:red_carpet,{},
"(21, 3, 29)",minecraft:barrel,"{'facing': 'west', 'open': 'false'}","{components: {}, Items: [], id: ""minecraft:barrel""}"
"(22, 3, 29)",minecraft:stone,{},
"(38, 3, 29)",minecraft:stone,{},
"(50, 3, 29)",minecraft:spruce_fence,"{'east': 'false', 'north': 'true', 'south': 'true', 'waterlogged': 'false', 'west': 'false'}",
"(51, 3, 29)",minecraft:lantern,"{'hanging': 'false', 'waterlogged': 'false'}",
"(8, 3, 30)",minecraft:stone,{},
"(14, 3, 30)",minecraft:stone,{},
"(15, 3, 30)",minecraft:spruce_stairs,"{'facing': 'west', 'half': 'top', 'shape': 'straight', 'waterlogged': 'false'}",
"(16, 3, 30)",minecraft:spruce_slab,"{'type': 'top', 'waterlogged': 'false'}",
"(17, 3, 30)",minecraft:spruce_slab,"{'type': 'top', 'waterlogged': 'false'}",
"(18, 3, 30)",minecraft:spruce_slab,"{'type': 'top', 'waterlogged': 'false'}",
"(19, 3, 30)",minecraft:spruce_trapdoor,"{'facing': 'east', 'half': 'bottom', 'open': 'true', 'powered': 'false', 'waterlogged': 'false'}",
"(22, 3, 30)",minecraft:andesite,{},
"(38, 3, 30)",minecraft:stone_bricks,{},
"(50, 3, 30)",minecraft:stone_bricks,{},
"(51, 3, 30)",minecraft:spruce_trapdoor,"{'facing': 'east', 'half': 'top', 'open': 'true', 'powered': 'false', 'waterlogged': 'false'}",
"(7, 3, 31)",minecraft:acacia_leaves,"{'distance': '7', 'persistent': 'true', 'waterlogged': 'false'}",
"(8, 3, 31)",minecraft:stone_bricks,{},
"(14, 3, 31)",minecraft:stone_bricks,{},
"(15, 3, 31)",minecraft:stone_bricks,{},
"(16, 3, 31)",minecraft:stone,{},
"(17, 3, 31)",minecraft:stone_bricks,{},
"(18, 3, 31)",minecraft:andesite,{},
"(19, 3, 31)",minecraft:andesite,{},
"(20, 3, 31)",minecraft:stone_bricks,{},
"(21, 3, 31)",minecraft:stone_bricks,{},
"(22, 3, 31)",minecraft:stone_bricks,{},
"(23, 3, 31)",minecraft:stone,{},
"(38, 3, 31)",minecraft:stone_bricks,{},
"(39, 3, 31)",minecraft:stone_bricks,{},
"(40, 3, 31)",minecraft:spruce_fence,"{'east': 'true', 'north': 'false', 'south': 'false', 'waterlogged': 'false', 'west': 'true'}",
"(41, 3, 31)",minecraft:andesite,{},
"(49, 3, 31)",minecraft:stone,{},
"(50, 3, 31)",minecraft:stone_bricks,{},
"(8, 3, 32)",minecraft:stone,{},
"(20, 3, 32)",minecraft:stone_bricks,{},
"(22, 3, 32)",minecraft:stone_bricks,{},
"(23, 3, 32)",minecraft:stone_bricks,{},
"(38, 3, 32)",minecraft:stone_bricks,{},
"(40, 3, 32)",minecraft:potted_poppy,{},
"(41, 3, 32)",minecraft:spruce_trapdoor,"{'facing': 'south', 'half': 'top', 'open': 'true', 'powered': 'false', 'waterlogged': 'false'}",
"(42, 3, 32)",minecraft:stone_bricks,{},
"(48, 3, 32)",minecraft:stone_bricks,{},
"(49, 3, 32)",minecraft:bricks,{},
"(50, 3, 32)",minecraft:brick_stairs,"{'facing': 'west', 'half': 'bottom', 'shape': 'straight', 'waterlogged': 'false'}",
"(7, 3, 33)",minecraft:acacia_leaves,"{'distance': '7', 'persistent': 'true', 'waterlogged': 'false'}",
"(8, 3, 33)",minecraft:stone_bricks,{},
"(20, 3, 33)",minecraft:stone,{},
"(38, 3, 33)",minecraft:stone,{},
"(39, 3, 33)",minecraft:tall_grass,{'half': 'upper'},
"(40, 3, 33)",minecraft:acacia_leaves,"{'distance': '7', 'persistent': 'true', 'waterlogged': 'false'}",
"(41, 3, 33)",minecraft:rose_bush,{'half': 'upper'},
"(42, 3, 33)",minecraft:stone_bricks,{},
"(43, 3, 33)",minecraft:andesite,{},
"(44, 3, 33)",minecraft:spruce_fence,"{'east': 'true', 'north': 'false', 'south': 'false', 'waterlogged': 'false', 'west': 'true'}",
"(45, 3, 33)",minecraft:stone_bricks,{},
"(46, 3, 33)",minecraft:spruce_fence,"{'east': 'true', 'north': 'false', 'south': 'false', 'waterlogged': 'false', 'west': 'true'}",
"(47, 3, 33)",minecraft:stone,{},
"(48, 3, 33)",minecraft:stone_bricks,{},
"(49, 3, 33)",minecraft:granite,{},
"(9, 3, 34)",minecraft:stone,{},
"(10, 3, 34)",minecraft:spruce_fence,"{'east': 'true', 'north': 'false', 'south': 'false', 'waterlogged': 'false', 'west': 'true'}",
"(11, 3, 34)",minecraft:andesite,{},
"(12, 3, 34)",minecraft:spruce_fence,"{'east': 'true', 'north': 'false', 'south': 'false', 'waterlogged': 'false', 'west': 'true'}",
"(13, 3, 34)",minecraft:stone,{},
"(14, 3, 34)",minecraft:spruce_fence,"{'east': 'true', 'north': 'false', 'south': 'false', 'waterlogged': 'false', 'west': 'true'}",
"(15, 3, 34)",minecraft:stone_bricks,{},
"(16, 3, 34)",minecraft:spruce_fence,"{'east': 'true', 'north': 'false', 'south': 'false', 'waterlogged': 'false', 'west': 'true'}",
"(17, 3, 34)",minecraft:stone_bricks,{},
"(18, 3, 34)",minecraft:spruce_fence,"{'east': 'true', 'north': 'false', 'south': 'false', 'waterlogged': 'false', 'west': 'true'}",
"(19, 3, 34)",minecraft:stone,{},
"(20, 3, 34)",minecraft:andesite,{},
"(21, 3, 34)",minecraft:stone_bricks,{},
"(22, 3, 34)",minecraft:andesite,{},
"(23, 3, 34)",minecraft:stone_bricks,{},
"(24, 3, 34)",minecraft:andesite,{},
"(25, 3, 34)",minecraft:stone_bricks,{},
"(26, 3, 34)",minecraft:andesite,{},
"(27, 3, 34)",minecraft:stone,{},
"(35, 3, 34)",minecraft:stone_bricks,{},
"(36, 3, 34)",minecraft:stone_bricks,{},
"(37, 3, 34)",minecraft:stone,{},
"(38, 3, 34)",minecraft:stone,{},
"(40, 3, 34)",minecraft:tall_grass,{'half': 'upper'},
"(43, 3, 34)",minecraft:spruce_trapdoor,"{'facing': 'south', 'half': 'top', 'open': 'true', 'powered': 'false', 'waterlogged': 'false'}",
"(44, 3, 34)",minecraft:lantern,"{'hanging': 'false', 'waterlogged': 'false'}",
"(46, 3, 34)",minecraft:potted_white_tulip,{},
"(47, 3, 34)",minecraft:spruce_trapdoor,"{'facing': 'south', 'half': 'top', 'open': 'true', 'powered': 'false', 'waterlogged': 'false'}",
"(9, 3, 35)",minecraft:acacia_leaves,"{'distance': '7', 'persistent': 'true', 'waterlogged': 'false'}",
"(10, 3, 35)",minecraft:spruce_fence_gate,"{'facing': 'north', 'in_wall': 'false', 'open': 'true', 'powered': 'false'}",
"(12, 3, 35)",minecraft:spruce_fence_gate,"{'facing': 'north', 'in_wall': 'false', 'open': 'true', 'powered': 'false'}",
"(14, 3, 35)",minecraft:spruce_fence_gate,"{'facing': 'north', 'in_wall': 'false', 'open': 'true', 'powered': 'false'}",
"(15, 3, 35)",minecraft:acacia_leaves,"{'distance': '7', 'persistent': 'true', 'waterlogged': 'false'}",
"(16, 3, 35)",minecraft:spruce_fence_gate,"{'facing': 'north', 'in_wall': 'false', 'open': 'true', 'powered': 'false'}",
"(17, 3, 35)",minecraft:acacia_leaves,"{'distance': '7', 'persistent': 'true', 'waterlogged': 'false'}",
"(18, 3, 35)",minecraft:spruce_fence_gate,"{'facing': 'north', 'in_wall': 'false', 'open': 'true', 'powered': 'false'}",
"(22, 3, 35)",minecraft:acacia_leaves,"{'distance': '7', 'persistent': 'true', 'waterlogged': 'false'}",
"(25, 3, 35)",minecraft:acacia_leaves,"{'distance': '7', 'persistent': 'true', 'waterlogged': 'false'}",
"(27, 3, 35)",minecraft:stone,{},
"(35, 3, 35)",minecraft:stone,{},
"(36, 3, 35)",minecraft:rose_bush,{'half': 'upper'},
"(37, 3, 35)",minecraft:acacia_leaves,"{'distance': '7', 'persistent': 'true', 'waterlogged': 'false'}",
"(26, 3, 36)",minecraft:acacia_leaves,"{'distance': '7', 'persistent': 'true', 'waterlogged': 'false'}",
"(27, 3, 36)",minecraft:stone_bricks,{},
"(28, 3, 36)",minecraft:stone,{},
"(29, 3, 36)",minecraft:andesite,{},
"(30, 3, 36)",minecraft:stone,{},
"(31, 3, 36)",minecraft:stone_bricks,{},
"(32, 3, 36)",minecraft:stone_bricks,{},
"(33, 3, 36)",minecraft:stone,{},
"(34, 3, 36)",minecraft:stone_bricks,{},
"(35, 3, 36)",minecraft:andesite,{},
"(38, 3, 36)",minecraft:tall_grass,{'half': 'upper'},
"(28, 3, 37)",minecraft:acacia_leaves,"{'distance': '7', 'persistent': 'true', 'waterlogged': 'false'}",
"(32, 3, 37)",minecraft:acacia_leaves,"{'distance': '7', 'persistent': 'true', 'waterlogged': 'false'}",
"(34, 3, 37)",minecraft:acacia_leaves,"{'distance': '7', 'persistent': 'true', 'waterlogged': 'false'}",
"(12, 4, 2)",minecraft:spruce_trapdoor,"{'facing': 'north', 'half': 'bottom', 'open': 'true', 'powered': 'false', 'waterlogged': 'false'}",
"(13, 4, 2)",minecraft:spruce_fence_gate,"{'facing': 'south', 'in_wall': 'false', 'open': 'true', 'powered': 'false'}",
"(15, 4, 2)",minecraft:spruce_fence_gate,"{'facing': 'south', 'in_wall': 'false', 'open': 'true', 'powered': 'false'}",
"(16, 4, 2)",minecraft:spruce_trapdoor,"{'facing': 'north', 'half': 'bottom', 'open': 'true', 'powered': 'false', 'waterlogged': 'false'}",
"(21, 4, 2)",minecraft:spruce_trapdoor,"{'facing': 'north', 'half': 'bottom', 'open': 'true', 'powered': 'false', 'waterlogged': 'false'}",
"(22, 4, 2)",minecraft:spruce_fence_gate,"{'facing': 'south', 'in_wall': 'false', 'open': 'true', 'powered': 'false'}",
"(33, 4, 2)",minecraft:spruce_trapdoor,"{'facing': 'north', 'half': 'bottom', 'open': 'true', 'powered': 'false', 'waterlogged': 'false'}",
"(34, 4, 2)",minecraft:spruce_fence_gate,"{'facing': 'south', 'in_wall': 'false', 'open': 'true', 'powered': 'false'}",
"(39, 4, 2)",minecraft:spruce_trapdoor,"{'facing': 'north', 'half': 'bottom', 'open': 'true', 'powered': 'false', 'waterlogged': 'false'}",
"(40, 4, 2)",minecraft:spruce_fence_gate,"{'facing': 'south', 'in_wall': 'false', 'open': 'true', 'powered': 'false'}",
"(42, 4, 2)",minecraft:spruce_fence_gate,"{'facing': 'south', 'in_wall': 'false', 'open': 'true', 'powered': 'false'}",
"(43, 4, 2)",minecraft:spruce_trapdoor,"{'facing': 'north', 'half': 'bottom', 'open': 'true', 'powered': 'false', 'waterlogged': 'false'}",
"(9, 4, 3)",minecraft:spruce_fence,"{'east': 'false', 'north': 'false', 'south': 'false', 'waterlogged': 'false', 'west': 'false'}",
"(12, 4, 3)",minecraft:stone,{},
"(13, 4, 3)",minecraft:spruce_fence,"{'east': 'true', 'north': 'false', 'south': 'false', 'waterlogged': 'false', 'west': 'true'}",
"(14, 4, 3)",minecraft:stone_bricks,{},
"(15, 4, 3)",minecraft:spruce_fence,"{'east': 'true', 'north': 'false', 'south': 'false', 'waterlogged': 'false', 'west': 'true'}",
"(16, 4, 3)",minecraft:stone_bricks,{},
"(20, 4, 3)",minecraft:acacia_leaves,"{'distance': '7', 'persistent': 'true', 'waterlogged': 'false'}",
"(21, 4, 3)",minecraft:stone_bricks,{},
"(22, 4, 3)",minecraft:gray_stained_glass_pane,"{'east': 'true', 'north': 'false', 'south': 'false', 'waterlogged': 'false', 'west': 'true'}",
"(23, 4, 3)",minecraft:stone,{},
"(33, 4, 3)",minecraft:stone_bricks,{},
"(34, 4, 3)",minecraft:gray_stained_glass_pane,"{'east': 'true', 'north': 'false', 'south': 'false', 'waterlogged': 'false', 'west': 'true'}",
"(35, 4, 3)",minecraft:stone_bricks,{},
"(38, 4, 3)",minecraft:acacia_leaves,"{'distance': '7', 'persistent': 'true', 'waterlogged': 'false'}",
"(39, 4, 3)",minecraft:stone_bricks,{},
"(40, 4, 3)",minecraft:spruce_fence,"{'east': 'true', 'north': 'false', 'south': 'false', 'waterlogged': 'false', 'west': 'true'}",
"(41, 4, 3)",minecraft:stone_bricks,{},
"(42, 4, 3)",minecraft:spruce_fence,"{'east': 'true', 'north': 'false', 'south': 'false', 'waterlogged': 'false', 'west': 'true'}",
"(43, 4, 3)",minecraft:stone_bricks,{},
"(12, 4, 4)",minecraft:stone_bricks,{},
"(16, 4, 4)",minecraft:andesite,{},
"(18, 4, 4)",minecraft:acacia_leaves,"{'distance': '7', 'persistent': 'true', 'waterlogged': 'false'}",
"(20, 4, 4)",minecraft:stone,{},
"(23, 4, 4)",minecraft:ladder,"{'facing': 'south', 'waterlogged': 'false'}",
"(24, 4, 4)",minecraft:andesite,{},
"(25, 4, 4)",minecraft:iron_chain,"{'axis': 'y', 'waterlogged': 'false'}",
"(31, 4, 4)",minecraft:iron_chain,"{'axis': 'y', 'waterlogged': 'false'}",
"(32, 4, 4)",minecraft:andesite,{},
"(33, 4, 4)",minecraft:ladder,"{'facing': 'south', 'waterlogged': 'false'}",
"(36, 4, 4)",minecraft:stone,{},
"(39, 4, 4)",minecraft:stone,{},
"(41, 4, 4)",minecraft:bookshelf,{},
"(43, 4, 4)",minecraft:stone_bricks,{},
"(10, 4, 5)",minecraft:brick_stairs,"{'facing': 'east', 'half': 'bottom', 'shape': 'straight', 'waterlogged': 'false'}",
"(11, 4, 5)",minecraft:bricks,{},
"(12, 4, 5)",minecraft:andesite,{},
"(16, 4, 5)",minecraft:stone_bricks,{},
"(17, 4, 5)",minecraft:stone_bricks,{},
"(18, 4, 5)",minecraft:andesite,{},
"(19, 4, 5)",minecraft:stone_bricks,{},
"(20, 4, 5)",minecraft:andesite,{},
"(24, 4, 5)",minecraft:stone_bricks,{},
"(25, 4, 5)",minecraft:stone_bricks,{},
"(31, 4, 5)",minecraft:stone_bricks,{},
"(32, 4, 5)",minecraft:stone_bricks,{},
"(37, 4, 5)",minecraft:stone_bricks,{},
"(38, 4, 5)",minecraft:stone,{},
"(39, 4, 5)",minecraft:bookshelf,{},
"(43, 4, 5)",minecraft:loom,{'facing': 'south'},
"(44, 4, 5)",minecraft:stone_bricks,{},
"(8, 4, 6)",minecraft:spruce_trapdoor,"{'facing': 'west', 'half': 'bottom', 'open': 'true', 'powered': 'false', 'waterlogged': 'false'}",
"(9, 4, 6)",minecraft:stone_bricks,{},
"(10, 4, 6)",minecraft:stone_bricks,{},
"(11, 4, 6)",minecraft:stone,{},
"(12, 4, 6)",minecraft:flowering_azalea_leaves,"{'distance': '7', 'persistent': 'true', 'waterlogged': 'false'}",
"(16, 4, 6)",minecraft:stone,{},
"(19, 4, 6)",minecraft:acacia_leaves,"{'distance': '7', 'persistent': 'true', 'waterlogged': 'false'}",
"(20, 4, 6)",minecraft:stone_bricks,{},
"(24, 4, 6)",minecraft:stone,{},
"(25, 4, 6)",minecraft:iron_chain,"{'axis': 'y', 'waterlogged': 'false'}",
"(26, 4, 6)",minecraft:spruce_trapdoor,"{'facing': 'east', 'half': 'bottom', 'open': 'true', 'powered': 'false', 'waterlogged': 'false'}",
"(30, 4, 6)",minecraft:spruce_trapdoor,"{'facing': 'west', 'half': 'bottom', 'open': 'true', 'powered': 'false', 'waterlogged': 'false'}",
"(31, 4, 6)",minecraft:iron_chain,"{'axis': 'y', 'waterlogged': 'false'}",
"(32, 4, 6)",minecraft:stone_bricks,{},
"(38, 4, 6)",minecraft:repeating_command_block,"{'conditional': 'false', 'facing': 'south'}","{conditionMet: 0b, auto: 0b, components: {}, powered: 0b, Command: """", id: ""minecraft:command_block"", SuccessCount: 0, TrackOutput: 1b, UpdateLastExecution: 1b}"
"(43, 4, 6)",minecraft:bookshelf,{},
"(44, 4, 6)",minecraft:stone,{},
"(45, 4, 6)",minecraft:acacia_leaves,"{'distance': '7', 'persistent': 'true', 'waterlogged': 'false'}",
"(8, 4, 7)",minecraft:spruce_fence_gate,"{'facing': 'east', 'in_wall': 'false', 'open': 'true', 'powered': 'false'}",
"(9, 4, 7)",minecraft:spruce_fence,"{'east': 'false', 'north': 'true', 'south': 'true', 'waterlogged': 'false', 'west': 'false'}",
"(15, 4, 7)",minecraft:spruce_trapdoor,"{'facing': 'west', 'half': 'top', 'open': 'true', 'powered': 'false', 'waterlogged': 'false'}",
"(16, 4, 7)",minecraft:stone_brick_stairs,"{'facing': 'north', 'half': 'top', 'shape': 'straight', 'waterlogged': 'false'}",
"(21, 4, 7)",minecraft:stone_bricks,{},
"(22, 4, 7)",minecraft:andesite_stairs,"{'facing': 'north', 'half': 'top', 'shape': 'straight', 'waterlogged': 'false'}",
"(23, 4, 7)",minecraft:stone_bricks,{},
"(25, 4, 7)",minecraft:spruce_trapdoor,"{'facing': 'west', 'half': 'bottom', 'open': 'true', 'powered': 'false', 'waterlogged': 'false'}",
"(31, 4, 7)",minecraft:spruce_trapdoor,"{'facing': 'east', 'half': 'bottom', 'open': 'true', 'powered': 'false', 'waterlogged': 'false'}",
"(33, 4, 7)",minecraft:stone_bricks,{},
"(43, 4, 7)",minecraft:bookshelf,{},
"(44, 4, 7)",minecraft:andesite,{},
"(45, 4, 7)",minecraft:stone,{},
"(46, 4, 7)",minecraft:stone,{},
"(47, 4, 7)",minecraft:spruce_trapdoor,"{'facing': 'east', 'half': 'bottom', 'open': 'true', 'powered': 'false', 'waterlogged': 'false'}",
"(9, 4, 8)",minecraft:andesite,{},
"(15, 4, 8)",minecraft:spruce_trapdoor,"{'facing': 'west', 'half': 'top', 'open': 'true', 'powered': 'false', 'waterlogged': 'false'}",
"(16, 4, 8)",minecraft:stone_stairs,"{'facing': 'south', 'half': 'top', 'shape': 'straight', 'waterlogged': 'false'}",
"(25, 4, 8)",minecraft:spruce_trapdoor,"{'facing': 'west', 'half': 'bottom', 'open': 'true', 'powered': 'false', 'waterlogged': 'false'}",
"(31, 4, 8)",minecraft:spruce_trapdoor,"{'facing': 'east', 'half': 'bottom', 'open': 'true', 'powered': 'false', 'waterlogged': 'false'}",
"(34, 4, 8)",minecraft:stone,{},
"(39, 4, 8)",minecraft:spruce_trapdoor,"{'facing': 'north', 'half': 'bottom', 'open': 'true', 'powered': 'false', 'waterlogged': 'false'}",
"(40, 4, 8)",minecraft:oak_trapdoor,"{'facing': 'north', 'half': 'bottom', 'open': 'true', 'powered': 'false', 'waterlogged': 'false'}",
"(41, 4, 8)",minecraft:oak_trapdoor,"{'facing': 'north', 'half': 'bottom', 'open': 'true', 'powered': 'false', 'waterlogged': 'false'}",
"(42, 4, 8)",minecraft:oak_trapdoor,"{'facing': 'north', 'half': 'bottom', 'open': 'true', 'powered': 'false', 'waterlogged': 'false'}",
"(43, 4, 8)",minecraft:spruce_trapdoor,"{'facing': 'north', 'half': 'bottom', 'open': 'true', 'powered': 'false', 'waterlogged': 'false'}",
"(44, 4, 8)",minecraft:andesite_stairs,"{'facing': 'east', 'half': 'top', 'shape': 'straight', 'waterlogged': 'false'}",
"(45, 4, 8)",minecraft:ladder,"{'facing': 'south', 'waterlogged': 'false'}",
"(46, 4, 8)",minecraft:spruce_fence,"{'east': 'false', 'north': 'true', 'south': 'true', 'waterlogged': 'false', 'west': 'false'}",
"(47, 4, 8)",minecraft:spruce_fence_gate,"{'facing': 'west', 'in_wall': 'false', 'open': 'true', 'powered': 'false'}",
"(8, 4, 9)",minecraft:spruce_fence_gate,"{'facing': 'east', 'in_wall': 'false', 'open': 'true', 'powered': 'false'}",
"(9, 4, 9)",minecraft:spruce_fence,"{'east': 'false', 'north': 'true', 'south': 'true', 'waterlogged': 'false', 'west': 'false'}",
"(13, 4, 9)",minecraft:stone,{},
"(14, 4, 9)",minecraft:stone_bricks,{},
"(15, 4, 9)",minecraft:stone,{},
"(16, 4, 9)",minecraft:andesite,{},
"(33, 4, 9)",minecraft:spruce_fence_gate,"{'facing': 'east', 'in_wall': 'false', 'open': 'true', 'powered': 'false'}",
"(34, 4, 9)",minecraft:spruce_fence,"{'east': 'false', 'north': 'true', 'south': 'true', 'waterlogged': 'false', 'west': 'false'}",
"(43, 4, 9)",minecraft:spruce_stairs,"{'facing': 'north', 'half': 'top', 'shape': 'straight', 'waterlogged': 'false'}",
"(44, 4, 9)",minecraft:stone_bricks,{},
"(45, 4, 9)",minecraft:stone,{},
"(46, 4, 9)",minecraft:andesite,{},
"(8, 4, 10)",minecraft:spruce_trapdoor,"{'facing': 'west', 'half': 'bottom', 'open': 'true', 'powered': 'false', 'waterlogged': 'false'}",
"(9, 4, 10)",minecraft:stone,{},
"(10, 4, 10)",minecraft:stone,{},
"(11, 4, 10)",minecraft:stone_bricks,{},
"(12, 4, 10)",minecraft:stone_bricks,{},
"(13, 4, 10)",minecraft:stone,{},
"(14, 4, 10)",minecraft:ladder,"{'facing': 'north', 'waterlogged': 'false'}",
"(15, 4, 10)",minecraft:stone,{},
"(16, 4, 10)",minecraft:stone_bricks,{},
"(33, 4, 10)",minecraft:spruce_trapdoor,"{'facing': 'west', 'half': 'bottom', 'open': 'true', 'powered': 'false', 'waterlogged': 'false'}",
"(34, 4, 10)",minecraft:stone_bricks,{},
"(41, 4, 10)",minecraft:spruce_door,"{'facing': 'north', 'half': 'lower', 'hinge': 'left', 'open': 'false', 'powered': 'false'}",
"(42, 4, 10)",minecraft:spruce_door,"{'facing': 'north', 'half': 'lower', 'hinge': 'right', 'open': 'false', 'powered': 'false'}",
"(43, 4, 10)",minecraft:spruce_stairs,"{'facing': 'south', 'half': 'top', 'shape': 'straight', 'waterlogged': 'false'}",
"(44, 4, 10)",minecraft:stone_bricks,{},
"(45, 4, 10)",minecraft:acacia_leaves,"{'distance': '7', 'persistent': 'true', 'waterlogged': 'false'}",
"(10, 4, 11)",minecraft:andesite,{},
"(11, 4, 11)",minecraft:andesite,{},
"(12, 4, 11)",minecraft:iron_chain,"{'axis': 'y', 'waterlogged': 'false'}",
"(13, 4, 11)",minecraft:stone,{},
"(14, 4, 11)",minecraft:stone,{},
"(15, 4, 11)",minecraft:stone_bricks,{},
"(16, 4, 11)",minecraft:oak_trapdoor,"{'facing': 'east', 'half': 'bottom', 'open': 'false', 'powered': 'false', 'waterlogged': 'false'}",
"(34, 4, 11)",minecraft:stone,{},
"(35, 4, 11)",minecraft:spruce_fence,"{'east': 'true', 'north': 'false', 'south': 'false', 'waterlogged': 'false', 'west': 'true'}",
"(36, 4, 11)",minecraft:andesite,{},
"(37, 4, 11)",minecraft:andesite,{},
"(38, 4, 11)",minecraft:stone_bricks,{},
"(39, 4, 11)",minecraft:stone_bricks,{},
"(40, 4, 11)",minecraft:andesite,{},
"(43, 4, 11)",minecraft:andesite,{},
"(44, 4, 11)",minecraft:stone,{},
"(10, 4, 12)",minecraft:stone,{},
"(11, 4, 12)",minecraft:stone,{},
"(12, 4, 12)",minecraft:birch_leaves,"{'distance': '7', 'persistent': 'true', 'waterlogged': 'false'}",
"(14, 4, 12)",minecraft:spruce_trapdoor,"{'facing': 'south', 'half': 'top', 'open': 'true', 'powered': 'false', 'waterlogged': 'false'}",
"(35, 4, 12)",minecraft:spruce_fence_gate,"{'facing': 'north', 'in_wall': 'false', 'open': 'true', 'powered': 'false'}",
"(36, 4, 12)",minecraft:spruce_trapdoor,"{'facing': 'south', 'half': 'bottom', 'open': 'true', 'powered': 'false', 'waterlogged': 'false'}",
"(37, 4, 12)",minecraft:tall_grass,{'half': 'upper'},
"(38, 4, 12)",minecraft:cobblestone_wall,"{'east': 'none', 'north': 'tall', 'south': 'none', 'up': 'true', 'waterlogged': 'false', 'west': 'none'}",
"(39, 4, 12)",minecraft:spruce_trapdoor,"{'facing': 'north', 'half': 'bottom', 'open': 'true', 'powered': 'false', 'waterlogged': 'false'}",
"(43, 4, 12)",minecraft:grindstone,"{'face': 'floor', 'facing': 'east'}",
"(44, 4, 12)",minecraft:stone,{},
"(45, 4, 12)",minecraft:acacia_leaves,"{'distance': '7', 'persistent': 'true', 'waterlogged': 'false'}",
"(10, 4, 13)",minecraft:stone,{},
"(11, 4, 13)",minecraft:andesite,{},
"(12, 4, 13)",minecraft:spruce_trapdoor,"{'facing': 'east', 'half': 'bottom', 'open': 'true', 'powered': 'false', 'waterlogged': 'false'}",
"(38, 4, 13)",minecraft:spruce_trapdoor,"{'facing': 'west', 'half': 'bottom', 'open': 'true', 'powered': 'false', 'waterlogged': 'false'}",
"(39, 4, 13)",minecraft:water,{'level': '0'},
"(40, 4, 13)",minecraft:spruce_trapdoor,"{'facing': 'east', 'half': 'bottom', 'open': 'true', 'powered': 'false', 'waterlogged': 'false'}",
"(43, 4, 13)",minecraft:brick_stairs,"{'facing': 'east', 'half': 'bottom', 'shape': 'straight', 'waterlogged': 'false'}",
"(44, 4, 13)",minecraft:bricks,{},
"(45, 4, 13)",minecraft:bricks,{},
"(46, 4, 13)",minecraft:brick_stairs,"{'facing': 'west', 'half': 'bottom', 'shape': 'straight', 'waterlogged': 'false'}",
"(10, 4, 14)",minecraft:andesite,{},
"(11, 4, 14)",minecraft:stone,{},
"(12, 4, 14)",minecraft:spruce_trapdoor,"{'facing': 'east', 'half': 'bottom', 'open': 'true', 'powered': 'false', 'waterlogged': 'false'}",
"(13, 4, 14)",minecraft:birch_leaves,"{'distance': '7', 'persistent': 'true', 'waterlogged': 'false'}",
"(14, 4, 14)",minecraft:iron_chain,"{'axis': 'y', 'waterlogged': 'false'}",
"(39, 4, 14)",minecraft:spruce_trapdoor,"{'facing': 'south', 'half': 'bottom', 'open': 'true', 'powered': 'false', 'waterlogged': 'false'}",
"(44, 4, 14)",minecraft:iron_bars,"{'east': 'false', 'north': 'true', 'south': 'true', 'waterlogged': 'false', 'west': 'false'}",
"(45, 4, 14)",minecraft:campfire,"{'facing': 'east', 'lit': 'true', 'signal_fire': 'false', 'waterlogged': 'false'}","{components: {}, Items: [], CookingTimes: [I; 0, 0, 0, 0], CookingTotalTimes: [I; 0, 0, 0, 0], id: ""minecraft:campfire""}"
"(46, 4, 14)",minecraft:bricks,{},
"(10, 4, 15)",minecraft:mossy_stone_bricks,{},
"(11, 4, 15)",minecraft:stone,{},
"(12, 4, 15)",minecraft:spruce_trapdoor,"{'facing': 'east', 'half': 'bottom', 'open': 'true', 'powered': 'false', 'waterlogged': 'false'}",
"(42, 4, 15)",minecraft:anvil,{'facing': 'west'},
"(43, 4, 15)",minecraft:brick_stairs,"{'facing': 'east', 'half': 'bottom', 'shape': 'straight', 'waterlogged': 'false'}",
"(44, 4, 15)",minecraft:bricks,{},
"(45, 4, 15)",minecraft:bricks,{},
"(46, 4, 15)",minecraft:brick_slab,"{'type': 'bottom', 'waterlogged': 'false'}",
"(10, 4, 16)",minecraft:stone_bricks,{},
"(11, 4, 16)",minecraft:stone_bricks,{},
"(12, 4, 16)",minecraft:birch_leaves,"{'distance': '7', 'persistent': 'true', 'waterlogged': 'false'}",
"(13, 4, 16)",minecraft:oak_trapdoor,"{'facing': 'north', 'half': 'bottom', 'open': 'true', 'powered': 'false', 'waterlogged': 'false'}",
"(14, 4, 16)",minecraft:oak_trapdoor,"{'facing': 'north', 'half': 'bottom', 'open': 'true', 'powered': 'false', 'waterlogged': 'false'}",
"(15, 4, 16)",minecraft:spruce_trapdoor,"{'facing': 'north', 'half': 'bottom', 'open': 'true', 'powered': 'false', 'waterlogged': 'false'}",
"(23, 4, 16)",minecraft:oak_wood,{'axis': 'y'},
"(37, 4, 16)",minecraft:tall_grass,{'half': 'upper'},
"(38, 4, 16)",minecraft:andesite_wall,"{'east': 'low', 'north': 'none', 'south': 'none', 'up': 'true', 'waterlogged': 'false', 'west': 'none'}",
"(39, 4, 16)",minecraft:spruce_fence_gate,"{'facing': 'south', 'in_wall': 'true', 'open': 'false', 'powered': 'false'}",
"(40, 4, 16)",minecraft:spruce_fence_gate,"{'facing': 'south', 'in_wall': 'false', 'open': 'false', 'powered': 'false'}",
"(41, 4, 16)",minecraft:spruce_fence_gate,"{'facing': 'south', 'in_wall': 'false', 'open': 'false', 'powered': 'false'}",
"(42, 4, 16)",minecraft:spruce_fence_gate,"{'facing': 'south', 'in_wall': 'false', 'open': 'false', 'powered': 'false'}",
"(43, 4, 16)",minecraft:spruce_slab,"{'type': 'top', 'waterlogged': 'false'}",
"(44, 4, 16)",minecraft:stone,{},
"(46, 4, 16)",minecraft:acacia_leaves,"{'distance': '7', 'persistent': 'true', 'waterlogged': 'false'}",
"(47, 4, 16)",minecraft:spruce_slab,"{'type': 'top', 'waterlogged': 'false'}",
"(10, 4, 17)",minecraft:andesite,{},
"(11, 4, 17)",minecraft:stone_bricks,{},
"(13, 4, 17)",minecraft:spruce_stairs,"{'facing': 'east', 'half': 'top', 'shape': 'straight', 'waterlogged': 'false'}",
"(14, 4, 17)",minecraft:spruce_stairs,"{'facing': 'west', 'half': 'bottom', 'shape': 'straight', 'waterlogged': 'false'}",
"(16, 4, 17)",minecraft:spruce_trapdoor,"{'facing': 'east', 'half': 'bottom', 'open': 'true', 'powered': 'false', 'waterlogged': 'false'}",
"(40, 4, 17)",minecraft:orange_tulip,{},
"(41, 4, 17)",minecraft:tall_grass,{'half': 'lower'},
"(42, 4, 17)",minecraft:stone_bricks,{},
"(43, 4, 17)",minecraft:stone,{},
"(44, 4, 17)",minecraft:andesite,{},
"(45, 4, 17)",minecraft:stone_bricks,{},
"(46, 4, 17)",minecraft:stone_bricks,{},
"(47, 4, 17)",minecraft:stone_bricks,{},
"(48, 4, 17)",minecraft:stone_bricks,{},
"(9, 4, 18)",minecraft:spruce_fence,"{'east': 'true', 'north': 'false', 'south': 'true', 'waterlogged': 'false', 'west': 'false'}",
"(10, 4, 18)",minecraft:stone_bricks,{},
"(11, 4, 18)",minecraft:stone,{},
"(12, 4, 18)",minecraft:birch_leaves,"{'distance': '7', 'persistent': 'true', 'waterlogged': 'false'}",
"(14, 4, 18)",minecraft:spruce_trapdoor,"{'facing': 'south', 'half': 'bottom', 'open': 'true', 'powered': 'false', 'waterlogged': 'false'}",
"(15, 4, 18)",minecraft:spruce_trapdoor,"{'facing': 'east', 'half': 'bottom', 'open': 'true', 'powered': 'false', 'waterlogged': 'false'}",
"(16, 4, 18)",minecraft:spruce_trapdoor,"{'facing': 'east', 'half': 'bottom', 'open': 'true', 'powered': 'false', 'waterlogged': 'false'}",
"(41, 4, 18)",minecraft:short_grass,{},
"(42, 4, 18)",minecraft:stone,{},
"(43, 4, 18)",minecraft:water,{'level': '0'},
"(44, 4, 18)",minecraft:spruce_trapdoor,"{'facing': 'west', 'half': 'bottom', 'open': 'true', 'powered': 'false', 'waterlogged': 'true'}",
"(45, 4, 18)",minecraft:spruce_trapdoor,"{'facing': 'west', 'half': 'bottom', 'open': 'true', 'powered': 'false', 'waterlogged': 'false'}",
"(46, 4, 18)",minecraft:hay_block,{'axis': 'y'},
"(47, 4, 18)",minecraft:hay_block,{'axis': 'y'},
"(48, 4, 18)",minecraft:stone,{},
"(8, 4, 19)",minecraft:stone,{},
"(9, 4, 19)",minecraft:andesite,{},
"(10, 4, 19)",minecraft:stone_bricks,{},
"(11, 4, 19)",minecraft:stone,{},
"(12, 4, 19)",minecraft:stone,{},
"(13, 4, 19)",minecraft:stone,{},
"(14, 4, 19)",minecraft:stone,{},
"(16, 4, 19)",minecraft:spruce_trapdoor,"{'facing': 'east', 'half': 'bottom', 'open': 'true', 'powered': 'false', 'waterlogged': 'false'}",
"(42, 4, 19)",minecraft:spruce_fence_gate,"{'facing': 'west', 'in_wall': 'false', 'open': 'false', 'powered': 'false'}",
"(43, 4, 19)",minecraft:spruce_trapdoor,"{'facing': 'south', 'half': 'bottom', 'open': 'true', 'powered': 'false', 'waterlogged': 'false'}",
"(44, 4, 19)",minecraft:spruce_trapdoor,"{'facing': 'south', 'half': 'bottom', 'open': 'true', 'powered': 'false', 'waterlogged': 'false'}",
"(46, 4, 19)",minecraft:spruce_trapdoor,"{'facing': 'south', 'half': 'bottom', 'open': 'true', 'powered': 'false', 'waterlogged': 'false'}",
"(47, 4, 19)",minecraft:spruce_trapdoor,"{'facing': 'south', 'half': 'bottom', 'open': 'true', 'powered': 'false', 'waterlogged': 'false'}",
"(48, 4, 19)",minecraft:stone,{},
"(7, 4, 20)",minecraft:acacia_leaves,"{'distance': '7', 'persistent': 'true', 'waterlogged': 'false'}",
"(8, 4, 20)",minecraft:andesite,{},
"(14, 4, 20)",minecraft:stone,{},
"(21, 4, 20)",minecraft:spruce_fence,"{'east': 'false', 'north': 'false', 'south': 'false', 'waterlogged': 'false', 'west': 'false'}",
"(22, 4, 20)",minecraft:oak_leaves,"{'distance': '7', 'persistent': 'true', 'waterlogged': 'false'}",
"(23, 4, 20)",minecraft:tall_grass,{'half': 'upper'},
"(26, 4, 20)",minecraft:tall_grass,{'half': 'upper'},
"(42, 4, 20)",minecraft:spruce_fence_gate,"{'facing': 'east', 'in_wall': 'false', 'open': 'false', 'powered': 'false'}",
"(45, 4, 20)",minecraft:short_grass,{},
"(48, 4, 20)",minecraft:stone,{},
"(49, 4, 20)",minecraft:spruce_slab,"{'type': 'top', 'waterlogged': 'false'}",
"(5, 4, 21)",minecraft:stone,{},
"(6, 4, 21)",minecraft:stone,{},
"(7, 4, 21)",minecraft:stone_bricks,{},
"(14, 4, 21)",minecraft:stone,{},
"(22, 4, 21)",minecraft:tall_grass,{'half': 'upper'},
"(27, 4, 21)",minecraft:tall_grass,{'half': 'upper'},
"(41, 4, 21)",minecraft:tall_grass,{'half': 'lower'},
"(42, 4, 21)",minecraft:stone_bricks,{},
"(43, 4, 21)",minecraft:stone_brick_wall,"{'east': 'low', 'north': 'none', 'south': 'none', 'up': 'true', 'waterlogged': 'false', 'west': 'tall'}",
"(44, 4, 21)",minecraft:spruce_fence_gate,"{'facing': 'south', 'in_wall': 'true', 'open': 'false', 'powered': 'false'}",
"(45, 4, 21)",minecraft:spruce_fence_gate,"{'facing': 'north', 'in_wall': 'false', 'open': 'false', 'powered': 'false'}",
"(46, 4, 21)",minecraft:spruce_fence_gate,"{'facing': 'north', 'in_wall': 'true', 'open': 'false', 'powered': 'false'}",
"(47, 4, 21)",minecraft:stone_brick_wall,"{'east': 'tall', 'north': 'none', 'south': 'none', 'up': 'true', 'waterlogged': 'false', 'west': 'low'}",
"(48, 4, 21)",minecraft:andesite,{},
"(49, 4, 21)",minecraft:acacia_leaves,"{'distance': '7', 'persistent': 'true', 'waterlogged': 'false'}",
"(4, 4, 22)",minecraft:spruce_trapdoor,"{'facing': 'west', 'half': 'bottom', 'open': 'true', 'powered': 'false', 'waterlogged': 'false'}",
"(5, 4, 22)",minecraft:andesite,{},
"(14, 4, 22)",minecraft:stone,{},
"(15, 4, 22)",minecraft:tall_grass,{'half': 'upper'},
"(19, 4, 22)",minecraft:tall_grass,{'half': 'upper'},
"(21, 4, 22)",minecraft:repeating_command_block,"{'conditional': 'false', 'facing': 'west'}","{conditionMet: 0b, auto: 0b, components: {}, powered: 0b, Command: """", id: ""minecraft:command_block"", SuccessCount: 0, TrackOutput: 1b, UpdateLastExecution: 1b}"
"(22, 4, 22)",minecraft:andesite,{},
"(23, 4, 22)",minecraft:stone,{},
"(28, 4, 22)",minecraft:polished_andesite_stairs,"{'facing': 'south', 'half': 'top', 'shape': 'straight', 'waterlogged': 'false'}",
"(34, 4, 22)",minecraft:polished_andesite_stairs,"{'facing': 'south', 'half': 'top', 'shape': 'straight', 'waterlogged': 'false'}",
"(35, 4, 22)",minecraft:tall_grass,{'half': 'upper'},
"(36, 4, 22)",minecraft:short_grass,{},
"(37, 4, 22)",minecraft:tall_grass,{'half': 'lower'},
"(42, 4, 22)",minecraft:spruce_fence_gate,"{'facing': 'west', 'in_wall': 'false', 'open': 'false', 'powered': 'false'}",
"(48, 4, 22)",minecraft:andesite,{},
"(49, 4, 22)",minecraft:spruce_slab,"{'type': 'top', 'waterlogged': 'false'}",
"(4, 4, 23)",minecraft:spruce_fence_gate,"{'facing': 'east', 'in_wall': 'false', 'open': 'true', 'powered': 'false'}",
"(5, 4, 23)",minecraft:spruce_fence,"{'east': 'false', 'north': 'true', 'south': 'true', 'waterlogged': 'false', 'west': 'false'}",
"(14, 4, 23)",minecraft:stone_bricks,{},
"(15, 4, 23)",minecraft:stone,{},
"(18, 4, 23)",minecraft:stone,{},
"(19, 4, 23)",minecraft:stone_bricks,{},
"(20, 4, 23)",minecraft:stone_bricks,{},
"(21, 4, 23)",minecraft:stone,{},
"(22, 4, 23)",minecraft:stone,{},
"(23, 4, 23)",minecraft:stone,{},
"(26, 4, 23)",minecraft:rose_bush,{'half': 'upper'},
"(28, 4, 23)",minecraft:polished_andesite,{},
"(29, 4, 23)",minecraft:spruce_stairs,"{'facing': 'south', 'half': 'bottom', 'shape': 'straight', 'waterlogged': 'false'}",
"(30, 4, 23)",minecraft:spruce_stairs,"{'facing': 'south', 'half': 'bottom', 'shape': 'straight', 'waterlogged': 'false'}",
"(31, 4, 23)",minecraft:spruce_stairs,"{'facing': 'south', 'half': 'bottom', 'shape': 'straight', 'waterlogged': 'false'}",
"(32, 4, 23)",minecraft:spruce_stairs,"{'facing': 'south', 'half': 'bottom', 'shape': 'straight', 'waterlogged': 'false'}",
"(33, 4, 23)",minecraft:spruce_stairs,"{'facing': 'south', 'half': 'bottom', 'shape': 'straight', 'waterlogged': 'false'}",
"(34, 4, 23)",minecraft:polished_andesite,{},
"(36, 4, 23)",minecraft:orange_tulip,{},
"(37, 4, 23)",minecraft:cobblestone_slab,"{'type': 'bottom', 'waterlogged': 'false'}",
"(38, 4, 23)",minecraft:cobblestone,{},
"(39, 4, 23)",minecraft:cobblestone,{},
"(40, 4, 23)",minecraft:cobblestone_slab,"{'type': 'bottom', 'waterlogged': 'false'}",
"(42, 4, 23)",minecraft:spruce_fence_gate,"{'facing': 'west', 'in_wall': 'false', 'open': 'false', 'powered': 'false'}",
"(43, 4, 23)",minecraft:spruce_trapdoor,"{'facing': 'north', 'half': 'bottom', 'open': 'true', 'powered': 'false', 'waterlogged': 'false'}",
"(44, 4, 23)",minecraft:spruce_trapdoor,"{'facing': 'north', 'half': 'bottom', 'open': 'true', 'powered': 'false', 'waterlogged': 'false'}",
"(46, 4, 23)",minecraft:spruce_trapdoor,"{'facing': 'north', 'half': 'bottom', 'open': 'true', 'powered': 'false', 'waterlogged': 'false'}",
"(47, 4, 23)",minecraft:spruce_trapdoor,"{'facing': 'north', 'half': 'bottom', 'open': 'true', 'powered': 'false', 'waterlogged': 'false'}",
"(48, 4, 23)",minecraft:stone,{},
"(49, 4, 23)",minecraft:acacia_leaves,"{'distance': '7', 'persistent': 'true', 'waterlogged': 'false'}",
"(5, 4, 24)",minecraft:stone_bricks,{},
"(14, 4, 24)",minecraft:andesite,{},
"(16, 4, 24)",minecraft:spruce_door,"{'facing': 'south', 'half': 'upper', 'hinge': 'right', 'open': 'false', 'powered': 'false'}",
"(17, 4, 24)",minecraft:spruce_door,"{'facing': 'south', 'half': 'upper', 'hinge': 'left', 'open': 'false', 'powered': 'false'}",
"(22, 4, 24)",minecraft:stone_bricks,{},
"(25, 4, 24)",minecraft:dark_oak_fence,"{'east': 'false', 'north': 'false', 'south': 'false', 'waterlogged': 'false', 'west': 'false'}",
"(27, 4, 24)",minecraft:stone,{},
"(28, 4, 24)",minecraft:andesite,{},
"(29, 4, 24)",minecraft:spruce_planks,{},
"(30, 4, 24)",minecraft:spruce_planks,{},
"(31, 4, 24)",minecraft:spruce_planks,{},
"(32, 4, 24)",minecraft:spruce_planks,{},
"(33, 4, 24)",minecraft:spruce_planks,{},
"(34, 4, 24)",minecraft:stone_bricks,{},
"(35, 4, 24)",minecraft:stone_bricks,{},
"(36, 4, 24)",minecraft:cobblestone,{},
"(38, 4, 24)",minecraft:acacia_leaves,"{'distance': '7', 'persistent': 'true', 'waterlogged': 'false'}",
"(39, 4, 24)",minecraft:poppy,{},
"(40, 4, 24)",minecraft:acacia_leaves,"{'distance': '7', 'persistent': 'true', 'waterlogged': 'false'}",
"(41, 4, 24)",minecraft:cobblestone,{},
"(42, 4, 24)",minecraft:stone_bricks,{},
"(43, 4, 24)",minecraft:water,{'level': '0'},
"(44, 4, 24)",minecraft:spruce_trapdoor,"{'facing': 'west', 'half': 'bottom', 'open': 'true', 'powered': 'false', 'waterlogged': 'true'}",
"(45, 4, 24)",minecraft:spruce_trapdoor,"{'facing': 'west', 'half': 'bottom', 'open': 'true', 'powered': 'false', 'waterlogged': 'false'}",
"(46, 4, 24)",minecraft:hay_block,{'axis': 'y'},
"(47, 4, 24)",minecraft:hay_block,{'axis': 'y'},
"(48, 4, 24)",minecraft:andesite,{},
"(4, 4, 25)",minecraft:spruce_fence_gate,"{'facing': 'east', 'in_wall': 'false', 'open': 'true', 'powered': 'false'}",
"(5, 4, 25)",minecraft:spruce_fence,"{'east': 'false', 'north': 'true', 'south': 'true', 'waterlogged': 'false', 'west': 'false'}",
"(14, 4, 25)",minecraft:stone,{},
"(21, 4, 25)",minecraft:spruce_trapdoor,"{'facing': 'south', 'half': 'bottom', 'open': 'true', 'powered': 'false', 'waterlogged': 'false'}",
"(22, 4, 25)",minecraft:stone_bricks,{},
"(27, 4, 25)",minecraft:stone,{},
"(28, 4, 25)",minecraft:spruce_planks,{},
"(29, 4, 25)",minecraft:spruce_planks,{},
"(30, 4, 25)",minecraft:spruce_planks,{},
"(31, 4, 25)",minecraft:spruce_planks,{},
"(32, 4, 25)",minecraft:spruce_planks,{},
"(33, 4, 25)",minecraft:spruce_planks,{},
"(34, 4, 25)",minecraft:spruce_planks,{},
"(35, 4, 25)",minecraft:andesite,{},
"(36, 4, 25)",minecraft:poppy,{},
"(37, 4, 25)",minecraft:acacia_leaves,"{'distance': '7', 'persistent': 'true', 'waterlogged': 'false'}",
"(38, 4, 25)",minecraft:rose_bush,{'half': 'lower'},
"(39, 4, 25)",minecraft:stone,{},
"(40, 4, 25)",minecraft:andesite,{},
"(41, 4, 25)",minecraft:stone_bricks,{},
"(42, 4, 25)",minecraft:stone,{},
"(43, 4, 25)",minecraft:stone_bricks,{},
"(44, 4, 25)",minecraft:stone,{},
"(45, 4, 25)",minecraft:stone,{},
"(46, 4, 25)",minecraft:stone_bricks,{},
"(47, 4, 25)",minecraft:stone_bricks,{},
"(48, 4, 25)",minecraft:stone_bricks,{},
"(49, 4, 25)",minecraft:stone,{},
"(50, 4, 25)",minecraft:andesite,{},
"(51, 4, 25)",minecraft:acacia_leaves,"{'distance': '7', 'persistent': 'true', 'waterlogged': 'false'}",
"(4, 4, 26)",minecraft:spruce_trapdoor,"{'facing': 'west', 'half': 'bottom', 'open': 'true', 'powered': 'false', 'waterlogged': 'false'}",
"(5, 4, 26)",minecraft:stone_bricks,{},
"(14, 4, 26)",minecraft:stone_bricks,{},
"(21, 4, 26)",minecraft:lantern,"{'hanging': 'false', 'waterlogged': 'false'}",
"(22, 4, 26)",minecraft:stone,{},
"(23, 4, 26)",minecraft:stone_bricks,{},
"(24, 4, 26)",minecraft:stone,{},
"(25, 4, 26)",minecraft:stone_bricks,{},
"(26, 4, 26)",minecraft:stone,{},
"(27, 4, 26)",minecraft:stone_bricks,{},
"(28, 4, 26)",minecraft:spruce_planks,{},
"(29, 4, 26)",minecraft:spruce_planks,{},
"(30, 4, 26)",minecraft:spruce_planks,{},
"(31, 4, 26)",minecraft:spruce_planks,{},
"(32, 4, 26)",minecraft:spruce_planks,{},
"(33, 4, 26)",minecraft:spruce_planks,{},
"(34, 4, 26)",minecraft:spruce_planks,{},
"(35, 4, 26)",minecraft:stone,{},
"(36, 4, 26)",minecraft:andesite,{},
"(37, 4, 26)",minecraft:stone_bricks,{},
"(38, 4, 26)",minecraft:stone,{},
"(50, 4, 26)",minecraft:stone,{},
"(51, 4, 26)",minecraft:spruce_trapdoor,"{'facing': 'east', 'half': 'bottom', 'open': 'true', 'powered': 'false', 'waterlogged': 'false'}",
"(5, 4, 27)",minecraft:andesite,{},
"(6, 4, 27)",minecraft:stone_bricks,{},
"(7, 4, 27)",minecraft:andesite,{},
"(14, 4, 27)",minecraft:stone,{},
"(21, 4, 27)",minecraft:flower_pot,{},
"(22, 4, 27)",minecraft:stone_bricks,{},
"(23, 4, 27)",minecraft:spruce_planks,{},
"(24, 4, 27)",minecraft:spruce_planks,{},
"(25, 4, 27)",minecraft:spruce_planks,{},
"(26, 4, 27)",minecraft:spruce_planks,{},
"(27, 4, 27)",minecraft:spruce_planks,{},
"(28, 4, 27)",minecraft:spruce_planks,{},
"(29, 4, 27)",minecraft:spruce_planks,{},
"(30, 4, 27)",minecraft:spruce_planks,{},
"(31, 4, 27)",minecraft:spruce_planks,{},
"(32, 4, 27)",minecraft:spruce_planks,{},
"(33, 4, 27)",minecraft:spruce_planks,{},
"(34, 4, 27)",minecraft:spruce_planks,{},
"(35, 4, 27)",minecraft:spruce_planks,{},
"(36, 4, 27)",minecraft:spruce_planks,{},
"(37, 4, 27)",minecraft:spruce_planks,{},
"(38, 4, 27)",minecraft:stone_bricks,{},
"(50, 4, 27)",minecraft:spruce_fence,"{'east': 'false', 'north': 'true', 'south': 'true', 'waterlogged': 'false', 'west': 'false'}",
"(51, 4, 27)",minecraft:spruce_fence_gate,"{'facing': 'west', 'in_wall': 'false', 'open': 'true', 'powered': 'false'}",
"(5, 4, 28)",minecraft:acacia_leaves,"{'distance': '7', 'persistent': 'true', 'waterlogged': 'false'}",
"(7, 4, 28)",minecraft:acacia_leaves,"{'distance': '7', 'persistent': 'true', 'waterlogged': 'false'}",
"(8, 4, 28)",minecraft:stone,{},
"(9, 4, 28)",minecraft:stone_bricks,{},
"(10, 4, 28)",minecraft:stone_bricks,{},
"(13, 4, 28)",minecraft:stone,{},
"(14, 4, 28)",minecraft:stone_bricks,{},
"(21, 4, 28)",minecraft:flower_pot,{},
"(22, 4, 28)",minecraft:stone,{},
"(23, 4, 28)",minecraft:spruce_planks,{},
"(24, 4, 28)",minecraft:spruce_planks,{},
"(25, 4, 28)",minecraft:spruce_planks,{},
"(26, 4, 28)",minecraft:spruce_planks,{},
"(27, 4, 28)",minecraft:spruce_planks,{},
"(28, 4, 28)",minecraft:spruce_planks,{},
"(29, 4, 28)",minecraft:spruce_planks,{},
"(30, 4, 28)",minecraft:spruce_planks,{},
"(31, 4, 28)",minecraft:spruce_planks,{},
"(32, 4, 28)",minecraft:spruce_planks,{},
"(33, 4, 28)",minecraft:spruce_planks,{},
"(34, 4, 28)",minecraft:spruce_planks,{},
"(35, 4, 28)",minecraft:spruce_planks,{},
"(36, 4, 28)",minecraft:spruce_planks,{},
"(37, 4, 28)",minecraft:spruce_planks,{},
"(38, 4, 28)",minecraft:stone,{},
"(50, 4, 28)",minecraft:stone,{},
"(8, 4, 29)",minecraft:stone_bricks,{},
"(14, 4, 29)",minecraft:stone,{},
"(21, 4, 29)",minecraft:spruce_trapdoor,"{'facing': 'north', 'half': 'bottom', 'open': 'true', 'powered': 'false', 'waterlogged': 'false'}",
"(22, 4, 29)",minecraft:andesite,{},
"(23, 4, 29)",minecraft:spruce_planks,{},
"(24, 4, 29)",minecraft:spruce_planks,{},
"(25, 4, 29)",minecraft:spruce_planks,{},
"(26, 4, 29)",minecraft:spruce_planks,{},
"(27, 4, 29)",minecraft:spruce_planks,{},
"(28, 4, 29)",minecraft:spruce_planks,{},
"(29, 4, 29)",minecraft:spruce_planks,{},
"(30, 4, 29)",minecraft:spruce_planks,{},
"(31, 4, 29)",minecraft:red_wool,{},
"(32, 4, 29)",minecraft:red_wool,{},
"(33, 4, 29)",minecraft:red_wool,{},
"(34, 4, 29)",minecraft:red_wool,{},
"(35, 4, 29)",minecraft:spruce_planks,{},
"(36, 4, 29)",minecraft:spruce_planks,{},
"(37, 4, 29)",minecraft:spruce_planks,{},
"(38, 4, 29)",minecraft:stone_bricks,{},
"(50, 4, 29)",minecraft:spruce_fence,"{'east': 'false', 'north': 'true', 'south': 'true', 'waterlogged': 'false', 'west': 'false'}",
"(51, 4, 29)",minecraft:spruce_fence_gate,"{'facing': 'west', 'in_wall': 'false', 'open': 'true', 'powered': 'false'}",
"(8, 4, 30)",minecraft:andesite,{},
"(14, 4, 30)",minecraft:stone,{},
"(15, 4, 30)",minecraft:lantern,"{'hanging': 'false', 'waterlogged': 'false'}",
"(16, 4, 30)",minecraft:flower_pot,{},
"(17, 4, 30)",minecraft:barrel,"{'facing': 'north', 'open': 'false'}","{components: {}, Items: [], id: ""minecraft:barrel""}"
"(18, 4, 30)",minecraft:barrel,"{'facing': 'north', 'open': 'false'}","{components: {}, Items: [], id: ""minecraft:barrel""}"
"(22, 4, 30)",minecraft:stone_bricks,{},
"(23, 4, 30)",minecraft:spruce_planks,{},
"(24, 4, 30)",minecraft:spruce_planks,{},
"(25, 4, 30)",minecraft:spruce_planks,{},
"(26, 4, 30)",minecraft:spruce_planks,{},
"(27, 4, 30)",minecraft:spruce_planks,{},
"(28, 4, 30)",minecraft:spruce_planks,{},
"(29, 4, 30)",minecraft:spruce_planks,{},
"(30, 4, 30)",minecraft:red_wool,{},
"(31, 4, 30)",minecraft:red_wool,{},
"(32, 4, 30)",minecraft:red_wool,{},
"(33, 4, 30)",minecraft:red_wool,{},
"(34, 4, 30)",minecraft:red_wool,{},
"(35, 4, 30)",minecraft:spruce_planks,{},
"(36, 4, 30)",minecraft:spruce_planks,{},
"(37, 4, 30)",minecraft:spruce_planks,{},
"(38, 4, 30)",minecraft:stone,{},
"(50, 4, 30)",minecraft:stone_bricks,{},
"(51, 4, 30)",minecraft:spruce_trapdoor,"{'facing': 'east', 'half': 'bottom', 'open': 'true', 'powered': 'false', 'waterlogged': 'false'}",
"(8, 4, 31)",minecraft:andesite,{},
"(14, 4, 31)",minecraft:stone_bricks,{},
"(15, 4, 31)",minecraft:andesite,{},
"(16, 4, 31)",minecraft:stone,{},
"(17, 4, 31)",minecraft:stone,{},
"(18, 4, 31)",minecraft:stone,{},
"(19, 4, 31)",minecraft:stone_bricks,{},
"(20, 4, 31)",minecraft:stone_bricks,{},
"(21, 4, 31)",minecraft:stone,{},
"(22, 4, 31)",minecraft:stone,{},
"(23, 4, 31)",minecraft:andesite,{},
"(24, 4, 31)",minecraft:spruce_planks,{},
"(25, 4, 31)",minecraft:spruce_planks,{},
"(26, 4, 31)",minecraft:spruce_planks,{},
"(27, 4, 31)",minecraft:spruce_planks,{},
"(28, 4, 31)",minecraft:spruce_planks,{},
"(29, 4, 31)",minecraft:spruce_planks,{},
"(30, 4, 31)",minecraft:red_wool,{},
"(31, 4, 31)",minecraft:red_wool,{},
"(32, 4, 31)",minecraft:red_wool,{},
"(33, 4, 31)",minecraft:red_wool,{},
"(34, 4, 31)",minecraft:spruce_planks,{},
"(35, 4, 31)",minecraft:red_wool,{},
"(36, 4, 31)",minecraft:spruce_planks,{},
"(37, 4, 31)",minecraft:spruce_planks,{},
"(38, 4, 31)",minecraft:stone_bricks,{},
"(39, 4, 31)",minecraft:stone_bricks,{},
"(40, 4, 31)",minecraft:spruce_fence,"{'east': 'true', 'north': 'false', 'south': 'false', 'waterlogged': 'false', 'west': 'true'}",
"(41, 4, 31)",minecraft:stone,{},
"(49, 4, 31)",minecraft:stone,{},
"(50, 4, 31)",minecraft:stone_bricks,{},
"(7, 4, 32)",minecraft:acacia_leaves,"{'distance': '7', 'persistent': 'true', 'waterlogged': 'false'}",
"(8, 4, 32)",minecraft:stone_bricks,{},
"(20, 4, 32)",minecraft:stone,{},
"(21, 4, 32)",minecraft:spruce_planks,{},
"(22, 4, 32)",minecraft:stone_bricks,{},
"(23, 4, 32)",minecraft:andesite,{},
"(24, 4, 32)",minecraft:spruce_planks,{},
"(25, 4, 32)",minecraft:spruce_planks,{},
"(26, 4, 32)",minecraft:spruce_planks,{},
"(27, 4, 32)",minecraft:spruce_planks,{},
"(28, 4, 32)",minecraft:spruce_planks,{},
"(29, 4, 32)",minecraft:spruce_planks,{},
"(30, 4, 32)",minecraft:red_wool,{},
"(31, 4, 32)",minecraft:red_wool,{},
"(32, 4, 32)",minecraft:red_wool,{},
"(33, 4, 32)",minecraft:spruce_planks,{},
"(34, 4, 32)",minecraft:red_wool,{},
"(35, 4, 32)",minecraft:spruce_planks,{},
"(36, 4, 32)",minecraft:spruce_planks,{},
"(37, 4, 32)",minecraft:spruce_planks,{},
"(38, 4, 32)",minecraft:stone,{},
"(40, 4, 32)",minecraft:spruce_fence_gate,"{'facing': 'north', 'in_wall': 'false', 'open': 'true', 'powered': 'false'}",
"(41, 4, 32)",minecraft:spruce_trapdoor,"{'facing': 'south', 'half': 'bottom', 'open': 'true', 'powered': 'false', 'waterlogged': 'false'}",
"(42, 4, 32)",minecraft:stone_bricks,{},
"(48, 4, 32)",minecraft:stone,{},
"(49, 4, 32)",minecraft:bricks,{},
"(8, 4, 33)",minecraft:andesite,{},
"(20, 4, 33)",minecraft:stone_bricks,{},
"(21, 4, 33)",minecraft:spruce_planks,{},
"(22, 4, 33)",minecraft:spruce_planks,{},
"(23, 4, 33)",minecraft:spruce_planks,{},
"(24, 4, 33)",minecraft:spruce_planks,{},
"(25, 4, 33)",minecraft:spruce_planks,{},
"(26, 4, 33)",minecraft:spruce_planks,{},
"(27, 4, 33)",minecraft:spruce_planks,{},
"(28, 4, 33)",minecraft:spruce_planks,{},
"(29, 4, 33)",minecraft:spruce_planks,{},
"(30, 4, 33)",minecraft:spruce_planks,{},
"(31, 4, 33)",minecraft:spruce_planks,{},
"(32, 4, 33)",minecraft:spruce_planks,{},
"(33, 4, 33)",minecraft:red_wool,{},
"(34, 4, 33)",minecraft:spruce_planks,{},
"(35, 4, 33)",minecraft:spruce_planks,{},
"(36, 4, 33)",minecraft:spruce_planks,{},
"(37, 4, 33)",minecraft:spruce_planks,{},
"(38, 4, 33)",minecraft:stone_bricks,{},
"(41, 4, 33)",minecraft:acacia_leaves,"{'distance': '7', 'persistent': 'true', 'waterlogged': 'false'}",
"(42, 4, 33)",minecraft:andesite,{},
"(43, 4, 33)",minecraft:andesite,{},
"(44, 4, 33)",minecraft:spruce_fence,"{'east': 'true', 'north': 'false', 'south': 'false', 'waterlogged': 'false', 'west': 'true'}",
"(45, 4, 33)",minecraft:andesite,{},
"(46, 4, 33)",minecraft:spruce_fence,"{'east': 'true', 'north': 'false', 'south': 'false', 'waterlogged': 'false', 'west': 'true'}",
"(47, 4, 33)",minecraft:stone,{},
"(48, 4, 33)",minecraft:stone_bricks,{},
"(49, 4, 33)",minecraft:granite_stairs,"{'facing': 'north', 'half': 'bottom', 'shape': 'straight', 'waterlogged': 'false'}",
"(8, 4, 34)",minecraft:acacia_leaves,"{'distance': '7', 'persistent': 'true', 'waterlogged': 'false'}",
"(9, 4, 34)",minecraft:andesite,{},
"(10, 4, 34)",minecraft:stone_bricks,{},
"(11, 4, 34)",minecraft:andesite,{},
"(12, 4, 34)",minecraft:stone_bricks,{},
"(13, 4, 34)",minecraft:stone,{},
"(14, 4, 34)",minecraft:stone_bricks,{},
"(15, 4, 34)",minecraft:stone_bricks,{},
"(16, 4, 34)",minecraft:stone_bricks,{},
"(17, 4, 34)",minecraft:andesite,{},
"(18, 4, 34)",minecraft:andesite,{},
"(19, 4, 34)",minecraft:stone_bricks,{},
"(20, 4, 34)",minecraft:andesite,{},
"(21, 4, 34)",minecraft:stone,{},
"(22, 4, 34)",minecraft:stone,{},
"(23, 4, 34)",minecraft:stone,{},
"(24, 4, 34)",minecraft:stone_bricks,{},
"(25, 4, 34)",minecraft:andesite,{},
"(26, 4, 34)",minecraft:stone,{},
"(27, 4, 34)",minecraft:andesite,{},
"(28, 4, 34)",minecraft:spruce_planks,{},
"(29, 4, 34)",minecraft:spruce_planks,{},
"(30, 4, 34)",minecraft:spruce_planks,{},
"(31, 4, 34)",minecraft:spruce_planks,{},
"(32, 4, 34)",minecraft:spruce_planks,{},
"(33, 4, 34)",minecraft:spruce_planks,{},
"(34, 4, 34)",minecraft:spruce_planks,{},
"(35, 4, 34)",minecraft:stone_bricks,{},
"(36, 4, 34)",minecraft:stone,{},
"(37, 4, 34)",minecraft:stone_bricks,{},
"(38, 4, 34)",minecraft:andesite,{},
"(43, 4, 34)",minecraft:spruce_trapdoor,"{'facing': 'south', 'half': 'bottom', 'open': 'true', 'powered': 'false', 'waterlogged': 'false'}",
"(44, 4, 34)",minecraft:spruce_fence_gate,"{'facing': 'north', 'in_wall': 'false', 'open': 'true', 'powered': 'false'}",
"(46, 4, 34)",minecraft:spruce_fence_gate,"{'facing': 'north', 'in_wall': 'false', 'open': 'true', 'powered': 'false'}",
"(47, 4, 34)",minecraft:spruce_trapdoor,"{'facing': 'south', 'half': 'bottom', 'open': 'true', 'powered': 'false', 'waterlogged': 'false'}",
"(10, 4, 35)",minecraft:campfire,"{'facing': 'north', 'lit': 'false', 'signal_fire': 'false', 'waterlogged': 'false'}","{components: {}, Items: [], CookingTimes: [I; 0, 0, 0, 0], CookingTotalTimes: [I; 0, 0, 0, 0], id: ""minecraft:campfire""}"
"(12, 4, 35)",minecraft:campfire,"{'facing': 'north', 'lit': 'false', 'signal_fire': 'false', 'waterlogged': 'false'}","{components: {}, Items: [], CookingTimes: [I; 0, 0, 0, 0], CookingTotalTimes: [I; 0, 0, 0, 0], id: ""minecraft:campfire""}"
"(14, 4, 35)",minecraft:campfire,"{'facing': 'north', 'lit': 'false', 'signal_fire': 'false', 'waterlogged': 'false'}","{components: {}, Items: [], CookingTimes: [I; 0, 0, 0, 0], CookingTotalTimes: [I; 0, 0, 0, 0], id: ""minecraft:campfire""}"
"(16, 4, 35)",minecraft:campfire,"{'facing': 'north', 'lit': 'false', 'signal_fire': 'false', 'waterlogged': 'false'}","{components: {}, Items: [], CookingTimes: [I; 0, 0, 0, 0], CookingTotalTimes: [I; 0, 0, 0, 0], id: ""minecraft:campfire""}"
"(18, 4, 35)",minecraft:campfire,"{'facing': 'north', 'lit': 'false', 'signal_fire': 'false', 'waterlogged': 'false'}","{components: {}, Items: [], CookingTimes: [I; 0, 0, 0, 0], CookingTotalTimes: [I; 0, 0, 0, 0], id: ""minecraft:campfire""}"
"(23, 4, 35)",minecraft:acacia_leaves,"{'distance': '7', 'persistent': 'true', 'waterlogged': 'false'}",
"(24, 4, 35)",minecraft:acacia_leaves,"{'distance': '7', 'persistent': 'true', 'waterlogged': 'false'}",
"(27, 4, 35)",minecraft:andesite,{},
"(28, 4, 35)",minecraft:spruce_planks,{},
"(29, 4, 35)",minecraft:spruce_planks,{},
"(30, 4, 35)",minecraft:spruce_planks,{},
"(31, 4, 35)",minecraft:spruce_planks,{},
"(32, 4, 35)",minecraft:spruce_planks,{},
"(33, 4, 35)",minecraft:spruce_planks,{},
"(34, 4, 35)",minecraft:spruce_planks,{},
"(35, 4, 35)",minecraft:stone_bricks,{},
"(37, 4, 35)",minecraft:acacia_leaves,"{'distance': '7', 'persistent': 'true', 'waterlogged': 'false'}",
"(18, 4, 36)",minecraft:acacia_leaves,"{'distance': '7', 'persistent': 'true', 'waterlogged': 'false'}",
"(27, 4, 36)",minecraft:stone,{},
"(28, 4, 36)",minecraft:stone,{},
"(29, 4, 36)",minecraft:stone_bricks,{},
"(30, 4, 36)",minecraft:stone,{},
"(31, 4, 36)",minecraft:stone,{},
"(32, 4, 36)",minecraft:stone_bricks,{},
"(33, 4, 36)",minecraft:andesite,{},
"(34, 4, 36)",minecraft:stone,{},
"(35, 4, 36)",minecraft:stone_bricks,{},
"(27, 4, 37)",minecraft:acacia_leaves,"{'distance': '7', 'persistent': 'true', 'waterlogged': 'false'}",
"(29, 4, 37)",minecraft:acacia_leaves,"{'distance': '7', 'persistent': 'true', 'waterlogged': 'false'}",
"(31, 4, 37)",minecraft:acacia_leaves,"{'distance': '7', 'persistent': 'true', 'waterlogged': 'false'}",
"(32, 4, 38)",minecraft:acacia_leaves,"{'distance': '7', 'persistent': 'true', 'waterlogged': 'false'}",
"(13, 5, 2)",minecraft:campfire,"{'facing': 'south', 'lit': 'false', 'signal_fire': 'false', 'waterlogged': 'false'}","{components: {}, Items: [], CookingTimes: [I; 0, 0, 0, 0], CookingTotalTimes: [I; 0, 0, 0, 0], id: ""minecraft:campfire""}"
"(15, 5, 2)",minecraft:campfire,"{'facing': 'south', 'lit': 'false', 'signal_fire': 'false', 'waterlogged': 'false'}","{components: {}, Items: [], CookingTimes: [I; 0, 0, 0, 0], CookingTotalTimes: [I; 0, 0, 0, 0], id: ""minecraft:campfire""}"
"(22, 5, 2)",minecraft:campfire,"{'facing': 'south', 'lit': 'false', 'signal_fire': 'false', 'waterlogged': 'false'}","{components: {}, Items: [], CookingTimes: [I; 0, 0, 0, 0], CookingTotalTimes: [I; 0, 0, 0, 0], id: ""minecraft:campfire""}"
"(34, 5, 2)",minecraft:campfire,"{'facing': 'south', 'lit': 'false', 'signal_fire': 'false', 'waterlogged': 'false'}","{components: {}, Items: [], CookingTimes: [I; 0, 0, 0, 0], CookingTotalTimes: [I; 0, 0, 0, 0], id: ""minecraft:campfire""}"
"(40, 5, 2)",minecraft:campfire,"{'facing': 'south', 'lit': 'false', 'signal_fire': 'false', 'waterlogged': 'false'}","{components: {}, Items: [], CookingTimes: [I; 0, 0, 0, 0], CookingTotalTimes: [I; 0, 0, 0, 0], id: ""minecraft:campfire""}"
"(42, 5, 2)",minecraft:campfire,"{'facing': 'south', 'lit': 'false', 'signal_fire': 'false', 'waterlogged': 'false'}","{components: {}, Items: [], CookingTimes: [I; 0, 0, 0, 0], CookingTotalTimes: [I; 0, 0, 0, 0], id: ""minecraft:campfire""}"
"(9, 5, 3)",minecraft:cobblestone_wall,"{'east': 'none', 'north': 'none', 'south': 'none', 'up': 'true', 'waterlogged': 'false', 'west': 'none'}",
"(12, 5, 3)",minecraft:stone_bricks,{},
"(13, 5, 3)",minecraft:stone_bricks,{},
"(14, 5, 3)",minecraft:andesite,{},
"(15, 5, 3)",minecraft:stone,{},
"(16, 5, 3)",minecraft:stone,{},
"(20, 5, 3)",minecraft:acacia_leaves,"{'distance': '7', 'persistent': 'true', 'waterlogged': 'false'}",
"(21, 5, 3)",minecraft:stone_bricks,{},
"(22, 5, 3)",minecraft:stone_brick_stairs,"{'facing': 'south', 'half': 'top', 'shape': 'straight', 'waterlogged': 'false'}",
"(23, 5, 3)",minecraft:stone_bricks,{},
"(33, 5, 3)",minecraft:stone_bricks,{},
"(34, 5, 3)",minecraft:stone_stairs,"{'facing': 'south', 'half': 'top', 'shape': 'straight', 'waterlogged': 'false'}",
"(35, 5, 3)",minecraft:stone_bricks,{},
"(38, 5, 3)",minecraft:acacia_leaves,"{'distance': '7', 'persistent': 'true', 'waterlogged': 'false'}",
"(39, 5, 3)",minecraft:stone_bricks,{},
"(40, 5, 3)",minecraft:andesite_stairs,"{'facing': 'south', 'half': 'top', 'shape': 'straight', 'waterlogged': 'false'}",
"(41, 5, 3)",minecraft:andesite,{},
"(42, 5, 3)",minecraft:stone_brick_stairs,"{'facing': 'south', 'half': 'top', 'shape': 'straight', 'waterlogged': 'false'}",
"(43, 5, 3)",minecraft:stone_bricks,{},
"(12, 5, 4)",minecraft:stone_bricks,{},
"(16, 5, 4)",minecraft:stone_bricks,{},
"(18, 5, 4)",minecraft:acacia_leaves,"{'distance': '7', 'persistent': 'true', 'waterlogged': 'false'}",
"(20, 5, 4)",minecraft:stone_bricks,{},
"(23, 5, 4)",minecraft:ladder,"{'facing': 'south', 'waterlogged': 'false'}",
"(24, 5, 4)",minecraft:stone_bricks,{},
"(25, 5, 4)",minecraft:iron_chain,"{'axis': 'y', 'waterlogged': 'false'}",
"(31, 5, 4)",minecraft:iron_chain,"{'axis': 'y', 'waterlogged': 'false'}",
"(32, 5, 4)",minecraft:stone_bricks,{},
"(33, 5, 4)",minecraft:ladder,"{'facing': 'south', 'waterlogged': 'false'}",
"(36, 5, 4)",minecraft:stone_bricks,{},
"(39, 5, 4)",minecraft:andesite,{},
"(40, 5, 4)",minecraft:loom,{'facing': 'east'},
"(41, 5, 4)",minecraft:bookshelf,{},
"(42, 5, 4)",minecraft:bookshelf,{},
"(43, 5, 4)",minecraft:andesite,{},
"(11, 5, 5)",minecraft:bricks,{},
"(12, 5, 5)",minecraft:andesite,{},
"(16, 5, 5)",minecraft:stone_bricks,{},
"(17, 5, 5)",minecraft:stone_bricks,{},
"(18, 5, 5)",minecraft:stone,{},
"(19, 5, 5)",minecraft:stone_bricks,{},
"(20, 5, 5)",minecraft:stone,{},
"(24, 5, 5)",minecraft:andesite,{},
"(25, 5, 5)",minecraft:andesite,{},
"(31, 5, 5)",minecraft:stone,{},
"(32, 5, 5)",minecraft:stone,{},
"(36, 5, 5)",minecraft:andesite,{},
"(37, 5, 5)",minecraft:andesite,{},
"(38, 5, 5)",minecraft:stone,{},
"(39, 5, 5)",minecraft:bookshelf,{},
"(43, 5, 5)",minecraft:bookshelf,{},
"(44, 5, 5)",minecraft:andesite,{},
"(9, 5, 6)",minecraft:andesite,{},
"(10, 5, 6)",minecraft:stone_bricks,{},
"(11, 5, 6)",minecraft:stone,{},
"(16, 5, 6)",minecraft:andesite,{},
"(18, 5, 6)",minecraft:acacia_leaves,"{'distance': '7', 'persistent': 'true', 'waterlogged': 'false'}",
"(20, 5, 6)",minecraft:andesite,{},
"(24, 5, 6)",minecraft:stone_bricks,{},
"(25, 5, 6)",minecraft:iron_chain,"{'axis': 'y', 'waterlogged': 'false'}",
"(26, 5, 6)",minecraft:spruce_trapdoor,"{'facing': 'east', 'half': 'bottom', 'open': 'true', 'powered': 'false', 'waterlogged': 'false'}",
"(30, 5, 6)",minecraft:spruce_trapdoor,"{'facing': 'west', 'half': 'bottom', 'open': 'true', 'powered': 'false', 'waterlogged': 'false'}",
"(31, 5, 6)",minecraft:iron_chain,"{'axis': 'y', 'waterlogged': 'false'}",
"(32, 5, 6)",minecraft:stone_bricks,{},
"(36, 5, 6)",minecraft:stone_brick_stairs,"{'facing': 'north', 'half': 'top', 'shape': 'straight', 'waterlogged': 'false'}",
"(43, 5, 6)",minecraft:bookshelf,{},
"(44, 5, 6)",minecraft:andesite,{},
"(46, 5, 6)",minecraft:acacia_leaves,"{'distance': '7', 'persistent': 'true', 'waterlogged': 'false'}",
"(8, 5, 7)",minecraft:campfire,"{'facing': 'east', 'lit': 'false', 'signal_fire': 'false', 'waterlogged': 'false'}","{components: {}, Items: [], CookingTimes: [I; 0, 0, 0, 0], CookingTotalTimes: [I; 0, 0, 0, 0], id: ""minecraft:campfire""}"
"(9, 5, 7)",minecraft:stone,{},
"(16, 5, 7)",minecraft:stone_bricks,{},
"(21, 5, 7)",minecraft:stone,{},
"(22, 5, 7)",minecraft:stone_bricks,{},
"(23, 5, 7)",minecraft:stone,{},
"(25, 5, 7)",minecraft:spruce_trapdoor,"{'facing': 'west', 'half': 'bottom', 'open': 'true', 'powered': 'false', 'waterlogged': 'false'}",
"(31, 5, 7)",minecraft:spruce_trapdoor,"{'facing': 'east', 'half': 'bottom', 'open': 'true', 'powered': 'false', 'waterlogged': 'false'}",
"(33, 5, 7)",minecraft:andesite,{},
"(34, 5, 7)",minecraft:andesite,{},
"(35, 5, 7)",minecraft:stone_brick_stairs,"{'facing': 'west', 'half': 'top', 'shape': 'straight', 'waterlogged': 'false'}",
"(43, 5, 7)",minecraft:loom,{'facing': 'north'},
"(44, 5, 7)",minecraft:stone,{},
"(45, 5, 7)",minecraft:stone,{},
"(46, 5, 7)",minecraft:stone_bricks,{},
"(9, 5, 8)",minecraft:andesite,{},
"(16, 5, 8)",minecraft:stone_bricks,{},
"(25, 5, 8)",minecraft:spruce_trapdoor,"{'facing': 'west', 'half': 'bottom', 'open': 'true', 'powered': 'false', 'waterlogged': 'false'}",
"(31, 5, 8)",minecraft:spruce_trapdoor,"{'facing': 'east', 'half': 'bottom', 'open': 'true', 'powered': 'false', 'waterlogged': 'false'}",
"(34, 5, 8)",minecraft:stone,{},
"(43, 5, 8)",minecraft:bookshelf,{},
"(44, 5, 8)",minecraft:stone,{},
"(45, 5, 8)",minecraft:ladder,"{'facing': 'south', 'waterlogged': 'false'}",
"(46, 5, 8)",minecraft:stone_brick_stairs,"{'facing': 'west', 'half': 'top', 'shape': 'straight', 'waterlogged': 'false'}",
"(47, 5, 8)",minecraft:campfire,"{'facing': 'west', 'lit': 'false', 'signal_fire': 'false', 'waterlogged': 'false'}","{components: {}, Items: [], CookingTimes: [I; 0, 0, 0, 0], CookingTotalTimes: [I; 0, 0, 0, 0], id: ""minecraft:campfire""}"
"(8, 5, 9)",minecraft:campfire,"{'facing': 'east', 'lit': 'false', 'signal_fire': 'false', 'waterlogged': 'false'}","{components: {}, Items: [], CookingTimes: [I; 0, 0, 0, 0], CookingTotalTimes: [I; 0, 0, 0, 0], id: ""minecraft:campfire""}"
"(9, 5, 9)",minecraft:stone_bricks,{},
"(13, 5, 9)",minecraft:andesite,{},
"(14, 5, 9)",minecraft:stone,{},
"(15, 5, 9)",minecraft:stone_bricks,{},
"(16, 5, 9)",minecraft:stone,{},
"(33, 5, 9)",minecraft:campfire,"{'facing': 'east', 'lit': 'false', 'signal_fire': 'false', 'waterlogged': 'false'}","{components: {}, Items: [], CookingTimes: [I; 0, 0, 0, 0], CookingTotalTimes: [I; 0, 0, 0, 0], id: ""minecraft:campfire""}"
"(34, 5, 9)",minecraft:stone_stairs,"{'facing': 'east', 'half': 'top', 'shape': 'straight', 'waterlogged': 'false'}",
"(43, 5, 9)",minecraft:bookshelf,{},
"(44, 5, 9)",minecraft:stone,{},
"(45, 5, 9)",minecraft:andesite,{},
"(46, 5, 9)",minecraft:stone_bricks,{},
"(9, 5, 10)",minecraft:stone_bricks,{},
"(10, 5, 10)",minecraft:stone_bricks,{},
"(11, 5, 10)",minecraft:stone_bricks,{},
"(12, 5, 10)",minecraft:andesite,{},
"(13, 5, 10)",minecraft:stone,{},
"(14, 5, 10)",minecraft:ladder,"{'facing': 'north', 'waterlogged': 'false'}",
"(15, 5, 10)",minecraft:stone,{},
"(16, 5, 10)",minecraft:stone_bricks,{},
"(34, 5, 10)",minecraft:andesite,{},
"(41, 5, 10)",minecraft:spruce_door,"{'facing': 'north', 'half': 'upper', 'hinge': 'left', 'open': 'false', 'powered': 'false'}",
"(42, 5, 10)",minecraft:spruce_door,"{'facing': 'north', 'half': 'upper', 'hinge': 'right', 'open': 'false', 'powered': 'false'}",
"(43, 5, 10)",minecraft:loom,{'facing': 'south'},
"(44, 5, 10)",minecraft:stone,{},
"(46, 5, 10)",minecraft:acacia_leaves,"{'distance': '7', 'persistent': 'true', 'waterlogged': 'false'}",
"(10, 5, 11)",minecraft:andesite,{},
"(11, 5, 11)",minecraft:stone_bricks,{},
"(12, 5, 11)",minecraft:grindstone,"{'face': 'wall', 'facing': 'south'}",
"(13, 5, 11)",minecraft:stone,{},
"(14, 5, 11)",minecraft:andesite,{},
"(15, 5, 11)",minecraft:stone,{},
"(34, 5, 11)",minecraft:stone,{},
"(35, 5, 11)",minecraft:stone_bricks,{},
"(36, 5, 11)",minecraft:andesite,{},
"(37, 5, 11)",minecraft:stone,{},
"(38, 5, 11)",minecraft:stone,{},
"(39, 5, 11)",minecraft:stone_bricks,{},
"(40, 5, 11)",minecraft:andesite,{},
"(43, 5, 11)",minecraft:stone,{},
"(44, 5, 11)",minecraft:stone,{},
"(10, 5, 12)",minecraft:stone,{},
"(11, 5, 12)",minecraft:stone,{},
"(12, 5, 12)",minecraft:iron_chain,"{'axis': 'z', 'waterlogged': 'false'}",
"(14, 5, 12)",minecraft:spruce_stairs,"{'facing': 'north', 'half': 'top', 'shape': 'straight', 'waterlogged': 'false'}",
"(35, 5, 12)",minecraft:campfire,"{'facing': 'north', 'lit': 'false', 'signal_fire': 'false', 'waterlogged': 'false'}","{components: {}, Items: [], CookingTimes: [I; 0, 0, 0, 0], CookingTotalTimes: [I; 0, 0, 0, 0], id: ""minecraft:campfire""}"
"(38, 5, 12)",minecraft:spruce_fence,"{'east': 'false', 'north': 'true', 'south': 'false', 'waterlogged': 'false', 'west': 'false'}",
"(44, 5, 12)",minecraft:stone_bricks,{},
"(46, 5, 12)",minecraft:acacia_leaves,"{'distance': '7', 'persistent': 'true', 'waterlogged': 'false'}",
"(10, 5, 13)",minecraft:stone_bricks,{},
"(11, 5, 13)",minecraft:stone_bricks,{},
"(12, 5, 13)",minecraft:spruce_stairs,"{'facing': 'west', 'half': 'top', 'shape': 'straight', 'waterlogged': 'false'}",
"(14, 5, 13)",minecraft:spruce_trapdoor,"{'facing': 'east', 'half': 'top', 'open': 'false', 'powered': 'false', 'waterlogged': 'false'}",
"(43, 5, 13)",minecraft:iron_bars,"{'east': 'true', 'north': 'false', 'south': 'false', 'waterlogged': 'false', 'west': 'false'}",
"(44, 5, 13)",minecraft:bricks,{},
"(45, 5, 13)",minecraft:brick_stairs,"{'facing': 'south', 'half': 'bottom', 'shape': 'straight', 'waterlogged': 'false'}",
"(46, 5, 13)",minecraft:bricks,{},
"(10, 5, 14)",minecraft:stone_bricks,{},
"(11, 5, 14)",minecraft:stone_bricks,{},
"(12, 5, 14)",minecraft:spruce_stairs,"{'facing': 'west', 'half': 'top', 'shape': 'straight', 'waterlogged': 'false'}",
"(13, 5, 14)",minecraft:birch_leaves,"{'distance': '7', 'persistent': 'true', 'waterlogged': 'false'}",
"(14, 5, 14)",minecraft:grindstone,"{'face': 'ceiling', 'facing': 'north'}",
"(44, 5, 14)",minecraft:brick_slab,"{'type': 'top', 'waterlogged': 'false'}",
"(46, 5, 14)",minecraft:bricks,{},
"(10, 5, 15)",minecraft:andesite,{},
"(11, 5, 15)",minecraft:stone,{},
"(12, 5, 15)",minecraft:spruce_stairs,"{'facing': 'west', 'half': 'top', 'shape': 'straight', 'waterlogged': 'false'}",
"(43, 5, 15)",minecraft:iron_bars,"{'east': 'true', 'north': 'false', 'south': 'false', 'waterlogged': 'false', 'west': 'false'}",
"(44, 5, 15)",minecraft:bricks,{},
"(45, 5, 15)",minecraft:brick_stairs,"{'facing': 'north', 'half': 'bottom', 'shape': 'straight', 'waterlogged': 'false'}",
"(10, 5, 16)",minecraft:stone_bricks,{},
"(11, 5, 16)",minecraft:andesite,{},
"(12, 5, 16)",minecraft:birch_leaves,"{'distance': '7', 'persistent': 'true', 'waterlogged': 'false'}",
"(13, 5, 16)",minecraft:oak_trapdoor,"{'facing': 'north', 'half': 'bottom', 'open': 'true', 'powered': 'false', 'waterlogged': 'false'}",
"(14, 5, 16)",minecraft:oak_trapdoor,"{'facing': 'north', 'half': 'bottom', 'open': 'true', 'powered': 'false', 'waterlogged': 'false'}",
"(23, 5, 16)",minecraft:oak_wood,{'axis': 'y'},
"(38, 5, 16)",minecraft:spruce_fence,"{'east': 'false', 'north': 'false', 'south': 'false', 'waterlogged': 'false', 'west': 'false'}",
"(42, 5, 16)",minecraft:spruce_trapdoor,"{'facing': 'north', 'half': 'top', 'open': 'true', 'powered': 'false', 'waterlogged': 'false'}",
"(43, 5, 16)",minecraft:potted_white_tulip,{},
"(44, 5, 16)",minecraft:stone_bricks,{},
"(45, 5, 16)",minecraft:acacia_leaves,"{'distance': '7', 'persistent': 'true', 'waterlogged': 'false'}",
"(46, 5, 16)",minecraft:spruce_trapdoor,"{'facing': 'north', 'half': 'top', 'open': 'true', 'powered': 'false', 'waterlogged': 'false'}",
"(47, 5, 16)",minecraft:lantern,"{'hanging': 'false', 'waterlogged': 'false'}",
"(10, 5, 17)",minecraft:stone_bricks,{},
"(11, 5, 17)",minecraft:stone,{},
"(12, 5, 17)",minecraft:spruce_stairs,"{'facing': 'east', 'half': 'top', 'shape': 'straight', 'waterlogged': 'false'}",
"(13, 5, 17)",minecraft:spruce_stairs,"{'facing': 'west', 'half': 'bottom', 'shape': 'straight', 'waterlogged': 'false'}",
"(41, 5, 17)",minecraft:tall_grass,{'half': 'upper'},
"(42, 5, 17)",minecraft:stone,{},
"(43, 5, 17)",minecraft:spruce_fence,"{'east': 'true', 'north': 'false', 'south': 'false', 'waterlogged': 'false', 'west': 'true'}",
"(44, 5, 17)",minecraft:stone_bricks,{},
"(45, 5, 17)",minecraft:andesite,{},
"(46, 5, 17)",minecraft:stone,{},
"(47, 5, 17)",minecraft:spruce_fence,"{'east': 'true', 'north': 'false', 'south': 'true', 'waterlogged': 'false', 'west': 'true'}",
"(48, 5, 17)",minecraft:stone,{},
"(9, 5, 18)",minecraft:cobblestone_wall,"{'east': 'tall', 'north': 'none', 'south': 'tall', 'up': 'true', 'waterlogged': 'false', 'west': 'none'}",
"(10, 5, 18)",minecraft:stone,{},
"(11, 5, 18)",minecraft:stone,{},
"(12, 5, 18)",minecraft:oak_trapdoor,"{'facing': 'north', 'half': 'bottom', 'open': 'false', 'powered': 'false', 'waterlogged': 'false'}",
"(13, 5, 18)",minecraft:oak_trapdoor,"{'facing': 'north', 'half': 'bottom', 'open': 'false', 'powered': 'false', 'waterlogged': 'false'}",
"(14, 5, 18)",minecraft:oak_trapdoor,"{'facing': 'north', 'half': 'bottom', 'open': 'false', 'powered': 'false', 'waterlogged': 'false'}",
"(42, 5, 18)",minecraft:stone_bricks,{},
"(47, 5, 18)",minecraft:hay_block,{'axis': 'y'},
"(48, 5, 18)",minecraft:stone,{},
"(8, 5, 19)",minecraft:andesite,{},
"(9, 5, 19)",minecraft:stone_bricks,{},
"(10, 5, 19)",minecraft:stone,{},
"(11, 5, 19)",minecraft:andesite,{},
"(12, 5, 19)",minecraft:stone,{},
"(13, 5, 19)",minecraft:stone_bricks,{},
"(14, 5, 19)",minecraft:stone,{},
"(48, 5, 19)",minecraft:stone,{},
"(49, 5, 19)",minecraft:spruce_trapdoor,"{'facing': 'east', 'half': 'top', 'open': 'true', 'powered': 'false', 'waterlogged': 'false'}",
"(8, 5, 20)",minecraft:stone_bricks,{},
"(14, 5, 20)",minecraft:stone_bricks,{},
"(21, 5, 20)",minecraft:cobblestone_wall,"{'east': 'none', 'north': 'none', 'south': 'none', 'up': 'true', 'waterlogged': 'false', 'west': 'none'}",
"(48, 5, 20)",minecraft:spruce_fence,"{'east': 'false', 'north': 'true', 'south': 'true', 'waterlogged': 'false', 'west': 'false'}",
"(49, 5, 20)",minecraft:potted_white_tulip,{},
"(5, 5, 21)",minecraft:stone,{},
"(6, 5, 21)",minecraft:stone_bricks,{},
"(7, 5, 21)",minecraft:andesite,{},
"(14, 5, 21)",minecraft:andesite,{},
"(41, 5, 21)",minecraft:tall_grass,{'half': 'upper'},
"(42, 5, 21)",minecraft:stone,{},
"(43, 5, 21)",minecraft:stone_brick_wall,"{'east': 'none', 'north': 'none', 'south': 'none', 'up': 'true', 'waterlogged': 'false', 'west': 'tall'}",
"(47, 5, 21)",minecraft:andesite_wall,"{'east': 'tall', 'north': 'none', 'south': 'none', 'up': 'true', 'waterlogged': 'false', 'west': 'none'}",
"(48, 5, 21)",minecraft:andesite,{},
"(5, 5, 22)",minecraft:stone_bricks,{},
"(14, 5, 22)",minecraft:stone_bricks,{},
"(22, 5, 22)",minecraft:stone,{},
"(23, 5, 22)",minecraft:andesite,{},
"(37, 5, 22)",minecraft:tall_grass,{'half': 'upper'},
"(48, 5, 22)",minecraft:spruce_fence,"{'east': 'false', 'north': 'true', 'south': 'true', 'waterlogged': 'false', 'west': 'false'}",
"(49, 5, 22)",minecraft:acacia_leaves,"{'distance': '7', 'persistent': 'true', 'waterlogged': 'false'}",
"(4, 5, 23)",minecraft:campfire,"{'facing': 'east', 'lit': 'false', 'signal_fire': 'false', 'waterlogged': 'false'}","{components: {}, Items: [], CookingTimes: [I; 0, 0, 0, 0], CookingTotalTimes: [I; 0, 0, 0, 0], id: ""minecraft:campfire""}"
"(5, 5, 23)",minecraft:stone_bricks,{},
"(14, 5, 23)",minecraft:stone_bricks,{},
"(15, 5, 23)",minecraft:stone,{},
"(16, 5, 23)",minecraft:stone_brick_stairs,"{'facing': 'west', 'half': 'top', 'shape': 'straight', 'waterlogged': 'false'}",
"(17, 5, 23)",minecraft:stone_brick_stairs,"{'facing': 'east', 'half': 'top', 'shape': 'straight', 'waterlogged': 'false'}",
"(18, 5, 23)",minecraft:stone_bricks,{},
"(19, 5, 23)",minecraft:stone_bricks,{},
"(20, 5, 23)",minecraft:stone,{},
"(21, 5, 23)",minecraft:stone_bricks,{},
"(22, 5, 23)",minecraft:stone_bricks,{},
"(23, 5, 23)",minecraft:stone_bricks,{},
"(25, 5, 23)",minecraft:jungle_leaves,"{'distance': '7', 'persistent': 'true', 'waterlogged': 'false'}",
"(28, 5, 23)",minecraft:polished_andesite_stairs,"{'facing': 'south', 'half': 'top', 'shape': 'straight', 'waterlogged': 'false'}",
"(34, 5, 23)",minecraft:polished_andesite_stairs,"{'facing': 'south', 'half': 'top', 'shape': 'straight', 'waterlogged': 'false'}",
"(48, 5, 23)",minecraft:stone,{},
"(49, 5, 23)",minecraft:spruce_trapdoor,"{'facing': 'east', 'half': 'top', 'open': 'true', 'powered': 'false', 'waterlogged': 'false'}",
"(5, 5, 24)",minecraft:andesite,{},
"(14, 5, 24)",minecraft:stone_bricks,{},
"(16, 5, 24)",minecraft:spruce_trapdoor,"{'facing': 'south', 'half': 'top', 'open': 'true', 'powered': 'false', 'waterlogged': 'false'}",
"(17, 5, 24)",minecraft:spruce_trapdoor,"{'facing': 'south', 'half': 'top', 'open': 'true', 'powered': 'false', 'waterlogged': 'false'}",
"(22, 5, 24)",minecraft:andesite,{},
"(25, 5, 24)",minecraft:dark_oak_fence,"{'east': 'false', 'north': 'false', 'south': 'false', 'waterlogged': 'false', 'west': 'false'}",
"(27, 5, 24)",minecraft:stone,{},
"(28, 5, 24)",minecraft:stone_bricks,{},
"(29, 5, 24)",minecraft:andesite_wall,"{'east': 'none', 'north': 'none', 'south': 'tall', 'up': 'true', 'waterlogged': 'false', 'west': 'tall'}",
"(33, 5, 24)",minecraft:stone_brick_wall,"{'east': 'tall', 'north': 'none', 'south': 'tall', 'up': 'true', 'waterlogged': 'false', 'west': 'none'}",
"(34, 5, 24)",minecraft:andesite,{},
"(35, 5, 24)",minecraft:stone,{},
"(39, 5, 24)",minecraft:acacia_leaves,"{'distance': '7', 'persistent': 'true', 'waterlogged': 'false'}",
"(42, 5, 24)",minecraft:andesite,{},
"(46, 5, 24)",minecraft:hay_block,{'axis': 'y'},
"(48, 5, 24)",minecraft:stone,{},
"(50, 5, 24)",minecraft:acacia_leaves,"{'distance': '7', 'persistent': 'true', 'waterlogged': 'false'}",
"(4, 5, 25)",minecraft:campfire,"{'facing': 'east', 'lit': 'false', 'signal_fire': 'false', 'waterlogged': 'false'}","{components: {}, Items: [], CookingTimes: [I; 0, 0, 0, 0], CookingTotalTimes: [I; 0, 0, 0, 0], id: ""minecraft:campfire""}"
"(5, 5, 25)",minecraft:stone,{},
"(14, 5, 25)",minecraft:andesite,{},
"(21, 5, 25)",minecraft:barrel,"{'facing': 'west', 'open': 'false'}","{components: {}, Items: [], id: ""minecraft:barrel""}"
"(22, 5, 25)",minecraft:andesite,{},
"(24, 5, 25)",minecraft:jungle_leaves,"{'distance': '7', 'persistent': 'true', 'waterlogged': 'false'}",
"(27, 5, 25)",minecraft:stone_bricks,{},
"(29, 5, 25)",minecraft:spruce_trapdoor,"{'facing': 'south', 'half': 'bottom', 'open': 'true', 'powered': 'false', 'waterlogged': 'false'}",
"(30, 5, 25)",minecraft:spruce_door,"{'facing': 'south', 'half': 'lower', 'hinge': 'right', 'open': 'true', 'powered': 'false'}",
"(31, 5, 25)",minecraft:spruce_trapdoor,"{'facing': 'south', 'half': 'bottom', 'open': 'true', 'powered': 'false', 'waterlogged': 'false'}",
"(32, 5, 25)",minecraft:spruce_door,"{'facing': 'south', 'half': 'lower', 'hinge': 'left', 'open': 'true', 'powered': 'false'}",
"(33, 5, 25)",minecraft:spruce_trapdoor,"{'facing': 'south', 'half': 'bottom', 'open': 'true', 'powered': 'false', 'waterlogged': 'false'}",
"(35, 5, 25)",minecraft:andesite,{},
"(36, 5, 25)",minecraft:acacia_leaves,"{'distance': '7', 'persistent': 'true', 'waterlogged': 'false'}",
"(38, 5, 25)",minecraft:rose_bush,{'half': 'upper'},
"(39, 5, 25)",minecraft:stone,{},
"(40, 5, 25)",minecraft:stone_bricks,{},
"(41, 5, 25)",minecraft:stone,{},
"(42, 5, 25)",minecraft:stone,{},
"(43, 5, 25)",minecraft:stone,{},
"(44, 5, 25)",minecraft:andesite,{},
"(45, 5, 25)",minecraft:stone_bricks,{},
"(46, 5, 25)",minecraft:stone,{},
"(47, 5, 25)",minecraft:stone_bricks,{},
"(48, 5, 25)",minecraft:andesite,{},
"(49, 5, 25)",minecraft:andesite,{},
"(50, 5, 25)",minecraft:andesite,{},
"(5, 5, 26)",minecraft:andesite,{},
"(14, 5, 26)",minecraft:stone_bricks,{},
"(21, 5, 26)",minecraft:barrel,"{'facing': 'west', 'open': 'false'}","{components: {}, Items: [], id: ""minecraft:barrel""}"
"(22, 5, 26)",minecraft:stone_bricks,{},
"(23, 5, 26)",minecraft:stone,{},
"(24, 5, 26)",minecraft:andesite,{},
"(25, 5, 26)",minecraft:andesite,{},
"(26, 5, 26)",minecraft:stone_bricks,{},
"(27, 5, 26)",minecraft:stone,{},
"(28, 5, 26)",minecraft:spruce_stairs,"{'facing': 'north', 'half': 'top', 'shape': 'straight', 'waterlogged': 'false'}",
"(35, 5, 26)",minecraft:stone_bricks,{},
"(36, 5, 26)",minecraft:stone,{},
"(37, 5, 26)",minecraft:stone,{},
"(38, 5, 26)",minecraft:stone_bricks,{},
"(50, 5, 26)",minecraft:andesite,{},
"(5, 5, 27)",minecraft:stone,{},
"(6, 5, 27)",minecraft:stone_bricks,{},
"(7, 5, 27)",minecraft:andesite,{},
"(14, 5, 27)",minecraft:stone_bricks,{},
"(21, 5, 27)",minecraft:barrel,"{'facing': 'west', 'open': 'false'}","{components: {}, Items: [], id: ""minecraft:barrel""}"
"(22, 5, 27)",minecraft:andesite,{},
"(23, 5, 27)",minecraft:stone_bricks,{},
"(24, 5, 27)",minecraft:spruce_fence,"{'east': 'true', 'north': 'true', 'south': 'true', 'waterlogged': 'false', 'west': 'true'}",
"(25, 5, 27)",minecraft:spruce_fence,"{'east': 'false', 'north': 'true', 'south': 'true', 'waterlogged': 'false', 'west': 'true'}",
"(27, 5, 27)",minecraft:stone_bricks,{},
"(28, 5, 27)",minecraft:spruce_slab,"{'type': 'top', 'waterlogged': 'false'}",
"(37, 5, 27)",minecraft:spruce_stairs,"{'facing': 'east', 'half': 'bottom', 'shape': 'straight', 'waterlogged': 'false'}",
"(38, 5, 27)",minecraft:stone,{},
"(50, 5, 27)",minecraft:stone_stairs,"{'facing': 'west', 'half': 'top', 'shape': 'straight', 'waterlogged': 'false'}",
"(51, 5, 27)",minecraft:campfire,"{'facing': 'west', 'lit': 'false', 'signal_fire': 'false', 'waterlogged': 'false'}","{components: {}, Items: [], CookingTimes: [I; 0, 0, 0, 0], CookingTotalTimes: [I; 0, 0, 0, 0], id: ""minecraft:campfire""}"
"(6, 5, 28)",minecraft:acacia_leaves,"{'distance': '2', 'persistent': 'true', 'waterlogged': 'false'}",
"(8, 5, 28)",minecraft:stone_bricks,{},
"(9, 5, 28)",minecraft:stone,{},
"(10, 5, 28)",minecraft:stone,{},
"(11, 5, 28)",minecraft:stone_bricks,{},
"(12, 5, 28)",minecraft:stone,{},
"(13, 5, 28)",minecraft:stone_bricks,{},
"(14, 5, 28)",minecraft:andesite,{},
"(21, 5, 28)",minecraft:barrel,"{'facing': 'west', 'open': 'false'}","{components: {}, Items: [], id: ""minecraft:barrel""}"
"(22, 5, 28)",minecraft:stone_bricks,{},
"(23, 5, 28)",minecraft:andesite,{},
"(24, 5, 28)",minecraft:spruce_fence,"{'east': 'true', 'north': 'true', 'south': 'true', 'waterlogged': 'false', 'west': 'true'}",
"(25, 5, 28)",minecraft:oak_log,{'axis': 'y'},
"(26, 5, 28)",minecraft:spruce_stairs,"{'facing': 'south', 'half': 'top', 'shape': 'straight', 'waterlogged': 'false'}",
"(27, 5, 28)",minecraft:stone_bricks,{},
"(28, 5, 28)",minecraft:spruce_slab,"{'type': 'top', 'waterlogged': 'false'}",
"(32, 5, 28)",minecraft:red_carpet,{},
"(33, 5, 28)",minecraft:red_carpet,{},
"(37, 5, 28)",minecraft:spruce_stairs,"{'facing': 'east', 'half': 'bottom', 'shape': 'straight', 'waterlogged': 'false'}",
"(38, 5, 28)",minecraft:stone_bricks,{},
"(50, 5, 28)",minecraft:andesite,{},
"(51, 5, 28)",minecraft:acacia_leaves,"{'distance': '7', 'persistent': 'true', 'waterlogged': 'false'}",
"(7, 5, 29)",minecraft:polished_andesite_stairs,"{'facing': 'east', 'half': 'top', 'shape': 'straight', 'waterlogged': 'false'}",
"(8, 5, 29)",minecraft:stone_bricks,{},
"(14, 5, 29)",minecraft:andesite,{},
"(21, 5, 29)",minecraft:barrel,"{'facing': 'west', 'open': 'false'}","{components: {}, Items: [], id: ""minecraft:barrel""}"
"(22, 5, 29)",minecraft:stone_bricks,{},
"(23, 5, 29)",minecraft:stone,{},
"(24, 5, 29)",minecraft:spruce_stairs,"{'facing': 'north', 'half': 'top', 'shape': 'straight', 'waterlogged': 'false'}",
"(25, 5, 29)",minecraft:repeating_command_block,"{'conditional': 'false', 'facing': 'south'}","{conditionMet: 0b, auto: 0b, components: {}, powered: 0b, Command: """", id: ""minecraft:command_block"", SuccessCount: 0, TrackOutput: 1b, UpdateLastExecution: 1b}"
"(26, 5, 29)",minecraft:spruce_stairs,"{'facing': 'north', 'half': 'bottom', 'shape': 'straight', 'waterlogged': 'false'}",
"(27, 5, 29)",minecraft:stone_bricks,{},
"(28, 5, 29)",minecraft:spruce_stairs,"{'facing': 'south', 'half': 'top', 'shape': 'straight', 'waterlogged': 'false'}",
"(30, 5, 29)",minecraft:red_carpet,{},
"(31, 5, 29)",minecraft:red_carpet,{},
"(34, 5, 29)",minecraft:red_carpet,{},
"(35, 5, 29)",minecraft:red_carpet,{},
"(37, 5, 29)",minecraft:spruce_stairs,"{'facing': 'east', 'half': 'bottom', 'shape': 'straight', 'waterlogged': 'false'}",
"(38, 5, 29)",minecraft:andesite,{},
"(50, 5, 29)",minecraft:stone_stairs,"{'facing': 'west', 'half': 'top', 'shape': 'straight', 'waterlogged': 'false'}",
"(51, 5, 29)",minecraft:campfire,"{'facing': 'west', 'lit': 'false', 'signal_fire': 'false', 'waterlogged': 'false'}","{components: {}, Items: [], CookingTimes: [I; 0, 0, 0, 0], CookingTotalTimes: [I; 0, 0, 0, 0], id: ""minecraft:campfire""}"
"(7, 5, 30)",minecraft:acacia_leaves,"{'distance': '7', 'persistent': 'true', 'waterlogged': 'false'}",
"(8, 5, 30)",minecraft:stone,{},
"(14, 5, 30)",minecraft:stone_bricks,{},
"(22, 5, 30)",minecraft:stone_bricks,{},
"(23, 5, 30)",minecraft:stone,{},
"(24, 5, 30)",minecraft:spruce_slab,"{'type': 'top', 'waterlogged': 'false'}",
"(27, 5, 30)",minecraft:stone,{},
"(28, 5, 30)",minecraft:chest,"{'facing': 'east', 'type': 'single', 'waterlogged': 'false'}","{components: {}, Items: [], id: ""minecraft:chest""}"
"(29, 5, 30)",minecraft:red_carpet,{},
"(33, 5, 30)",minecraft:red_carpet,{},
"(35, 5, 30)",minecraft:red_carpet,{},
"(37, 5, 30)",minecraft:spruce_trapdoor,"{'facing': 'north', 'half': 'bottom', 'open': 'true', 'powered': 'false', 'waterlogged': 'false'}",
"(38, 5, 30)",minecraft:stone,{},
"(50, 5, 30)",minecraft:stone_bricks,{},
"(6, 5, 31)",minecraft:acacia_leaves,"{'distance': '7', 'persistent': 'true', 'waterlogged': 'false'}",
"(7, 5, 31)",minecraft:polished_andesite_stairs,"{'facing': 'east', 'half': 'top', 'shape': 'straight', 'waterlogged': 'false'}",
"(8, 5, 31)",minecraft:stone_bricks,{},
"(14, 5, 31)",minecraft:stone_bricks,{},
"(15, 5, 31)",minecraft:stone,{},
"(16, 5, 31)",minecraft:stone,{},
"(17, 5, 31)",minecraft:stone,{},
"(18, 5, 31)",minecraft:stone_bricks,{},
"(19, 5, 31)",minecraft:stone_bricks,{},
"(20, 5, 31)",minecraft:stone_bricks,{},
"(21, 5, 31)",minecraft:stone_bricks,{},
"(22, 5, 31)",minecraft:andesite,{},
"(23, 5, 31)",minecraft:stone,{},
"(24, 5, 31)",minecraft:spruce_stairs,"{'facing': 'south', 'half': 'top', 'shape': 'straight', 'waterlogged': 'false'}",
"(27, 5, 31)",minecraft:stone_bricks,{},
"(29, 5, 31)",minecraft:red_carpet,{},
"(30, 5, 31)",minecraft:red_carpet,{},
"(32, 5, 31)",minecraft:red_carpet,{},
"(34, 5, 31)",minecraft:red_carpet,{},
"(37, 5, 31)",minecraft:spruce_stairs,"{'facing': 'north', 'half': 'top', 'shape': 'straight', 'waterlogged': 'false'}",
"(38, 5, 31)",minecraft:stone,{},
"(39, 5, 31)",minecraft:stone,{},
"(40, 5, 31)",minecraft:andesite_stairs,"{'facing': 'north', 'half': 'top', 'shape': 'straight', 'waterlogged': 'false'}",
"(41, 5, 31)",minecraft:stone_bricks,{},
"(49, 5, 31)",minecraft:stone,{},
"(50, 5, 31)",minecraft:stone,{},
"(8, 5, 32)",minecraft:andesite,{},
"(20, 5, 32)",minecraft:stone,{},
"(21, 5, 32)",minecraft:spruce_planks,{},
"(22, 5, 32)",minecraft:stone_bricks,{},
"(23, 5, 32)",minecraft:stone,{},
"(30, 5, 32)",minecraft:red_carpet,{},
"(33, 5, 32)",minecraft:red_carpet,{},
"(37, 5, 32)",minecraft:spruce_slab,"{'type': 'top', 'waterlogged': 'false'}",
"(38, 5, 32)",minecraft:stone_bricks,{},
"(40, 5, 32)",minecraft:campfire,"{'facing': 'north', 'lit': 'false', 'signal_fire': 'false', 'waterlogged': 'false'}","{components: {}, Items: [], CookingTimes: [I; 0, 0, 0, 0], CookingTotalTimes: [I; 0, 0, 0, 0], id: ""minecraft:campfire""}"
"(41, 5, 32)",minecraft:acacia_leaves,"{'distance': '7', 'persistent': 'true', 'waterlogged': 'false'}",
"(42, 5, 32)",minecraft:andesite,{},
"(48, 5, 32)",minecraft:stone_bricks,{},
"(49, 5, 32)",minecraft:bricks,{},
"(7, 5, 33)",minecraft:polished_andesite_stairs,"{'facing': 'east', 'half': 'top', 'shape': 'straight', 'waterlogged': 'false'}",
"(8, 5, 33)",minecraft:stone,{},
"(20, 5, 33)",minecraft:stone_bricks,{},
"(21, 5, 33)",minecraft:spruce_planks,{},
"(22, 5, 33)",minecraft:spruce_planks,{},
"(23, 5, 33)",minecraft:spruce_stairs,"{'facing': 'west', 'half': 'bottom', 'shape': 'straight', 'waterlogged': 'false'}",
"(31, 5, 33)",minecraft:red_carpet,{},
"(32, 5, 33)",minecraft:red_carpet,{},
"(34, 5, 33)",minecraft:red_carpet,{},
"(37, 5, 33)",minecraft:spruce_stairs,"{'facing': 'south', 'half': 'top', 'shape': 'straight', 'waterlogged': 'false'}",
"(38, 5, 33)",minecraft:stone_bricks,{},
"(42, 5, 33)",minecraft:stone,{},
"(43, 5, 33)",minecraft:stone,{},
"(44, 5, 33)",minecraft:andesite_stairs,"{'facing': 'north', 'half': 'top', 'shape': 'straight', 'waterlogged': 'false'}",
"(45, 5, 33)",minecraft:stone,{},
"(46, 5, 33)",minecraft:andesite_stairs,"{'facing': 'north', 'half': 'top', 'shape': 'straight', 'waterlogged': 'false'}",
"(47, 5, 33)",minecraft:stone_bricks,{},
"(48, 5, 33)",minecraft:stone,{},
"(8, 5, 34)",minecraft:polished_andesite_slab,"{'type': 'top', 'waterlogged': 'false'}",
"(9, 5, 34)",minecraft:stone_bricks,{},
"(10, 5, 34)",minecraft:stone,{},
"(11, 5, 34)",minecraft:andesite,{},
"(12, 5, 34)",minecraft:stone,{},
"(13, 5, 34)",minecraft:stone,{},
"(14, 5, 34)",minecraft:andesite,{},
"(15, 5, 34)",minecraft:stone,{},
"(16, 5, 34)",minecraft:stone,{},
"(17, 5, 34)",minecraft:stone_bricks,{},
"(18, 5, 34)",minecraft:stone,{},
"(19, 5, 34)",minecraft:stone_bricks,{},
"(20, 5, 34)",minecraft:stone,{},
"(21, 5, 34)",minecraft:stone_bricks,{},
"(22, 5, 34)",minecraft:stone,{},
"(23, 5, 34)",minecraft:stone,{},
"(24, 5, 34)",minecraft:stone_bricks,{},
"(25, 5, 34)",minecraft:andesite,{},
"(26, 5, 34)",minecraft:stone_bricks,{},
"(27, 5, 34)",minecraft:andesite,{},
"(35, 5, 34)",minecraft:stone_bricks,{},
"(36, 5, 34)",minecraft:stone_bricks,{},
"(37, 5, 34)",minecraft:stone_bricks,{},
"(38, 5, 34)",minecraft:stone,{},
"(43, 5, 34)",minecraft:acacia_leaves,"{'distance': '7', 'persistent': 'true', 'waterlogged': 'false'}",
"(44, 5, 34)",minecraft:campfire,"{'facing': 'north', 'lit': 'false', 'signal_fire': 'false', 'waterlogged': 'false'}","{components: {}, Items: [], CookingTimes: [I; 0, 0, 0, 0], CookingTotalTimes: [I; 0, 0, 0, 0], id: ""minecraft:campfire""}"
"(46, 5, 34)",minecraft:campfire,"{'facing': 'north', 'lit': 'false', 'signal_fire': 'false', 'waterlogged': 'false'}","{components: {}, Items: [], CookingTimes: [I; 0, 0, 0, 0], CookingTotalTimes: [I; 0, 0, 0, 0], id: ""minecraft:campfire""}"
"(9, 5, 35)",minecraft:polished_andesite_stairs,"{'facing': 'north', 'half': 'top', 'shape': 'straight', 'waterlogged': 'false'}",
"(11, 5, 35)",minecraft:polished_andesite_stairs,"{'facing': 'north', 'half': 'top', 'shape': 'straight', 'waterlogged': 'false'}",
"(13, 5, 35)",minecraft:polished_andesite_stairs,"{'facing': 'north', 'half': 'top', 'shape': 'straight', 'waterlogged': 'false'}",
"(15, 5, 35)",minecraft:polished_andesite_stairs,"{'facing': 'north', 'half': 'top', 'shape': 'straight', 'waterlogged': 'false'}",
"(17, 5, 35)",minecraft:polished_andesite_stairs,"{'facing': 'north', 'half': 'top', 'shape': 'straight', 'waterlogged': 'false'}",
"(19, 5, 35)",minecraft:polished_andesite_stairs,"{'facing': 'north', 'half': 'top', 'shape': 'straight', 'waterlogged': 'false'}",
"(21, 5, 35)",minecraft:acacia_leaves,"{'distance': '7', 'persistent': 'true', 'waterlogged': 'false'}",
"(23, 5, 35)",minecraft:acacia_leaves,"{'distance': '7', 'persistent': 'true', 'waterlogged': 'false'}",
"(25, 5, 35)",minecraft:spruce_slab,"{'type': 'top', 'waterlogged': 'false'}",
"(27, 5, 35)",minecraft:stone_bricks,{},
"(28, 5, 35)",minecraft:repeating_command_block,"{'conditional': 'false', 'facing': 'north'}","{conditionMet: 0b, auto: 0b, components: {}, powered: 0b, Command: """", id: ""minecraft:command_block"", SuccessCount: 0, TrackOutput: 1b, UpdateLastExecution: 1b}"
"(29, 5, 35)",minecraft:spruce_stairs,"{'facing': 'south', 'half': 'top', 'shape': 'straight', 'waterlogged': 'false'}",
"(30, 5, 35)",minecraft:repeating_command_block,"{'conditional': 'false', 'facing': 'north'}","{conditionMet: 0b, auto: 0b, components: {}, powered: 0b, Command: """", id: ""minecraft:command_block"", SuccessCount: 0, TrackOutput: 1b, UpdateLastExecution: 1b}"
"(31, 5, 35)",minecraft:spruce_stairs,"{'facing': 'south', 'half': 'top', 'shape': 'straight', 'waterlogged': 'false'}",
"(32, 5, 35)",minecraft:repeating_command_block,"{'conditional': 'false', 'facing': 'north'}","{conditionMet: 0b, auto: 0b, components: {}, powered: 0b, Command: """", id: ""minecraft:command_block"", SuccessCount: 0, TrackOutput: 1b, UpdateLastExecution: 1b}"
"(33, 5, 35)",minecraft:spruce_stairs,"{'facing': 'south', 'half': 'top', 'shape': 'straight', 'waterlogged': 'false'}",
"(34, 5, 35)",minecraft:repeating_command_block,"{'conditional': 'false', 'facing': 'north'}","{conditionMet: 0b, auto: 0b, components: {}, powered: 0b, Command: """", id: ""minecraft:command_block"", SuccessCount: 0, TrackOutput: 1b, UpdateLastExecution: 1b}"
"(35, 5, 35)",minecraft:stone,{},
"(19, 5, 36)",minecraft:acacia_leaves,"{'distance': '7', 'persistent': 'true', 'waterlogged': 'false'}",
"(27, 5, 36)",minecraft:stone,{},
"(28, 5, 36)",minecraft:stone,{},
"(29, 5, 36)",minecraft:stone_bricks,{},
"(30, 5, 36)",minecraft:stone_bricks,{},
"(31, 5, 36)",minecraft:andesite,{},
"(32, 5, 36)",minecraft:andesite,{},
"(33, 5, 36)",minecraft:andesite,{},
"(34, 5, 36)",minecraft:andesite,{},
"(35, 5, 36)",minecraft:stone,{},
"(36, 5, 36)",minecraft:acacia_leaves,"{'distance': '7', 'persistent': 'true', 'waterlogged': 'false'}",
"(29, 5, 37)",minecraft:spruce_slab,"{'type': 'top', 'waterlogged': 'false'}",
"(30, 5, 37)",minecraft:spruce_trapdoor,"{'facing': 'south', 'half': 'top', 'open': 'false', 'powered': 'false', 'waterlogged': 'false'}",
"(31, 5, 37)",minecraft:spruce_slab,"{'type': 'top', 'waterlogged': 'false'}",
"(32, 5, 37)",minecraft:spruce_trapdoor,"{'facing': 'south', 'half': 'top', 'open': 'false', 'powered': 'false', 'waterlogged': 'false'}",
"(33, 5, 37)",minecraft:spruce_slab,"{'type': 'top', 'waterlogged': 'false'}",
"(28, 5, 38)",minecraft:acacia_leaves,"{'distance': '7', 'persistent': 'true', 'waterlogged': 'false'}",
"(32, 5, 38)",minecraft:acacia_leaves,"{'distance': '7', 'persistent': 'true', 'waterlogged': 'false'}",
"(12, 6, 2)",minecraft:spruce_stairs,"{'facing': 'south', 'half': 'top', 'shape': 'straight', 'waterlogged': 'false'}",
"(13, 6, 2)",minecraft:spruce_trapdoor,"{'facing': 'north', 'half': 'top', 'open': 'false', 'powered': 'false', 'waterlogged': 'false'}",
"(14, 6, 2)",minecraft:spruce_stairs,"{'facing': 'south', 'half': 'top', 'shape': 'straight', 'waterlogged': 'false'}",
"(15, 6, 2)",minecraft:spruce_trapdoor,"{'facing': 'north', 'half': 'top', 'open': 'false', 'powered': 'false', 'waterlogged': 'false'}",
"(16, 6, 2)",minecraft:spruce_stairs,"{'facing': 'south', 'half': 'top', 'shape': 'straight', 'waterlogged': 'false'}",
"(39, 6, 2)",minecraft:spruce_stairs,"{'facing': 'south', 'half': 'top', 'shape': 'straight', 'waterlogged': 'false'}",
"(40, 6, 2)",minecraft:spruce_trapdoor,"{'facing': 'north', 'half': 'top', 'open': 'false', 'powered': 'false', 'waterlogged': 'false'}",
"(41, 6, 2)",minecraft:spruce_stairs,"{'facing': 'south', 'half': 'top', 'shape': 'straight', 'waterlogged': 'false'}",
"(42, 6, 2)",minecraft:spruce_trapdoor,"{'facing': 'north', 'half': 'top', 'open': 'false', 'powered': 'false', 'waterlogged': 'false'}",
"(43, 6, 2)",minecraft:spruce_stairs,"{'facing': 'south', 'half': 'top', 'shape': 'straight', 'waterlogged': 'false'}",
"(9, 6, 3)",minecraft:spruce_planks,{},
"(10, 6, 3)",minecraft:spruce_stairs,"{'facing': 'south', 'half': 'top', 'shape': 'straight', 'waterlogged': 'false'}",
"(11, 6, 3)",minecraft:spruce_planks,{},
"(12, 6, 3)",minecraft:oak_log,{'axis': 'z'},
"(13, 6, 3)",minecraft:stripped_spruce_log,{'axis': 'x'},
"(14, 6, 3)",minecraft:stripped_spruce_log,{'axis': 'x'},
"(15, 6, 3)",minecraft:oak_log,{'axis': 'x'},
"(16, 6, 3)",minecraft:oak_log,{'axis': 'z'},
"(19, 6, 3)",minecraft:acacia_leaves,"{'distance': '7', 'persistent': 'true', 'waterlogged': 'false'}",
"(21, 6, 3)",minecraft:andesite,{},
"(22, 6, 3)",minecraft:stone,{},
"(23, 6, 3)",minecraft:andesite,{},
"(33, 6, 3)",minecraft:stone,{},
"(34, 6, 3)",minecraft:stone_bricks,{},
"(35, 6, 3)",minecraft:stone,{},
"(39, 6, 3)",minecraft:oak_log,{'axis': 'z'},
"(40, 6, 3)",minecraft:oak_log,{'axis': 'x'},
"(41, 6, 3)",minecraft:stripped_spruce_log,{'axis': 'x'},
"(42, 6, 3)",minecraft:stripped_spruce_log,{'axis': 'x'},
"(43, 6, 3)",minecraft:stripped_spruce_log,{'axis': 'z'},
"(9, 6, 4)",minecraft:spruce_stairs,"{'facing': 'east', 'half': 'top', 'shape': 'straight', 'waterlogged': 'false'}",
"(10, 6, 4)",minecraft:spruce_slab,"{'type': 'top', 'waterlogged': 'false'}",
"(11, 6, 4)",minecraft:spruce_slab,"{'type': 'top', 'waterlogged': 'false'}",
"(12, 6, 4)",minecraft:oak_log,{'axis': 'z'},
"(13, 6, 4)",minecraft:spruce_planks,{},
"(14, 6, 4)",minecraft:spruce_planks,{},
"(15, 6, 4)",minecraft:spruce_planks,{},
"(16, 6, 4)",minecraft:oak_log,{'axis': 'z'},
"(17, 6, 4)",minecraft:polished_andesite_stairs,"{'facing': 'south', 'half': 'top', 'shape': 'straight', 'waterlogged': 'false'}",
"(18, 6, 4)",minecraft:polished_andesite_slab,"{'type': 'top', 'waterlogged': 'false'}",
"(19, 6, 4)",minecraft:polished_andesite_stairs,"{'facing': 'south', 'half': 'top', 'shape': 'straight', 'waterlogged': 'false'}",
"(20, 6, 4)",minecraft:stone_bricks,{},
"(23, 6, 4)",minecraft:ladder,"{'facing': 'south', 'waterlogged': 'false'}",
"(24, 6, 4)",minecraft:stone,{},
"(25, 6, 4)",minecraft:iron_chain,"{'axis': 'y', 'waterlogged': 'false'}",
"(31, 6, 4)",minecraft:iron_chain,"{'axis': 'y', 'waterlogged': 'false'}",
"(32, 6, 4)",minecraft:stone_bricks,{},
"(33, 6, 4)",minecraft:ladder,"{'facing': 'south', 'waterlogged': 'false'}",
"(36, 6, 4)",minecraft:stone,{},
"(37, 6, 4)",minecraft:acacia_leaves,"{'distance': '1', 'persistent': 'true', 'waterlogged': 'false'}",
"(39, 6, 4)",minecraft:oak_log,{'axis': 'z'},
"(40, 6, 4)",minecraft:bookshelf,{},
"(41, 6, 4)",minecraft:bookshelf,{},
"(42, 6, 4)",minecraft:loom,{'facing': 'west'},
"(43, 6, 4)",minecraft:oak_log,{'axis': 'z'},
"(45, 6, 4)",minecraft:acacia_leaves,"{'distance': '7', 'persistent': 'true', 'waterlogged': 'false'}",
"(9, 6, 5)",minecraft:spruce_planks,{},
"(10, 6, 5)",minecraft:spruce_slab,"{'type': 'top', 'waterlogged': 'false'}",
"(11, 6, 5)",minecraft:granite,{},
"(12, 6, 5)",minecraft:stripped_spruce_log,{'axis': 'z'},
"(13, 6, 5)",minecraft:spruce_planks,{},
"(14, 6, 5)",minecraft:spruce_planks,{},
"(15, 6, 5)",minecraft:spruce_planks,{},
"(16, 6, 5)",minecraft:stripped_spruce_log,{'axis': 'z'},
"(17, 6, 5)",minecraft:stone,{},
"(18, 6, 5)",minecraft:stone_bricks,{},
"(19, 6, 5)",minecraft:stone_bricks,{},
"(20, 6, 5)",minecraft:stone_bricks,{},
"(22, 6, 5)",minecraft:lantern,"{'hanging': 'true', 'waterlogged': 'false'}",
"(24, 6, 5)",minecraft:stone,{},
"(25, 6, 5)",minecraft:stone_bricks,{},
"(31, 6, 5)",minecraft:stone_bricks,{},
"(32, 6, 5)",minecraft:andesite,{},
"(34, 6, 5)",minecraft:lantern,"{'hanging': 'true', 'waterlogged': 'false'}",
"(36, 6, 5)",minecraft:stone,{},
"(37, 6, 5)",minecraft:stripped_spruce_log,{'axis': 'x'},
"(38, 6, 5)",minecraft:stripped_spruce_log,{'axis': 'x'},
"(39, 6, 5)",minecraft:bookshelf,{},
"(43, 6, 5)",minecraft:bookshelf,{},
"(44, 6, 5)",minecraft:oak_log,{'axis': 'x'},
"(45, 6, 5)",minecraft:spruce_stairs,"{'facing': 'west', 'half': 'top', 'shape': 'straight', 'waterlogged': 'false'}",
"(8, 6, 6)",minecraft:spruce_stairs,"{'facing': 'east', 'half': 'top', 'shape': 'straight', 'waterlogged': 'false'}",
"(9, 6, 6)",minecraft:oak_log,{'axis': 'x'},
"(10, 6, 6)",minecraft:oak_log,{'axis': 'x'},
"(11, 6, 6)",minecraft:stripped_spruce_log,{'axis': 'x'},
"(12, 6, 6)",minecraft:spruce_planks,{},
"(13, 6, 6)",minecraft:spruce_planks,{},
"(14, 6, 6)",minecraft:spruce_planks,{},
"(15, 6, 6)",minecraft:spruce_planks,{},
"(16, 6, 6)",minecraft:oak_log,{'axis': 'z'},
"(17, 6, 6)",minecraft:polished_andesite_stairs,"{'facing': 'north', 'half': 'top', 'shape': 'straight', 'waterlogged': 'false'}",
"(18, 6, 6)",minecraft:polished_andesite_slab,"{'type': 'top', 'waterlogged': 'false'}",
"(19, 6, 6)",minecraft:polished_andesite_stairs,"{'facing': 'north', 'half': 'top', 'shape': 'straight', 'waterlogged': 'false'}",
"(20, 6, 6)",minecraft:stone_bricks,{},
"(24, 6, 6)",minecraft:stone_bricks,{},
"(25, 6, 6)",minecraft:iron_chain,"{'axis': 'y', 'waterlogged': 'false'}",
"(26, 6, 6)",minecraft:spruce_trapdoor,"{'facing': 'east', 'half': 'bottom', 'open': 'true', 'powered': 'false', 'waterlogged': 'false'}",
"(30, 6, 6)",minecraft:spruce_trapdoor,"{'facing': 'west', 'half': 'bottom', 'open': 'true', 'powered': 'false', 'waterlogged': 'false'}",
"(31, 6, 6)",minecraft:iron_chain,"{'axis': 'y', 'waterlogged': 'false'}",
"(32, 6, 6)",minecraft:stone_bricks,{},
"(36, 6, 6)",minecraft:andesite,{},
"(43, 6, 6)",minecraft:bookshelf,{},
"(44, 6, 6)",minecraft:stripped_spruce_log,{'axis': 'z'},
"(45, 6, 6)",minecraft:spruce_trapdoor,"{'facing': 'east', 'half': 'top', 'open': 'false', 'powered': 'false', 'waterlogged': 'false'}",
"(46, 6, 6)",minecraft:acacia_leaves,"{'distance': '7', 'persistent': 'true', 'waterlogged': 'false'}",
"(8, 6, 7)",minecraft:spruce_trapdoor,"{'facing': 'west', 'half': 'top', 'open': 'false', 'powered': 'false', 'waterlogged': 'false'}",
"(9, 6, 7)",minecraft:stripped_spruce_log,{'axis': 'z'},
"(10, 6, 7)",minecraft:spruce_planks,{},
"(11, 6, 7)",minecraft:spruce_planks,{},
"(12, 6, 7)",minecraft:spruce_planks,{},
"(13, 6, 7)",minecraft:spruce_planks,{},
"(14, 6, 7)",minecraft:spruce_planks,{},
"(15, 6, 7)",minecraft:spruce_planks,{},
"(16, 6, 7)",minecraft:oak_log,{'axis': 'z'},
"(17, 6, 7)",minecraft:spruce_trapdoor,"{'facing': 'east', 'half': 'top', 'open': 'false', 'powered': 'false', 'waterlogged': 'false'}",
"(19, 6, 7)",minecraft:acacia_leaves,"{'distance': '7', 'persistent': 'true', 'waterlogged': 'false'}",
"(21, 6, 7)",minecraft:stone_bricks,{},
"(22, 6, 7)",minecraft:stone_bricks,{},
"(23, 6, 7)",minecraft:stone,{},
"(25, 6, 7)",minecraft:spruce_trapdoor,"{'facing': 'west', 'half': 'bottom', 'open': 'true', 'powered': 'false', 'waterlogged': 'false'}",
"(31, 6, 7)",minecraft:spruce_trapdoor,"{'facing': 'east', 'half': 'bottom', 'open': 'true', 'powered': 'false', 'waterlogged': 'false'}",
"(33, 6, 7)",minecraft:stone_bricks,{},
"(34, 6, 7)",minecraft:andesite,{},
"(35, 6, 7)",minecraft:stone,{},
"(43, 6, 7)",minecraft:loom,{'facing': 'north'},
"(44, 6, 7)",minecraft:stone,{},
"(45, 6, 7)",minecraft:stone_bricks,{},
"(46, 6, 7)",minecraft:andesite,{},
"(8, 6, 8)",minecraft:spruce_stairs,"{'facing': 'east', 'half': 'top', 'shape': 'straight', 'waterlogged': 'false'}",
"(9, 6, 8)",minecraft:stripped_spruce_log,{'axis': 'z'},
"(10, 6, 8)",minecraft:spruce_planks,{},
"(11, 6, 8)",minecraft:spruce_planks,{},
"(12, 6, 8)",minecraft:spruce_planks,{},
"(13, 6, 8)",minecraft:spruce_planks,{},
"(14, 6, 8)",minecraft:spruce_planks,{},
"(15, 6, 8)",minecraft:spruce_planks,{},
"(16, 6, 8)",minecraft:stripped_spruce_log,{'axis': 'z'},
"(17, 6, 8)",minecraft:spruce_stairs,"{'facing': 'west', 'half': 'top', 'shape': 'straight', 'waterlogged': 'false'}",
"(25, 6, 8)",minecraft:spruce_trapdoor,"{'facing': 'west', 'half': 'bottom', 'open': 'true', 'powered': 'false', 'waterlogged': 'false'}",
"(31, 6, 8)",minecraft:spruce_trapdoor,"{'facing': 'east', 'half': 'bottom', 'open': 'true', 'powered': 'false', 'waterlogged': 'false'}",
"(33, 6, 8)",minecraft:spruce_trapdoor,"{'facing': 'west', 'half': 'top', 'open': 'false', 'powered': 'false', 'waterlogged': 'false'}",
"(34, 6, 8)",minecraft:oak_log,{'axis': 'z'},
"(43, 6, 8)",minecraft:bookshelf,{},
"(44, 6, 8)",minecraft:stone,{},
"(45, 6, 8)",minecraft:ladder,"{'facing': 'south', 'waterlogged': 'false'}",
"(46, 6, 8)",minecraft:stone_bricks,{},
"(8, 6, 9)",minecraft:spruce_trapdoor,"{'facing': 'west', 'half': 'top', 'open': 'false', 'powered': 'false', 'waterlogged': 'false'}",
"(9, 6, 9)",minecraft:oak_log,{'axis': 'z'},
"(10, 6, 9)",minecraft:spruce_planks,{},
"(11, 6, 9)",minecraft:spruce_planks,{},
"(12, 6, 9)",minecraft:spruce_planks,{},
"(13, 6, 9)",minecraft:stone,{},
"(14, 6, 9)",minecraft:spruce_planks,{},
"(15, 6, 9)",minecraft:stone_bricks,{},
"(16, 6, 9)",minecraft:stripped_spruce_log,{'axis': 'z'},
"(17, 6, 9)",minecraft:spruce_trapdoor,"{'facing': 'east', 'half': 'top', 'open': 'false', 'powered': 'false', 'waterlogged': 'false'}",
"(33, 6, 9)",minecraft:spruce_stairs,"{'facing': 'east', 'half': 'top', 'shape': 'straight', 'waterlogged': 'false'}",
"(34, 6, 9)",minecraft:oak_log,{'axis': 'z'},
"(43, 6, 9)",minecraft:bookshelf,{},
"(44, 6, 9)",minecraft:stone,{},
"(45, 6, 9)",minecraft:stone_bricks,{},
"(46, 6, 9)",minecraft:stone_bricks,{},
"(8, 6, 10)",minecraft:spruce_stairs,"{'facing': 'east', 'half': 'top', 'shape': 'straight', 'waterlogged': 'false'}",
"(9, 6, 10)",minecraft:oak_log,{'axis': 'x'},
"(10, 6, 10)",minecraft:spruce_planks,{},
"(11, 6, 10)",minecraft:spruce_planks,{},
"(12, 6, 10)",minecraft:stone_bricks,{},
"(13, 6, 10)",minecraft:andesite,{},
"(14, 6, 10)",minecraft:ladder,"{'facing': 'north', 'waterlogged': 'false'}",
"(15, 6, 10)",minecraft:stone_bricks,{},
"(16, 6, 10)",minecraft:oak_log,{'axis': 'x'},
"(17, 6, 10)",minecraft:spruce_stairs,"{'facing': 'west', 'half': 'top', 'shape': 'straight', 'waterlogged': 'false'}",
"(33, 6, 10)",minecraft:spruce_trapdoor,"{'facing': 'west', 'half': 'top', 'open': 'false', 'powered': 'false', 'waterlogged': 'false'}",
"(34, 6, 10)",minecraft:stripped_spruce_log,{'axis': 'z'},
"(41, 6, 10)",minecraft:spruce_trapdoor,"{'facing': 'north', 'half': 'top', 'open': 'true', 'powered': 'false', 'waterlogged': 'false'}",
"(42, 6, 10)",minecraft:spruce_trapdoor,"{'facing': 'north', 'half': 'top', 'open': 'true', 'powered': 'false', 'waterlogged': 'false'}",
"(43, 6, 10)",minecraft:bookshelf,{},
"(44, 6, 10)",minecraft:stripped_spruce_log,{'axis': 'z'},
"(45, 6, 10)",minecraft:spruce_trapdoor,"{'facing': 'east', 'half': 'top', 'open': 'false', 'powered': 'false', 'waterlogged': 'false'}",
"(46, 6, 10)",minecraft:acacia_leaves,"{'distance': '7', 'persistent': 'true', 'waterlogged': 'false'}",
"(9, 6, 11)",minecraft:polished_andesite_stairs,"{'facing': 'east', 'half': 'top', 'shape': 'straight', 'waterlogged': 'false'}",
"(10, 6, 11)",minecraft:spruce_planks,{},
"(11, 6, 11)",minecraft:spruce_planks,{},
"(12, 6, 11)",minecraft:polished_andesite_stairs,"{'facing': 'west', 'half': 'top', 'shape': 'straight', 'waterlogged': 'false'}",
"(13, 6, 11)",minecraft:stone,{},
"(14, 6, 11)",minecraft:stone_bricks,{},
"(15, 6, 11)",minecraft:stone,{},
"(33, 6, 11)",minecraft:spruce_stairs,"{'facing': 'east', 'half': 'top', 'shape': 'straight', 'waterlogged': 'false'}",
"(34, 6, 11)",minecraft:oak_log,{'axis': 'x'},
"(35, 6, 11)",minecraft:stripped_spruce_log,{'axis': 'x'},
"(36, 6, 11)",minecraft:oak_log,{'axis': 'x'},
"(37, 6, 11)",minecraft:oak_log,{'axis': 'x'},
"(38, 6, 11)",minecraft:stripped_spruce_log,{'axis': 'x'},
"(39, 6, 11)",minecraft:oak_log,{'axis': 'x'},
"(40, 6, 11)",minecraft:stripped_spruce_log,{'axis': 'x'},
"(41, 6, 11)",minecraft:spruce_stairs,"{'facing': 'west', 'half': 'top', 'shape': 'straight', 'waterlogged': 'false'}",
"(42, 6, 11)",minecraft:spruce_stairs,"{'facing': 'east', 'half': 'top', 'shape': 'straight', 'waterlogged': 'false'}",
"(43, 6, 11)",minecraft:oak_log,{'axis': 'x'},
"(44, 6, 11)",minecraft:oak_log,{'axis': 'x'},
"(45, 6, 11)",minecraft:spruce_stairs,"{'facing': 'west', 'half': 'top', 'shape': 'straight', 'waterlogged': 'false'}",
"(9, 6, 12)",minecraft:polished_andesite_slab,"{'type': 'top', 'waterlogged': 'false'}",
"(10, 6, 12)",minecraft:stone_bricks,{},
"(11, 6, 12)",minecraft:andesite,{},
"(12, 6, 12)",minecraft:polished_andesite_slab,"{'type': 'top', 'waterlogged': 'false'}",
"(14, 6, 12)",minecraft:spruce_slab,"{'type': 'bottom', 'waterlogged': 'false'}",
"(38, 6, 12)",minecraft:spruce_fence,"{'east': 'false', 'north': 'true', 'south': 'false', 'waterlogged': 'false', 'west': 'false'}",
"(39, 6, 12)",minecraft:acacia_leaves,"{'distance': '1', 'persistent': 'true', 'waterlogged': 'false'}",
"(44, 6, 12)",minecraft:stone,{},
"(9, 6, 13)",minecraft:polished_andesite_stairs,"{'facing': 'east', 'half': 'top', 'shape': 'straight', 'waterlogged': 'false'}",
"(10, 6, 13)",minecraft:stone,{},
"(11, 6, 13)",minecraft:stone,{},
"(12, 6, 13)",minecraft:polished_andesite_stairs,"{'facing': 'west', 'half': 'top', 'shape': 'straight', 'waterlogged': 'false'}",
"(13, 6, 13)",minecraft:birch_leaves,"{'distance': '7', 'persistent': 'true', 'waterlogged': 'false'}",
"(14, 6, 13)",minecraft:spruce_trapdoor,"{'facing': 'east', 'half': 'bottom', 'open': 'false', 'powered': 'false', 'waterlogged': 'false'}",
"(43, 6, 13)",minecraft:brick_stairs,"{'facing': 'east', 'half': 'bottom', 'shape': 'straight', 'waterlogged': 'false'}",
"(44, 6, 13)",minecraft:bricks,{},
"(45, 6, 13)",minecraft:bricks,{},
"(46, 6, 13)",minecraft:brick_stairs,"{'facing': 'south', 'half': 'bottom', 'shape': 'straight', 'waterlogged': 'false'}",
"(47, 6, 13)",minecraft:acacia_leaves,"{'distance': '7', 'persistent': 'true', 'waterlogged': 'false'}",
"(9, 6, 14)",minecraft:polished_andesite_slab,"{'type': 'top', 'waterlogged': 'false'}",
"(10, 6, 14)",minecraft:stone_bricks,{},
"(11, 6, 14)",minecraft:stone_bricks,{},
"(12, 6, 14)",minecraft:polished_andesite_slab,"{'type': 'top', 'waterlogged': 'false'}",
"(14, 6, 14)",minecraft:spruce_trapdoor,"{'facing': 'south', 'half': 'bottom', 'open': 'false', 'powered': 'false', 'waterlogged': 'false'}",
"(43, 6, 14)",minecraft:brick_slab,"{'type': 'top', 'waterlogged': 'false'}",
"(44, 6, 14)",minecraft:bricks,{},
"(46, 6, 14)",minecraft:brick_stairs,"{'facing': 'west', 'half': 'top', 'shape': 'straight', 'waterlogged': 'false'}",
"(9, 6, 15)",minecraft:polished_andesite_stairs,"{'facing': 'east', 'half': 'top', 'shape': 'straight', 'waterlogged': 'false'}",
"(10, 6, 15)",minecraft:andesite,{},
"(11, 6, 15)",minecraft:andesite,{},
"(12, 6, 15)",minecraft:polished_andesite_stairs,"{'facing': 'west', 'half': 'top', 'shape': 'straight', 'waterlogged': 'false'}",
"(13, 6, 15)",minecraft:birch_leaves,"{'distance': '7', 'persistent': 'true', 'waterlogged': 'false'}",
"(21, 6, 15)",minecraft:oak_leaves,"{'distance': '4', 'persistent': 'true', 'waterlogged': 'false'}",
"(23, 6, 15)",minecraft:spruce_fence,"{'east': 'false', 'north': 'false', 'south': 'true', 'waterlogged': 'false', 'west': 'false'}",
"(24, 6, 15)",minecraft:spruce_slab,"{'type': 'top', 'waterlogged': 'false'}",
"(43, 6, 15)",minecraft:brick_stairs,"{'facing': 'east', 'half': 'bottom', 'shape': 'straight', 'waterlogged': 'false'}",
"(44, 6, 15)",minecraft:bricks,{},
"(45, 6, 15)",minecraft:bricks,{},
"(9, 6, 16)",minecraft:polished_andesite_slab,"{'type': 'top', 'waterlogged': 'false'}",
"(10, 6, 16)",minecraft:stone_bricks,{},
"(11, 6, 16)",minecraft:stone_bricks,{},
"(12, 6, 16)",minecraft:polished_andesite_slab,"{'type': 'top', 'waterlogged': 'false'}",
"(13, 6, 16)",minecraft:oak_trapdoor,"{'facing': 'north', 'half': 'bottom', 'open': 'true', 'powered': 'false', 'waterlogged': 'false'}",
"(23, 6, 16)",minecraft:oak_wood,{'axis': 'y'},
"(38, 6, 16)",minecraft:spruce_fence,"{'east': 'false', 'north': 'false', 'south': 'false', 'waterlogged': 'false', 'west': 'false'}",
"(42, 6, 16)",minecraft:spruce_trapdoor,"{'facing': 'north', 'half': 'bottom', 'open': 'true', 'powered': 'false', 'waterlogged': 'false'}",
"(43, 6, 16)",minecraft:spruce_fence_gate,"{'facing': 'south', 'in_wall': 'false', 'open': 'true', 'powered': 'false'}",
"(44, 6, 16)",minecraft:andesite,{},
"(45, 6, 16)",minecraft:acacia_leaves,"{'distance': '7', 'persistent': 'true', 'waterlogged': 'false'}",
"(46, 6, 16)",minecraft:spruce_trapdoor,"{'facing': 'north', 'half': 'bottom', 'open': 'true', 'powered': 'false', 'waterlogged': 'false'}",
"(47, 6, 16)",minecraft:spruce_fence_gate,"{'facing': 'south', 'in_wall': 'false', 'open': 'true', 'powered': 'false'}",
"(9, 6, 17)",minecraft:polished_andesite_stairs,"{'facing': 'east', 'half': 'top', 'shape': 'straight', 'waterlogged': 'false'}",
"(10, 6, 17)",minecraft:spruce_planks,{},
"(11, 6, 17)",minecraft:spruce_planks,{},
"(12, 6, 17)",minecraft:spruce_stairs,"{'facing': 'west', 'half': 'bottom', 'shape': 'straight', 'waterlogged': 'false'}",
"(23, 6, 17)",minecraft:spruce_fence,"{'east': 'false', 'north': 'true', 'south': 'false', 'waterlogged': 'false', 'west': 'false'}",
"(42, 6, 17)",minecraft:stone,{},
"(43, 6, 17)",minecraft:spruce_fence,"{'east': 'true', 'north': 'false', 'south': 'false', 'waterlogged': 'false', 'west': 'true'}",
"(44, 6, 17)",minecraft:stone_bricks,{},
"(45, 6, 17)",minecraft:stone_bricks,{},
"(46, 6, 17)",minecraft:stone_bricks,{},
"(47, 6, 17)",minecraft:spruce_fence,"{'east': 'true', 'north': 'false', 'south': 'false', 'waterlogged': 'false', 'west': 'true'}",
"(48, 6, 17)",minecraft:stone,{},
"(8, 6, 18)",minecraft:spruce_stairs,"{'facing': 'south', 'half': 'top', 'shape': 'straight', 'waterlogged': 'false'}",
"(9, 6, 18)",minecraft:spruce_planks,{},
"(10, 6, 18)",minecraft:spruce_planks,{},
"(11, 6, 18)",minecraft:spruce_planks,{},
"(12, 6, 18)",minecraft:spruce_stairs,"{'facing': 'south', 'half': 'top', 'shape': 'straight', 'waterlogged': 'false'}",
"(13, 6, 18)",minecraft:spruce_trapdoor,"{'facing': 'north', 'half': 'top', 'open': 'false', 'powered': 'false', 'waterlogged': 'false'}",
"(14, 6, 18)",minecraft:spruce_stairs,"{'facing': 'south', 'half': 'top', 'shape': 'straight', 'waterlogged': 'false'}",
"(23, 6, 18)",minecraft:oak_leaves,"{'distance': '7', 'persistent': 'true', 'waterlogged': 'false'}",
"(42, 6, 18)",minecraft:stone,{},
"(43, 6, 18)",minecraft:acacia_leaves,"{'distance': '7', 'persistent': 'true', 'waterlogged': 'false'}",
"(44, 6, 18)",minecraft:spruce_trapdoor,"{'facing': 'south', 'half': 'top', 'open': 'false', 'powered': 'false', 'waterlogged': 'false'}",
"(45, 6, 18)",minecraft:spruce_trapdoor,"{'facing': 'south', 'half': 'top', 'open': 'false', 'powered': 'false', 'waterlogged': 'false'}",
"(46, 6, 18)",minecraft:spruce_trapdoor,"{'facing': 'south', 'half': 'top', 'open': 'false', 'powered': 'false', 'waterlogged': 'false'}",
"(48, 6, 18)",minecraft:andesite,{},
"(7, 6, 19)",minecraft:spruce_slab,"{'type': 'top', 'waterlogged': 'false'}",
"(8, 6, 19)",minecraft:stripped_spruce_log,{'axis': 'z'},
"(9, 6, 19)",minecraft:oak_log,{'axis': 'x'},
"(10, 6, 19)",minecraft:spruce_planks,{},
"(11, 6, 19)",minecraft:spruce_planks,{},
"(12, 6, 19)",minecraft:oak_log,{'axis': 'x'},
"(13, 6, 19)",minecraft:stripped_spruce_log,{'axis': 'x'},
"(14, 6, 19)",minecraft:stripped_spruce_log,{'axis': 'z'},
"(48, 6, 19)",minecraft:stone,{},
"(49, 6, 19)",minecraft:spruce_trapdoor,"{'facing': 'east', 'half': 'bottom', 'open': 'true', 'powered': 'false', 'waterlogged': 'false'}",
"(6, 6, 20)",minecraft:spruce_slab,"{'type': 'top', 'waterlogged': 'false'}",
"(7, 6, 20)",minecraft:spruce_planks,{},
"(8, 6, 20)",minecraft:oak_log,{'axis': 'z'},
"(9, 6, 20)",minecraft:spruce_planks,{},
"(10, 6, 20)",minecraft:spruce_planks,{},
"(11, 6, 20)",minecraft:spruce_planks,{},
"(12, 6, 20)",minecraft:spruce_planks,{},
"(13, 6, 20)",minecraft:spruce_planks,{},
"(14, 6, 20)",minecraft:spruce_planks,{},
"(15, 6, 20)",minecraft:spruce_planks,{},
"(16, 6, 20)",minecraft:spruce_stairs,"{'facing': 'south', 'half': 'top', 'shape': 'straight', 'waterlogged': 'false'}",
"(17, 6, 20)",minecraft:spruce_planks,{},
"(18, 6, 20)",minecraft:spruce_stairs,"{'facing': 'south', 'half': 'top', 'shape': 'straight', 'waterlogged': 'false'}",
"(19, 6, 20)",minecraft:spruce_planks,{},
"(20, 6, 20)",minecraft:spruce_stairs,"{'facing': 'south', 'half': 'top', 'shape': 'straight', 'waterlogged': 'false'}",
"(21, 6, 20)",minecraft:spruce_planks,{},
"(48, 6, 20)",minecraft:spruce_fence,"{'east': 'false', 'north': 'true', 'south': 'true', 'waterlogged': 'false', 'west': 'false'}",
"(49, 6, 20)",minecraft:spruce_fence_gate,"{'facing': 'west', 'in_wall': 'false', 'open': 'true', 'powered': 'false'}",
"(4, 6, 21)",minecraft:spruce_stairs,"{'facing': 'east', 'half': 'top', 'shape': 'straight', 'waterlogged': 'false'}",
"(5, 6, 21)",minecraft:oak_log,{'axis': 'x'},
"(6, 6, 21)",minecraft:oak_log,{'axis': 'x'},
"(7, 6, 21)",minecraft:stripped_spruce_log,{'axis': 'x'},
"(8, 6, 21)",minecraft:spruce_planks,{},
"(9, 6, 21)",minecraft:spruce_planks,{},
"(10, 6, 21)",minecraft:spruce_planks,{},
"(11, 6, 21)",minecraft:spruce_planks,{},
"(12, 6, 21)",minecraft:spruce_planks,{},
"(13, 6, 21)",minecraft:spruce_planks,{},
"(14, 6, 21)",minecraft:spruce_planks,{},
"(15, 6, 21)",minecraft:spruce_slab,"{'type': 'top', 'waterlogged': 'false'}",
"(16, 6, 21)",minecraft:spruce_slab,"{'type': 'top', 'waterlogged': 'false'}",
"(17, 6, 21)",minecraft:spruce_slab,"{'type': 'top', 'waterlogged': 'false'}",
"(18, 6, 21)",minecraft:spruce_slab,"{'type': 'top', 'waterlogged': 'false'}",
"(19, 6, 21)",minecraft:spruce_slab,"{'type': 'top', 'waterlogged': 'false'}",
"(20, 6, 21)",minecraft:spruce_slab,"{'type': 'top', 'waterlogged': 'false'}",
"(21, 6, 21)",minecraft:spruce_stairs,"{'facing': 'west', 'half': 'top', 'shape': 'straight', 'waterlogged': 'false'}",
"(42, 6, 21)",minecraft:andesite,{},
"(43, 6, 21)",minecraft:andesite_wall,"{'east': 'none', 'north': 'none', 'south': 'none', 'up': 'true', 'waterlogged': 'false', 'west': 'tall'}",
"(45, 6, 21)",minecraft:lantern,"{'hanging': 'true', 'waterlogged': 'false'}",
"(47, 6, 21)",minecraft:andesite_wall,"{'east': 'tall', 'north': 'none', 'south': 'none', 'up': 'true', 'waterlogged': 'false', 'west': 'none'}",
"(48, 6, 21)",minecraft:stone,{},
"(0, 6, 22)",minecraft:spruce_slab,"{'type': 'top', 'waterlogged': 'false'}",
"(1, 6, 22)",minecraft:spruce_trapdoor,"{'facing': 'west', 'half': 'top', 'open': 'false', 'powered': 'false', 'waterlogged': 'false'}",
"(2, 6, 22)",minecraft:spruce_slab,"{'type': 'top', 'waterlogged': 'false'}",
"(4, 6, 22)",minecraft:spruce_trapdoor,"{'facing': 'west', 'half': 'top', 'open': 'false', 'powered': 'false', 'waterlogged': 'false'}",
"(5, 6, 22)",minecraft:stripped_spruce_log,{'axis': 'z'},
"(6, 6, 22)",minecraft:spruce_planks,{},
"(7, 6, 22)",minecraft:spruce_planks,{},
"(8, 6, 22)",minecraft:spruce_planks,{},
"(9, 6, 22)",minecraft:spruce_planks,{},
"(10, 6, 22)",minecraft:spruce_planks,{},
"(11, 6, 22)",minecraft:spruce_planks,{},
"(12, 6, 22)",minecraft:spruce_planks,{},
"(13, 6, 22)",minecraft:spruce_planks,{},
"(14, 6, 22)",minecraft:spruce_planks,{},
"(15, 6, 22)",minecraft:spruce_slab,"{'type': 'top', 'waterlogged': 'false'}",
"(16, 6, 22)",minecraft:spruce_slab,"{'type': 'top', 'waterlogged': 'false'}",
"(17, 6, 22)",minecraft:spruce_slab,"{'type': 'top', 'waterlogged': 'false'}",
"(18, 6, 22)",minecraft:spruce_slab,"{'type': 'top', 'waterlogged': 'false'}",
"(19, 6, 22)",minecraft:spruce_slab,"{'type': 'top', 'waterlogged': 'false'}",
"(20, 6, 22)",minecraft:spruce_slab,"{'type': 'top', 'waterlogged': 'false'}",
"(21, 6, 22)",minecraft:spruce_planks,{},
"(22, 6, 22)",minecraft:andesite,{},
"(23, 6, 22)",minecraft:andesite,{},
"(48, 6, 22)",minecraft:spruce_fence,"{'east': 'false', 'north': 'true', 'south': 'true', 'waterlogged': 'false', 'west': 'false'}",
"(49, 6, 22)",minecraft:spruce_fence_gate,"{'facing': 'west', 'in_wall': 'false', 'open': 'true', 'powered': 'false'}",
"(0, 6, 23)",minecraft:spruce_slab,"{'type': 'top', 'waterlogged': 'false'}",
"(1, 6, 23)",minecraft:spruce_trapdoor,"{'facing': 'west', 'half': 'top', 'open': 'false', 'powered': 'false', 'waterlogged': 'false'}",
"(2, 6, 23)",minecraft:spruce_slab,"{'type': 'top', 'waterlogged': 'false'}",
"(4, 6, 23)",minecraft:spruce_stairs,"{'facing': 'east', 'half': 'top', 'shape': 'straight', 'waterlogged': 'false'}",
"(5, 6, 23)",minecraft:stripped_spruce_log,{'axis': 'z'},
"(6, 6, 23)",minecraft:spruce_planks,{},
"(7, 6, 23)",minecraft:spruce_planks,{},
"(8, 6, 23)",minecraft:spruce_planks,{},
"(9, 6, 23)",minecraft:spruce_planks,{},
"(10, 6, 23)",minecraft:spruce_planks,{},
"(11, 6, 23)",minecraft:spruce_planks,{},
"(12, 6, 23)",minecraft:spruce_planks,{},
"(13, 6, 23)",minecraft:spruce_planks,{},
"(14, 6, 23)",minecraft:stone_bricks,{},
"(15, 6, 23)",minecraft:spruce_planks,{},
"(16, 6, 23)",minecraft:spruce_planks,{},
"(17, 6, 23)",minecraft:spruce_planks,{},
"(18, 6, 23)",minecraft:spruce_planks,{},
"(19, 6, 23)",minecraft:spruce_planks,{},
"(20, 6, 23)",minecraft:spruce_planks,{},
"(21, 6, 23)",minecraft:stone_bricks,{},
"(22, 6, 23)",minecraft:stone,{},
"(23, 6, 23)",minecraft:stone_bricks,{},
"(24, 6, 23)",minecraft:jungle_leaves,"{'distance': '7', 'persistent': 'true', 'waterlogged': 'false'}",
"(26, 6, 23)",minecraft:jungle_leaves,"{'distance': '7', 'persistent': 'true', 'waterlogged': 'false'}",
"(48, 6, 23)",minecraft:stone_bricks,{},
"(49, 6, 23)",minecraft:spruce_trapdoor,"{'facing': 'east', 'half': 'bottom', 'open': 'true', 'powered': 'false', 'waterlogged': 'false'}",
"(0, 6, 24)",minecraft:spruce_slab,"{'type': 'top', 'waterlogged': 'false'}",
"(1, 6, 24)",minecraft:spruce_trapdoor,"{'facing': 'west', 'half': 'top', 'open': 'false', 'powered': 'false', 'waterlogged': 'false'}",
"(2, 6, 24)",minecraft:spruce_slab,"{'type': 'top', 'waterlogged': 'false'}",
"(4, 6, 24)",minecraft:spruce_trapdoor,"{'facing': 'west', 'half': 'top', 'open': 'false', 'powered': 'false', 'waterlogged': 'false'}",
"(5, 6, 24)",minecraft:oak_log,{'axis': 'z'},
"(6, 6, 24)",minecraft:spruce_planks,{},
"(7, 6, 24)",minecraft:spruce_planks,{},
"(8, 6, 24)",minecraft:spruce_planks,{},
"(9, 6, 24)",minecraft:spruce_planks,{},
"(10, 6, 24)",minecraft:spruce_planks,{},
"(11, 6, 24)",minecraft:spruce_planks,{},
"(12, 6, 24)",minecraft:spruce_planks,{},
"(13, 6, 24)",minecraft:spruce_planks,{},
"(14, 6, 24)",minecraft:andesite,{},
"(15, 6, 24)",minecraft:spruce_planks,{},
"(16, 6, 24)",minecraft:spruce_planks,{},
"(17, 6, 24)",minecraft:spruce_planks,{},
"(18, 6, 24)",minecraft:spruce_planks,{},
"(19, 6, 24)",minecraft:spruce_planks,{},
"(20, 6, 24)",minecraft:spruce_planks,{},
"(21, 6, 24)",minecraft:spruce_planks,{},
"(22, 6, 24)",minecraft:stone,{},
"(24, 6, 24)",minecraft:dark_oak_fence,"{'east': 'true', 'north': 'false', 'south': 'true', 'waterlogged': 'false', 'west': 'false'}",
"(25, 6, 24)",minecraft:dark_oak_fence,"{'east': 'true', 'north': 'false', 'south': 'false', 'waterlogged': 'false', 'west': 'true'}",
"(26, 6, 24)",minecraft:dark_oak_fence,"{'east': 'true', 'north': 'false', 'south': 'false', 'waterlogged': 'false', 'west': 'true'}",
"(27, 6, 24)",minecraft:stone_bricks,{},
"(28, 6, 24)",minecraft:andesite,{},
"(29, 6, 24)",minecraft:stone_brick_wall,"{'east': 'none', 'north': 'none', 'south': 'tall', 'up': 'true', 'waterlogged': 'false', 'west': 'tall'}",
"(33, 6, 24)",minecraft:stone_brick_wall,"{'east': 'tall', 'north': 'none', 'south': 'tall', 'up': 'true', 'waterlogged': 'false', 'west': 'none'}",
"(34, 6, 24)",minecraft:stone,{},
"(35, 6, 24)",minecraft:andesite,{},
"(40, 6, 24)",minecraft:acacia_leaves,"{'distance': '7', 'persistent': 'true', 'waterlogged': 'false'}",
"(42, 6, 24)",minecraft:stone,{},
"(43, 6, 24)",minecraft:spruce_trapdoor,"{'facing': 'north', 'half': 'top', 'open': 'false', 'powered': 'false', 'waterlogged': 'false'}",
"(44, 6, 24)",minecraft:spruce_trapdoor,"{'facing': 'north', 'half': 'top', 'open': 'false', 'powered': 'false', 'waterlogged': 'false'}",
"(45, 6, 24)",minecraft:acacia_leaves,"{'distance': '7', 'persistent': 'true', 'waterlogged': 'false'}",
"(47, 6, 24)",minecraft:spruce_trapdoor,"{'facing': 'north', 'half': 'top', 'open': 'false', 'powered': 'false', 'waterlogged': 'false'}",
"(48, 6, 24)",minecraft:stone,{},
"(50, 6, 24)",minecraft:acacia_leaves,"{'distance': '7', 'persistent': 'true', 'waterlogged': 'false'}",
"(0, 6, 25)",minecraft:spruce_slab,"{'type': 'top', 'waterlogged': 'false'}",
"(1, 6, 25)",minecraft:spruce_trapdoor,"{'facing': 'west', 'half': 'top', 'open': 'false', 'powered': 'false', 'waterlogged': 'false'}",
"(2, 6, 25)",minecraft:spruce_slab,"{'type': 'top', 'waterlogged': 'false'}",
"(4, 6, 25)",minecraft:spruce_stairs,"{'facing': 'east', 'half': 'top', 'shape': 'straight', 'waterlogged': 'false'}",
"(5, 6, 25)",minecraft:oak_log,{'axis': 'z'},
"(6, 6, 25)",minecraft:spruce_planks,{},
"(7, 6, 25)",minecraft:spruce_planks,{},
"(8, 6, 25)",minecraft:spruce_planks,{},
"(9, 6, 25)",minecraft:spruce_planks,{},
"(10, 6, 25)",minecraft:spruce_planks,{},
"(11, 6, 25)",minecraft:spruce_planks,{},
"(12, 6, 25)",minecraft:spruce_planks,{},
"(13, 6, 25)",minecraft:spruce_planks,{},
"(14, 6, 25)",minecraft:stone,{},
"(15, 6, 25)",minecraft:spruce_planks,{},
"(16, 6, 25)",minecraft:spruce_planks,{},
"(17, 6, 25)",minecraft:spruce_planks,{},
"(18, 6, 25)",minecraft:spruce_planks,{},
"(19, 6, 25)",minecraft:spruce_planks,{},
"(20, 6, 25)",minecraft:spruce_planks,{},
"(21, 6, 25)",minecraft:spruce_planks,{},
"(22, 6, 25)",minecraft:stone_bricks,{},
"(24, 6, 25)",minecraft:dark_oak_fence,"{'east': 'false', 'north': 'true', 'south': 'true', 'waterlogged': 'false', 'west': 'false'}",
"(25, 6, 25)",minecraft:jungle_leaves,"{'distance': '7', 'persistent': 'true', 'waterlogged': 'false'}",
"(27, 6, 25)",minecraft:stone_bricks,{},
"(29, 6, 25)",minecraft:spruce_trapdoor,"{'facing': 'south', 'half': 'bottom', 'open': 'true', 'powered': 'false', 'waterlogged': 'false'}",
"(30, 6, 25)",minecraft:spruce_door,"{'facing': 'south', 'half': 'upper', 'hinge': 'right', 'open': 'true', 'powered': 'false'}",
"(31, 6, 25)",minecraft:spruce_trapdoor,"{'facing': 'south', 'half': 'bottom', 'open': 'true', 'powered': 'false', 'waterlogged': 'false'}",
"(32, 6, 25)",minecraft:spruce_door,"{'facing': 'south', 'half': 'upper', 'hinge': 'left', 'open': 'true', 'powered': 'false'}",
"(33, 6, 25)",minecraft:spruce_trapdoor,"{'facing': 'south', 'half': 'bottom', 'open': 'true', 'powered': 'false', 'waterlogged': 'false'}",
"(35, 6, 25)",minecraft:stone_bricks,{},
"(37, 6, 25)",minecraft:acacia_leaves,"{'distance': '7', 'persistent': 'true', 'waterlogged': 'false'}",
"(39, 6, 25)",minecraft:stone,{},
"(40, 6, 25)",minecraft:stone_bricks,{},
"(41, 6, 25)",minecraft:stone_bricks,{},
"(42, 6, 25)",minecraft:stone,{},
"(43, 6, 25)",minecraft:stone_bricks,{},
"(44, 6, 25)",minecraft:stone_bricks,{},
"(45, 6, 25)",minecraft:andesite,{},
"(46, 6, 25)",minecraft:stone,{},
"(47, 6, 25)",minecraft:andesite,{},
"(48, 6, 25)",minecraft:stone_bricks,{},
"(49, 6, 25)",minecraft:andesite,{},
"(50, 6, 25)",minecraft:stone_bricks,{},
"(0, 6, 26)",minecraft:spruce_slab,"{'type': 'top', 'waterlogged': 'false'}",
"(1, 6, 26)",minecraft:spruce_trapdoor,"{'facing': 'west', 'half': 'top', 'open': 'false', 'powered': 'false', 'waterlogged': 'false'}",
"(2, 6, 26)",minecraft:spruce_slab,"{'type': 'top', 'waterlogged': 'false'}",
"(4, 6, 26)",minecraft:spruce_trapdoor,"{'facing': 'west', 'half': 'top', 'open': 'false', 'powered': 'false', 'waterlogged': 'false'}",
"(5, 6, 26)",minecraft:stripped_spruce_log,{'axis': 'z'},
"(6, 6, 26)",minecraft:spruce_planks,{},
"(7, 6, 26)",minecraft:spruce_planks,{},
"(8, 6, 26)",minecraft:spruce_planks,{},
"(9, 6, 26)",minecraft:spruce_planks,{},
"(10, 6, 26)",minecraft:spruce_planks,{},
"(11, 6, 26)",minecraft:spruce_planks,{},
"(12, 6, 26)",minecraft:spruce_planks,{},
"(13, 6, 26)",minecraft:spruce_planks,{},
"(14, 6, 26)",minecraft:stone_bricks,{},
"(15, 6, 26)",minecraft:spruce_planks,{},
"(16, 6, 26)",minecraft:spruce_planks,{},
"(17, 6, 26)",minecraft:spruce_planks,{},
"(18, 6, 26)",minecraft:spruce_planks,{},
"(19, 6, 26)",minecraft:spruce_planks,{},
"(20, 6, 26)",minecraft:spruce_planks,{},
"(21, 6, 26)",minecraft:spruce_planks,{},
"(22, 6, 26)",minecraft:stone_bricks,{},
"(23, 6, 26)",minecraft:stone,{},
"(24, 6, 26)",minecraft:stone_bricks,{},
"(25, 6, 26)",minecraft:stone_bricks,{},
"(26, 6, 26)",minecraft:andesite,{},
"(27, 6, 26)",minecraft:stone,{},
"(28, 6, 26)",minecraft:repeating_command_block,"{'conditional': 'false', 'facing': 'east'}","{conditionMet: 0b, auto: 0b, components: {}, powered: 0b, Command: """", id: ""minecraft:command_block"", SuccessCount: 0, TrackOutput: 1b, UpdateLastExecution: 1b}"
"(35, 6, 26)",minecraft:stone_bricks,{},
"(36, 6, 26)",minecraft:andesite,{},
"(37, 6, 26)",minecraft:andesite,{},
"(38, 6, 26)",minecraft:stone_bricks,{},
"(50, 6, 26)",minecraft:stone,{},
"(4, 6, 27)",minecraft:spruce_stairs,"{'facing': 'east', 'half': 'top', 'shape': 'straight', 'waterlogged': 'false'}",
"(5, 6, 27)",minecraft:oak_log,{'axis': 'x'},
"(6, 6, 27)",minecraft:stripped_spruce_log,{'axis': 'x'},
"(7, 6, 27)",minecraft:stripped_spruce_log,{'axis': 'x'},
"(8, 6, 27)",minecraft:spruce_planks,{},
"(9, 6, 27)",minecraft:spruce_planks,{},
"(10, 6, 27)",minecraft:spruce_planks,{},
"(11, 6, 27)",minecraft:spruce_planks,{},
"(12, 6, 27)",minecraft:spruce_planks,{},
"(13, 6, 27)",minecraft:spruce_planks,{},
"(14, 6, 27)",minecraft:stone_bricks,{},
"(15, 6, 27)",minecraft:spruce_planks,{},
"(16, 6, 27)",minecraft:spruce_planks,{},
"(17, 6, 27)",minecraft:spruce_planks,{},
"(18, 6, 27)",minecraft:spruce_planks,{},
"(19, 6, 27)",minecraft:spruce_planks,{},
"(20, 6, 27)",minecraft:spruce_planks,{},
"(21, 6, 27)",minecraft:spruce_planks,{},
"(22, 6, 27)",minecraft:stone,{},
"(23, 6, 27)",minecraft:stone_bricks,{},
"(24, 6, 27)",minecraft:spruce_fence,"{'east': 'false', 'north': 'true', 'south': 'true', 'waterlogged': 'false', 'west': 'true'}",
"(25, 6, 27)",minecraft:spruce_stairs,"{'facing': 'east', 'half': 'top', 'shape': 'straight', 'waterlogged': 'false'}",
"(26, 6, 27)",minecraft:spruce_planks,{},
"(27, 6, 27)",minecraft:stone_bricks,{},
"(28, 6, 27)",minecraft:lantern,"{'hanging': 'false', 'waterlogged': 'false'}",
"(38, 6, 27)",minecraft:spruce_stairs,"{'facing': 'east', 'half': 'bottom', 'shape': 'straight', 'waterlogged': 'false'}",
"(50, 6, 27)",minecraft:stone_bricks,{},
"(6, 6, 28)",minecraft:acacia_leaves,"{'distance': '1', 'persistent': 'true', 'waterlogged': 'false'}",
"(7, 6, 28)",minecraft:polished_andesite_stairs,"{'facing': 'east', 'half': 'top', 'shape': 'straight', 'waterlogged': 'false'}",
"(8, 6, 28)",minecraft:oak_log,{'axis': 'z'},
"(9, 6, 28)",minecraft:stripped_spruce_log,{'axis': 'x'},
"(10, 6, 28)",minecraft:oak_log,{'axis': 'x'},
"(11, 6, 28)",minecraft:spruce_planks,{},
"(12, 6, 28)",minecraft:spruce_planks,{},
"(13, 6, 28)",minecraft:oak_log,{'axis': 'x'},
"(14, 6, 28)",minecraft:stone,{},
"(15, 6, 28)",minecraft:spruce_planks,{},
"(16, 6, 28)",minecraft:spruce_planks,{},
"(17, 6, 28)",minecraft:spruce_planks,{},
"(18, 6, 28)",minecraft:spruce_planks,{},
"(19, 6, 28)",minecraft:spruce_planks,{},
"(20, 6, 28)",minecraft:spruce_planks,{},
"(21, 6, 28)",minecraft:spruce_planks,{},
"(22, 6, 28)",minecraft:andesite,{},
"(23, 6, 28)",minecraft:stone,{},
"(24, 6, 28)",minecraft:spruce_fence,"{'east': 'true', 'north': 'true', 'south': 'false', 'waterlogged': 'false', 'west': 'true'}",
"(25, 6, 28)",minecraft:stripped_spruce_log,{'axis': 'y'},
"(26, 6, 28)",minecraft:spruce_stairs,"{'facing': 'north', 'half': 'bottom', 'shape': 'straight', 'waterlogged': 'false'}",
"(27, 6, 28)",minecraft:stone,{},
"(28, 6, 28)",minecraft:repeating_command_block,"{'conditional': 'false', 'facing': 'east'}","{conditionMet: 0b, auto: 0b, components: {}, powered: 0b, Command: """", id: ""minecraft:command_block"", SuccessCount: 0, TrackOutput: 1b, UpdateLastExecution: 1b}"
"(38, 6, 28)",minecraft:spruce_stairs,"{'facing': 'east', 'half': 'bottom', 'shape': 'straight', 'waterlogged': 'false'}",
"(50, 6, 28)",minecraft:andesite,{},
"(7, 6, 29)",minecraft:polished_andesite,{},
"(8, 6, 29)",minecraft:spruce_planks,{},
"(9, 6, 29)",minecraft:spruce_planks,{},
"(10, 6, 29)",minecraft:spruce_planks,{},
"(11, 6, 29)",minecraft:spruce_planks,{},
"(12, 6, 29)",minecraft:spruce_planks,{},
"(13, 6, 29)",minecraft:spruce_planks,{},
"(14, 6, 29)",minecraft:stone_bricks,{},
"(15, 6, 29)",minecraft:spruce_planks,{},
"(16, 6, 29)",minecraft:spruce_planks,{},
"(17, 6, 29)",minecraft:spruce_planks,{},
"(18, 6, 29)",minecraft:spruce_planks,{},
"(19, 6, 29)",minecraft:spruce_planks,{},
"(20, 6, 29)",minecraft:spruce_planks,{},
"(21, 6, 29)",minecraft:spruce_planks,{},
"(22, 6, 29)",minecraft:stone,{},
"(23, 6, 29)",minecraft:stone_bricks,{},
"(24, 6, 29)",minecraft:lantern,"{'hanging': 'false', 'waterlogged': 'false'}",
"(27, 6, 29)",minecraft:stone,{},
"(28, 6, 29)",minecraft:repeating_command_block,"{'conditional': 'false', 'facing': 'east'}","{conditionMet: 0b, auto: 0b, components: {}, powered: 0b, Command: """", id: ""minecraft:command_block"", SuccessCount: 0, TrackOutput: 1b, UpdateLastExecution: 1b}"
"(38, 6, 29)",minecraft:spruce_stairs,"{'facing': 'east', 'half': 'bottom', 'shape': 'straight', 'waterlogged': 'false'}",
"(50, 6, 29)",minecraft:stone,{},
"(51, 6, 29)",minecraft:acacia_leaves,"{'distance': '7', 'persistent': 'true', 'waterlogged': 'false'}",
"(7, 6, 30)",minecraft:polished_andesite_stairs,"{'facing': 'east', 'half': 'top', 'shape': 'straight', 'waterlogged': 'false'}",
"(8, 6, 30)",minecraft:spruce_planks,{},
"(9, 6, 30)",minecraft:spruce_planks,{},
"(10, 6, 30)",minecraft:spruce_planks,{},
"(11, 6, 30)",minecraft:spruce_planks,{},
"(12, 6, 30)",minecraft:spruce_planks,{},
"(13, 6, 30)",minecraft:spruce_planks,{},
"(14, 6, 30)",minecraft:stone,{},
"(15, 6, 30)",minecraft:spruce_planks,{},
"(16, 6, 30)",minecraft:spruce_planks,{},
"(17, 6, 30)",minecraft:spruce_planks,{},
"(18, 6, 30)",minecraft:spruce_planks,{},
"(19, 6, 30)",minecraft:spruce_planks,{},
"(20, 6, 30)",minecraft:spruce_planks,{},
"(21, 6, 30)",minecraft:spruce_planks,{},
"(22, 6, 30)",minecraft:stone_bricks,{},
"(23, 6, 30)",minecraft:stone,{},
"(27, 6, 30)",minecraft:stone_bricks,{},
"(37, 6, 30)",minecraft:spruce_trapdoor,"{'facing': 'north', 'half': 'bottom', 'open': 'true', 'powered': 'false', 'waterlogged': 'false'}",
"(38, 6, 30)",minecraft:stone,{},
"(50, 6, 30)",minecraft:stone,{},
"(7, 6, 31)",minecraft:polished_andesite,{},
"(8, 6, 31)",minecraft:spruce_planks,{},
"(9, 6, 31)",minecraft:spruce_planks,{},
"(10, 6, 31)",minecraft:spruce_planks,{},
"(11, 6, 31)",minecraft:glowstone,{},
"(12, 6, 31)",minecraft:spruce_planks,{},
"(13, 6, 31)",minecraft:spruce_planks,{},
"(14, 6, 31)",minecraft:stone_bricks,{},
"(15, 6, 31)",minecraft:stone_bricks,{},
"(16, 6, 31)",minecraft:stone,{},
"(17, 6, 31)",minecraft:spruce_planks,{},
"(18, 6, 31)",minecraft:spruce_planks,{},
"(19, 6, 31)",minecraft:stone,{},
"(20, 6, 31)",minecraft:stone_bricks,{},
"(21, 6, 31)",minecraft:spruce_planks,{},
"(22, 6, 31)",minecraft:stone,{},
"(23, 6, 31)",minecraft:stone,{},
"(24, 6, 31)",minecraft:potted_fern,{},
"(27, 6, 31)",minecraft:stone,{},
"(37, 6, 31)",minecraft:lantern,"{'hanging': 'false', 'waterlogged': 'false'}",
"(38, 6, 31)",minecraft:stone_bricks,{},
"(39, 6, 31)",minecraft:stone,{},
"(40, 6, 31)",minecraft:stone_bricks,{},
"(41, 6, 31)",minecraft:stone_bricks,{},
"(49, 6, 31)",minecraft:andesite,{},
"(50, 6, 31)",minecraft:stone_bricks,{},
"(7, 6, 32)",minecraft:polished_andesite_stairs,"{'facing': 'east', 'half': 'top', 'shape': 'straight', 'waterlogged': 'false'}",
"(8, 6, 32)",minecraft:spruce_planks,{},
"(9, 6, 32)",minecraft:spruce_planks,{},
"(10, 6, 32)",minecraft:green_wool,{},
"(11, 6, 32)",minecraft:green_wool,{},
"(12, 6, 32)",minecraft:spruce_planks,{},
"(13, 6, 32)",minecraft:spruce_planks,{},
"(14, 6, 32)",minecraft:spruce_planks,{},
"(15, 6, 32)",minecraft:spruce_planks,{},
"(16, 6, 32)",minecraft:spruce_planks,{},
"(17, 6, 32)",minecraft:spruce_planks,{},
"(18, 6, 32)",minecraft:spruce_planks,{},
"(19, 6, 32)",minecraft:spruce_planks,{},
"(20, 6, 32)",minecraft:stone,{},
"(21, 6, 32)",minecraft:spruce_planks,{},
"(22, 6, 32)",minecraft:andesite,{},
"(23, 6, 32)",minecraft:andesite,{},
"(37, 6, 32)",minecraft:potted_lily_of_the_valley,{},
"(38, 6, 32)",minecraft:stone,{},
"(40, 6, 32)",minecraft:acacia_leaves,"{'distance': '7', 'persistent': 'true', 'waterlogged': 'false'}",
"(42, 6, 32)",minecraft:stone,{},
"(48, 6, 32)",minecraft:stone,{},
"(49, 6, 32)",minecraft:granite,{},
"(7, 6, 33)",minecraft:polished_andesite,{},
"(8, 6, 33)",minecraft:spruce_planks,{},
"(9, 6, 33)",minecraft:spruce_planks,{},
"(10, 6, 33)",minecraft:glowstone,{},
"(11, 6, 33)",minecraft:green_wool,{},
"(12, 6, 33)",minecraft:glowstone,{},
"(13, 6, 33)",minecraft:spruce_planks,{},
"(14, 6, 33)",minecraft:spruce_planks,{},
"(15, 6, 33)",minecraft:spruce_planks,{},
"(16, 6, 33)",minecraft:spruce_planks,{},
"(17, 6, 33)",minecraft:spruce_planks,{},
"(18, 6, 33)",minecraft:spruce_planks,{},
"(19, 6, 33)",minecraft:spruce_planks,{},
"(20, 6, 33)",minecraft:andesite,{},
"(21, 6, 33)",minecraft:spruce_planks,{},
"(22, 6, 33)",minecraft:spruce_stairs,"{'facing': 'west', 'half': 'bottom', 'shape': 'straight', 'waterlogged': 'false'}",
"(37, 6, 33)",minecraft:chest,"{'facing': 'west', 'type': 'single', 'waterlogged': 'false'}","{components: {}, Items: [], id: ""minecraft:chest""}"
"(38, 6, 33)",minecraft:andesite,{},
"(42, 6, 33)",minecraft:stone_bricks,{},
"(43, 6, 33)",minecraft:stone_bricks,{},
"(44, 6, 33)",minecraft:andesite,{},
"(45, 6, 33)",minecraft:stone,{},
"(46, 6, 33)",minecraft:andesite,{},
"(47, 6, 33)",minecraft:stone,{},
"(48, 6, 33)",minecraft:stone_bricks,{},
"(8, 6, 34)",minecraft:polished_andesite,{},
"(9, 6, 34)",minecraft:spruce_planks,{},
"(10, 6, 34)",minecraft:glowstone,{},
"(11, 6, 34)",minecraft:spruce_planks,{},
"(12, 6, 34)",minecraft:spruce_planks,{},
"(13, 6, 34)",minecraft:spruce_planks,{},
"(14, 6, 34)",minecraft:spruce_planks,{},
"(15, 6, 34)",minecraft:spruce_planks,{},
"(16, 6, 34)",minecraft:spruce_planks,{},
"(17, 6, 34)",minecraft:spruce_planks,{},
"(18, 6, 34)",minecraft:spruce_planks,{},
"(19, 6, 34)",minecraft:spruce_planks,{},
"(20, 6, 34)",minecraft:andesite,{},
"(21, 6, 34)",minecraft:andesite,{},
"(22, 6, 34)",minecraft:stone,{},
"(23, 6, 34)",minecraft:stone,{},
"(24, 6, 34)",minecraft:andesite,{},
"(25, 6, 34)",minecraft:gray_stained_glass_pane,"{'east': 'true', 'north': 'false', 'south': 'false', 'waterlogged': 'false', 'west': 'true'}",
"(26, 6, 34)",minecraft:stone_bricks,{},
"(27, 6, 34)",minecraft:stone_bricks,{},
"(35, 6, 34)",minecraft:stone,{},
"(36, 6, 34)",minecraft:stone,{},
"(37, 6, 34)",minecraft:stone,{},
"(38, 6, 34)",minecraft:stone_bricks,{},
"(44, 6, 34)",minecraft:acacia_leaves,"{'distance': '7', 'persistent': 'true', 'waterlogged': 'false'}",
"(9, 6, 35)",minecraft:polished_andesite,{},
"(10, 6, 35)",minecraft:polished_andesite_stairs,"{'facing': 'north', 'half': 'top', 'shape': 'straight', 'waterlogged': 'false'}",
"(11, 6, 35)",minecraft:polished_andesite,{},
"(12, 6, 35)",minecraft:polished_andesite_stairs,"{'facing': 'north', 'half': 'top', 'shape': 'straight', 'waterlogged': 'false'}",
"(13, 6, 35)",minecraft:polished_andesite,{},
"(14, 6, 35)",minecraft:polished_andesite_stairs,"{'facing': 'north', 'half': 'top', 'shape': 'straight', 'waterlogged': 'false'}",
"(15, 6, 35)",minecraft:polished_andesite,{},
"(16, 6, 35)",minecraft:polished_andesite_stairs,"{'facing': 'north', 'half': 'top', 'shape': 'straight', 'waterlogged': 'false'}",
"(17, 6, 35)",minecraft:polished_andesite,{},
"(18, 6, 35)",minecraft:polished_andesite_stairs,"{'facing': 'north', 'half': 'top', 'shape': 'straight', 'waterlogged': 'false'}",
"(19, 6, 35)",minecraft:polished_andesite,{},
"(22, 6, 35)",minecraft:acacia_leaves,"{'distance': '7', 'persistent': 'true', 'waterlogged': 'false'}",
"(24, 6, 35)",minecraft:acacia_leaves,"{'distance': '7', 'persistent': 'true', 'waterlogged': 'false'}",
"(25, 6, 35)",minecraft:lantern,"{'hanging': 'false', 'waterlogged': 'false'}",
"(26, 6, 35)",minecraft:spruce_trapdoor,"{'facing': 'south', 'half': 'top', 'open': 'true', 'powered': 'false', 'waterlogged': 'false'}",
"(27, 6, 35)",minecraft:andesite,{},
"(28, 6, 35)",minecraft:repeating_command_block,"{'conditional': 'false', 'facing': 'north'}","{conditionMet: 0b, auto: 0b, components: {}, powered: 0b, Command: """", id: ""minecraft:command_block"", SuccessCount: 0, TrackOutput: 1b, UpdateLastExecution: 1b}"
"(29, 6, 35)",minecraft:lantern,"{'hanging': 'false', 'waterlogged': 'false'}",
"(31, 6, 35)",minecraft:potted_allium,{},
"(33, 6, 35)",minecraft:chest,"{'facing': 'north', 'type': 'single', 'waterlogged': 'false'}","{components: {}, Items: [], id: ""minecraft:chest""}"
"(34, 6, 35)",minecraft:repeating_command_block,"{'conditional': 'false', 'facing': 'north'}","{conditionMet: 0b, auto: 0b, components: {}, powered: 0b, Command: """", id: ""minecraft:command_block"", SuccessCount: 0, TrackOutput: 1b, UpdateLastExecution: 1b}"
"(35, 6, 35)",minecraft:andesite,{},
"(19, 6, 36)",minecraft:acacia_leaves,"{'distance': '7', 'persistent': 'true', 'waterlogged': 'false'}",
"(27, 6, 36)",minecraft:stone,{},
"(28, 6, 36)",minecraft:stone,{},
"(29, 6, 36)",minecraft:gray_stained_glass_pane,"{'east': 'true', 'north': 'false', 'south': 'false', 'waterlogged': 'false', 'west': 'true'}",
"(30, 6, 36)",minecraft:stone_bricks,{},
"(31, 6, 36)",minecraft:gray_stained_glass_pane,"{'east': 'true', 'north': 'false', 'south': 'false', 'waterlogged': 'false', 'west': 'true'}",
"(32, 6, 36)",minecraft:stone_bricks,{},
"(33, 6, 36)",minecraft:gray_stained_glass_pane,"{'east': 'true', 'north': 'false', 'south': 'false', 'waterlogged': 'false', 'west': 'true'}",
"(34, 6, 36)",minecraft:stone,{},
"(35, 6, 36)",minecraft:stone,{},
"(36, 6, 36)",minecraft:acacia_leaves,"{'distance': '7', 'persistent': 'true', 'waterlogged': 'false'}",
"(28, 6, 37)",minecraft:spruce_trapdoor,"{'facing': 'west', 'half': 'bottom', 'open': 'true', 'powered': 'false', 'waterlogged': 'false'}",
"(30, 6, 37)",minecraft:acacia_leaves,"{'distance': '7', 'persistent': 'true', 'waterlogged': 'false'}",
"(32, 6, 37)",minecraft:acacia_leaves,"{'distance': '7', 'persistent': 'true', 'waterlogged': 'false'}",
"(33, 6, 37)",minecraft:acacia_leaves,"{'distance': '7', 'persistent': 'true', 'waterlogged': 'false'}",
"(34, 6, 37)",minecraft:spruce_trapdoor,"{'facing': 'east', 'half': 'bottom', 'open': 'true', 'powered': 'false', 'waterlogged': 'false'}",
"(28, 6, 38)",minecraft:acacia_leaves,"{'distance': '7', 'persistent': 'true', 'waterlogged': 'false'}",
"(29, 6, 38)",minecraft:spruce_trapdoor,"{'facing': 'south', 'half': 'bottom', 'open': 'true', 'powered': 'false', 'waterlogged': 'false'}",
"(30, 6, 38)",minecraft:oak_trapdoor,"{'facing': 'south', 'half': 'bottom', 'open': 'true', 'powered': 'false', 'waterlogged': 'false'}",
"(31, 6, 38)",minecraft:oak_trapdoor,"{'facing': 'south', 'half': 'bottom', 'open': 'true', 'powered': 'false', 'waterlogged': 'false'}",
"(32, 6, 38)",minecraft:oak_trapdoor,"{'facing': 'south', 'half': 'bottom', 'open': 'true', 'powered': 'false', 'waterlogged': 'false'}",
"(33, 6, 38)",minecraft:spruce_trapdoor,"{'facing': 'south', 'half': 'bottom', 'open': 'true', 'powered': 'false', 'waterlogged': 'false'}",
"(14, 7, 1)",minecraft:spruce_slab,"{'type': 'top', 'waterlogged': 'false'}",
"(9, 7, 2)",minecraft:spruce_trapdoor,"{'facing': 'north', 'half': 'bottom', 'open': 'true', 'powered': 'false', 'waterlogged': 'false'}",
"(10, 7, 2)",minecraft:oak_trapdoor,"{'facing': 'north', 'half': 'bottom', 'open': 'true', 'powered': 'false', 'waterlogged': 'false'}",
"(11, 7, 2)",minecraft:oak_trapdoor,"{'facing': 'north', 'half': 'bottom', 'open': 'true', 'powered': 'false', 'waterlogged': 'false'}",
"(12, 7, 2)",minecraft:stripped_spruce_log,{'axis': 'y'},
"(13, 7, 2)",minecraft:stripped_oak_wood,{'axis': 'x'},
"(14, 7, 2)",minecraft:oak_planks,{},
"(15, 7, 2)",minecraft:stripped_oak_wood,{'axis': 'x'},
"(16, 7, 2)",minecraft:stripped_spruce_log,{'axis': 'y'},
"(39, 7, 2)",minecraft:oak_log,{'axis': 'y'},
"(40, 7, 2)",minecraft:stripped_oak_wood,{'axis': 'x'},
"(41, 7, 2)",minecraft:oak_planks,{},
"(42, 7, 2)",minecraft:oak_planks,{},
"(43, 7, 2)",minecraft:stripped_spruce_log,{'axis': 'y'},
"(8, 7, 3)",minecraft:spruce_trapdoor,"{'facing': 'west', 'half': 'bottom', 'open': 'true', 'powered': 'false', 'waterlogged': 'false'}",
"(9, 7, 3)",minecraft:dark_oak_slab,"{'type': 'top', 'waterlogged': 'false'}",
"(10, 7, 3)",minecraft:dark_oak_trapdoor,"{'facing': 'east', 'half': 'bottom', 'open': 'true', 'powered': 'false', 'waterlogged': 'false'}",
"(11, 7, 3)",minecraft:dark_oak_stairs,"{'facing': 'east', 'half': 'bottom', 'shape': 'straight', 'waterlogged': 'false'}",
"(12, 7, 3)",minecraft:oak_planks,{},
"(13, 7, 3)",minecraft:spruce_stairs,"{'facing': 'west', 'half': 'top', 'shape': 'straight', 'waterlogged': 'false'}",
"(14, 7, 3)",minecraft:spruce_slab,"{'type': 'top', 'waterlogged': 'false'}",
"(15, 7, 3)",minecraft:spruce_stairs,"{'facing': 'east', 'half': 'top', 'shape': 'straight', 'waterlogged': 'false'}",
"(16, 7, 3)",minecraft:stripped_oak_wood,{'axis': 'z'},
"(19, 7, 3)",minecraft:acacia_leaves,"{'distance': '7', 'persistent': 'true', 'waterlogged': 'false'}",
"(21, 7, 3)",minecraft:stone,{},
"(22, 7, 3)",minecraft:andesite,{},
"(23, 7, 3)",minecraft:stone,{},
"(33, 7, 3)",minecraft:stone_bricks,{},
"(34, 7, 3)",minecraft:stone,{},
"(35, 7, 3)",minecraft:andesite,{},
"(36, 7, 3)",minecraft:acacia_leaves,"{'distance': '7', 'persistent': 'true', 'waterlogged': 'false'}",
"(39, 7, 3)",minecraft:oak_planks,{},
"(40, 7, 3)",minecraft:spruce_planks,{},
"(41, 7, 3)",minecraft:spruce_planks,{},
"(42, 7, 3)",minecraft:spruce_planks,{},
"(43, 7, 3)",minecraft:stripped_oak_wood,{'axis': 'z'},
"(8, 7, 4)",minecraft:oak_trapdoor,"{'facing': 'west', 'half': 'bottom', 'open': 'true', 'powered': 'false', 'waterlogged': 'false'}",
"(11, 7, 4)",minecraft:dark_oak_wall_sign,"{'facing': 'south', 'waterlogged': 'false'}","{back_text: {has_glowing_text: 0b, color: ""black"", messages: ["""", """", """", """"]}, components: {}, is_waxed: 0b, id: ""minecraft:sign"", front_text: {has_glowing_text: 0b, color: ""black"", messages: ["""", """", """", """"]}}"
"(12, 7, 4)",minecraft:spruce_door,"{'facing': 'east', 'half': 'lower', 'hinge': 'left', 'open': 'false', 'powered': 'false'}",
"(16, 7, 4)",minecraft:stripped_oak_wood,{'axis': 'z'},
"(17, 7, 4)",minecraft:polished_andesite,{},
"(18, 7, 4)",minecraft:cobblestone_wall,"{'east': 'low', 'north': 'none', 'south': 'none', 'up': 'false', 'waterlogged': 'false', 'west': 'low'}",
"(19, 7, 4)",minecraft:polished_andesite,{},
"(20, 7, 4)",minecraft:stone,{},
"(23, 7, 4)",minecraft:ladder,"{'facing': 'south', 'waterlogged': 'false'}",
"(24, 7, 4)",minecraft:stone_bricks,{},
"(25, 7, 4)",minecraft:spruce_fence,"{'east': 'false', 'north': 'false', 'south': 'true', 'waterlogged': 'false', 'west': 'true'}",
"(31, 7, 4)",minecraft:spruce_fence,"{'east': 'true', 'north': 'false', 'south': 'true', 'waterlogged': 'false', 'west': 'false'}",
"(32, 7, 4)",minecraft:stone_bricks,{},
"(33, 7, 4)",minecraft:ladder,"{'facing': 'south', 'waterlogged': 'false'}",
"(36, 7, 4)",minecraft:andesite,{},
"(38, 7, 4)",minecraft:acacia_leaves,"{'distance': '1', 'persistent': 'true', 'waterlogged': 'false'}",
"(39, 7, 4)",minecraft:oak_planks,{},
"(40, 7, 4)",minecraft:spruce_planks,{},
"(41, 7, 4)",minecraft:spruce_planks,{},
"(42, 7, 4)",minecraft:spruce_planks,{},
"(43, 7, 4)",minecraft:oak_planks,{},
"(8, 7, 5)",minecraft:oak_trapdoor,"{'facing': 'west', 'half': 'bottom', 'open': 'true', 'powered': 'false', 'waterlogged': 'false'}",
"(9, 7, 5)",minecraft:dark_oak_stairs,"{'facing': 'south', 'half': 'bottom', 'shape': 'straight', 'waterlogged': 'false'}",
"(10, 7, 5)",minecraft:dark_oak_wall_sign,"{'facing': 'east', 'waterlogged': 'false'}","{back_text: {has_glowing_text: 0b, color: ""black"", messages: ["""", """", """", """"]}, components: {}, is_waxed: 0b, id: ""minecraft:sign"", front_text: {has_glowing_text: 0b, color: ""black"", messages: ["""", """", """", """"]}}"
"(11, 7, 5)",minecraft:bricks,{},
"(12, 7, 5)",minecraft:stripped_oak_wood,{'axis': 'z'},
"(13, 7, 5)",minecraft:repeating_command_block,"{'conditional': 'false', 'facing': 'east'}","{conditionMet: 0b, auto: 0b, components: {}, powered: 0b, Command: """", id: ""minecraft:command_block"", SuccessCount: 0, TrackOutput: 1b, UpdateLastExecution: 1b}"
"(14, 7, 5)",minecraft:red_carpet,{},
"(16, 7, 5)",minecraft:oak_planks,{},
"(18, 7, 5)",minecraft:acacia_leaves,"{'distance': '7', 'persistent': 'true', 'waterlogged': 'false'}",
"(20, 7, 5)",minecraft:stone_bricks,{},
"(22, 7, 5)",minecraft:iron_chain,"{'axis': 'y', 'waterlogged': 'false'}",
"(24, 7, 5)",minecraft:stone_bricks,{},
"(25, 7, 5)",minecraft:stone_bricks,{},
"(26, 7, 5)",minecraft:stone_stairs,"{'facing': 'west', 'half': 'top', 'shape': 'straight', 'waterlogged': 'false'}",
"(30, 7, 5)",minecraft:stone_stairs,"{'facing': 'east', 'half': 'top', 'shape': 'straight', 'waterlogged': 'false'}",
"(31, 7, 5)",minecraft:andesite,{},
"(32, 7, 5)",minecraft:stone_bricks,{},
"(34, 7, 5)",minecraft:iron_chain,"{'axis': 'y', 'waterlogged': 'false'}",
"(36, 7, 5)",minecraft:stone,{},
"(37, 7, 5)",minecraft:oak_planks,{},
"(38, 7, 5)",minecraft:stripped_oak_wood,{'axis': 'x'},
"(39, 7, 5)",minecraft:spruce_planks,{},
"(40, 7, 5)",minecraft:spruce_planks,{},
"(41, 7, 5)",minecraft:spruce_planks,{},
"(42, 7, 5)",minecraft:spruce_planks,{},
"(43, 7, 5)",minecraft:spruce_planks,{},
"(44, 7, 5)",minecraft:oak_planks,{},
"(45, 7, 5)",minecraft:stripped_spruce_log,{'axis': 'y'},
"(46, 7, 5)",minecraft:acacia_leaves,"{'distance': '1', 'persistent': 'true', 'waterlogged': 'false'}",
"(8, 7, 6)",minecraft:oak_log,{'axis': 'y'},
"(9, 7, 6)",minecraft:stripped_oak_wood,{'axis': 'x'},
"(10, 7, 6)",minecraft:spruce_door,"{'facing': 'south', 'half': 'lower', 'hinge': 'left', 'open': 'false', 'powered': 'false'}",
"(11, 7, 6)",minecraft:stripped_oak_wood,{'axis': 'x'},
"(12, 7, 6)",minecraft:repeating_command_block,"{'conditional': 'false', 'facing': 'east'}","{conditionMet: 0b, auto: 0b, components: {}, powered: 0b, Command: """", id: ""minecraft:command_block"", SuccessCount: 0, TrackOutput: 1b, UpdateLastExecution: 1b}"
"(13, 7, 6)",minecraft:white_carpet,{},
"(14, 7, 6)",minecraft:white_carpet,{},
"(16, 7, 6)",minecraft:spruce_stairs,"{'facing': 'north', 'half': 'top', 'shape': 'straight', 'waterlogged': 'false'}",
"(17, 7, 6)",minecraft:oak_log,{'axis': 'y'},
"(18, 7, 6)",minecraft:cobblestone_wall,"{'east': 'low', 'north': 'none', 'south': 'none', 'up': 'false', 'waterlogged': 'false', 'west': 'low'}",
"(19, 7, 6)",minecraft:polished_andesite,{},
"(20, 7, 6)",minecraft:stone,{},
"(24, 7, 6)",minecraft:stone_bricks,{},
"(25, 7, 6)",minecraft:spruce_fence,"{'east': 'true', 'north': 'true', 'south': 'false', 'waterlogged': 'false', 'west': 'true'}",
"(26, 7, 6)",minecraft:spruce_trapdoor,"{'facing': 'east', 'half': 'bottom', 'open': 'true', 'powered': 'false', 'waterlogged': 'false'}",
"(30, 7, 6)",minecraft:spruce_trapdoor,"{'facing': 'west', 'half': 'bottom', 'open': 'true', 'powered': 'false', 'waterlogged': 'false'}",
"(31, 7, 6)",minecraft:spruce_fence,"{'east': 'true', 'north': 'true', 'south': 'false', 'waterlogged': 'false', 'west': 'true'}",
"(32, 7, 6)",minecraft:stone,{},
"(36, 7, 6)",minecraft:stone,{},
"(37, 7, 6)",minecraft:spruce_planks,{},
"(38, 7, 6)",minecraft:spruce_planks,{},
"(39, 7, 6)",minecraft:spruce_planks,{},
"(40, 7, 6)",minecraft:spruce_planks,{},
"(41, 7, 6)",minecraft:spruce_planks,{},
"(42, 7, 6)",minecraft:spruce_planks,{},
"(43, 7, 6)",minecraft:spruce_planks,{},
"(44, 7, 6)",minecraft:spruce_planks,{},
"(45, 7, 6)",minecraft:oak_planks,{},
"(8, 7, 7)",minecraft:oak_planks,{},
"(9, 7, 7)",minecraft:spruce_slab,"{'type': 'top', 'waterlogged': 'false'}",
"(12, 7, 7)",minecraft:red_carpet,{},
"(13, 7, 7)",minecraft:red_carpet,{},
"(16, 7, 7)",minecraft:spruce_slab,"{'type': 'top', 'waterlogged': 'false'}",
"(17, 7, 7)",minecraft:stripped_oak_wood,{'axis': 'z'},
"(18, 7, 7)",minecraft:acacia_leaves,"{'distance': '1', 'persistent': 'true', 'waterlogged': 'false'}",
"(21, 7, 7)",minecraft:andesite,{},
"(22, 7, 7)",minecraft:andesite,{},
"(23, 7, 7)",minecraft:stone,{},
"(25, 7, 7)",minecraft:spruce_trapdoor,"{'facing': 'west', 'half': 'bottom', 'open': 'true', 'powered': 'false', 'waterlogged': 'false'}",
"(31, 7, 7)",minecraft:spruce_trapdoor,"{'facing': 'east', 'half': 'bottom', 'open': 'true', 'powered': 'false', 'waterlogged': 'false'}",
"(33, 7, 7)",minecraft:stone_bricks,{},
"(34, 7, 7)",minecraft:stone_bricks,{},
"(35, 7, 7)",minecraft:stone,{},
"(36, 7, 7)",minecraft:spruce_planks,{},
"(37, 7, 7)",minecraft:spruce_planks,{},
"(38, 7, 7)",minecraft:spruce_planks,{},
"(39, 7, 7)",minecraft:spruce_planks,{},
"(40, 7, 7)",minecraft:spruce_planks,{},
"(41, 7, 7)",minecraft:spruce_planks,{},
"(42, 7, 7)",minecraft:spruce_planks,{},
"(43, 7, 7)",minecraft:spruce_planks,{},
"(44, 7, 7)",minecraft:stone_bricks,{},
"(45, 7, 7)",minecraft:stone_bricks,{},
"(46, 7, 7)",minecraft:stone_bricks,{},
"(47, 7, 7)",minecraft:acacia_leaves,"{'distance': '7', 'persistent': 'true', 'waterlogged': 'false'}",
"(7, 7, 8)",minecraft:spruce_slab,"{'type': 'top', 'waterlogged': 'false'}",
"(8, 7, 8)",minecraft:oak_planks,{},
"(9, 7, 8)",minecraft:spruce_trapdoor,"{'facing': 'east', 'half': 'top', 'open': 'false', 'powered': 'false', 'waterlogged': 'false'}",
"(11, 7, 8)",minecraft:white_carpet,{},
"(12, 7, 8)",minecraft:white_carpet,{},
"(16, 7, 8)",minecraft:spruce_slab,"{'type': 'top', 'waterlogged': 'false'}",
"(17, 7, 8)",minecraft:oak_planks,{},
"(18, 7, 8)",minecraft:spruce_slab,"{'type': 'top', 'waterlogged': 'false'}",
"(25, 7, 8)",minecraft:spruce_trapdoor,"{'facing': 'west', 'half': 'bottom', 'open': 'true', 'powered': 'false', 'waterlogged': 'false'}",
"(31, 7, 8)",minecraft:spruce_trapdoor,"{'facing': 'east', 'half': 'bottom', 'open': 'true', 'powered': 'false', 'waterlogged': 'false'}",
"(33, 7, 8)",minecraft:oak_planks,{},
"(34, 7, 8)",minecraft:spruce_planks,{},
"(35, 7, 8)",minecraft:spruce_planks,{},
"(36, 7, 8)",minecraft:spruce_planks,{},
"(37, 7, 8)",minecraft:spruce_planks,{},
"(38, 7, 8)",minecraft:spruce_planks,{},
"(39, 7, 8)",minecraft:spruce_planks,{},
"(40, 7, 8)",minecraft:spruce_planks,{},
"(41, 7, 8)",minecraft:spruce_planks,{},
"(42, 7, 8)",minecraft:spruce_planks,{},
"(43, 7, 8)",minecraft:spruce_planks,{},
"(44, 7, 8)",minecraft:spruce_planks,{},
"(45, 7, 8)",minecraft:ladder,"{'facing': 'south', 'waterlogged': 'false'}",
"(46, 7, 8)",minecraft:stone,{},
"(8, 7, 9)",minecraft:oak_planks,{},
"(9, 7, 9)",minecraft:spruce_slab,"{'type': 'top', 'waterlogged': 'false'}",
"(10, 7, 9)",minecraft:spruce_door,"{'facing': 'north', 'half': 'lower', 'hinge': 'left', 'open': 'false', 'powered': 'false'}",
"(11, 7, 9)",minecraft:spruce_door,"{'facing': 'north', 'half': 'lower', 'hinge': 'right', 'open': 'false', 'powered': 'false'}",
"(12, 7, 9)",minecraft:repeating_command_block,"{'conditional': 'false', 'facing': 'north'}","{conditionMet: 0b, auto: 0b, components: {}, powered: 0b, Command: """", id: ""minecraft:command_block"", SuccessCount: 0, TrackOutput: 1b, UpdateLastExecution: 1b}"
"(13, 7, 9)",minecraft:stone_bricks,{},
"(15, 7, 9)",minecraft:andesite,{},
"(16, 7, 9)",minecraft:spruce_stairs,"{'facing': 'south', 'half': 'top', 'shape': 'straight', 'waterlogged': 'false'}",
"(17, 7, 9)",minecraft:stripped_oak_wood,{'axis': 'z'},
"(33, 7, 9)",minecraft:stripped_oak_wood,{'axis': 'z'},
"(34, 7, 9)",minecraft:spruce_planks,{},
"(35, 7, 9)",minecraft:spruce_planks,{},
"(36, 7, 9)",minecraft:spruce_planks,{},
"(37, 7, 9)",minecraft:spruce_planks,{},
"(38, 7, 9)",minecraft:spruce_planks,{},
"(39, 7, 9)",minecraft:spruce_planks,{},
"(40, 7, 9)",minecraft:spruce_planks,{},
"(41, 7, 9)",minecraft:spruce_planks,{},
"(42, 7, 9)",minecraft:spruce_planks,{},
"(43, 7, 9)",minecraft:spruce_planks,{},
"(44, 7, 9)",minecraft:stone,{},
"(45, 7, 9)",minecraft:stone_bricks,{},
"(46, 7, 9)",minecraft:stone,{},
"(8, 7, 10)",minecraft:stripped_spruce_log,{'axis': 'y'},
"(9, 7, 10)",minecraft:stripped_oak_wood,{'axis': 'x'},
"(10, 7, 10)",minecraft:oak_trapdoor,"{'facing': 'east', 'half': 'bottom', 'open': 'true', 'powered': 'false', 'waterlogged': 'false'}",
"(11, 7, 10)",minecraft:oak_trapdoor,"{'facing': 'west', 'half': 'bottom', 'open': 'true', 'powered': 'false', 'waterlogged': 'false'}",
"(12, 7, 10)",minecraft:stripped_oak_wood,{'axis': 'x'},
"(13, 7, 10)",minecraft:stone_bricks,{},
"(14, 7, 10)",minecraft:ladder,"{'facing': 'north', 'waterlogged': 'false'}",
"(15, 7, 10)",minecraft:stone,{},
"(16, 7, 10)",minecraft:oak_planks,{},
"(17, 7, 10)",minecraft:stripped_spruce_log,{'axis': 'y'},
"(33, 7, 10)",minecraft:stripped_oak_wood,{'axis': 'z'},
"(34, 7, 10)",minecraft:spruce_planks,{},
"(35, 7, 10)",minecraft:spruce_planks,{},
"(36, 7, 10)",minecraft:spruce_planks,{},
"(37, 7, 10)",minecraft:spruce_planks,{},
"(38, 7, 10)",minecraft:spruce_planks,{},
"(39, 7, 10)",minecraft:spruce_planks,{},
"(40, 7, 10)",minecraft:spruce_planks,{},
"(41, 7, 10)",minecraft:spruce_planks,{},
"(42, 7, 10)",minecraft:spruce_planks,{},
"(43, 7, 10)",minecraft:spruce_planks,{},
"(44, 7, 10)",minecraft:spruce_planks,{},
"(45, 7, 10)",minecraft:oak_planks,{},
"(9, 7, 11)",minecraft:polished_andesite,{},
"(12, 7, 11)",minecraft:polished_andesite,{},
"(13, 7, 11)",minecraft:stone_bricks,{},
"(14, 7, 11)",minecraft:andesite,{},
"(15, 7, 11)",minecraft:stone_bricks,{},
"(27, 7, 11)",minecraft:oak_leaves,"{'distance': '7', 'persistent': 'true', 'waterlogged': 'false'}",
"(33, 7, 11)",minecraft:oak_log,{'axis': 'y'},
"(34, 7, 11)",minecraft:oak_planks,{},
"(35, 7, 11)",minecraft:stripped_oak_wood,{'axis': 'x'},
"(36, 7, 11)",minecraft:stripped_oak_wood,{'axis': 'x'},
"(37, 7, 11)",minecraft:stripped_oak_wood,{'axis': 'x'},
"(38, 7, 11)",minecraft:oak_planks,{},
"(39, 7, 11)",minecraft:stripped_oak_wood,{'axis': 'x'},
"(40, 7, 11)",minecraft:oak_planks,{},
"(41, 7, 11)",minecraft:stripped_oak_wood,{'axis': 'x'},
"(42, 7, 11)",minecraft:stripped_oak_wood,{'axis': 'x'},
"(43, 7, 11)",minecraft:oak_planks,{},
"(44, 7, 11)",minecraft:oak_planks,{},
"(45, 7, 11)",minecraft:oak_log,{'axis': 'y'},
"(46, 7, 11)",minecraft:acacia_leaves,"{'distance': '1', 'persistent': 'true', 'waterlogged': 'false'}",
"(9, 7, 12)",minecraft:cobblestone_wall,"{'east': 'none', 'north': 'low', 'south': 'low', 'up': 'false', 'waterlogged': 'false', 'west': 'none'}",
"(10, 7, 12)",minecraft:spruce_slab,"{'type': 'bottom', 'waterlogged': 'false'}",
"(11, 7, 12)",minecraft:spruce_slab,"{'type': 'bottom', 'waterlogged': 'false'}",
"(12, 7, 12)",minecraft:cobblestone_wall,"{'east': 'none', 'north': 'low', 'south': 'low', 'up': 'false', 'waterlogged': 'false', 'west': 'none'}",
"(14, 7, 12)",minecraft:polished_andesite_slab,"{'type': 'top', 'waterlogged': 'false'}",
"(35, 7, 12)",minecraft:acacia_leaves,"{'distance': '1', 'persistent': 'true', 'waterlogged': 'false'}",
"(36, 7, 12)",minecraft:spruce_slab,"{'type': 'top', 'waterlogged': 'false'}",
"(38, 7, 12)",minecraft:cobblestone_wall,"{'east': 'none', 'north': 'tall', 'south': 'none', 'up': 'true', 'waterlogged': 'false', 'west': 'none'}",
"(44, 7, 12)",minecraft:stone,{},
"(9, 7, 13)",minecraft:polished_andesite,{},
"(10, 7, 13)",minecraft:spruce_slab,"{'type': 'bottom', 'waterlogged': 'false'}",
"(11, 7, 13)",minecraft:spruce_slab,"{'type': 'bottom', 'waterlogged': 'false'}",
"(12, 7, 13)",minecraft:polished_andesite,{},
"(22, 7, 13)",minecraft:oak_leaves,"{'distance': '7', 'persistent': 'true', 'waterlogged': 'false'}",
"(26, 7, 13)",minecraft:oak_leaves,"{'distance': '5', 'persistent': 'true', 'waterlogged': 'false'}",
"(38, 7, 13)",minecraft:acacia_leaves,"{'distance': '7', 'persistent': 'true', 'waterlogged': 'false'}",
"(44, 7, 13)",minecraft:bricks,{},
"(45, 7, 13)",minecraft:bricks,{},
"(9, 7, 14)",minecraft:cobblestone_wall,"{'east': 'none', 'north': 'low', 'south': 'low', 'up': 'false', 'waterlogged': 'false', 'west': 'none'}",
"(10, 7, 14)",minecraft:spruce_slab,"{'type': 'bottom', 'waterlogged': 'false'}",
"(11, 7, 14)",minecraft:spruce_slab,"{'type': 'bottom', 'waterlogged': 'false'}",
"(12, 7, 14)",minecraft:cobblestone_wall,"{'east': 'none', 'north': 'low', 'south': 'low', 'up': 'false', 'waterlogged': 'false', 'west': 'none'}",
"(24, 7, 14)",minecraft:oak_leaves,"{'distance': '1', 'persistent': 'true', 'waterlogged': 'false'}",
"(43, 7, 14)",minecraft:brick_stairs,"{'facing': 'east', 'half': 'bottom', 'shape': 'straight', 'waterlogged': 'false'}",
"(44, 7, 14)",minecraft:bricks,{},
"(46, 7, 14)",minecraft:bricks,{},
"(47, 7, 14)",minecraft:acacia_leaves,"{'distance': '7', 'persistent': 'true', 'waterlogged': 'false'}",
"(9, 7, 15)",minecraft:polished_andesite,{},
"(10, 7, 15)",minecraft:spruce_slab,"{'type': 'bottom', 'waterlogged': 'false'}",
"(11, 7, 15)",minecraft:spruce_slab,"{'type': 'bottom', 'waterlogged': 'false'}",
"(12, 7, 15)",minecraft:polished_andesite,{},
"(21, 7, 15)",minecraft:oak_leaves,"{'distance': '3', 'persistent': 'true', 'waterlogged': 'false'}",
"(22, 7, 15)",minecraft:oak_leaves,"{'distance': '2', 'persistent': 'true', 'waterlogged': 'false'}",
"(23, 7, 15)",minecraft:oak_leaves,"{'distance': '1', 'persistent': 'true', 'waterlogged': 'false'}",
"(24, 7, 15)",minecraft:oak_wood,{'axis': 'y'},
"(44, 7, 15)",minecraft:bricks,{},
"(45, 7, 15)",minecraft:bricks,{},
"(9, 7, 16)",minecraft:cobblestone_wall,"{'east': 'none', 'north': 'low', 'south': 'low', 'up': 'false', 'waterlogged': 'false', 'west': 'none'}",
"(10, 7, 16)",minecraft:spruce_slab,"{'type': 'bottom', 'waterlogged': 'false'}",
"(11, 7, 16)",minecraft:spruce_slab,"{'type': 'bottom', 'waterlogged': 'false'}",
"(12, 7, 16)",minecraft:composter,{'level': '0'},
"(23, 7, 16)",minecraft:spruce_slab,"{'type': 'bottom', 'waterlogged': 'false'}",
"(24, 7, 16)",minecraft:oak_leaves,"{'distance': '1', 'persistent': 'true', 'waterlogged': 'false'}",
"(27, 7, 16)",minecraft:oak_leaves,"{'distance': '7', 'persistent': 'true', 'waterlogged': 'false'}",
"(38, 7, 16)",minecraft:cobblestone_wall,"{'east': 'none', 'north': 'none', 'south': 'none', 'up': 'true', 'waterlogged': 'false', 'west': 'none'}",
"(43, 7, 16)",minecraft:campfire,"{'facing': 'south', 'lit': 'false', 'signal_fire': 'false', 'waterlogged': 'false'}","{components: {}, Items: [], CookingTimes: [I; 0, 0, 0, 0], CookingTotalTimes: [I; 0, 0, 0, 0], id: ""minecraft:campfire""}"
"(44, 7, 16)",minecraft:stone_bricks,{},
"(47, 7, 16)",minecraft:campfire,"{'facing': 'south', 'lit': 'false', 'signal_fire': 'false', 'waterlogged': 'false'}","{components: {}, Items: [], CookingTimes: [I; 0, 0, 0, 0], CookingTotalTimes: [I; 0, 0, 0, 0], id: ""minecraft:campfire""}"
"(9, 7, 17)",minecraft:polished_andesite,{},
"(22, 7, 17)",minecraft:oak_leaves,"{'distance': '7', 'persistent': 'true', 'waterlogged': 'false'}",
"(23, 7, 17)",minecraft:spruce_fence,"{'east': 'false', 'north': 'false', 'south': 'false', 'waterlogged': 'false', 'west': 'false'}",
"(42, 7, 17)",minecraft:stone_bricks,{},
"(43, 7, 17)",minecraft:stone_brick_stairs,"{'facing': 'south', 'half': 'top', 'shape': 'straight', 'waterlogged': 'false'}",
"(44, 7, 17)",minecraft:andesite,{},
"(45, 7, 17)",minecraft:stone_bricks,{},
"(46, 7, 17)",minecraft:stone,{},
"(47, 7, 17)",minecraft:stone_stairs,"{'facing': 'south', 'half': 'top', 'shape': 'straight', 'waterlogged': 'false'}",
"(48, 7, 17)",minecraft:stone_bricks,{},
"(8, 7, 18)",minecraft:oak_log,{'axis': 'y'},
"(9, 7, 18)",minecraft:oak_planks,{},
"(10, 7, 18)",minecraft:oak_trapdoor,"{'facing': 'east', 'half': 'top', 'open': 'true', 'powered': 'false', 'waterlogged': 'false'}",
"(11, 7, 18)",minecraft:oak_trapdoor,"{'facing': 'west', 'half': 'top', 'open': 'true', 'powered': 'false', 'waterlogged': 'false'}",
"(12, 7, 18)",minecraft:stripped_oak_wood,{'axis': 'x'},
"(13, 7, 18)",minecraft:oak_planks,{},
"(14, 7, 18)",minecraft:oak_log,{'axis': 'y'},
"(23, 7, 18)",minecraft:oak_leaves,"{'distance': '7', 'persistent': 'true', 'waterlogged': 'false'}",
"(42, 7, 18)",minecraft:andesite,{},
"(44, 7, 18)",minecraft:acacia_leaves,"{'distance': '7', 'persistent': 'true', 'waterlogged': 'false'}",
"(45, 7, 18)",minecraft:potted_white_tulip,{},
"(46, 7, 18)",minecraft:acacia_leaves,"{'distance': '7', 'persistent': 'true', 'waterlogged': 'false'}",
"(48, 7, 18)",minecraft:stone,{},
"(7, 7, 19)",minecraft:gray_stained_glass_pane,"{'east': 'true', 'north': 'false', 'south': 'true', 'waterlogged': 'false', 'west': 'false'}",
"(8, 7, 19)",minecraft:oak_planks,{},
"(9, 7, 19)",minecraft:composter,{'level': '0'},
"(10, 7, 19)",minecraft:spruce_door,"{'facing': 'south', 'half': 'lower', 'hinge': 'right', 'open': 'false', 'powered': 'false'}",
"(11, 7, 19)",minecraft:spruce_door,"{'facing': 'south', 'half': 'lower', 'hinge': 'left', 'open': 'false', 'powered': 'false'}",
"(12, 7, 19)",minecraft:composter,{'level': '0'},
"(13, 7, 19)",minecraft:composter,{'level': '0'},
"(14, 7, 19)",minecraft:stripped_oak_wood,{'axis': 'z'},
"(15, 7, 19)",minecraft:spruce_trapdoor,"{'facing': 'north', 'half': 'bottom', 'open': 'true', 'powered': 'false', 'waterlogged': 'false'}",
"(16, 7, 19)",minecraft:oak_trapdoor,"{'facing': 'north', 'half': 'bottom', 'open': 'true', 'powered': 'false', 'waterlogged': 'false'}",
"(17, 7, 19)",minecraft:oak_trapdoor,"{'facing': 'north', 'half': 'bottom', 'open': 'true', 'powered': 'false', 'waterlogged': 'false'}",
"(18, 7, 19)",minecraft:oak_trapdoor,"{'facing': 'north', 'half': 'bottom', 'open': 'true', 'powered': 'false', 'waterlogged': 'false'}",
"(19, 7, 19)",minecraft:oak_trapdoor,"{'facing': 'north', 'half': 'bottom', 'open': 'true', 'powered': 'false', 'waterlogged': 'false'}",
"(20, 7, 19)",minecraft:oak_trapdoor,"{'facing': 'north', 'half': 'bottom', 'open': 'true', 'powered': 'false', 'waterlogged': 'false'}",
"(21, 7, 19)",minecraft:spruce_trapdoor,"{'facing': 'north', 'half': 'bottom', 'open': 'true', 'powered': 'false', 'waterlogged': 'false'}",
"(42, 7, 19)",minecraft:stone_brick_stairs,"{'facing': 'north', 'half': 'top', 'shape': 'straight', 'waterlogged': 'false'}",
"(48, 7, 19)",minecraft:andesite,{},
"(6, 7, 20)",minecraft:gray_stained_glass_pane,"{'east': 'true', 'north': 'false', 'south': 'true', 'waterlogged': 'false', 'west': 'false'}",
"(7, 7, 20)",minecraft:gray_stained_glass,{},
"(13, 7, 20)",minecraft:spruce_door,"{'facing': 'west', 'half': 'lower', 'hinge': 'right', 'open': 'false', 'powered': 'false'}",
"(14, 7, 20)",minecraft:oak_trapdoor,"{'facing': 'south', 'half': 'top', 'open': 'true', 'powered': 'false', 'waterlogged': 'false'}",
"(15, 7, 20)",minecraft:green_carpet,{},
"(16, 7, 20)",minecraft:green_carpet,{},
"(18, 7, 20)",minecraft:green_carpet,{},
"(19, 7, 20)",minecraft:green_carpet,{},
"(20, 7, 20)",minecraft:lantern,"{'hanging': 'false', 'waterlogged': 'false'}",
"(21, 7, 20)",minecraft:spruce_trapdoor,"{'facing': 'north', 'half': 'bottom', 'open': 'true', 'powered': 'false', 'waterlogged': 'false'}",
"(22, 7, 20)",minecraft:spruce_trapdoor,"{'facing': 'east', 'half': 'bottom', 'open': 'true', 'powered': 'false', 'waterlogged': 'false'}",
"(42, 7, 20)",minecraft:andesite_stairs,"{'facing': 'south', 'half': 'top', 'shape': 'straight', 'waterlogged': 'false'}",
"(48, 7, 20)",minecraft:stone_brick_stairs,"{'facing': 'west', 'half': 'top', 'shape': 'straight', 'waterlogged': 'false'}",
"(49, 7, 20)",minecraft:campfire,"{'facing': 'west', 'lit': 'false', 'signal_fire': 'false', 'waterlogged': 'false'}","{components: {}, Items: [], CookingTimes: [I; 0, 0, 0, 0], CookingTotalTimes: [I; 0, 0, 0, 0], id: ""minecraft:campfire""}"
"(4, 7, 21)",minecraft:stripped_spruce_log,{'axis': 'y'},
"(5, 7, 21)",minecraft:stripped_oak_wood,{'axis': 'x'},
"(6, 7, 21)",minecraft:stripped_oak_wood,{'axis': 'x'},
"(8, 7, 21)",minecraft:dark_oak_wall_sign,"{'facing': 'west', 'waterlogged': 'false'}","{back_text: {has_glowing_text: 0b, color: ""black"", messages: ["""", """", """", """"]}, components: {}, is_waxed: 0b, id: ""minecraft:sign"", front_text: {has_glowing_text: 0b, color: ""black"", messages: ["""", """", """", """"]}}"
"(9, 7, 21)",minecraft:dark_oak_stairs,"{'facing': 'north', 'half': 'bottom', 'shape': 'straight', 'waterlogged': 'false'}",
"(10, 7, 21)",minecraft:dark_oak_stairs,"{'facing': 'north', 'half': 'bottom', 'shape': 'straight', 'waterlogged': 'false'}",
"(11, 7, 21)",minecraft:dark_oak_wall_sign,"{'facing': 'east', 'waterlogged': 'false'}","{back_text: {has_glowing_text: 0b, color: ""black"", messages: ["""", """", """", """"]}, components: {}, is_waxed: 0b, id: ""minecraft:sign"", front_text: {has_glowing_text: 0b, color: ""black"", messages: ["""", """", """", """"]}}"
"(13, 7, 21)",minecraft:spruce_door,"{'facing': 'west', 'half': 'lower', 'hinge': 'left', 'open': 'false', 'powered': 'false'}",
"(14, 7, 21)",minecraft:oak_trapdoor,"{'facing': 'north', 'half': 'top', 'open': 'true', 'powered': 'false', 'waterlogged': 'false'}",
"(15, 7, 21)",minecraft:dark_oak_wall_sign,"{'facing': 'north', 'waterlogged': 'false'}","{back_text: {has_glowing_text: 0b, color: ""black"", messages: ["""", """", """", """"]}, components: {}, is_waxed: 0b, id: ""minecraft:sign"", front_text: {has_glowing_text: 0b, color: ""black"", messages: ["""", """", """", """"]}}"
"(16, 7, 21)",minecraft:green_carpet,{},
"(17, 7, 21)",minecraft:green_carpet,{},
"(19, 7, 21)",minecraft:green_carpet,{},
"(20, 7, 21)",minecraft:green_carpet,{},
"(21, 7, 21)",minecraft:campfire,"{'facing': 'east', 'lit': 'false', 'signal_fire': 'false', 'waterlogged': 'false'}","{components: {}, Items: [{count: 1, Slot: 0b, id: ""minecraft:beef""}, {count: 1, Slot: 1b, id: ""minecraft:beef""}, {count: 1, Slot: 2b, id: ""minecraft:beef""}], CookingTimes: [I; 0, 0, 0, 0], CookingTotalTimes: [I; 600, 600, 600, 0], id: ""minecraft:campfire""}"
"(22, 7, 21)",minecraft:oak_trapdoor,"{'facing': 'east', 'half': 'bottom', 'open': 'true', 'powered': 'false', 'waterlogged': 'false'}",
"(41, 7, 21)",minecraft:acacia_leaves,"{'distance': '2', 'persistent': 'true', 'waterlogged': 'false'}",
"(42, 7, 21)",minecraft:stone_bricks,{},
"(43, 7, 21)",minecraft:andesite_wall,"{'east': 'tall', 'north': 'none', 'south': 'none', 'up': 'false', 'waterlogged': 'false', 'west': 'tall'}",
"(44, 7, 21)",minecraft:spruce_fence_gate,"{'facing': 'north', 'in_wall': 'true', 'open': 'false', 'powered': 'false'}",
"(45, 7, 21)",minecraft:spruce_fence,"{'east': 'true', 'north': 'false', 'south': 'false', 'waterlogged': 'false', 'west': 'true'}",
"(46, 7, 21)",minecraft:spruce_fence_gate,"{'facing': 'north', 'in_wall': 'true', 'open': 'false', 'powered': 'false'}",
"(47, 7, 21)",minecraft:stone_brick_wall,"{'east': 'tall', 'north': 'none', 'south': 'none', 'up': 'false', 'waterlogged': 'false', 'west': 'tall'}",
"(48, 7, 21)",minecraft:stone_bricks,{},
"(0, 7, 22)",minecraft:spruce_trapdoor,"{'facing': 'west', 'half': 'bottom', 'open': 'false', 'powered': 'false', 'waterlogged': 'false'}",
"(1, 7, 22)",minecraft:hay_block,{'axis': 'y'},
"(2, 7, 22)",minecraft:spruce_trapdoor,"{'facing': 'west', 'half': 'bottom', 'open': 'false', 'powered': 'false', 'waterlogged': 'false'}",
"(4, 7, 22)",minecraft:oak_planks,{},
"(5, 7, 22)",minecraft:composter,{'level': '0'},
"(9, 7, 22)",minecraft:dark_oak_fence,"{'east': 'true', 'north': 'false', 'south': 'false', 'waterlogged': 'false', 'west': 'false'}",
"(10, 7, 22)",minecraft:dark_oak_fence,"{'east': 'false', 'north': 'false', 'south': 'false', 'waterlogged': 'false', 'west': 'true'}",
"(13, 7, 22)",minecraft:spruce_trapdoor,"{'facing': 'north', 'half': 'bottom', 'open': 'true', 'powered': 'false', 'waterlogged': 'false'}",
"(14, 7, 22)",minecraft:oak_planks,{},
"(15, 7, 22)",minecraft:dark_oak_stairs,"{'facing': 'west', 'half': 'bottom', 'shape': 'straight', 'waterlogged': 'false'}",
"(17, 7, 22)",minecraft:spruce_slab,"{'type': 'top', 'waterlogged': 'false'}",
"(18, 7, 22)",minecraft:composter,{'level': '0'},
"(19, 7, 22)",minecraft:green_carpet,{},
"(20, 7, 22)",minecraft:green_carpet,{},
"(21, 7, 22)",minecraft:campfire,"{'facing': 'east', 'lit': 'false', 'signal_fire': 'false', 'waterlogged': 'false'}","{components: {}, Items: [{count: 1, Slot: 0b, id: ""minecraft:chicken""}, {count: 1, Slot: 1b, id: ""minecraft:chicken""}, {count: 1, Slot: 2b, id: ""minecraft:chicken""}], CookingTimes: [I; 0, 0, 0, 0], CookingTotalTimes: [I; 600, 600, 600, 0], id: ""minecraft:campfire""}"
"(22, 7, 22)",minecraft:stone,{},
"(23, 7, 22)",minecraft:stone,{},
"(42, 7, 22)",minecraft:andesite_stairs,"{'facing': 'north', 'half': 'top', 'shape': 'straight', 'waterlogged': 'false'}",
"(48, 7, 22)",minecraft:andesite_stairs,"{'facing': 'west', 'half': 'top', 'shape': 'straight', 'waterlogged': 'false'}",
"(49, 7, 22)",minecraft:campfire,"{'facing': 'west', 'lit': 'false', 'signal_fire': 'false', 'waterlogged': 'false'}","{components: {}, Items: [], CookingTimes: [I; 0, 0, 0, 0], CookingTotalTimes: [I; 0, 0, 0, 0], id: ""minecraft:campfire""}"
"(50, 7, 22)",minecraft:acacia_leaves,"{'distance': '7', 'persistent': 'true', 'waterlogged': 'false'}",
"(0, 7, 23)",minecraft:hay_block,{'axis': 'y'},
"(1, 7, 23)",minecraft:hay_block,{'axis': 'y'},
"(2, 7, 23)",minecraft:hay_block,{'axis': 'y'},
"(3, 7, 23)",minecraft:spruce_slab,"{'type': 'top', 'waterlogged': 'false'}",
"(4, 7, 23)",minecraft:oak_planks,{},
"(6, 7, 23)",minecraft:dark_oak_stairs,"{'facing': 'north', 'half': 'bottom', 'shape': 'straight', 'waterlogged': 'false'}",
"(7, 7, 23)",minecraft:dark_oak_stairs,"{'facing': 'north', 'half': 'bottom', 'shape': 'straight', 'waterlogged': 'false'}",
"(8, 7, 23)",minecraft:dark_oak_wall_sign,"{'facing': 'west', 'waterlogged': 'false'}","{back_text: {has_glowing_text: 0b, color: ""black"", messages: ["""", """", """", """"]}, components: {}, is_waxed: 0b, id: ""minecraft:sign"", front_text: {has_glowing_text: 0b, color: ""black"", messages: ["""", """", """", """"]}}"
"(9, 7, 23)",minecraft:dark_oak_stairs,"{'facing': 'south', 'half': 'bottom', 'shape': 'straight', 'waterlogged': 'false'}",
"(10, 7, 23)",minecraft:dark_oak_stairs,"{'facing': 'south', 'half': 'bottom', 'shape': 'straight', 'waterlogged': 'false'}",
"(11, 7, 23)",minecraft:dark_oak_wall_sign,"{'facing': 'east', 'waterlogged': 'false'}","{back_text: {has_glowing_text: 0b, color: ""black"", messages: ["""", """", """", """"]}, components: {}, is_waxed: 0b, id: ""minecraft:sign"", front_text: {has_glowing_text: 0b, color: ""black"", messages: ["""", """", """", """"]}}"
"(13, 7, 23)",minecraft:spruce_stairs,"{'facing': 'north', 'half': 'top', 'shape': 'straight', 'waterlogged': 'false'}",
"(14, 7, 23)",minecraft:stone_bricks,{},
"(15, 7, 23)",minecraft:stone_bricks,{},
"(16, 7, 23)",minecraft:andesite,{},
"(17, 7, 23)",minecraft:stone_bricks,{},
"(18, 7, 23)",minecraft:andesite,{},
"(21, 7, 23)",minecraft:andesite,{},
"(22, 7, 23)",minecraft:stone_bricks,{},
"(23, 7, 23)",minecraft:andesite,{},
"(27, 7, 23)",minecraft:polished_andesite_stairs,"{'facing': 'south', 'half': 'top', 'shape': 'straight', 'waterlogged': 'false'}",
"(35, 7, 23)",minecraft:polished_andesite_stairs,"{'facing': 'south', 'half': 'top', 'shape': 'straight', 'waterlogged': 'false'}",
"(42, 7, 23)",minecraft:stone_stairs,"{'facing': 'south', 'half': 'top', 'shape': 'straight', 'waterlogged': 'false'}",
"(48, 7, 23)",minecraft:stone,{},
"(0, 7, 24)",minecraft:hay_block,{'axis': 'y'},
"(1, 7, 24)",minecraft:hay_block,{'axis': 'y'},
"(2, 7, 24)",minecraft:spruce_trapdoor,"{'facing': 'west', 'half': 'bottom', 'open': 'false', 'powered': 'false', 'waterlogged': 'false'}",
"(4, 7, 24)",minecraft:oak_planks,{},
"(5, 7, 24)",minecraft:dark_oak_trapdoor,"{'facing': 'west', 'half': 'bottom', 'open': 'true', 'powered': 'false', 'waterlogged': 'false'}",
"(6, 7, 24)",minecraft:dark_oak_trapdoor,"{'facing': 'west', 'half': 'top', 'open': 'false', 'powered': 'false', 'waterlogged': 'false'}",
"(7, 7, 24)",minecraft:dark_oak_trapdoor,"{'facing': 'west', 'half': 'top', 'open': 'false', 'powered': 'false', 'waterlogged': 'false'}",
"(8, 7, 24)",minecraft:dark_oak_trapdoor,"{'facing': 'east', 'half': 'bottom', 'open': 'true', 'powered': 'false', 'waterlogged': 'false'}",
"(13, 7, 24)",minecraft:spruce_slab,"{'type': 'top', 'waterlogged': 'false'}",
"(14, 7, 24)",minecraft:stone_bricks,{},
"(15, 7, 24)",minecraft:stone_brick_stairs,"{'facing': 'south', 'half': 'bottom', 'shape': 'straight', 'waterlogged': 'false'}",
"(19, 7, 24)",minecraft:spruce_door,"{'facing': 'south', 'half': 'lower', 'hinge': 'right', 'open': 'false', 'powered': 'false'}",
"(20, 7, 24)",minecraft:spruce_door,"{'facing': 'south', 'half': 'lower', 'hinge': 'left', 'open': 'false', 'powered': 'false'}",
"(21, 7, 24)",minecraft:repeating_command_block,"{'conditional': 'false', 'facing': 'west'}","{conditionMet: 0b, auto: 0b, components: {}, powered: 0b, Command: """", id: ""minecraft:command_block"", SuccessCount: 0, TrackOutput: 1b, UpdateLastExecution: 1b}"
"(22, 7, 24)",minecraft:stone,{},
"(24, 7, 24)",minecraft:jungle_leaves,"{'distance': '7', 'persistent': 'true', 'waterlogged': 'false'}",
"(25, 7, 24)",minecraft:jungle_leaves,"{'distance': '7', 'persistent': 'true', 'waterlogged': 'false'}",
"(27, 7, 24)",minecraft:stone,{},
"(28, 7, 24)",minecraft:stone,{},
"(29, 7, 24)",minecraft:stone_brick_wall,"{'east': 'none', 'north': 'none', 'south': 'tall', 'up': 'true', 'waterlogged': 'false', 'west': 'tall'}",
"(33, 7, 24)",minecraft:andesite_wall,"{'east': 'tall', 'north': 'none', 'south': 'tall', 'up': 'true', 'waterlogged': 'false', 'west': 'none'}",
"(34, 7, 24)",minecraft:stone_bricks,{},
"(35, 7, 24)",minecraft:stone_bricks,{},
"(41, 7, 24)",minecraft:acacia_leaves,"{'distance': '7', 'persistent': 'true', 'waterlogged': 'false'}",
"(42, 7, 24)",minecraft:stone,{},
"(43, 7, 24)",minecraft:acacia_leaves,"{'distance': '7', 'persistent': 'true', 'waterlogged': 'false'}",
"(44, 7, 24)",minecraft:acacia_leaves,"{'distance': '7', 'persistent': 'true', 'waterlogged': 'false'}",
"(47, 7, 24)",minecraft:potted_poppy,{},
"(48, 7, 24)",minecraft:stone,{},
"(49, 7, 24)",minecraft:acacia_leaves,"{'distance': '7', 'persistent': 'true', 'waterlogged': 'false'}",
"(1, 7, 25)",minecraft:hay_block,{'axis': 'y'},
"(3, 7, 25)",minecraft:spruce_slab,"{'type': 'top', 'waterlogged': 'false'}",
"(4, 7, 25)",minecraft:stripped_oak_wood,{'axis': 'z'},
"(6, 7, 25)",minecraft:dark_oak_stairs,"{'facing': 'south', 'half': 'bottom', 'shape': 'straight', 'waterlogged': 'false'}",
"(7, 7, 25)",minecraft:dark_oak_stairs,"{'facing': 'south', 'half': 'bottom', 'shape': 'straight', 'waterlogged': 'false'}",
"(8, 7, 25)",minecraft:dark_oak_wall_sign,"{'facing': 'west', 'waterlogged': 'false'}","{back_text: {has_glowing_text: 0b, color: ""black"", messages: ["""", """", """", """"]}, components: {}, is_waxed: 0b, id: ""minecraft:sign"", front_text: {has_glowing_text: 0b, color: ""black"", messages: ["""", """", """", """"]}}"
"(9, 7, 25)",minecraft:dark_oak_stairs,"{'facing': 'north', 'half': 'bottom', 'shape': 'straight', 'waterlogged': 'false'}",
"(10, 7, 25)",minecraft:dark_oak_stairs,"{'facing': 'north', 'half': 'bottom', 'shape': 'straight', 'waterlogged': 'false'}",
"(11, 7, 25)",minecraft:dark_oak_wall_sign,"{'facing': 'east', 'waterlogged': 'false'}","{back_text: {has_glowing_text: 0b, color: ""black"", messages: ["""", """", """", """"]}, components: {}, is_waxed: 0b, id: ""minecraft:sign"", front_text: {has_glowing_text: 0b, color: ""black"", messages: ["""", """", """", """"]}}"
"(13, 7, 25)",minecraft:spruce_slab,"{'type': 'top', 'waterlogged': 'false'}",
"(14, 7, 25)",minecraft:stone_bricks,{},
"(15, 7, 25)",minecraft:smoker,"{'facing': 'east', 'lit': 'false'}","{lit_total_time: 0s, components: {}, cooking_time_spent: 0s, cooking_total_time: 0s, Items: [], id: ""minecraft:smoker"", lit_time_remaining: 0s, RecipesUsed: {}}"
"(21, 7, 25)",minecraft:repeating_command_block,"{'conditional': 'false', 'facing': 'west'}","{conditionMet: 0b, auto: 0b, components: {}, powered: 0b, Command: """", id: ""minecraft:command_block"", SuccessCount: 0, TrackOutput: 1b, UpdateLastExecution: 1b}"
"(22, 7, 25)",minecraft:stone,{},
"(23, 7, 25)",minecraft:jungle_leaves,"{'distance': '7', 'persistent': 'true', 'waterlogged': 'false'}",
"(24, 7, 25)",minecraft:dark_oak_fence,"{'east': 'true', 'north': 'false', 'south': 'true', 'waterlogged': 'false', 'west': 'false'}",
"(25, 7, 25)",minecraft:dark_oak_fence,"{'east': 'false', 'north': 'false', 'south': 'true', 'waterlogged': 'false', 'west': 'true'}",
"(26, 7, 25)",minecraft:jungle_leaves,"{'distance': '7', 'persistent': 'true', 'waterlogged': 'false'}",
"(27, 7, 25)",minecraft:stone_bricks,{},
"(29, 7, 25)",minecraft:spruce_trapdoor,"{'facing': 'south', 'half': 'bottom', 'open': 'true', 'powered': 'false', 'waterlogged': 'false'}",
"(30, 7, 25)",minecraft:spruce_trapdoor,"{'facing': 'south', 'half': 'bottom', 'open': 'true', 'powered': 'false', 'waterlogged': 'false'}",
"(31, 7, 25)",minecraft:spruce_trapdoor,"{'facing': 'south', 'half': 'bottom', 'open': 'true', 'powered': 'false', 'waterlogged': 'false'}",
"(32, 7, 25)",minecraft:spruce_trapdoor,"{'facing': 'south', 'half': 'bottom', 'open': 'true', 'powered': 'false', 'waterlogged': 'false'}",
"(33, 7, 25)",minecraft:spruce_trapdoor,"{'facing': 'south', 'half': 'bottom', 'open': 'true', 'powered': 'false', 'waterlogged': 'false'}",
"(35, 7, 25)",minecraft:stone,{},
"(37, 7, 25)",minecraft:acacia_leaves,"{'distance': '7', 'persistent': 'true', 'waterlogged': 'false'}",
"(39, 7, 25)",minecraft:stone,{},
"(40, 7, 25)",minecraft:stone,{},
"(41, 7, 25)",minecraft:stone_bricks,{},
"(42, 7, 25)",minecraft:stone,{},
"(43, 7, 25)",minecraft:stone,{},
"(44, 7, 25)",minecraft:andesite,{},
"(45, 7, 25)",minecraft:stone_bricks,{},
"(46, 7, 25)",minecraft:andesite,{},
"(47, 7, 25)",minecraft:stone,{},
"(48, 7, 25)",minecraft:stone_bricks,{},
"(49, 7, 25)",minecraft:stone,{},
"(50, 7, 25)",minecraft:stone,{},
"(0, 7, 26)",minecraft:spruce_trapdoor,"{'facing': 'west', 'half': 'bottom', 'open': 'false', 'powered': 'false', 'waterlogged': 'false'}",
"(1, 7, 26)",minecraft:hay_block,{'axis': 'y'},
"(2, 7, 26)",minecraft:spruce_trapdoor,"{'facing': 'west', 'half': 'bottom', 'open': 'false', 'powered': 'false', 'waterlogged': 'false'}",
"(4, 7, 26)",minecraft:oak_planks,{},
"(5, 7, 26)",minecraft:composter,{'level': '0'},
"(9, 7, 26)",minecraft:dark_oak_fence,"{'east': 'true', 'north': 'false', 'south': 'false', 'waterlogged': 'false', 'west': 'false'}",
"(10, 7, 26)",minecraft:dark_oak_fence,"{'east': 'false', 'north': 'false', 'south': 'false', 'waterlogged': 'false', 'west': 'true'}",
"(13, 7, 26)",minecraft:spruce_stairs,"{'facing': 'south', 'half': 'top', 'shape': 'straight', 'waterlogged': 'false'}",
"(14, 7, 26)",minecraft:andesite,{},
"(15, 7, 26)",minecraft:blast_furnace,"{'facing': 'east', 'lit': 'false'}","{lit_total_time: 0s, components: {}, cooking_time_spent: 0s, cooking_total_time: 0s, Items: [], id: ""minecraft:blast_furnace"", lit_time_remaining: 0s, RecipesUsed: {}}"
"(18, 7, 26)",minecraft:smooth_stone_slab,"{'type': 'top', 'waterlogged': 'false'}",
"(19, 7, 26)",minecraft:smooth_stone_slab,"{'type': 'top', 'waterlogged': 'false'}",
"(21, 7, 26)",minecraft:repeating_command_block,"{'conditional': 'false', 'facing': 'west'}","{conditionMet: 0b, auto: 0b, components: {}, powered: 0b, Command: """", id: ""minecraft:command_block"", SuccessCount: 0, TrackOutput: 1b, UpdateLastExecution: 1b}"
"(22, 7, 26)",minecraft:andesite,{},
"(23, 7, 26)",minecraft:stone,{},
"(24, 7, 26)",minecraft:andesite,{},
"(25, 7, 26)",minecraft:stone_bricks,{},
"(26, 7, 26)",minecraft:stone,{},
"(27, 7, 26)",minecraft:andesite,{},
"(35, 7, 26)",minecraft:stone_bricks,{},
"(36, 7, 26)",minecraft:stone_bricks,{},
"(37, 7, 26)",minecraft:andesite,{},
"(38, 7, 26)",minecraft:stone_bricks,{},
"(39, 7, 26)",minecraft:spruce_planks,{},
"(50, 7, 26)",minecraft:stone_bricks,{},
"(3, 7, 27)",minecraft:acacia_leaves,"{'distance': '1', 'persistent': 'true', 'waterlogged': 'false'}",
"(4, 7, 27)",minecraft:oak_log,{'axis': 'y'},
"(5, 7, 27)",minecraft:oak_planks,{},
"(6, 7, 27)",minecraft:oak_planks,{},
"(7, 7, 27)",minecraft:stripped_oak_wood,{'axis': 'x'},
"(8, 7, 27)",minecraft:dark_oak_wall_sign,"{'facing': 'west', 'waterlogged': 'false'}","{back_text: {has_glowing_text: 0b, color: ""black"", messages: ["""", """", """", """"]}, components: {}, is_waxed: 0b, id: ""minecraft:sign"", front_text: {has_glowing_text: 0b, color: ""black"", messages: ["""", """", """", """"]}}"
"(9, 7, 27)",minecraft:dark_oak_stairs,"{'facing': 'south', 'half': 'bottom', 'shape': 'straight', 'waterlogged': 'false'}",
"(10, 7, 27)",minecraft:dark_oak_stairs,"{'facing': 'south', 'half': 'bottom', 'shape': 'straight', 'waterlogged': 'false'}",
"(11, 7, 27)",minecraft:dark_oak_wall_sign,"{'facing': 'east', 'waterlogged': 'false'}","{back_text: {has_glowing_text: 0b, color: ""black"", messages: ["""", """", """", """"]}, components: {}, is_waxed: 0b, id: ""minecraft:sign"", front_text: {has_glowing_text: 0b, color: ""black"", messages: ["""", """", """", """"]}}"
"(13, 7, 27)",minecraft:spruce_trapdoor,"{'facing': 'south', 'half': 'bottom', 'open': 'true', 'powered': 'false', 'waterlogged': 'false'}",
"(14, 7, 27)",minecraft:stone,{},
"(15, 7, 27)",minecraft:stone_brick_slab,"{'type': 'double', 'waterlogged': 'false'}",
"(18, 7, 27)",minecraft:smooth_stone_slab,"{'type': 'double', 'waterlogged': 'false'}",
"(19, 7, 27)",minecraft:smooth_stone_slab,"{'type': 'double', 'waterlogged': 'false'}",
"(21, 7, 27)",minecraft:ladder,"{'facing': 'west', 'waterlogged': 'false'}",
"(22, 7, 27)",minecraft:stone,{},
"(23, 7, 27)",minecraft:andesite,{},
"(24, 7, 27)",minecraft:spruce_planks,{},
"(25, 7, 27)",minecraft:spruce_stairs,"{'facing': 'west', 'half': 'bottom', 'shape': 'straight', 'waterlogged': 'false'}",
"(27, 7, 27)",minecraft:stone_bricks,{},
"(39, 7, 27)",minecraft:spruce_stairs,"{'facing': 'east', 'half': 'bottom', 'shape': 'straight', 'waterlogged': 'false'}",
"(50, 7, 27)",minecraft:stone,{},
"(7, 7, 28)",minecraft:acacia_leaves,"{'distance': '1', 'persistent': 'true', 'waterlogged': 'false'}",
"(8, 7, 28)",minecraft:stripped_oak_wood,{'axis': 'z'},
"(11, 7, 28)",minecraft:spruce_door,"{'facing': 'north', 'half': 'lower', 'hinge': 'left', 'open': 'false', 'powered': 'false'}",
"(12, 7, 28)",minecraft:spruce_door,"{'facing': 'north', 'half': 'lower', 'hinge': 'right', 'open': 'false', 'powered': 'false'}",
"(13, 7, 28)",minecraft:repeating_command_block,"{'conditional': 'false', 'facing': 'up'}","{conditionMet: 0b, auto: 0b, components: {}, powered: 0b, Command: """", id: ""minecraft:command_block"", SuccessCount: 0, TrackOutput: 1b, UpdateLastExecution: 1b}"
"(14, 7, 28)",minecraft:stone,{},
"(15, 7, 28)",minecraft:furnace,"{'facing': 'east', 'lit': 'false'}","{lit_total_time: 0s, components: {}, cooking_time_spent: 0s, cooking_total_time: 0s, Items: [], id: ""minecraft:furnace"", lit_time_remaining: 0s, RecipesUsed: {}}"
"(18, 7, 28)",minecraft:smooth_stone_slab,"{'type': 'top', 'waterlogged': 'false'}",
"(19, 7, 28)",minecraft:smooth_stone_slab,"{'type': 'top', 'waterlogged': 'false'}",
"(22, 7, 28)",minecraft:andesite,{},
"(23, 7, 28)",minecraft:stone,{},
"(24, 7, 28)",minecraft:spruce_stairs,"{'facing': 'north', 'half': 'top', 'shape': 'straight', 'waterlogged': 'false'}",
"(25, 7, 28)",minecraft:stripped_spruce_log,{'axis': 'y'},
"(27, 7, 28)",minecraft:stone_bricks,{},
"(39, 7, 28)",minecraft:spruce_stairs,"{'facing': 'east', 'half': 'bottom', 'shape': 'straight', 'waterlogged': 'false'}",
"(50, 7, 28)",minecraft:stone_bricks,{},
"(7, 7, 29)",minecraft:polished_andesite,{},
"(8, 7, 29)",minecraft:stripped_spruce_log,{'axis': 'y'},
"(9, 7, 29)",minecraft:oak_planks,{},
"(10, 7, 29)",minecraft:oak_planks,{},
"(11, 7, 29)",minecraft:oak_trapdoor,"{'facing': 'east', 'half': 'top', 'open': 'true', 'powered': 'false', 'waterlogged': 'false'}",
"(12, 7, 29)",minecraft:oak_trapdoor,"{'facing': 'west', 'half': 'top', 'open': 'true', 'powered': 'false', 'waterlogged': 'false'}",
"(13, 7, 29)",minecraft:oak_planks,{},
"(14, 7, 29)",minecraft:stone,{},
"(15, 7, 29)",minecraft:furnace,"{'facing': 'east', 'lit': 'false'}","{lit_total_time: 0s, components: {}, cooking_time_spent: 0s, cooking_total_time: 0s, Items: [], id: ""minecraft:furnace"", lit_time_remaining: 0s, RecipesUsed: {}}"
"(22, 7, 29)",minecraft:stone,{},
"(23, 7, 29)",minecraft:andesite,{},
"(27, 7, 29)",minecraft:stone,{},
"(39, 7, 29)",minecraft:spruce_stairs,"{'facing': 'east', 'half': 'bottom', 'shape': 'straight', 'waterlogged': 'false'}",
"(50, 7, 29)",minecraft:stone,{},
"(51, 7, 29)",minecraft:acacia_leaves,"{'distance': '7', 'persistent': 'true', 'waterlogged': 'false'}",
"(7, 7, 30)",minecraft:cobblestone_wall,"{'east': 'none', 'north': 'low', 'south': 'low', 'up': 'false', 'waterlogged': 'false', 'west': 'none'}",
"(8, 7, 30)",minecraft:dark_oak_stairs,"{'facing': 'north', 'half': 'bottom', 'shape': 'straight', 'waterlogged': 'false'}",
"(9, 7, 30)",minecraft:dark_oak_stairs,"{'facing': 'north', 'half': 'bottom', 'shape': 'straight', 'waterlogged': 'false'}",
"(10, 7, 30)",minecraft:dark_oak_wall_sign,"{'facing': 'east', 'waterlogged': 'false'}","{back_text: {has_glowing_text: 0b, color: ""black"", messages: ["""", """", """", """"]}, components: {}, is_waxed: 0b, id: ""minecraft:sign"", front_text: {has_glowing_text: 0b, color: ""black"", messages: ["""", """", """", """"]}}"
"(13, 7, 30)",minecraft:spruce_slab,"{'type': 'top', 'waterlogged': 'false'}",
"(14, 7, 30)",minecraft:stone,{},
"(15, 7, 30)",minecraft:stone_brick_stairs,"{'facing': 'north', 'half': 'bottom', 'shape': 'straight', 'waterlogged': 'false'}",
"(17, 7, 30)",minecraft:spruce_door,"{'facing': 'north', 'half': 'lower', 'hinge': 'left', 'open': 'false', 'powered': 'false'}",
"(18, 7, 30)",minecraft:spruce_door,"{'facing': 'north', 'half': 'lower', 'hinge': 'right', 'open': 'false', 'powered': 'false'}",
"(22, 7, 30)",minecraft:stone,{},
"(23, 7, 30)",minecraft:stone,{},
"(27, 7, 30)",minecraft:stone,{},
"(37, 7, 30)",minecraft:spruce_trapdoor,"{'facing': 'north', 'half': 'bottom', 'open': 'true', 'powered': 'false', 'waterlogged': 'false'}",
"(38, 7, 30)",minecraft:stone,{},
"(39, 7, 30)",minecraft:spruce_planks,{},
"(50, 7, 30)",minecraft:andesite,{},
"(51, 7, 30)",minecraft:acacia_leaves,"{'distance': '7', 'persistent': 'true', 'waterlogged': 'false'}",
"(7, 7, 31)",minecraft:polished_andesite,{},
"(8, 7, 31)",minecraft:dark_oak_trapdoor,"{'facing': 'east', 'half': 'top', 'open': 'false', 'powered': 'false', 'waterlogged': 'false'}",
"(9, 7, 31)",minecraft:dark_oak_trapdoor,"{'facing': 'east', 'half': 'top', 'open': 'false', 'powered': 'false', 'waterlogged': 'false'}",
"(10, 7, 31)",minecraft:dark_oak_trapdoor,"{'facing': 'east', 'half': 'top', 'open': 'true', 'powered': 'false', 'waterlogged': 'false'}",
"(11, 7, 31)",minecraft:green_carpet,{},
"(12, 7, 31)",minecraft:spruce_trapdoor,"{'facing': 'west', 'half': 'top', 'open': 'true', 'powered': 'false', 'waterlogged': 'false'}",
"(13, 7, 31)",minecraft:stone,{},
"(14, 7, 31)",minecraft:stone_bricks,{},
"(15, 7, 31)",minecraft:stone_bricks,{},
"(16, 7, 31)",minecraft:stone_bricks,{},
"(19, 7, 31)",minecraft:stone,{},
"(20, 7, 31)",minecraft:andesite,{},
"(22, 7, 31)",minecraft:stone,{},
"(23, 7, 31)",minecraft:andesite,{},
"(27, 7, 31)",minecraft:stone_bricks,{},
"(37, 7, 31)",minecraft:spruce_trapdoor,"{'facing': 'west', 'half': 'top', 'open': 'false', 'powered': 'false', 'waterlogged': 'false'}",
"(38, 7, 31)",minecraft:stone_bricks,{},
"(39, 7, 31)",minecraft:stone,{},
"(40, 7, 31)",minecraft:stone,{},
"(41, 7, 31)",minecraft:stone,{},
"(49, 7, 31)",minecraft:stone,{},
"(50, 7, 31)",minecraft:andesite,{},
"(7, 7, 32)",minecraft:cobblestone_wall,"{'east': 'none', 'north': 'low', 'south': 'low', 'up': 'true', 'waterlogged': 'false', 'west': 'none'}",
"(8, 7, 32)",minecraft:dark_oak_stairs,"{'facing': 'south', 'half': 'bottom', 'shape': 'straight', 'waterlogged': 'false'}",
"(9, 7, 32)",minecraft:dark_oak_stairs,"{'facing': 'south', 'half': 'bottom', 'shape': 'straight', 'waterlogged': 'false'}",
"(10, 7, 32)",minecraft:dark_oak_wall_sign,"{'facing': 'east', 'waterlogged': 'false'}","{back_text: {has_glowing_text: 0b, color: ""black"", messages: ["""", """", """", """"]}, components: {}, is_waxed: 0b, id: ""minecraft:sign"", front_text: {has_glowing_text: 0b, color: ""black"", messages: ["""", """", """", """"]}}"
"(12, 7, 32)",minecraft:spruce_trapdoor,"{'facing': 'west', 'half': 'top', 'open': 'true', 'powered': 'false', 'waterlogged': 'false'}",
"(13, 7, 32)",minecraft:stone,{},
"(14, 7, 32)",minecraft:andesite,{},
"(15, 7, 32)",minecraft:composter,{'level': '0'},
"(16, 7, 32)",minecraft:repeating_command_block,"{'conditional': 'false', 'facing': 'south'}","{conditionMet: 0b, auto: 0b, components: {}, powered: 0b, Command: """", id: ""minecraft:command_block"", SuccessCount: 0, TrackOutput: 1b, UpdateLastExecution: 1b}"
"(19, 7, 32)",minecraft:spruce_slab,"{'type': 'top', 'waterlogged': 'false'}",
"(20, 7, 32)",minecraft:stone_bricks,{},
"(22, 7, 32)",minecraft:stone,{},
"(23, 7, 32)",minecraft:stone_bricks,{},
"(27, 7, 32)",minecraft:stone_brick_stairs,"{'facing': 'north', 'half': 'top', 'shape': 'straight', 'waterlogged': 'false'}",
"(37, 7, 32)",minecraft:spruce_trapdoor,"{'facing': 'west', 'half': 'top', 'open': 'false', 'powered': 'false', 'waterlogged': 'false'}",
"(38, 7, 32)",minecraft:stone,{},
"(42, 7, 32)",minecraft:stone,{},
"(48, 7, 32)",minecraft:stone_bricks,{},
"(49, 7, 32)",minecraft:granite,{},
"(7, 7, 33)",minecraft:polished_andesite,{},
"(10, 7, 33)",minecraft:green_carpet,{},
"(12, 7, 33)",minecraft:green_carpet,{},
"(13, 7, 33)",minecraft:spruce_trapdoor,"{'facing': 'south', 'half': 'top', 'open': 'true', 'powered': 'false', 'waterlogged': 'false'}",
"(14, 7, 33)",minecraft:spruce_trapdoor,"{'facing': 'south', 'half': 'top', 'open': 'true', 'powered': 'false', 'waterlogged': 'false'}",
"(19, 7, 33)",minecraft:spruce_trapdoor,"{'facing': 'west', 'half': 'top', 'open': 'false', 'powered': 'false', 'waterlogged': 'false'}",
"(20, 7, 33)",minecraft:stone_bricks,{},
"(27, 7, 33)",minecraft:andesite_stairs,"{'facing': 'south', 'half': 'top', 'shape': 'straight', 'waterlogged': 'false'}",
"(37, 7, 33)",minecraft:spruce_trapdoor,"{'facing': 'west', 'half': 'top', 'open': 'false', 'powered': 'false', 'waterlogged': 'false'}",
"(38, 7, 33)",minecraft:stone,{},
"(42, 7, 33)",minecraft:stone_bricks,{},
"(43, 7, 33)",minecraft:stone_bricks,{},
"(44, 7, 33)",minecraft:stone_bricks,{},
"(45, 7, 33)",minecraft:stone_bricks,{},
"(46, 7, 33)",minecraft:stone_bricks,{},
"(47, 7, 33)",minecraft:stone_bricks,{},
"(48, 7, 33)",minecraft:stone_bricks,{},
"(8, 7, 34)",minecraft:polished_andesite,{},
"(9, 7, 34)",minecraft:composter,{'level': '0'},
"(10, 7, 34)",minecraft:green_carpet,{},
"(19, 7, 34)",minecraft:spruce_slab,"{'type': 'top', 'waterlogged': 'false'}",
"(20, 7, 34)",minecraft:stone_bricks,{},
"(21, 7, 34)",minecraft:stone_bricks,{},
"(22, 7, 34)",minecraft:stone_bricks,{},
"(23, 7, 34)",minecraft:stone,{},
"(24, 7, 34)",minecraft:stone_bricks,{},
"(25, 7, 34)",minecraft:gray_stained_glass_pane,"{'east': 'true', 'north': 'false', 'south': 'false', 'waterlogged': 'false', 'west': 'true'}",
"(26, 7, 34)",minecraft:stone,{},
"(27, 7, 34)",minecraft:stone,{},
"(35, 7, 34)",minecraft:stone_bricks,{},
"(36, 7, 34)",minecraft:stone_bricks,{},
"(37, 7, 34)",minecraft:stone_bricks,{},
"(38, 7, 34)",minecraft:stone,{},
"(44, 7, 34)",minecraft:acacia_leaves,"{'distance': '7', 'persistent': 'true', 'waterlogged': 'false'}",
"(46, 7, 34)",minecraft:acacia_leaves,"{'distance': '7', 'persistent': 'true', 'waterlogged': 'false'}",
"(9, 7, 35)",minecraft:polished_andesite,{},
"(10, 7, 35)",minecraft:cobblestone_wall,"{'east': 'low', 'north': 'none', 'south': 'none', 'up': 'true', 'waterlogged': 'false', 'west': 'low'}",
"(11, 7, 35)",minecraft:polished_andesite,{},
"(12, 7, 35)",minecraft:cobblestone_wall,"{'east': 'low', 'north': 'none', 'south': 'none', 'up': 'false', 'waterlogged': 'false', 'west': 'low'}",
"(13, 7, 35)",minecraft:polished_andesite,{},
"(14, 7, 35)",minecraft:cobblestone_wall,"{'east': 'low', 'north': 'none', 'south': 'none', 'up': 'false', 'waterlogged': 'false', 'west': 'low'}",
"(15, 7, 35)",minecraft:polished_andesite,{},
"(16, 7, 35)",minecraft:cobblestone_wall,"{'east': 'low', 'north': 'none', 'south': 'none', 'up': 'false', 'waterlogged': 'false', 'west': 'low'}",
"(17, 7, 35)",minecraft:polished_andesite,{},
"(18, 7, 35)",minecraft:cobblestone_wall,"{'east': 'low', 'north': 'none', 'south': 'none', 'up': 'true', 'waterlogged': 'false', 'west': 'low'}",
"(19, 7, 35)",minecraft:polished_andesite,{},
"(20, 7, 35)",minecraft:acacia_leaves,"{'distance': '7', 'persistent': 'true', 'waterlogged': 'false'}",
"(21, 7, 35)",minecraft:spruce_slab,"{'type': 'top', 'waterlogged': 'false'}",
"(24, 7, 35)",minecraft:acacia_leaves,"{'distance': '7', 'persistent': 'true', 'waterlogged': 'false'}",
"(25, 7, 35)",minecraft:spruce_fence_gate,"{'facing': 'north', 'in_wall': 'false', 'open': 'true', 'powered': 'false'}",
"(26, 7, 35)",minecraft:spruce_trapdoor,"{'facing': 'south', 'half': 'bottom', 'open': 'true', 'powered': 'false', 'waterlogged': 'false'}",
"(27, 7, 35)",minecraft:stone,{},
"(28, 7, 35)",minecraft:repeating_command_block,"{'conditional': 'false', 'facing': 'north'}","{conditionMet: 0b, auto: 0b, components: {}, powered: 0b, Command: """", id: ""minecraft:command_block"", SuccessCount: 0, TrackOutput: 1b, UpdateLastExecution: 1b}"
"(34, 7, 35)",minecraft:repeating_command_block,"{'conditional': 'false', 'facing': 'north'}","{conditionMet: 0b, auto: 0b, components: {}, powered: 0b, Command: """", id: ""minecraft:command_block"", SuccessCount: 0, TrackOutput: 1b, UpdateLastExecution: 1b}"
"(35, 7, 35)",minecraft:stone,{},
"(37, 7, 35)",minecraft:acacia_leaves,"{'distance': '7', 'persistent': 'true', 'waterlogged': 'false'}",
"(27, 7, 36)",minecraft:stone,{},
"(28, 7, 36)",minecraft:stone_bricks,{},
"(29, 7, 36)",minecraft:gray_stained_glass_pane,"{'east': 'true', 'north': 'false', 'south': 'false', 'waterlogged': 'false', 'west': 'true'}",
"(30, 7, 36)",minecraft:stone,{},
"(31, 7, 36)",minecraft:gray_stained_glass_pane,"{'east': 'true', 'north': 'false', 'south': 'false', 'waterlogged': 'false', 'west': 'true'}",
"(32, 7, 36)",minecraft:stone,{},
"(33, 7, 36)",minecraft:gray_stained_glass_pane,"{'east': 'true', 'north': 'false', 'south': 'false', 'waterlogged': 'false', 'west': 'true'}",
"(34, 7, 36)",minecraft:stone,{},
"(35, 7, 36)",minecraft:stone_bricks,{},
"(29, 7, 37)",minecraft:acacia_leaves,"{'distance': '7', 'persistent': 'true', 'waterlogged': 'false'}",
"(30, 7, 37)",minecraft:spruce_trapdoor,"{'facing': 'south', 'half': 'top', 'open': 'true', 'powered': 'false', 'waterlogged': 'false'}",
"(31, 7, 37)",minecraft:acacia_leaves,"{'distance': '7', 'persistent': 'true', 'waterlogged': 'false'}",
"(32, 7, 37)",minecraft:spruce_trapdoor,"{'facing': 'south', 'half': 'top', 'open': 'true', 'powered': 'false', 'waterlogged': 'false'}",
"(34, 7, 37)",minecraft:spruce_trapdoor,"{'facing': 'south', 'half': 'top', 'open': 'true', 'powered': 'false', 'waterlogged': 'false'}",
"(35, 7, 37)",minecraft:acacia_leaves,"{'distance': '7', 'persistent': 'true', 'waterlogged': 'false'}",
"(13, 8, 1)",minecraft:spruce_trapdoor,"{'facing': 'north', 'half': 'top', 'open': 'true', 'powered': 'false', 'waterlogged': 'false'}",
"(14, 8, 1)",minecraft:potted_white_tulip,{},
"(41, 8, 1)",minecraft:spruce_slab,"{'type': 'top', 'waterlogged': 'false'}",
"(12, 8, 2)",minecraft:oak_log,{'axis': 'y'},
"(13, 8, 2)",minecraft:oak_planks,{},
"(14, 8, 2)",minecraft:gray_stained_glass_pane,"{'east': 'true', 'north': 'false', 'south': 'false', 'waterlogged': 'false', 'west': 'true'}",
"(15, 8, 2)",minecraft:oak_planks,{},
"(16, 8, 2)",minecraft:oak_log,{'axis': 'y'},
"(39, 8, 2)",minecraft:stripped_spruce_log,{'axis': 'y'},
"(40, 8, 2)",minecraft:oak_planks,{},
"(41, 8, 2)",minecraft:oak_planks,{},
"(42, 8, 2)",minecraft:stripped_oak_wood,{'axis': 'x'},
"(43, 8, 2)",minecraft:stripped_spruce_log,{'axis': 'y'},
"(9, 8, 3)",minecraft:potted_flowering_azalea_bush,{},
"(12, 8, 3)",minecraft:oak_planks,{},
"(13, 8, 3)",minecraft:spruce_trapdoor,"{'facing': 'east', 'half': 'top', 'open': 'true', 'powered': 'false', 'waterlogged': 'false'}",
"(15, 8, 3)",minecraft:spruce_trapdoor,"{'facing': 'west', 'half': 'bottom', 'open': 'true', 'powered': 'false', 'waterlogged': 'false'}",
"(16, 8, 3)",minecraft:oak_planks,{},
"(17, 8, 3)",minecraft:acacia_leaves,"{'distance': '7', 'persistent': 'true', 'waterlogged': 'false'}",
"(20, 8, 3)",minecraft:acacia_leaves,"{'distance': '7', 'persistent': 'true', 'waterlogged': 'false'}",
"(21, 8, 3)",minecraft:stone_bricks,{},
"(22, 8, 3)",minecraft:stone,{},
"(23, 8, 3)",minecraft:stone,{},
"(33, 8, 3)",minecraft:stone,{},
"(34, 8, 3)",minecraft:andesite,{},
"(35, 8, 3)",minecraft:stone,{},
"(36, 8, 3)",minecraft:acacia_leaves,"{'distance': '7', 'persistent': 'true', 'waterlogged': 'false'}",
"(38, 8, 3)",minecraft:acacia_leaves,"{'distance': '7', 'persistent': 'true', 'waterlogged': 'false'}",
"(39, 8, 3)",minecraft:oak_planks,{},
"(40, 8, 3)",minecraft:bookshelf,{},
"(41, 8, 3)",minecraft:bookshelf,{},
"(42, 8, 3)",minecraft:bookshelf,{},
"(43, 8, 3)",minecraft:stripped_oak_wood,{'axis': 'z'},
"(12, 8, 4)",minecraft:spruce_door,"{'facing': 'east', 'half': 'upper', 'hinge': 'left', 'open': 'false', 'powered': 'false'}",
"(16, 8, 4)",minecraft:stripped_oak_wood,{'axis': 'z'},
"(17, 8, 4)",minecraft:polished_andesite_slab,"{'type': 'bottom', 'waterlogged': 'false'}",
"(19, 8, 4)",minecraft:polished_andesite_slab,"{'type': 'bottom', 'waterlogged': 'false'}",
"(20, 8, 4)",minecraft:stone_bricks,{},
"(23, 8, 4)",minecraft:ladder,"{'facing': 'south', 'waterlogged': 'false'}",
"(24, 8, 4)",minecraft:stone,{},
"(25, 8, 4)",minecraft:iron_chain,"{'axis': 'y', 'waterlogged': 'false'}",
"(31, 8, 4)",minecraft:iron_chain,"{'axis': 'y', 'waterlogged': 'false'}",
"(32, 8, 4)",minecraft:stone,{},
"(33, 8, 4)",minecraft:ladder,"{'facing': 'south', 'waterlogged': 'false'}",
"(36, 8, 4)",minecraft:stone_bricks,{},
"(39, 8, 4)",minecraft:stripped_oak_wood,{'axis': 'z'},
"(40, 8, 4)",minecraft:bookshelf,{},
"(41, 8, 4)",minecraft:enchanting_table,{},"{components: {}, id: ""minecraft:enchanting_table""}"
"(42, 8, 4)",minecraft:bookshelf,{},
"(43, 8, 4)",minecraft:oak_planks,{},
"(11, 8, 5)",minecraft:bricks,{},
"(12, 8, 5)",minecraft:oak_planks,{},
"(16, 8, 5)",minecraft:oak_planks,{},
"(17, 8, 5)",minecraft:acacia_leaves,"{'distance': '1', 'persistent': 'true', 'waterlogged': 'false'}",
"(18, 8, 5)",minecraft:potted_poppy,{},
"(19, 8, 5)",minecraft:acacia_leaves,"{'distance': '7', 'persistent': 'true', 'waterlogged': 'false'}",
"(20, 8, 5)",minecraft:stone_bricks,{},
"(22, 8, 5)",minecraft:iron_chain,"{'axis': 'y', 'waterlogged': 'false'}",
"(24, 8, 5)",minecraft:stone_bricks,{},
"(25, 8, 5)",minecraft:stone,{},
"(26, 8, 5)",minecraft:stone_bricks,{},
"(27, 8, 5)",minecraft:stone_bricks,{},
"(28, 8, 5)",minecraft:lodestone,{},
"(29, 8, 5)",minecraft:andesite,{},
"(30, 8, 5)",minecraft:stone_bricks,{},
"(31, 8, 5)",minecraft:stone_bricks,{},
"(32, 8, 5)",minecraft:stone_bricks,{},
"(34, 8, 5)",minecraft:iron_chain,"{'axis': 'y', 'waterlogged': 'false'}",
"(36, 8, 5)",minecraft:stone,{},
"(37, 8, 5)",minecraft:stripped_oak_wood,{'axis': 'x'},
"(38, 8, 5)",minecraft:stripped_oak_wood,{'axis': 'x'},
"(39, 8, 5)",minecraft:repeating_command_block,"{'conditional': 'false', 'facing': 'south'}","{conditionMet: 0b, auto: 0b, components: {}, powered: 0b, Command: """", id: ""minecraft:command_block"", SuccessCount: 0, TrackOutput: 1b, UpdateLastExecution: 1b}"
"(44, 8, 5)",minecraft:stripped_oak_wood,{'axis': 'x'},
"(45, 8, 5)",minecraft:oak_log,{'axis': 'y'},
"(8, 8, 6)",minecraft:oak_log,{'axis': 'y'},
"(9, 8, 6)",minecraft:stripped_oak_wood,{'axis': 'x'},
"(10, 8, 6)",minecraft:spruce_door,"{'facing': 'south', 'half': 'upper', 'hinge': 'left', 'open': 'false', 'powered': 'false'}",
"(11, 8, 6)",minecraft:oak_planks,{},
"(12, 8, 6)",minecraft:repeating_command_block,"{'conditional': 'false', 'facing': 'east'}","{conditionMet: 0b, auto: 0b, components: {}, powered: 0b, Command: """", id: ""minecraft:command_block"", SuccessCount: 0, TrackOutput: 1b, UpdateLastExecution: 1b}"
"(16, 8, 6)",minecraft:potted_dark_oak_sapling,{},
"(17, 8, 6)",minecraft:oak_log,{'axis': 'y'},
"(19, 8, 6)",minecraft:polished_andesite_slab,"{'type': 'bottom', 'waterlogged': 'false'}",
"(20, 8, 6)",minecraft:stone,{},
"(24, 8, 6)",minecraft:andesite,{},
"(25, 8, 6)",minecraft:iron_chain,"{'axis': 'y', 'waterlogged': 'false'}",
"(31, 8, 6)",minecraft:iron_chain,"{'axis': 'y', 'waterlogged': 'false'}",
"(32, 8, 6)",minecraft:andesite,{},
"(36, 8, 6)",minecraft:stone,{},
"(37, 8, 6)",minecraft:repeating_command_block,"{'conditional': 'false', 'facing': 'south'}","{conditionMet: 0b, auto: 0b, components: {}, powered: 0b, Command: """", id: ""minecraft:command_block"", SuccessCount: 0, TrackOutput: 1b, UpdateLastExecution: 1b}"
"(38, 8, 6)",minecraft:repeating_command_block,"{'conditional': 'false', 'facing': 'south'}","{conditionMet: 0b, auto: 0b, components: {}, powered: 0b, Command: """", id: ""minecraft:command_block"", SuccessCount: 0, TrackOutput: 1b, UpdateLastExecution: 1b}"
"(40, 8, 6)",minecraft:red_carpet,{},
"(41, 8, 6)",minecraft:white_carpet,{},
"(42, 8, 6)",minecraft:white_carpet,{},
"(44, 8, 6)",minecraft:repeating_command_block,"{'conditional': 'false', 'facing': 'west'}","{conditionMet: 0b, auto: 0b, components: {}, powered: 0b, Command: """", id: ""minecraft:command_block"", SuccessCount: 0, TrackOutput: 1b, UpdateLastExecution: 1b}"
"(45, 8, 6)",minecraft:stripped_oak_wood,{'axis': 'z'},
"(8, 8, 7)",minecraft:stripped_oak_wood,{'axis': 'z'},
"(16, 8, 7)",minecraft:lantern,"{'hanging': 'false', 'waterlogged': 'false'}",
"(17, 8, 7)",minecraft:stripped_oak_wood,{'axis': 'z'},
"(18, 8, 7)",minecraft:spruce_trapdoor,"{'facing': 'east', 'half': 'top', 'open': 'true', 'powered': 'false', 'waterlogged': 'false'}",
"(19, 8, 7)",minecraft:acacia_leaves,"{'distance': '7', 'persistent': 'true', 'waterlogged': 'false'}",
"(21, 8, 7)",minecraft:stone,{},
"(22, 8, 7)",minecraft:stone_bricks,{},
"(23, 8, 7)",minecraft:stone_bricks,{},
"(33, 8, 7)",minecraft:stone,{},
"(34, 8, 7)",minecraft:stone_bricks,{},
"(35, 8, 7)",minecraft:stone,{},
"(36, 8, 7)",minecraft:repeating_command_block,"{'conditional': 'false', 'facing': 'east'}","{conditionMet: 0b, auto: 0b, components: {}, powered: 0b, Command: """", id: ""minecraft:command_block"", SuccessCount: 0, TrackOutput: 1b, UpdateLastExecution: 1b}"
"(39, 8, 7)",minecraft:white_carpet,{},
"(40, 8, 7)",minecraft:white_carpet,{},
"(41, 8, 7)",minecraft:red_carpet,{},
"(42, 8, 7)",minecraft:white_carpet,{},
"(44, 8, 7)",minecraft:stone,{},
"(45, 8, 7)",minecraft:stone,{},
"(46, 8, 7)",minecraft:stone,{},
"(7, 8, 8)",minecraft:lantern,"{'hanging': 'false', 'waterlogged': 'false'}",
"(8, 8, 8)",minecraft:gray_stained_glass_pane,"{'east': 'false', 'north': 'true', 'south': 'true', 'waterlogged': 'false', 'west': 'false'}",
"(17, 8, 8)",minecraft:gray_stained_glass_pane,"{'east': 'false', 'north': 'true', 'south': 'true', 'waterlogged': 'false', 'west': 'false'}",
"(18, 8, 8)",minecraft:potted_white_tulip,{},
"(33, 8, 8)",minecraft:stripped_oak_wood,{'axis': 'z'},
"(34, 8, 8)",minecraft:spruce_stairs,"{'facing': 'west', 'half': 'top', 'shape': 'inner_right', 'waterlogged': 'false'}",
"(35, 8, 8)",minecraft:spruce_stairs,"{'facing': 'north', 'half': 'top', 'shape': 'straight', 'waterlogged': 'false'}",
"(39, 8, 8)",minecraft:red_carpet,{},
"(40, 8, 8)",minecraft:red_carpet,{},
"(41, 8, 8)",minecraft:white_carpet,{},
"(42, 8, 8)",minecraft:red_carpet,{},
"(44, 8, 8)",minecraft:spruce_door,"{'facing': 'west', 'half': 'lower', 'hinge': 'left', 'open': 'false', 'powered': 'false'}",
"(45, 8, 8)",minecraft:ladder,"{'facing': 'south', 'waterlogged': 'false'}",
"(46, 8, 8)",minecraft:stone_bricks,{},
"(47, 8, 8)",minecraft:spruce_slab,"{'type': 'top', 'waterlogged': 'false'}",
"(7, 8, 9)",minecraft:spruce_trapdoor,"{'facing': 'west', 'half': 'top', 'open': 'true', 'powered': 'false', 'waterlogged': 'false'}",
"(8, 8, 9)",minecraft:stripped_oak_wood,{'axis': 'z'},
"(9, 8, 9)",minecraft:potted_white_tulip,{},
"(10, 8, 9)",minecraft:spruce_door,"{'facing': 'north', 'half': 'upper', 'hinge': 'left', 'open': 'false', 'powered': 'false'}",
"(11, 8, 9)",minecraft:spruce_door,"{'facing': 'north', 'half': 'upper', 'hinge': 'right', 'open': 'false', 'powered': 'false'}",
"(12, 8, 9)",minecraft:repeating_command_block,"{'conditional': 'false', 'facing': 'north'}","{conditionMet: 0b, auto: 0b, components: {}, powered: 0b, Command: """", id: ""minecraft:command_block"", SuccessCount: 0, TrackOutput: 1b, UpdateLastExecution: 1b}"
"(13, 8, 9)",minecraft:stone,{},
"(15, 8, 9)",minecraft:stone,{},
"(17, 8, 9)",minecraft:oak_planks,{},
"(32, 8, 9)",minecraft:spruce_slab,"{'type': 'top', 'waterlogged': 'false'}",
"(33, 8, 9)",minecraft:stripped_oak_wood,{'axis': 'z'},
"(34, 8, 9)",minecraft:spruce_stairs,"{'facing': 'west', 'half': 'top', 'shape': 'straight', 'waterlogged': 'false'}",
"(35, 8, 9)",minecraft:spruce_trapdoor,"{'facing': 'east', 'half': 'top', 'open': 'false', 'powered': 'false', 'waterlogged': 'false'}",
"(37, 8, 9)",minecraft:spruce_stairs,"{'facing': 'east', 'half': 'bottom', 'shape': 'straight', 'waterlogged': 'false'}",
"(39, 8, 9)",minecraft:red_carpet,{},
"(40, 8, 9)",minecraft:red_carpet,{},
"(41, 8, 9)",minecraft:white_carpet,{},
"(44, 8, 9)",minecraft:stone,{},
"(45, 8, 9)",minecraft:stone_bricks,{},
"(46, 8, 9)",minecraft:stone,{},
"(8, 8, 10)",minecraft:stripped_spruce_log,{'axis': 'y'},
"(9, 8, 10)",minecraft:stripped_oak_wood,{'axis': 'x'},
"(10, 8, 10)",minecraft:oak_trapdoor,"{'facing': 'east', 'half': 'top', 'open': 'true', 'powered': 'false', 'waterlogged': 'false'}",
"(11, 8, 10)",minecraft:oak_trapdoor,"{'facing': 'west', 'half': 'top', 'open': 'true', 'powered': 'false', 'waterlogged': 'false'}",
"(12, 8, 10)",minecraft:stripped_oak_wood,{'axis': 'x'},
"(13, 8, 10)",minecraft:andesite,{},
"(15, 8, 10)",minecraft:andesite,{},
"(16, 8, 10)",minecraft:oak_planks,{},
"(17, 8, 10)",minecraft:oak_log,{'axis': 'y'},
"(27, 8, 10)",minecraft:oak_leaves,"{'distance': '7', 'persistent': 'true', 'waterlogged': 'false'}",
"(33, 8, 10)",minecraft:oak_planks,{},
"(34, 8, 10)",minecraft:spruce_stairs,"{'facing': 'west', 'half': 'top', 'shape': 'inner_left', 'waterlogged': 'false'}",
"(35, 8, 10)",minecraft:spruce_stairs,"{'facing': 'south', 'half': 'top', 'shape': 'straight', 'waterlogged': 'false'}",
"(40, 8, 10)",minecraft:repeating_command_block,"{'conditional': 'false', 'facing': 'north'}","{conditionMet: 0b, auto: 0b, components: {}, powered: 0b, Command: """", id: ""minecraft:command_block"", SuccessCount: 0, TrackOutput: 1b, UpdateLastExecution: 1b}"
"(41, 8, 10)",minecraft:repeating_command_block,"{'conditional': 'false', 'facing': 'north'}","{conditionMet: 0b, auto: 0b, components: {}, powered: 0b, Command: """", id: ""minecraft:command_block"", SuccessCount: 0, TrackOutput: 1b, UpdateLastExecution: 1b}"
"(44, 8, 10)",minecraft:repeating_command_block,"{'conditional': 'false', 'facing': 'west'}","{conditionMet: 0b, auto: 0b, components: {}, powered: 0b, Command: """", id: ""minecraft:command_block"", SuccessCount: 0, TrackOutput: 1b, UpdateLastExecution: 1b}"
"(45, 8, 10)",minecraft:stripped_oak_wood,{'axis': 'z'},
"(9, 8, 11)",minecraft:polished_andesite_slab,"{'type': 'bottom', 'waterlogged': 'false'}",
"(12, 8, 11)",minecraft:polished_andesite_slab,"{'type': 'bottom', 'waterlogged': 'false'}",
"(13, 8, 11)",minecraft:andesite,{},
"(14, 8, 11)",minecraft:spruce_fence,"{'east': 'true', 'north': 'false', 'south': 'false', 'waterlogged': 'false', 'west': 'true'}",
"(15, 8, 11)",minecraft:stone_bricks,{},
"(26, 8, 11)",minecraft:oak_leaves,"{'distance': '7', 'persistent': 'true', 'waterlogged': 'false'}",
"(27, 8, 11)",minecraft:spruce_fence,"{'east': 'false', 'north': 'false', 'south': 'false', 'waterlogged': 'false', 'west': 'false'}",
"(28, 8, 11)",minecraft:oak_leaves,"{'distance': '7', 'persistent': 'true', 'waterlogged': 'false'}",
"(33, 8, 11)",minecraft:oak_log,{'axis': 'y'},
"(34, 8, 11)",minecraft:oak_planks,{},
"(35, 8, 11)",minecraft:oak_planks,{},
"(36, 8, 11)",minecraft:oak_planks,{},
"(37, 8, 11)",minecraft:oak_planks,{},
"(38, 8, 11)",minecraft:stripped_oak_wood,{'axis': 'x'},
"(39, 8, 11)",minecraft:stripped_oak_wood,{'axis': 'x'},
"(40, 8, 11)",minecraft:oak_planks,{},
"(41, 8, 11)",minecraft:oak_planks,{},
"(42, 8, 11)",minecraft:stripped_oak_wood,{'axis': 'x'},
"(43, 8, 11)",minecraft:stripped_oak_wood,{'axis': 'x'},
"(44, 8, 11)",minecraft:oak_planks,{},
"(45, 8, 11)",minecraft:stripped_spruce_log,{'axis': 'y'},
"(14, 8, 12)",minecraft:potted_poppy,{},
"(15, 8, 12)",minecraft:spruce_trapdoor,"{'facing': 'south', 'half': 'top', 'open': 'true', 'powered': 'false', 'waterlogged': 'false'}",
"(27, 8, 12)",minecraft:oak_leaves,"{'distance': '7', 'persistent': 'true', 'waterlogged': 'false'}",
"(36, 8, 12)",minecraft:acacia_leaves,"{'distance': '7', 'persistent': 'true', 'waterlogged': 'false'}",
"(38, 8, 12)",minecraft:spruce_slab,"{'type': 'bottom', 'waterlogged': 'false'}",
"(39, 8, 12)",minecraft:campfire,"{'facing': 'north', 'lit': 'false', 'signal_fire': 'false', 'waterlogged': 'false'}","{components: {}, Items: [], CookingTimes: [I; 0, 0, 0, 0], CookingTotalTimes: [I; 0, 0, 0, 0], id: ""minecraft:campfire""}"
"(40, 8, 12)",minecraft:spruce_slab,"{'type': 'bottom', 'waterlogged': 'false'}",
"(41, 8, 12)",minecraft:campfire,"{'facing': 'north', 'lit': 'false', 'signal_fire': 'false', 'waterlogged': 'false'}","{components: {}, Items: [], CookingTimes: [I; 0, 0, 0, 0], CookingTotalTimes: [I; 0, 0, 0, 0], id: ""minecraft:campfire""}"
"(42, 8, 12)",minecraft:spruce_slab,"{'type': 'bottom', 'waterlogged': 'false'}",
"(43, 8, 12)",minecraft:campfire,"{'facing': 'north', 'lit': 'false', 'signal_fire': 'false', 'waterlogged': 'false'}","{components: {}, Items: [], CookingTimes: [I; 0, 0, 0, 0], CookingTotalTimes: [I; 0, 0, 0, 0], id: ""minecraft:campfire""}"
"(44, 8, 12)",minecraft:spruce_slab,"{'type': 'bottom', 'waterlogged': 'false'}",
"(9, 8, 13)",minecraft:polished_andesite_slab,"{'type': 'bottom', 'waterlogged': 'false'}",
"(12, 8, 13)",minecraft:polished_andesite_slab,"{'type': 'bottom', 'waterlogged': 'false'}",
"(23, 8, 13)",minecraft:oak_leaves,"{'distance': '5', 'persistent': 'true', 'waterlogged': 'false'}",
"(24, 8, 13)",minecraft:oak_leaves,"{'distance': '4', 'persistent': 'true', 'waterlogged': 'false'}",
"(25, 8, 13)",minecraft:oak_leaves,"{'distance': '3', 'persistent': 'true', 'waterlogged': 'false'}",
"(26, 8, 13)",minecraft:oak_leaves,"{'distance': '4', 'persistent': 'true', 'waterlogged': 'false'}",
"(28, 8, 13)",minecraft:oak_leaves,"{'distance': '7', 'persistent': 'true', 'waterlogged': 'false'}",
"(37, 8, 13)",minecraft:acacia_leaves,"{'distance': '7', 'persistent': 'true', 'waterlogged': 'false'}",
"(38, 8, 13)",minecraft:spruce_slab,"{'type': 'bottom', 'waterlogged': 'false'}",
"(39, 8, 13)",minecraft:campfire,"{'facing': 'north', 'lit': 'false', 'signal_fire': 'false', 'waterlogged': 'false'}","{components: {}, Items: [], CookingTimes: [I; 0, 0, 0, 0], CookingTotalTimes: [I; 0, 0, 0, 0], id: ""minecraft:campfire""}"
"(40, 8, 13)",minecraft:spruce_slab,"{'type': 'bottom', 'waterlogged': 'false'}",
"(41, 8, 13)",minecraft:campfire,"{'facing': 'north', 'lit': 'false', 'signal_fire': 'false', 'waterlogged': 'false'}","{components: {}, Items: [], CookingTimes: [I; 0, 0, 0, 0], CookingTotalTimes: [I; 0, 0, 0, 0], id: ""minecraft:campfire""}"
"(42, 8, 13)",minecraft:spruce_slab,"{'type': 'bottom', 'waterlogged': 'false'}",
"(43, 8, 13)",minecraft:campfire,"{'facing': 'north', 'lit': 'false', 'signal_fire': 'false', 'waterlogged': 'false'}","{components: {}, Items: [], CookingTimes: [I; 0, 0, 0, 0], CookingTotalTimes: [I; 0, 0, 0, 0], id: ""minecraft:campfire""}"
"(44, 8, 13)",minecraft:spruce_slab,"{'type': 'bottom', 'waterlogged': 'false'}",
"(45, 8, 13)",minecraft:bricks,{},
"(46, 8, 13)",minecraft:acacia_leaves,"{'distance': '7', 'persistent': 'true', 'waterlogged': 'false'}",
"(21, 8, 14)",minecraft:oak_leaves,"{'distance': '5', 'persistent': 'true', 'waterlogged': 'false'}",
"(22, 8, 14)",minecraft:oak_leaves,"{'distance': '4', 'persistent': 'true', 'waterlogged': 'false'}",
"(23, 8, 14)",minecraft:oak_leaves,"{'distance': '4', 'persistent': 'true', 'waterlogged': 'false'}",
"(24, 8, 14)",minecraft:spruce_fence,"{'east': 'false', 'north': 'false', 'south': 'true', 'waterlogged': 'false', 'west': 'false'}",
"(25, 8, 14)",minecraft:oak_leaves,"{'distance': '2', 'persistent': 'true', 'waterlogged': 'false'}",
"(26, 8, 14)",minecraft:oak_leaves,"{'distance': '3', 'persistent': 'true', 'waterlogged': 'false'}",
"(27, 8, 14)",minecraft:oak_leaves,"{'distance': '4', 'persistent': 'true', 'waterlogged': 'false'}",
"(38, 8, 14)",minecraft:spruce_slab,"{'type': 'bottom', 'waterlogged': 'false'}",
"(39, 8, 14)",minecraft:campfire,"{'facing': 'north', 'lit': 'false', 'signal_fire': 'false', 'waterlogged': 'false'}","{components: {}, Items: [], CookingTimes: [I; 0, 0, 0, 0], CookingTotalTimes: [I; 0, 0, 0, 0], id: ""minecraft:campfire""}"
"(40, 8, 14)",minecraft:spruce_slab,"{'type': 'bottom', 'waterlogged': 'false'}",
"(41, 8, 14)",minecraft:campfire,"{'facing': 'north', 'lit': 'false', 'signal_fire': 'false', 'waterlogged': 'false'}","{components: {}, Items: [], CookingTimes: [I; 0, 0, 0, 0], CookingTotalTimes: [I; 0, 0, 0, 0], id: ""minecraft:campfire""}"
"(42, 8, 14)",minecraft:spruce_slab,"{'type': 'bottom', 'waterlogged': 'false'}",
"(43, 8, 14)",minecraft:campfire,"{'facing': 'north', 'lit': 'false', 'signal_fire': 'false', 'waterlogged': 'false'}","{components: {}, Items: [], CookingTimes: [I; 0, 0, 0, 0], CookingTotalTimes: [I; 0, 0, 0, 0], id: ""minecraft:campfire""}"
"(44, 8, 14)",minecraft:bricks,{},
"(45, 8, 14)",minecraft:campfire,"{'facing': 'east', 'lit': 'true', 'signal_fire': 'false', 'waterlogged': 'false'}","{components: {}, Items: [], CookingTimes: [I; 0, 0, 0, 0], CookingTotalTimes: [I; 0, 0, 0, 0], id: ""minecraft:campfire""}"
"(46, 8, 14)",minecraft:bricks,{},
"(9, 8, 15)",minecraft:polished_andesite_slab,"{'type': 'bottom', 'waterlogged': 'false'}",
"(12, 8, 15)",minecraft:polished_andesite_slab,"{'type': 'bottom', 'waterlogged': 'false'}",
"(20, 8, 15)",minecraft:oak_leaves,"{'distance': '7', 'persistent': 'true', 'waterlogged': 'false'}",
"(21, 8, 15)",minecraft:spruce_fence,"{'east': 'false', 'north': 'false', 'south': 'false', 'waterlogged': 'false', 'west': 'false'}",
"(22, 8, 15)",minecraft:oak_leaves,"{'distance': '3', 'persistent': 'true', 'waterlogged': 'false'}",
"(23, 8, 15)",minecraft:spruce_fence,"{'east': 'true', 'north': 'false', 'south': 'false', 'waterlogged': 'false', 'west': 'false'}",
"(24, 8, 15)",minecraft:oak_wood,{'axis': 'y'},
"(25, 8, 15)",minecraft:oak_leaves,"{'distance': '1', 'persistent': 'true', 'waterlogged': 'false'}",
"(28, 8, 15)",minecraft:oak_leaves,"{'distance': '7', 'persistent': 'true', 'waterlogged': 'false'}",
"(38, 8, 15)",minecraft:spruce_slab,"{'type': 'bottom', 'waterlogged': 'false'}",
"(39, 8, 15)",minecraft:campfire,"{'facing': 'north', 'lit': 'false', 'signal_fire': 'false', 'waterlogged': 'false'}","{components: {}, Items: [], CookingTimes: [I; 0, 0, 0, 0], CookingTotalTimes: [I; 0, 0, 0, 0], id: ""minecraft:campfire""}"
"(40, 8, 15)",minecraft:spruce_slab,"{'type': 'bottom', 'waterlogged': 'false'}",
"(41, 8, 15)",minecraft:campfire,"{'facing': 'north', 'lit': 'false', 'signal_fire': 'false', 'waterlogged': 'false'}","{components: {}, Items: [], CookingTimes: [I; 0, 0, 0, 0], CookingTotalTimes: [I; 0, 0, 0, 0], id: ""minecraft:campfire""}"
"(42, 8, 15)",minecraft:spruce_slab,"{'type': 'bottom', 'waterlogged': 'false'}",
"(43, 8, 15)",minecraft:campfire,"{'facing': 'north', 'lit': 'false', 'signal_fire': 'false', 'waterlogged': 'false'}","{components: {}, Items: [], CookingTimes: [I; 0, 0, 0, 0], CookingTotalTimes: [I; 0, 0, 0, 0], id: ""minecraft:campfire""}"
"(44, 8, 15)",minecraft:brick_stairs,"{'facing': 'north', 'half': 'bottom', 'shape': 'straight', 'waterlogged': 'false'}",
"(45, 8, 15)",minecraft:brick_stairs,"{'facing': 'north', 'half': 'bottom', 'shape': 'straight', 'waterlogged': 'false'}",
"(12, 8, 16)",minecraft:acacia_leaves,"{'distance': '7', 'persistent': 'true', 'waterlogged': 'false'}",
"(21, 8, 16)",minecraft:oak_leaves,"{'distance': '5', 'persistent': 'true', 'waterlogged': 'false'}",
"(22, 8, 16)",minecraft:oak_leaves,"{'distance': '4', 'persistent': 'true', 'waterlogged': 'false'}",
"(23, 8, 16)",minecraft:oak_leaves,"{'distance': '4', 'persistent': 'true', 'waterlogged': 'false'}",
"(24, 8, 16)",minecraft:spruce_fence,"{'east': 'false', 'north': 'true', 'south': 'false', 'waterlogged': 'false', 'west': 'false'}",
"(25, 8, 16)",minecraft:oak_leaves,"{'distance': '2', 'persistent': 'true', 'waterlogged': 'false'}",
"(27, 8, 16)",minecraft:oak_leaves,"{'distance': '7', 'persistent': 'true', 'waterlogged': 'false'}",
"(38, 8, 16)",minecraft:spruce_slab,"{'type': 'bottom', 'waterlogged': 'false'}",
"(39, 8, 16)",minecraft:campfire,"{'facing': 'north', 'lit': 'false', 'signal_fire': 'false', 'waterlogged': 'false'}","{components: {}, Items: [], CookingTimes: [I; 0, 0, 0, 0], CookingTotalTimes: [I; 0, 0, 0, 0], id: ""minecraft:campfire""}"
"(40, 8, 16)",minecraft:spruce_slab,"{'type': 'bottom', 'waterlogged': 'false'}",
"(41, 8, 16)",minecraft:campfire,"{'facing': 'north', 'lit': 'false', 'signal_fire': 'false', 'waterlogged': 'false'}","{components: {}, Items: [], CookingTimes: [I; 0, 0, 0, 0], CookingTotalTimes: [I; 0, 0, 0, 0], id: ""minecraft:campfire""}"
"(42, 8, 16)",minecraft:spruce_planks,{},
"(43, 8, 16)",minecraft:campfire,"{'facing': 'north', 'lit': 'false', 'signal_fire': 'false', 'waterlogged': 'false'}","{components: {}, Items: [], CookingTimes: [I; 0, 0, 0, 0], CookingTotalTimes: [I; 0, 0, 0, 0], id: ""minecraft:campfire""}"
"(44, 8, 16)",minecraft:spruce_stairs,"{'facing': 'south', 'half': 'top', 'shape': 'straight', 'waterlogged': 'false'}",
"(45, 8, 16)",minecraft:spruce_trapdoor,"{'facing': 'north', 'half': 'top', 'open': 'false', 'powered': 'false', 'waterlogged': 'false'}",
"(46, 8, 16)",minecraft:spruce_stairs,"{'facing': 'south', 'half': 'top', 'shape': 'straight', 'waterlogged': 'false'}",
"(47, 8, 16)",minecraft:spruce_trapdoor,"{'facing': 'north', 'half': 'top', 'open': 'false', 'powered': 'false', 'waterlogged': 'false'}",
"(48, 8, 16)",minecraft:spruce_stairs,"{'facing': 'south', 'half': 'top', 'shape': 'straight', 'waterlogged': 'false'}",
"(9, 8, 17)",minecraft:polished_andesite_slab,"{'type': 'bottom', 'waterlogged': 'false'}",
"(21, 8, 17)",minecraft:oak_leaves,"{'distance': '6', 'persistent': 'true', 'waterlogged': 'false'}",
"(22, 8, 17)",minecraft:spruce_fence,"{'east': 'true', 'north': 'false', 'south': 'false', 'waterlogged': 'false', 'west': 'false'}",
"(23, 8, 17)",minecraft:spruce_fence,"{'east': 'false', 'north': 'false', 'south': 'false', 'waterlogged': 'false', 'west': 'true'}",
"(24, 8, 17)",minecraft:oak_leaves,"{'distance': '7', 'persistent': 'true', 'waterlogged': 'false'}",
"(42, 8, 17)",minecraft:oak_log,{'axis': 'z'},
"(43, 8, 17)",minecraft:stripped_spruce_log,{'axis': 'x'},
"(44, 8, 17)",minecraft:stripped_spruce_log,{'axis': 'x'},
"(45, 8, 17)",minecraft:oak_log,{'axis': 'x'},
"(46, 8, 17)",minecraft:oak_log,{'axis': 'x'},
"(47, 8, 17)",minecraft:oak_log,{'axis': 'x'},
"(48, 8, 17)",minecraft:stripped_spruce_log,{'axis': 'z'},
"(49, 8, 17)",minecraft:spruce_slab,"{'type': 'top', 'waterlogged': 'false'}",
"(8, 8, 18)",minecraft:oak_log,{'axis': 'y'},
"(9, 8, 18)",minecraft:stripped_oak_wood,{'axis': 'x'},
"(10, 8, 18)",minecraft:oak_trapdoor,"{'facing': 'east', 'half': 'bottom', 'open': 'true', 'powered': 'false', 'waterlogged': 'false'}",
"(11, 8, 18)",minecraft:oak_trapdoor,"{'facing': 'west', 'half': 'bottom', 'open': 'true', 'powered': 'false', 'waterlogged': 'false'}",
"(12, 8, 18)",minecraft:oak_planks,{},
"(13, 8, 18)",minecraft:stripped_oak_wood,{'axis': 'x'},
"(14, 8, 18)",minecraft:stripped_spruce_log,{'axis': 'y'},
"(22, 8, 18)",minecraft:oak_leaves,"{'distance': '7', 'persistent': 'true', 'waterlogged': 'false'}",
"(23, 8, 18)",minecraft:oak_leaves,"{'distance': '7', 'persistent': 'true', 'waterlogged': 'false'}",
"(25, 8, 18)",minecraft:oak_leaves,"{'distance': '7', 'persistent': 'true', 'waterlogged': 'false'}",
"(42, 8, 18)",minecraft:stripped_spruce_log,{'axis': 'z'},
"(43, 8, 18)",minecraft:spruce_planks,{},
"(44, 8, 18)",minecraft:spruce_planks,{},
"(45, 8, 18)",minecraft:spruce_planks,{},
"(46, 8, 18)",minecraft:spruce_planks,{},
"(47, 8, 18)",minecraft:spruce_planks,{},
"(48, 8, 18)",minecraft:stripped_spruce_log,{'axis': 'z'},
"(49, 8, 18)",minecraft:spruce_stairs,"{'facing': 'west', 'half': 'top', 'shape': 'straight', 'waterlogged': 'false'}",
"(7, 8, 19)",minecraft:gray_stained_glass_pane,"{'east': 'true', 'north': 'false', 'south': 'true', 'waterlogged': 'false', 'west': 'false'}",
"(8, 8, 19)",minecraft:oak_planks,{},
"(9, 8, 19)",minecraft:flowering_azalea_leaves,"{'distance': '1', 'persistent': 'true', 'waterlogged': 'false'}",
"(10, 8, 19)",minecraft:spruce_door,"{'facing': 'south', 'half': 'upper', 'hinge': 'right', 'open': 'false', 'powered': 'false'}",
"(11, 8, 19)",minecraft:spruce_door,"{'facing': 'south', 'half': 'upper', 'hinge': 'left', 'open': 'false', 'powered': 'false'}",
"(12, 8, 19)",minecraft:flowering_azalea_leaves,"{'distance': '2', 'persistent': 'true', 'waterlogged': 'false'}",
"(13, 8, 19)",minecraft:flowering_azalea_leaves,"{'distance': '1', 'persistent': 'true', 'waterlogged': 'false'}",
"(14, 8, 19)",minecraft:oak_planks,{},
"(41, 8, 19)",minecraft:spruce_trapdoor,"{'facing': 'west', 'half': 'top', 'open': 'false', 'powered': 'false', 'waterlogged': 'false'}",
"(42, 8, 19)",minecraft:stripped_spruce_log,{'axis': 'z'},
"(43, 8, 19)",minecraft:spruce_planks,{},
"(44, 8, 19)",minecraft:spruce_planks,{},
"(45, 8, 19)",minecraft:spruce_planks,{},
"(46, 8, 19)",minecraft:spruce_planks,{},
"(47, 8, 19)",minecraft:spruce_planks,{},
"(48, 8, 19)",minecraft:oak_log,{'axis': 'z'},
"(49, 8, 19)",minecraft:spruce_slab,"{'type': 'top', 'waterlogged': 'false'}",
"(6, 8, 20)",minecraft:gray_stained_glass_pane,"{'east': 'true', 'north': 'false', 'south': 'true', 'waterlogged': 'false', 'west': 'false'}",
"(7, 8, 20)",minecraft:gray_stained_glass,{},
"(13, 8, 20)",minecraft:spruce_door,"{'facing': 'west', 'half': 'upper', 'hinge': 'right', 'open': 'false', 'powered': 'false'}",
"(14, 8, 20)",minecraft:oak_trapdoor,"{'facing': 'south', 'half': 'bottom', 'open': 'true', 'powered': 'false', 'waterlogged': 'false'}",
"(21, 8, 20)",minecraft:spruce_trapdoor,"{'facing': 'north', 'half': 'bottom', 'open': 'true', 'powered': 'false', 'waterlogged': 'false'}",
"(41, 8, 20)",minecraft:spruce_trapdoor,"{'facing': 'west', 'half': 'top', 'open': 'false', 'powered': 'false', 'waterlogged': 'false'}",
"(42, 8, 20)",minecraft:oak_log,{'axis': 'z'},
"(43, 8, 20)",minecraft:spruce_planks,{},
"(44, 8, 20)",minecraft:spruce_planks,{},
"(45, 8, 20)",minecraft:spruce_planks,{},
"(46, 8, 20)",minecraft:spruce_planks,{},
"(47, 8, 20)",minecraft:spruce_planks,{},
"(48, 8, 20)",minecraft:stripped_spruce_log,{'axis': 'z'},
"(4, 8, 21)",minecraft:oak_log,{'axis': 'y'},
"(5, 8, 21)",minecraft:oak_planks,{},
"(6, 8, 21)",minecraft:stripped_oak_wood,{'axis': 'x'},
"(13, 8, 21)",minecraft:spruce_door,"{'facing': 'west', 'half': 'upper', 'hinge': 'left', 'open': 'false', 'powered': 'false'}",
"(14, 8, 21)",minecraft:oak_trapdoor,"{'facing': 'north', 'half': 'bottom', 'open': 'true', 'powered': 'false', 'waterlogged': 'false'}",
"(21, 8, 21)",minecraft:campfire,"{'facing': 'east', 'lit': 'false', 'signal_fire': 'false', 'waterlogged': 'false'}","{components: {}, Items: [{count: 1, Slot: 0b, id: ""minecraft:porkchop""}, {count: 1, Slot: 1b, id: ""minecraft:porkchop""}, {count: 1, Slot: 2b, id: ""minecraft:porkchop""}], CookingTimes: [I; 0, 0, 0, 0], CookingTotalTimes: [I; 600, 600, 600, 0], id: ""minecraft:campfire""}"
"(41, 8, 21)",minecraft:acacia_leaves,"{'distance': '1', 'persistent': 'true', 'waterlogged': 'false'}",
"(42, 8, 21)",minecraft:oak_log,{'axis': 'z'},
"(43, 8, 21)",minecraft:spruce_planks,{},
"(44, 8, 21)",minecraft:spruce_planks,{},
"(45, 8, 21)",minecraft:spruce_planks,{},
"(46, 8, 21)",minecraft:spruce_planks,{},
"(47, 8, 21)",minecraft:spruce_planks,{},
"(48, 8, 21)",minecraft:oak_log,{'axis': 'z'},
"(49, 8, 21)",minecraft:spruce_slab,"{'type': 'top', 'waterlogged': 'false'}",
"(3, 8, 22)",minecraft:spruce_trapdoor,"{'facing': 'west', 'half': 'top', 'open': 'true', 'powered': 'false', 'waterlogged': 'false'}",
"(4, 8, 22)",minecraft:stripped_oak_wood,{'axis': 'z'},
"(5, 8, 22)",minecraft:flowering_azalea_leaves,"{'distance': '1', 'persistent': 'true', 'waterlogged': 'false'}",
"(9, 8, 22)",minecraft:dark_oak_trapdoor,"{'facing': 'east', 'half': 'bottom', 'open': 'false', 'powered': 'false', 'waterlogged': 'false'}",
"(10, 8, 22)",minecraft:dark_oak_trapdoor,"{'facing': 'east', 'half': 'bottom', 'open': 'false', 'powered': 'false', 'waterlogged': 'false'}",
"(13, 8, 22)",minecraft:spruce_trapdoor,"{'facing': 'north', 'half': 'bottom', 'open': 'true', 'powered': 'false', 'waterlogged': 'false'}",
"(14, 8, 22)",minecraft:stripped_oak_wood,{'axis': 'z'},
"(16, 8, 22)",minecraft:spruce_trapdoor,"{'facing': 'north', 'half': 'top', 'open': 'true', 'powered': 'false', 'waterlogged': 'false'}",
"(17, 8, 22)",minecraft:potted_poppy,{},
"(18, 8, 22)",minecraft:acacia_leaves,"{'distance': '7', 'persistent': 'true', 'waterlogged': 'false'}",
"(21, 8, 22)",minecraft:campfire,"{'facing': 'east', 'lit': 'false', 'signal_fire': 'false', 'waterlogged': 'false'}","{components: {}, Items: [{count: 1, Slot: 0b, id: ""minecraft:chicken""}, {count: 1, Slot: 1b, id: ""minecraft:chicken""}], CookingTimes: [I; 0, 0, 0, 0], CookingTotalTimes: [I; 600, 600, 0, 0], id: ""minecraft:campfire""}"
"(22, 8, 22)",minecraft:stone_bricks,{},
"(23, 8, 22)",minecraft:stone_bricks,{},
"(41, 8, 22)",minecraft:spruce_trapdoor,"{'facing': 'west', 'half': 'top', 'open': 'false', 'powered': 'false', 'waterlogged': 'false'}",
"(42, 8, 22)",minecraft:oak_log,{'axis': 'z'},
"(43, 8, 22)",minecraft:spruce_planks,{},
"(44, 8, 22)",minecraft:spruce_planks,{},
"(45, 8, 22)",minecraft:spruce_planks,{},
"(46, 8, 22)",minecraft:spruce_planks,{},
"(47, 8, 22)",minecraft:spruce_planks,{},
"(48, 8, 22)",minecraft:stripped_spruce_log,{'axis': 'z'},
"(49, 8, 22)",minecraft:spruce_stairs,"{'facing': 'west', 'half': 'top', 'shape': 'straight', 'waterlogged': 'false'}",
"(1, 8, 23)",minecraft:hay_block,{'axis': 'y'},
"(3, 8, 23)",minecraft:lantern,"{'hanging': 'false', 'waterlogged': 'false'}",
"(4, 8, 23)",minecraft:gray_stained_glass_pane,"{'east': 'false', 'north': 'true', 'south': 'true', 'waterlogged': 'false', 'west': 'false'}",
"(14, 8, 23)",minecraft:stone,{},
"(15, 8, 23)",minecraft:stone_bricks,{},
"(16, 8, 23)",minecraft:stone_bricks,{},
"(17, 8, 23)",minecraft:gray_stained_glass_pane,"{'east': 'true', 'north': 'false', 'south': 'false', 'waterlogged': 'false', 'west': 'true'}",
"(18, 8, 23)",minecraft:stone,{},
"(21, 8, 23)",minecraft:stone_bricks,{},
"(22, 8, 23)",minecraft:stone_bricks,{},
"(23, 8, 23)",minecraft:stone,{},
"(27, 8, 23)",minecraft:lantern,"{'hanging': 'false', 'waterlogged': 'false'}",
"(35, 8, 23)",minecraft:lantern,"{'hanging': 'false', 'waterlogged': 'false'}",
"(42, 8, 23)",minecraft:stripped_spruce_log,{'axis': 'z'},
"(43, 8, 23)",minecraft:spruce_planks,{},
"(44, 8, 23)",minecraft:spruce_planks,{},
"(45, 8, 23)",minecraft:spruce_planks,{},
"(46, 8, 23)",minecraft:spruce_planks,{},
"(47, 8, 23)",minecraft:spruce_planks,{},
"(48, 8, 23)",minecraft:stripped_spruce_log,{'axis': 'z'},
"(49, 8, 23)",minecraft:spruce_slab,"{'type': 'top', 'waterlogged': 'false'}",
"(1, 8, 24)",minecraft:iron_chain,"{'axis': 'y', 'waterlogged': 'false'}",
"(4, 8, 24)",minecraft:stripped_oak_wood,{'axis': 'z'},
"(13, 8, 24)",minecraft:soul_campfire,"{'facing': 'east', 'lit': 'false', 'signal_fire': 'false', 'waterlogged': 'false'}","{components: {}, Items: [{count: 1, Slot: 0b, id: ""minecraft:rabbit""}, {count: 1, Slot: 1b, id: ""minecraft:mutton""}, {count: 1, Slot: 2b, id: ""minecraft:rabbit""}, {count: 1, Slot: 3b, id: ""minecraft:mutton""}], CookingTimes: [I; 0, 0, 0, 0], CookingTotalTimes: [I; 600, 600, 600, 600], id: ""minecraft:campfire""}"
"(14, 8, 24)",minecraft:stone_bricks,{},
"(19, 8, 24)",minecraft:spruce_door,"{'facing': 'south', 'half': 'upper', 'hinge': 'right', 'open': 'false', 'powered': 'false'}",
"(20, 8, 24)",minecraft:spruce_door,"{'facing': 'south', 'half': 'upper', 'hinge': 'left', 'open': 'false', 'powered': 'false'}",
"(21, 8, 24)",minecraft:repeating_command_block,"{'conditional': 'false', 'facing': 'west'}","{conditionMet: 0b, auto: 0b, components: {}, powered: 0b, Command: """", id: ""minecraft:command_block"", SuccessCount: 0, TrackOutput: 1b, UpdateLastExecution: 1b}"
"(22, 8, 24)",minecraft:stone,{},
"(24, 8, 24)",minecraft:jungle_leaves,"{'distance': '7', 'persistent': 'true', 'waterlogged': 'false'}",
"(26, 8, 24)",minecraft:jungle_leaves,"{'distance': '7', 'persistent': 'true', 'waterlogged': 'false'}",
"(27, 8, 24)",minecraft:stone,{},
"(28, 8, 24)",minecraft:stone_bricks,{},
"(29, 8, 24)",minecraft:andesite_wall,"{'east': 'none', 'north': 'none', 'south': 'tall', 'up': 'true', 'waterlogged': 'false', 'west': 'tall'}",
"(33, 8, 24)",minecraft:andesite_wall,"{'east': 'tall', 'north': 'none', 'south': 'tall', 'up': 'true', 'waterlogged': 'false', 'west': 'none'}",
"(34, 8, 24)",minecraft:stone,{},
"(35, 8, 24)",minecraft:andesite,{},
"(38, 8, 24)",minecraft:acacia_leaves,"{'distance': '7', 'persistent': 'true', 'waterlogged': 'false'}",
"(40, 8, 24)",minecraft:acacia_leaves,"{'distance': '1', 'persistent': 'true', 'waterlogged': 'false'}",
"(42, 8, 24)",minecraft:stripped_spruce_log,{'axis': 'z'},
"(43, 8, 24)",minecraft:spruce_planks,{},
"(44, 8, 24)",minecraft:spruce_planks,{},
"(45, 8, 24)",minecraft:spruce_planks,{},
"(46, 8, 24)",minecraft:spruce_planks,{},
"(47, 8, 24)",minecraft:spruce_planks,{},
"(48, 8, 24)",minecraft:oak_log,{'axis': 'z'},
"(3, 8, 25)",minecraft:potted_poppy,{},
"(4, 8, 25)",minecraft:gray_stained_glass_pane,"{'east': 'false', 'north': 'true', 'south': 'true', 'waterlogged': 'false', 'west': 'false'}",
"(13, 8, 25)",minecraft:flower_pot,{},
"(14, 8, 25)",minecraft:stone_bricks,{},
"(15, 8, 25)",minecraft:stone_brick_slab,"{'type': 'bottom', 'waterlogged': 'false'}",
"(21, 8, 25)",minecraft:repeating_command_block,"{'conditional': 'false', 'facing': 'west'}","{conditionMet: 0b, auto: 0b, components: {}, powered: 0b, Command: """", id: ""minecraft:command_block"", SuccessCount: 0, TrackOutput: 1b, UpdateLastExecution: 1b}"
"(22, 8, 25)",minecraft:stone_bricks,{},
"(23, 8, 25)",minecraft:dark_oak_fence,"{'east': 'true', 'north': 'false', 'south': 'true', 'waterlogged': 'false', 'west': 'true'}",
"(24, 8, 25)",minecraft:dark_oak_fence,"{'east': 'false', 'north': 'false', 'south': 'true', 'waterlogged': 'false', 'west': 'true'}",
"(25, 8, 25)",minecraft:jungle_leaves,"{'distance': '7', 'persistent': 'true', 'waterlogged': 'false'}",
"(27, 8, 25)",minecraft:stone_bricks,{},
"(29, 8, 25)",minecraft:spruce_trapdoor,"{'facing': 'south', 'half': 'bottom', 'open': 'true', 'powered': 'false', 'waterlogged': 'false'}",
"(30, 8, 25)",minecraft:spruce_trapdoor,"{'facing': 'south', 'half': 'bottom', 'open': 'true', 'powered': 'false', 'waterlogged': 'false'}",
"(31, 8, 25)",minecraft:spruce_trapdoor,"{'facing': 'south', 'half': 'bottom', 'open': 'true', 'powered': 'false', 'waterlogged': 'false'}",
"(32, 8, 25)",minecraft:spruce_trapdoor,"{'facing': 'south', 'half': 'bottom', 'open': 'true', 'powered': 'false', 'waterlogged': 'false'}",
"(33, 8, 25)",minecraft:spruce_trapdoor,"{'facing': 'south', 'half': 'bottom', 'open': 'true', 'powered': 'false', 'waterlogged': 'false'}",
"(35, 8, 25)",minecraft:andesite,{},
"(38, 8, 25)",minecraft:spruce_stairs,"{'facing': 'east', 'half': 'top', 'shape': 'straight', 'waterlogged': 'false'}",
"(39, 8, 25)",minecraft:stripped_spruce_log,{'axis': 'x'},
"(40, 8, 25)",minecraft:oak_log,{'axis': 'x'},
"(41, 8, 25)",minecraft:oak_log,{'axis': 'x'},
"(42, 8, 25)",minecraft:spruce_planks,{},
"(43, 8, 25)",minecraft:spruce_planks,{},
"(44, 8, 25)",minecraft:spruce_planks,{},
"(45, 8, 25)",minecraft:spruce_planks,{},
"(46, 8, 25)",minecraft:spruce_planks,{},
"(47, 8, 25)",minecraft:spruce_planks,{},
"(48, 8, 25)",minecraft:spruce_planks,{},
"(49, 8, 25)",minecraft:oak_log,{'axis': 'x'},
"(50, 8, 25)",minecraft:oak_log,{'axis': 'x'},
"(51, 8, 25)",minecraft:spruce_stairs,"{'facing': 'west', 'half': 'top', 'shape': 'straight', 'waterlogged': 'false'}",
"(3, 8, 26)",minecraft:spruce_trapdoor,"{'facing': 'west', 'half': 'top', 'open': 'true', 'powered': 'false', 'waterlogged': 'false'}",
"(4, 8, 26)",minecraft:oak_planks,{},
"(5, 8, 26)",minecraft:azalea_leaves,"{'distance': '1', 'persistent': 'true', 'waterlogged': 'false'}",
"(9, 8, 26)",minecraft:dark_oak_trapdoor,"{'facing': 'east', 'half': 'bottom', 'open': 'false', 'powered': 'false', 'waterlogged': 'false'}",
"(10, 8, 26)",minecraft:dark_oak_trapdoor,"{'facing': 'east', 'half': 'bottom', 'open': 'false', 'powered': 'false', 'waterlogged': 'false'}",
"(14, 8, 26)",minecraft:stone_bricks,{},
"(15, 8, 26)",minecraft:stone_brick_slab,"{'type': 'double', 'waterlogged': 'false'}",
"(19, 8, 26)",minecraft:birch_pressure_plate,{'powered': 'false'},
"(21, 8, 26)",minecraft:repeating_command_block,"{'conditional': 'false', 'facing': 'west'}","{conditionMet: 0b, auto: 0b, components: {}, powered: 0b, Command: """", id: ""minecraft:command_block"", SuccessCount: 0, TrackOutput: 1b, UpdateLastExecution: 1b}"
"(22, 8, 26)",minecraft:stone_bricks,{},
"(23, 8, 26)",minecraft:stone_bricks,{},
"(24, 8, 26)",minecraft:stone_bricks,{},
"(25, 8, 26)",minecraft:stone,{},
"(26, 8, 26)",minecraft:stone,{},
"(27, 8, 26)",minecraft:stone_bricks,{},
"(35, 8, 26)",minecraft:stone_bricks,{},
"(36, 8, 26)",minecraft:stone_bricks,{},
"(37, 8, 26)",minecraft:stone,{},
"(38, 8, 26)",minecraft:stone_bricks,{},
"(39, 8, 26)",minecraft:spruce_planks,{},
"(40, 8, 26)",minecraft:spruce_planks,{},
"(41, 8, 26)",minecraft:spruce_planks,{},
"(42, 8, 26)",minecraft:spruce_planks,{},
"(43, 8, 26)",minecraft:spruce_planks,{},
"(44, 8, 26)",minecraft:spruce_planks,{},
"(45, 8, 26)",minecraft:red_wool,{},
"(46, 8, 26)",minecraft:spruce_planks,{},
"(47, 8, 26)",minecraft:spruce_planks,{},
"(48, 8, 26)",minecraft:spruce_planks,{},
"(49, 8, 26)",minecraft:spruce_planks,{},
"(50, 8, 26)",minecraft:stripped_spruce_log,{'axis': 'z'},
"(51, 8, 26)",minecraft:spruce_trapdoor,"{'facing': 'east', 'half': 'top', 'open': 'false', 'powered': 'false', 'waterlogged': 'false'}",
"(4, 8, 27)",minecraft:oak_log,{'axis': 'y'},
"(5, 8, 27)",minecraft:stripped_oak_wood,{'axis': 'x'},
"(6, 8, 27)",minecraft:stripped_oak_wood,{'axis': 'x'},
"(7, 8, 27)",minecraft:oak_planks,{},
"(13, 8, 27)",minecraft:spruce_trapdoor,"{'facing': 'south', 'half': 'bottom', 'open': 'true', 'powered': 'false', 'waterlogged': 'false'}",
"(14, 8, 27)",minecraft:stone,{},
"(15, 8, 27)",minecraft:stone_brick_slab,"{'type': 'double', 'waterlogged': 'false'}",
"(21, 8, 27)",minecraft:ladder,"{'facing': 'west', 'waterlogged': 'false'}",
"(22, 8, 27)",minecraft:stone,{},
"(23, 8, 27)",minecraft:stone,{},
"(27, 8, 27)",minecraft:andesite,{},
"(40, 8, 27)",minecraft:spruce_stairs,"{'facing': 'east', 'half': 'bottom', 'shape': 'straight', 'waterlogged': 'false'}",
"(41, 8, 27)",minecraft:spruce_planks,{},
"(42, 8, 27)",minecraft:spruce_planks,{},
"(43, 8, 27)",minecraft:spruce_planks,{},
"(44, 8, 27)",minecraft:red_wool,{},
"(45, 8, 27)",minecraft:red_wool,{},
"(46, 8, 27)",minecraft:spruce_planks,{},
"(47, 8, 27)",minecraft:spruce_planks,{},
"(48, 8, 27)",minecraft:spruce_planks,{},
"(49, 8, 27)",minecraft:spruce_planks,{},
"(50, 8, 27)",minecraft:stripped_spruce_log,{'axis': 'z'},
"(51, 8, 27)",minecraft:spruce_stairs,"{'facing': 'west', 'half': 'top', 'shape': 'straight', 'waterlogged': 'false'}",
"(4, 8, 28)",minecraft:acacia_leaves,"{'distance': '1', 'persistent': 'true', 'waterlogged': 'false'}",
"(6, 8, 28)",minecraft:acacia_leaves,"{'distance': '1', 'persistent': 'true', 'waterlogged': 'false'}",
"(8, 8, 28)",minecraft:oak_planks,{},
"(11, 8, 28)",minecraft:spruce_door,"{'facing': 'north', 'half': 'upper', 'hinge': 'left', 'open': 'false', 'powered': 'false'}",
"(12, 8, 28)",minecraft:spruce_door,"{'facing': 'north', 'half': 'upper', 'hinge': 'right', 'open': 'false', 'powered': 'false'}",
"(13, 8, 28)",minecraft:repeating_command_block,"{'conditional': 'false', 'facing': 'west'}","{conditionMet: 0b, auto: 0b, components: {}, powered: 0b, Command: """", id: ""minecraft:command_block"", SuccessCount: 0, TrackOutput: 1b, UpdateLastExecution: 1b}"
"(14, 8, 28)",minecraft:stone_bricks,{},
"(15, 8, 28)",minecraft:stone_brick_slab,"{'type': 'double', 'waterlogged': 'false'}",
"(18, 8, 28)",minecraft:flower_pot,{},
"(19, 8, 28)",minecraft:lantern,"{'hanging': 'false', 'waterlogged': 'false'}",
"(22, 8, 28)",minecraft:stone_bricks,{},
"(23, 8, 28)",minecraft:stone_bricks,{},
"(24, 8, 28)",minecraft:spruce_stairs,"{'facing': 'south', 'half': 'bottom', 'shape': 'straight', 'waterlogged': 'false'}",
"(25, 8, 28)",minecraft:oak_log,{'axis': 'y'},
"(27, 8, 28)",minecraft:stone_bricks,{},
"(40, 8, 28)",minecraft:spruce_stairs,"{'facing': 'east', 'half': 'bottom', 'shape': 'straight', 'waterlogged': 'false'}",
"(41, 8, 28)",minecraft:spruce_planks,{},
"(42, 8, 28)",minecraft:spruce_planks,{},
"(43, 8, 28)",minecraft:red_wool,{},
"(44, 8, 28)",minecraft:red_wool,{},
"(45, 8, 28)",minecraft:red_wool,{},
"(46, 8, 28)",minecraft:red_wool,{},
"(47, 8, 28)",minecraft:spruce_planks,{},
"(48, 8, 28)",minecraft:spruce_planks,{},
"(49, 8, 28)",minecraft:spruce_planks,{},
"(50, 8, 28)",minecraft:oak_log,{'axis': 'z'},
"(51, 8, 28)",minecraft:spruce_trapdoor,"{'facing': 'east', 'half': 'top', 'open': 'false', 'powered': 'false', 'waterlogged': 'false'}",
"(52, 8, 28)",minecraft:acacia_leaves,"{'distance': '7', 'persistent': 'true', 'waterlogged': 'false'}",
"(7, 8, 29)",minecraft:polished_andesite_slab,"{'type': 'bottom', 'waterlogged': 'false'}",
"(8, 8, 29)",minecraft:oak_log,{'axis': 'y'},
"(9, 8, 29)",minecraft:stripped_oak_wood,{'axis': 'x'},
"(10, 8, 29)",minecraft:stripped_oak_wood,{'axis': 'x'},
"(11, 8, 29)",minecraft:oak_trapdoor,"{'facing': 'east', 'half': 'bottom', 'open': 'true', 'powered': 'false', 'waterlogged': 'false'}",
"(12, 8, 29)",minecraft:oak_trapdoor,"{'facing': 'west', 'half': 'bottom', 'open': 'true', 'powered': 'false', 'waterlogged': 'false'}",
"(13, 8, 29)",minecraft:stripped_oak_wood,{'axis': 'x'},
"(14, 8, 29)",minecraft:stone,{},
"(15, 8, 29)",minecraft:stone_brick_slab,"{'type': 'bottom', 'waterlogged': 'false'}",
"(22, 8, 29)",minecraft:stone,{},
"(23, 8, 29)",minecraft:stone_bricks,{},
"(24, 8, 29)",minecraft:spruce_stairs,"{'facing': 'north', 'half': 'top', 'shape': 'straight', 'waterlogged': 'false'}",
"(27, 8, 29)",minecraft:stone_bricks,{},
"(40, 8, 29)",minecraft:spruce_stairs,"{'facing': 'east', 'half': 'bottom', 'shape': 'straight', 'waterlogged': 'false'}",
"(41, 8, 29)",minecraft:spruce_planks,{},
"(42, 8, 29)",minecraft:spruce_planks,{},
"(43, 8, 29)",minecraft:spruce_planks,{},
"(44, 8, 29)",minecraft:red_wool,{},
"(45, 8, 29)",minecraft:red_wool,{},
"(46, 8, 29)",minecraft:red_wool,{},
"(47, 8, 29)",minecraft:spruce_planks,{},
"(48, 8, 29)",minecraft:spruce_planks,{},
"(49, 8, 29)",minecraft:spruce_planks,{},
"(50, 8, 29)",minecraft:oak_log,{'axis': 'z'},
"(51, 8, 29)",minecraft:spruce_stairs,"{'facing': 'west', 'half': 'top', 'shape': 'straight', 'waterlogged': 'false'}",
"(13, 8, 30)",minecraft:lantern,"{'hanging': 'false', 'waterlogged': 'false'}",
"(14, 8, 30)",minecraft:stone_bricks,{},
"(17, 8, 30)",minecraft:spruce_door,"{'facing': 'north', 'half': 'upper', 'hinge': 'left', 'open': 'false', 'powered': 'false'}",
"(18, 8, 30)",minecraft:spruce_door,"{'facing': 'north', 'half': 'upper', 'hinge': 'right', 'open': 'false', 'powered': 'false'}",
"(22, 8, 30)",minecraft:stone_bricks,{},
"(23, 8, 30)",minecraft:stone_bricks,{},
"(27, 8, 30)",minecraft:stone_bricks,{},
"(38, 8, 30)",minecraft:stone,{},
"(39, 8, 30)",minecraft:spruce_planks,{},
"(40, 8, 30)",minecraft:spruce_planks,{},
"(41, 8, 30)",minecraft:spruce_planks,{},
"(42, 8, 30)",minecraft:spruce_planks,{},
"(43, 8, 30)",minecraft:spruce_planks,{},
"(44, 8, 30)",minecraft:red_wool,{},
"(45, 8, 30)",minecraft:spruce_planks,{},
"(46, 8, 30)",minecraft:spruce_planks,{},
"(47, 8, 30)",minecraft:spruce_planks,{},
"(48, 8, 30)",minecraft:spruce_planks,{},
"(49, 8, 30)",minecraft:spruce_planks,{},
"(50, 8, 30)",minecraft:stripped_spruce_log,{'axis': 'z'},
"(51, 8, 30)",minecraft:spruce_trapdoor,"{'facing': 'east', 'half': 'top', 'open': 'false', 'powered': 'false', 'waterlogged': 'false'}",
"(8, 8, 31)",minecraft:potted_flowering_azalea_bush,{},
"(13, 8, 31)",minecraft:stone_bricks,{},
"(14, 8, 31)",minecraft:stone_bricks,{},
"(15, 8, 31)",minecraft:stone,{},
"(16, 8, 31)",minecraft:stone,{},
"(19, 8, 31)",minecraft:stone_bricks,{},
"(20, 8, 31)",minecraft:andesite,{},
"(22, 8, 31)",minecraft:stone_bricks,{},
"(23, 8, 31)",minecraft:stone,{},
"(27, 8, 31)",minecraft:stone,{},
"(37, 8, 31)",minecraft:chest,"{'facing': 'west', 'type': 'single', 'waterlogged': 'false'}","{components: {}, Items: [], id: ""minecraft:chest""}"
"(38, 8, 31)",minecraft:stone,{},
"(39, 8, 31)",minecraft:oak_log,{'axis': 'x'},
"(40, 8, 31)",minecraft:stripped_spruce_log,{'axis': 'x'},
"(41, 8, 31)",minecraft:oak_log,{'axis': 'x'},
"(42, 8, 31)",minecraft:spruce_planks,{},
"(43, 8, 31)",minecraft:spruce_planks,{},
"(44, 8, 31)",minecraft:spruce_planks,{},
"(45, 8, 31)",minecraft:spruce_planks,{},
"(46, 8, 31)",minecraft:spruce_planks,{},
"(47, 8, 31)",minecraft:spruce_planks,{},
"(48, 8, 31)",minecraft:spruce_planks,{},
"(49, 8, 31)",minecraft:oak_log,{'axis': 'x'},
"(50, 8, 31)",minecraft:oak_log,{'axis': 'x'},
"(51, 8, 31)",minecraft:spruce_stairs,"{'facing': 'west', 'half': 'top', 'shape': 'straight', 'waterlogged': 'false'}",
"(7, 8, 32)",minecraft:cobblestone_wall,"{'east': 'none', 'north': 'none', 'south': 'none', 'up': 'true', 'waterlogged': 'false', 'west': 'none'}",
"(13, 8, 32)",minecraft:stone,{},
"(14, 8, 32)",minecraft:stone,{},
"(15, 8, 32)",minecraft:acacia_leaves,"{'distance': '7', 'persistent': 'true', 'waterlogged': 'false'}",
"(19, 8, 32)",minecraft:acacia_leaves,"{'distance': '7', 'persistent': 'true', 'waterlogged': 'false'}",
"(20, 8, 32)",minecraft:stone_bricks,{},
"(22, 8, 32)",minecraft:stone,{},
"(23, 8, 32)",minecraft:stone,{},
"(27, 8, 32)",minecraft:stone_bricks,{},
"(38, 8, 32)",minecraft:andesite,{},
"(39, 8, 32)",minecraft:spruce_trapdoor,"{'facing': 'south', 'half': 'top', 'open': 'false', 'powered': 'false', 'waterlogged': 'false'}",
"(40, 8, 32)",minecraft:spruce_trapdoor,"{'facing': 'south', 'half': 'top', 'open': 'false', 'powered': 'false', 'waterlogged': 'false'}",
"(41, 8, 32)",minecraft:spruce_trapdoor,"{'facing': 'south', 'half': 'top', 'open': 'false', 'powered': 'false', 'waterlogged': 'false'}",
"(42, 8, 32)",minecraft:stripped_spruce_log,{'axis': 'z'},
"(43, 8, 32)",minecraft:spruce_planks,{},
"(44, 8, 32)",minecraft:spruce_planks,{},
"(45, 8, 32)",minecraft:spruce_planks,{},
"(46, 8, 32)",minecraft:spruce_planks,{},
"(47, 8, 32)",minecraft:spruce_planks,{},
"(48, 8, 32)",minecraft:stripped_spruce_log,{'axis': 'z'},
"(49, 8, 32)",minecraft:bricks,{},
"(7, 8, 33)",minecraft:polished_andesite_slab,"{'type': 'bottom', 'waterlogged': 'false'}",
"(19, 8, 33)",minecraft:potted_flowering_azalea_bush,{},
"(20, 8, 33)",minecraft:stone_bricks,{},
"(27, 8, 33)",minecraft:stone,{},
"(37, 8, 33)",minecraft:potted_pink_tulip,{},
"(38, 8, 33)",minecraft:andesite,{},
"(42, 8, 33)",minecraft:stripped_spruce_log,{'axis': 'z'},
"(43, 8, 33)",minecraft:oak_log,{'axis': 'x'},
"(44, 8, 33)",minecraft:oak_log,{'axis': 'x'},
"(45, 8, 33)",minecraft:stripped_spruce_log,{'axis': 'x'},
"(46, 8, 33)",minecraft:stripped_spruce_log,{'axis': 'x'},
"(47, 8, 33)",minecraft:oak_log,{'axis': 'x'},
"(48, 8, 33)",minecraft:oak_log,{'axis': 'z'},
"(9, 8, 34)",minecraft:acacia_leaves,"{'distance': '7', 'persistent': 'true', 'waterlogged': 'false'}",
"(19, 8, 34)",minecraft:lantern,"{'hanging': 'false', 'waterlogged': 'false'}",
"(20, 8, 34)",minecraft:stone_bricks,{},
"(21, 8, 34)",minecraft:gray_stained_glass_pane,"{'east': 'true', 'north': 'false', 'south': 'false', 'waterlogged': 'false', 'west': 'true'}",
"(22, 8, 34)",minecraft:andesite,{},
"(23, 8, 34)",minecraft:stone,{},
"(24, 8, 34)",minecraft:stone_bricks,{},
"(25, 8, 34)",minecraft:stone_brick_stairs,"{'facing': 'north', 'half': 'top', 'shape': 'straight', 'waterlogged': 'false'}",
"(26, 8, 34)",minecraft:andesite,{},
"(27, 8, 34)",minecraft:andesite,{},
"(35, 8, 34)",minecraft:stone,{},
"(36, 8, 34)",minecraft:stone_bricks,{},
"(37, 8, 34)",minecraft:andesite,{},
"(38, 8, 34)",minecraft:stone,{},
"(39, 8, 34)",minecraft:acacia_leaves,"{'distance': '7', 'persistent': 'true', 'waterlogged': 'false'}",
"(42, 8, 34)",minecraft:spruce_stairs,"{'facing': 'north', 'half': 'top', 'shape': 'straight', 'waterlogged': 'false'}",
"(43, 8, 34)",minecraft:spruce_trapdoor,"{'facing': 'south', 'half': 'top', 'open': 'false', 'powered': 'false', 'waterlogged': 'false'}",
"(44, 8, 34)",minecraft:spruce_stairs,"{'facing': 'north', 'half': 'top', 'shape': 'straight', 'waterlogged': 'false'}",
"(45, 8, 34)",minecraft:spruce_trapdoor,"{'facing': 'south', 'half': 'top', 'open': 'false', 'powered': 'false', 'waterlogged': 'false'}",
"(46, 8, 34)",minecraft:spruce_stairs,"{'facing': 'north', 'half': 'top', 'shape': 'straight', 'waterlogged': 'false'}",
"(47, 8, 34)",minecraft:spruce_trapdoor,"{'facing': 'south', 'half': 'top', 'open': 'false', 'powered': 'false', 'waterlogged': 'false'}",
"(48, 8, 34)",minecraft:spruce_stairs,"{'facing': 'north', 'half': 'top', 'shape': 'straight', 'waterlogged': 'false'}",
"(9, 8, 35)",minecraft:polished_andesite_slab,"{'type': 'bottom', 'waterlogged': 'false'}",
"(10, 8, 35)",minecraft:cobblestone_wall,"{'east': 'none', 'north': 'none', 'south': 'none', 'up': 'true', 'waterlogged': 'false', 'west': 'none'}",
"(13, 8, 35)",minecraft:polished_andesite_slab,"{'type': 'bottom', 'waterlogged': 'false'}",
"(15, 8, 35)",minecraft:polished_andesite_slab,"{'type': 'bottom', 'waterlogged': 'false'}",
"(18, 8, 35)",minecraft:cobblestone_wall,"{'east': 'none', 'north': 'none', 'south': 'none', 'up': 'true', 'waterlogged': 'false', 'west': 'none'}",
"(19, 8, 35)",minecraft:polished_andesite_slab,"{'type': 'bottom', 'waterlogged': 'false'}",
"(21, 8, 35)",minecraft:acacia_leaves,"{'distance': '7', 'persistent': 'true', 'waterlogged': 'false'}",
"(22, 8, 35)",minecraft:spruce_trapdoor,"{'facing': 'south', 'half': 'top', 'open': 'true', 'powered': 'false', 'waterlogged': 'false'}",
"(23, 8, 35)",minecraft:acacia_leaves,"{'distance': '7', 'persistent': 'true', 'waterlogged': 'false'}",
"(25, 8, 35)",minecraft:campfire,"{'facing': 'north', 'lit': 'false', 'signal_fire': 'false', 'waterlogged': 'false'}","{components: {}, Items: [], CookingTimes: [I; 0, 0, 0, 0], CookingTotalTimes: [I; 0, 0, 0, 0], id: ""minecraft:campfire""}"
"(26, 8, 35)",minecraft:acacia_leaves,"{'distance': '7', 'persistent': 'true', 'waterlogged': 'false'}",
"(27, 8, 35)",minecraft:stone_bricks,{},
"(35, 8, 35)",minecraft:stone,{},
"(37, 8, 35)",minecraft:acacia_leaves,"{'distance': '7', 'persistent': 'true', 'waterlogged': 'false'}",
"(45, 8, 35)",minecraft:acacia_leaves,"{'distance': '2', 'persistent': 'true', 'waterlogged': 'false'}",
"(27, 8, 36)",minecraft:andesite,{},
"(28, 8, 36)",minecraft:stone,{},
"(29, 8, 36)",minecraft:gray_stained_glass_pane,"{'east': 'true', 'north': 'false', 'south': 'false', 'waterlogged': 'false', 'west': 'true'}",
"(30, 8, 36)",minecraft:stone,{},
"(31, 8, 36)",minecraft:gray_stained_glass_pane,"{'east': 'true', 'north': 'false', 'south': 'false', 'waterlogged': 'false', 'west': 'true'}",
"(32, 8, 36)",minecraft:stone,{},
"(33, 8, 36)",minecraft:gray_stained_glass_pane,"{'east': 'true', 'north': 'false', 'south': 'false', 'waterlogged': 'false', 'west': 'true'}",
"(34, 8, 36)",minecraft:andesite,{},
"(35, 8, 36)",minecraft:stone,{},
"(29, 8, 37)",minecraft:spruce_fence_gate,"{'facing': 'north', 'in_wall': 'false', 'open': 'true', 'powered': 'false'}",
"(30, 8, 37)",minecraft:acacia_leaves,"{'distance': '7', 'persistent': 'true', 'waterlogged': 'false'}",
"(31, 8, 37)",minecraft:spruce_fence_gate,"{'facing': 'north', 'in_wall': 'false', 'open': 'true', 'powered': 'false'}",
"(32, 8, 37)",minecraft:spruce_trapdoor,"{'facing': 'south', 'half': 'bottom', 'open': 'true', 'powered': 'false', 'waterlogged': 'false'}",
"(33, 8, 37)",minecraft:spruce_fence_gate,"{'facing': 'north', 'in_wall': 'false', 'open': 'true', 'powered': 'false'}",
"(34, 8, 37)",minecraft:spruce_trapdoor,"{'facing': 'south', 'half': 'bottom', 'open': 'true', 'powered': 'false', 'waterlogged': 'false'}",
"(13, 9, 1)",minecraft:spruce_trapdoor,"{'facing': 'north', 'half': 'bottom', 'open': 'true', 'powered': 'false', 'waterlogged': 'false'}",
"(14, 9, 1)",minecraft:spruce_fence_gate,"{'facing': 'south', 'in_wall': 'false', 'open': 'true', 'powered': 'false'}",
"(40, 9, 1)",minecraft:spruce_trapdoor,"{'facing': 'north', 'half': 'top', 'open': 'true', 'powered': 'false', 'waterlogged': 'false'}",
"(41, 9, 1)",minecraft:potted_poppy,{},
"(12, 9, 2)",minecraft:stripped_spruce_log,{'axis': 'y'},
"(13, 9, 2)",minecraft:stripped_oak_wood,{'axis': 'x'},
"(14, 9, 2)",minecraft:gray_stained_glass_pane,"{'east': 'true', 'north': 'false', 'south': 'false', 'waterlogged': 'false', 'west': 'true'}",
"(15, 9, 2)",minecraft:stripped_oak_wood,{'axis': 'x'},
"(16, 9, 2)",minecraft:oak_log,{'axis': 'y'},
"(35, 9, 2)",minecraft:acacia_leaves,"{'distance': '7', 'persistent': 'true', 'waterlogged': 'false'}",
"(39, 9, 2)",minecraft:stripped_spruce_log,{'axis': 'y'},
"(40, 9, 2)",minecraft:stripped_oak_wood,{'axis': 'x'},
"(41, 9, 2)",minecraft:gray_stained_glass_pane,"{'east': 'true', 'north': 'false', 'south': 'false', 'waterlogged': 'false', 'west': 'true'}",
"(42, 9, 2)",minecraft:stripped_oak_wood,{'axis': 'x'},
"(43, 9, 2)",minecraft:oak_log,{'axis': 'y'},
"(12, 9, 3)",minecraft:stripped_oak_wood,{'axis': 'z'},
"(13, 9, 3)",minecraft:spruce_trapdoor,"{'facing': 'east', 'half': 'bottom', 'open': 'true', 'powered': 'false', 'waterlogged': 'false'}",
"(14, 9, 3)",minecraft:lantern,"{'hanging': 'true', 'waterlogged': 'false'}",
"(15, 9, 3)",minecraft:spruce_trapdoor,"{'facing': 'west', 'half': 'bottom', 'open': 'true', 'powered': 'false', 'waterlogged': 'false'}",
"(16, 9, 3)",minecraft:oak_planks,{},
"(21, 9, 3)",minecraft:stone,{},
"(22, 9, 3)",minecraft:stone_bricks,{},
"(23, 9, 3)",minecraft:stone,{},
"(25, 9, 3)",minecraft:spruce_slab,"{'type': 'top', 'waterlogged': 'false'}",
"(26, 9, 3)",minecraft:spruce_trapdoor,"{'facing': 'east', 'half': 'top', 'open': 'false', 'powered': 'false', 'waterlogged': 'false'}",
"(27, 9, 3)",minecraft:spruce_slab,"{'type': 'top', 'waterlogged': 'false'}",
"(28, 9, 3)",minecraft:spruce_trapdoor,"{'facing': 'east', 'half': 'top', 'open': 'false', 'powered': 'false', 'waterlogged': 'false'}",
"(29, 9, 3)",minecraft:spruce_slab,"{'type': 'top', 'waterlogged': 'false'}",
"(30, 9, 3)",minecraft:spruce_trapdoor,"{'facing': 'east', 'half': 'top', 'open': 'false', 'powered': 'false', 'waterlogged': 'false'}",
"(31, 9, 3)",minecraft:spruce_slab,"{'type': 'top', 'waterlogged': 'false'}",
"(33, 9, 3)",minecraft:andesite,{},
"(34, 9, 3)",minecraft:andesite,{},
"(35, 9, 3)",minecraft:stone_bricks,{},
"(39, 9, 3)",minecraft:stripped_oak_wood,{'axis': 'z'},
"(40, 9, 3)",minecraft:bookshelf,{},
"(41, 9, 3)",minecraft:lantern,"{'hanging': 'false', 'waterlogged': 'false'}",
"(42, 9, 3)",minecraft:bookshelf,{},
"(43, 9, 3)",minecraft:oak_planks,{},
"(12, 9, 4)",minecraft:oak_stairs,"{'facing': 'west', 'half': 'top', 'shape': 'straight', 'waterlogged': 'false'}",
"(16, 9, 4)",minecraft:oak_planks,{},
"(17, 9, 4)",minecraft:acacia_leaves,"{'distance': '7', 'persistent': 'true', 'waterlogged': 'false'}",
"(19, 9, 4)",minecraft:acacia_leaves,"{'distance': '7', 'persistent': 'true', 'waterlogged': 'false'}",
"(20, 9, 4)",minecraft:stone,{},
"(21, 9, 4)",minecraft:spruce_planks,{},
"(22, 9, 4)",minecraft:spruce_planks,{},
"(23, 9, 4)",minecraft:spruce_trapdoor,"{'facing': 'south', 'half': 'top', 'open': 'true', 'powered': 'false', 'waterlogged': 'false'}",
"(24, 9, 4)",minecraft:stone,{},
"(25, 9, 4)",minecraft:spruce_stairs,"{'facing': 'south', 'half': 'top', 'shape': 'straight', 'waterlogged': 'false'}",
"(26, 9, 4)",minecraft:spruce_trapdoor,"{'facing': 'east', 'half': 'top', 'open': 'false', 'powered': 'false', 'waterlogged': 'false'}",
"(27, 9, 4)",minecraft:spruce_stairs,"{'facing': 'south', 'half': 'top', 'shape': 'straight', 'waterlogged': 'false'}",
"(28, 9, 4)",minecraft:spruce_trapdoor,"{'facing': 'east', 'half': 'top', 'open': 'false', 'powered': 'false', 'waterlogged': 'false'}",
"(29, 9, 4)",minecraft:spruce_stairs,"{'facing': 'south', 'half': 'top', 'shape': 'straight', 'waterlogged': 'false'}",
"(30, 9, 4)",minecraft:spruce_trapdoor,"{'facing': 'east', 'half': 'top', 'open': 'false', 'powered': 'false', 'waterlogged': 'false'}",
"(31, 9, 4)",minecraft:spruce_stairs,"{'facing': 'south', 'half': 'top', 'shape': 'straight', 'waterlogged': 'false'}",
"(32, 9, 4)",minecraft:stone,{},
"(33, 9, 4)",minecraft:spruce_trapdoor,"{'facing': 'south', 'half': 'top', 'open': 'true', 'powered': 'false', 'waterlogged': 'false'}",
"(34, 9, 4)",minecraft:spruce_planks,{},
"(35, 9, 4)",minecraft:spruce_planks,{},
"(36, 9, 4)",minecraft:stone,{},
"(38, 9, 4)",minecraft:acacia_leaves,"{'distance': '1', 'persistent': 'true', 'waterlogged': 'false'}",
"(39, 9, 4)",minecraft:stripped_oak_wood,{'axis': 'z'},
"(40, 9, 4)",minecraft:bookshelf,{},
"(42, 9, 4)",minecraft:bookshelf,{},
"(43, 9, 4)",minecraft:stripped_oak_wood,{'axis': 'z'},
"(11, 9, 5)",minecraft:granite,{},
"(12, 9, 5)",minecraft:stripped_oak_wood,{'axis': 'z'},
"(16, 9, 5)",minecraft:stripped_oak_wood,{'axis': 'z'},
"(20, 9, 5)",minecraft:stone_bricks,{},
"(21, 9, 5)",minecraft:spruce_planks,{},
"(22, 9, 5)",minecraft:spruce_planks,{},
"(23, 9, 5)",minecraft:spruce_planks,{},
"(24, 9, 5)",minecraft:spruce_planks,{},
"(25, 9, 5)",minecraft:red_wool,{},
"(26, 9, 5)",minecraft:stone_bricks,{},
"(27, 9, 5)",minecraft:red_wool,{},
"(28, 9, 5)",minecraft:andesite,{},
"(29, 9, 5)",minecraft:red_wool,{},
"(30, 9, 5)",minecraft:stone_bricks,{},
"(31, 9, 5)",minecraft:red_wool,{},
"(32, 9, 5)",minecraft:spruce_planks,{},
"(33, 9, 5)",minecraft:spruce_planks,{},
"(34, 9, 5)",minecraft:spruce_planks,{},
"(35, 9, 5)",minecraft:spruce_planks,{},
"(36, 9, 5)",minecraft:stone_bricks,{},
"(37, 9, 5)",minecraft:oak_planks,{},
"(38, 9, 5)",minecraft:oak_planks,{},
"(44, 9, 5)",minecraft:stripped_oak_wood,{'axis': 'x'},
"(45, 9, 5)",minecraft:stripped_spruce_log,{'axis': 'y'},
"(8, 9, 6)",minecraft:oak_log,{'axis': 'y'},
"(9, 9, 6)",minecraft:oak_planks,{},
"(10, 9, 6)",minecraft:oak_stairs,"{'facing': 'north', 'half': 'top', 'shape': 'straight', 'waterlogged': 'false'}",
"(11, 9, 6)",minecraft:oak_planks,{},
"(17, 9, 6)",minecraft:stripped_spruce_log,{'axis': 'y'},
"(19, 9, 6)",minecraft:acacia_leaves,"{'distance': '7', 'persistent': 'true', 'waterlogged': 'false'}",
"(20, 9, 6)",minecraft:stone_bricks,{},
"(21, 9, 6)",minecraft:spruce_planks,{},
"(22, 9, 6)",minecraft:spruce_planks,{},
"(23, 9, 6)",minecraft:spruce_planks,{},
"(24, 9, 6)",minecraft:stone_bricks,{},
"(25, 9, 6)",minecraft:spruce_stairs,"{'facing': 'north', 'half': 'top', 'shape': 'straight', 'waterlogged': 'false'}",
"(26, 9, 6)",minecraft:spruce_trapdoor,"{'facing': 'east', 'half': 'top', 'open': 'false', 'powered': 'false', 'waterlogged': 'false'}",
"(27, 9, 6)",minecraft:spruce_stairs,"{'facing': 'north', 'half': 'top', 'shape': 'straight', 'waterlogged': 'false'}",
"(28, 9, 6)",minecraft:spruce_trapdoor,"{'facing': 'east', 'half': 'top', 'open': 'false', 'powered': 'false', 'waterlogged': 'false'}",
"(29, 9, 6)",minecraft:spruce_stairs,"{'facing': 'north', 'half': 'top', 'shape': 'straight', 'waterlogged': 'false'}",
"(30, 9, 6)",minecraft:spruce_trapdoor,"{'facing': 'east', 'half': 'top', 'open': 'false', 'powered': 'false', 'waterlogged': 'false'}",
"(31, 9, 6)",minecraft:spruce_stairs,"{'facing': 'north', 'half': 'top', 'shape': 'straight', 'waterlogged': 'false'}",
"(32, 9, 6)",minecraft:stone,{},
"(33, 9, 6)",minecraft:spruce_planks,{},
"(34, 9, 6)",minecraft:spruce_planks,{},
"(35, 9, 6)",minecraft:spruce_planks,{},
"(36, 9, 6)",minecraft:stone_bricks,{},
"(37, 9, 6)",minecraft:repeating_command_block,"{'conditional': 'false', 'facing': 'south'}","{conditionMet: 0b, auto: 0b, components: {}, powered: 0b, Command: """", id: ""minecraft:command_block"", SuccessCount: 0, TrackOutput: 1b, UpdateLastExecution: 1b}"
"(38, 9, 6)",minecraft:repeating_command_block,"{'conditional': 'false', 'facing': 'south'}","{conditionMet: 0b, auto: 0b, components: {}, powered: 0b, Command: """", id: ""minecraft:command_block"", SuccessCount: 0, TrackOutput: 1b, UpdateLastExecution: 1b}"
"(44, 9, 6)",minecraft:repeating_command_block,"{'conditional': 'false', 'facing': 'west'}","{conditionMet: 0b, auto: 0b, components: {}, powered: 0b, Command: """", id: ""minecraft:command_block"", SuccessCount: 0, TrackOutput: 1b, UpdateLastExecution: 1b}"
"(45, 9, 6)",minecraft:oak_planks,{},
"(8, 9, 7)",minecraft:stripped_oak_wood,{'axis': 'z'},
"(17, 9, 7)",minecraft:oak_planks,{},
"(18, 9, 7)",minecraft:spruce_trapdoor,"{'facing': 'east', 'half': 'bottom', 'open': 'true', 'powered': 'false', 'waterlogged': 'false'}",
"(21, 9, 7)",minecraft:stone,{},
"(22, 9, 7)",minecraft:stone,{},
"(23, 9, 7)",minecraft:stone_bricks,{},
"(25, 9, 7)",minecraft:spruce_slab,"{'type': 'top', 'waterlogged': 'false'}",
"(26, 9, 7)",minecraft:spruce_trapdoor,"{'facing': 'east', 'half': 'top', 'open': 'false', 'powered': 'false', 'waterlogged': 'false'}",
"(27, 9, 7)",minecraft:spruce_slab,"{'type': 'top', 'waterlogged': 'false'}",
"(28, 9, 7)",minecraft:spruce_trapdoor,"{'facing': 'east', 'half': 'top', 'open': 'false', 'powered': 'false', 'waterlogged': 'false'}",
"(29, 9, 7)",minecraft:spruce_slab,"{'type': 'top', 'waterlogged': 'false'}",
"(30, 9, 7)",minecraft:spruce_trapdoor,"{'facing': 'east', 'half': 'top', 'open': 'false', 'powered': 'false', 'waterlogged': 'false'}",
"(31, 9, 7)",minecraft:spruce_slab,"{'type': 'top', 'waterlogged': 'false'}",
"(33, 9, 7)",minecraft:andesite,{},
"(34, 9, 7)",minecraft:stone,{},
"(35, 9, 7)",minecraft:stone_bricks,{},
"(36, 9, 7)",minecraft:repeating_command_block,"{'conditional': 'false', 'facing': 'east'}","{conditionMet: 0b, auto: 0b, components: {}, powered: 0b, Command: """", id: ""minecraft:command_block"", SuccessCount: 0, TrackOutput: 1b, UpdateLastExecution: 1b}"
"(44, 9, 7)",minecraft:stone_bricks,{},
"(45, 9, 7)",minecraft:stone,{},
"(46, 9, 7)",minecraft:stone,{},
"(47, 9, 7)",minecraft:spruce_trapdoor,"{'facing': 'east', 'half': 'top', 'open': 'true', 'powered': 'false', 'waterlogged': 'false'}",
"(7, 9, 8)",minecraft:spruce_fence_gate,"{'facing': 'east', 'in_wall': 'false', 'open': 'true', 'powered': 'false'}",
"(8, 9, 8)",minecraft:gray_stained_glass_pane,"{'east': 'false', 'north': 'true', 'south': 'true', 'waterlogged': 'false', 'west': 'false'}",
"(17, 9, 8)",minecraft:gray_stained_glass_pane,"{'east': 'false', 'north': 'true', 'south': 'true', 'waterlogged': 'false', 'west': 'false'}",
"(18, 9, 8)",minecraft:spruce_fence_gate,"{'facing': 'west', 'in_wall': 'false', 'open': 'true', 'powered': 'false'}",
"(33, 9, 8)",minecraft:oak_planks,{},
"(35, 9, 8)",minecraft:dark_oak_pressure_plate,{'powered': 'false'},
"(44, 9, 8)",minecraft:spruce_door,"{'facing': 'west', 'half': 'upper', 'hinge': 'left', 'open': 'false', 'powered': 'false'}",
"(46, 9, 8)",minecraft:spruce_fence,"{'east': 'false', 'north': 'true', 'south': 'true', 'waterlogged': 'false', 'west': 'false'}",
"(47, 9, 8)",minecraft:lantern,"{'hanging': 'false', 'waterlogged': 'false'}",
"(7, 9, 9)",minecraft:spruce_trapdoor,"{'facing': 'west', 'half': 'bottom', 'open': 'true', 'powered': 'false', 'waterlogged': 'false'}",
"(8, 9, 9)",minecraft:oak_planks,{},
"(10, 9, 9)",minecraft:spruce_trapdoor,"{'facing': 'north', 'half': 'top', 'open': 'true', 'powered': 'false', 'waterlogged': 'false'}",
"(11, 9, 9)",minecraft:spruce_trapdoor,"{'facing': 'north', 'half': 'top', 'open': 'true', 'powered': 'false', 'waterlogged': 'false'}",
"(13, 9, 9)",minecraft:andesite,{},
"(14, 9, 9)",minecraft:stone,{},
"(15, 9, 9)",minecraft:stone,{},
"(17, 9, 9)",minecraft:oak_planks,{},
"(32, 9, 9)",minecraft:lantern,"{'hanging': 'false', 'waterlogged': 'false'}",
"(33, 9, 9)",minecraft:gray_stained_glass_pane,"{'east': 'false', 'north': 'true', 'south': 'true', 'waterlogged': 'false', 'west': 'false'}",
"(44, 9, 9)",minecraft:stone,{},
"(45, 9, 9)",minecraft:stone_bricks,{},
"(46, 9, 9)",minecraft:andesite,{},
"(8, 9, 10)",minecraft:stripped_spruce_log,{'axis': 'y'},
"(9, 9, 10)",minecraft:oak_planks,{},
"(10, 9, 10)",minecraft:oak_stairs,"{'facing': 'west', 'half': 'top', 'shape': 'straight', 'waterlogged': 'false'}",
"(11, 9, 10)",minecraft:oak_stairs,"{'facing': 'east', 'half': 'top', 'shape': 'straight', 'waterlogged': 'false'}",
"(12, 9, 10)",minecraft:stripped_oak_wood,{'axis': 'x'},
"(13, 9, 10)",minecraft:stone_bricks,{},
"(15, 9, 10)",minecraft:stone_bricks,{},
"(16, 9, 10)",minecraft:stripped_oak_wood,{'axis': 'x'},
"(17, 9, 10)",minecraft:stripped_spruce_log,{'axis': 'y'},
"(26, 9, 10)",minecraft:oak_leaves,"{'distance': '7', 'persistent': 'true', 'waterlogged': 'false'}",
"(32, 9, 10)",minecraft:spruce_trapdoor,"{'facing': 'west', 'half': 'top', 'open': 'true', 'powered': 'false', 'waterlogged': 'false'}",
"(33, 9, 10)",minecraft:stripped_oak_wood,{'axis': 'z'},
"(35, 9, 10)",minecraft:flower_pot,{},
"(44, 9, 10)",minecraft:repeating_command_block,"{'conditional': 'false', 'facing': 'west'}","{conditionMet: 0b, auto: 0b, components: {}, powered: 0b, Command: """", id: ""minecraft:command_block"", SuccessCount: 0, TrackOutput: 1b, UpdateLastExecution: 1b}"
"(45, 9, 10)",minecraft:stripped_oak_wood,{'axis': 'z'},
"(12, 9, 11)",minecraft:lantern,"{'hanging': 'true', 'waterlogged': 'false'}",
"(13, 9, 11)",minecraft:stone_bricks,{},
"(14, 9, 11)",minecraft:spruce_fence,"{'east': 'true', 'north': 'false', 'south': 'false', 'waterlogged': 'false', 'west': 'true'}",
"(15, 9, 11)",minecraft:stone_bricks,{},
"(24, 9, 11)",minecraft:oak_leaves,"{'distance': '7', 'persistent': 'true', 'waterlogged': 'false'}",
"(25, 9, 11)",minecraft:oak_leaves,"{'distance': '7', 'persistent': 'true', 'waterlogged': 'false'}",
"(26, 9, 11)",minecraft:spruce_fence,"{'east': 'true', 'north': 'false', 'south': 'false', 'waterlogged': 'false', 'west': 'false'}",
"(27, 9, 11)",minecraft:spruce_fence,"{'east': 'false', 'north': 'false', 'south': 'false', 'waterlogged': 'false', 'west': 'true'}",
"(28, 9, 11)",minecraft:oak_leaves,"{'distance': '7', 'persistent': 'true', 'waterlogged': 'false'}",
"(33, 9, 11)",minecraft:stripped_spruce_log,{'axis': 'y'},
"(34, 9, 11)",minecraft:stripped_oak_wood,{'axis': 'x'},
"(35, 9, 11)",minecraft:oak_planks,{},
"(36, 9, 11)",minecraft:gray_stained_glass_pane,"{'east': 'true', 'north': 'false', 'south': 'false', 'waterlogged': 'false', 'west': 'true'}",
"(37, 9, 11)",minecraft:oak_planks,{},
"(38, 9, 11)",minecraft:oak_planks,{},
"(39, 9, 11)",minecraft:gray_stained_glass_pane,"{'east': 'true', 'north': 'false', 'south': 'false', 'waterlogged': 'false', 'west': 'true'}",
"(40, 9, 11)",minecraft:stripped_oak_wood,{'axis': 'x'},
"(41, 9, 11)",minecraft:oak_planks,{},
"(42, 9, 11)",minecraft:gray_stained_glass_pane,"{'east': 'true', 'north': 'false', 'south': 'false', 'waterlogged': 'false', 'west': 'true'}",
"(43, 9, 11)",minecraft:stripped_oak_wood,{'axis': 'x'},
"(44, 9, 11)",minecraft:stripped_oak_wood,{'axis': 'x'},
"(45, 9, 11)",minecraft:stripped_spruce_log,{'axis': 'y'},
"(14, 9, 12)",minecraft:spruce_fence_gate,"{'facing': 'north', 'in_wall': 'false', 'open': 'true', 'powered': 'false'}",
"(15, 9, 12)",minecraft:spruce_trapdoor,"{'facing': 'south', 'half': 'bottom', 'open': 'true', 'powered': 'false', 'waterlogged': 'false'}",
"(23, 9, 12)",minecraft:oak_leaves,"{'distance': '7', 'persistent': 'true', 'waterlogged': 'false'}",
"(24, 9, 12)",minecraft:oak_leaves,"{'distance': '7', 'persistent': 'true', 'waterlogged': 'false'}",
"(25, 9, 12)",minecraft:oak_leaves,"{'distance': '7', 'persistent': 'true', 'waterlogged': 'false'}",
"(26, 9, 12)",minecraft:oak_leaves,"{'distance': '7', 'persistent': 'true', 'waterlogged': 'false'}",
"(28, 9, 12)",minecraft:oak_leaves,"{'distance': '7', 'persistent': 'true', 'waterlogged': 'false'}",
"(29, 9, 12)",minecraft:oak_leaves,"{'distance': '7', 'persistent': 'true', 'waterlogged': 'false'}",
"(36, 9, 12)",minecraft:spruce_fence_gate,"{'facing': 'north', 'in_wall': 'false', 'open': 'true', 'powered': 'false'}",
"(38, 9, 12)",minecraft:acacia_leaves,"{'distance': '7', 'persistent': 'true', 'waterlogged': 'false'}",
"(39, 9, 12)",minecraft:spruce_fence_gate,"{'facing': 'north', 'in_wall': 'false', 'open': 'true', 'powered': 'false'}",
"(42, 9, 12)",minecraft:spruce_fence_gate,"{'facing': 'north', 'in_wall': 'false', 'open': 'true', 'powered': 'false'}",
"(21, 9, 13)",minecraft:oak_leaves,"{'distance': '7', 'persistent': 'true', 'waterlogged': 'false'}",
"(23, 9, 13)",minecraft:spruce_fence,"{'east': 'true', 'north': 'false', 'south': 'false', 'waterlogged': 'false', 'west': 'false'}",
"(24, 9, 13)",minecraft:spruce_fence,"{'east': 'true', 'north': 'false', 'south': 'true', 'waterlogged': 'false', 'west': 'true'}",
"(25, 9, 13)",minecraft:spruce_fence,"{'east': 'true', 'north': 'false', 'south': 'false', 'waterlogged': 'false', 'west': 'true'}",
"(26, 9, 13)",minecraft:spruce_fence,"{'east': 'false', 'north': 'false', 'south': 'false', 'waterlogged': 'false', 'west': 'true'}",
"(27, 9, 13)",minecraft:oak_leaves,"{'distance': '7', 'persistent': 'true', 'waterlogged': 'false'}",
"(28, 9, 13)",minecraft:oak_leaves,"{'distance': '7', 'persistent': 'true', 'waterlogged': 'false'}",
"(45, 9, 13)",minecraft:brick_slab,"{'type': 'bottom', 'waterlogged': 'false'}",
"(20, 9, 14)",minecraft:oak_leaves,"{'distance': '6', 'persistent': 'true', 'waterlogged': 'false'}",
"(21, 9, 14)",minecraft:spruce_fence,"{'east': 'false', 'north': 'false', 'south': 'true', 'waterlogged': 'false', 'west': 'false'}",
"(22, 9, 14)",minecraft:oak_leaves,"{'distance': '4', 'persistent': 'true', 'waterlogged': 'false'}",
"(23, 9, 14)",minecraft:oak_leaves,"{'distance': '3', 'persistent': 'true', 'waterlogged': 'false'}",
"(24, 9, 14)",minecraft:spruce_fence,"{'east': 'false', 'north': 'true', 'south': 'true', 'waterlogged': 'false', 'west': 'false'}",
"(25, 9, 14)",minecraft:oak_leaves,"{'distance': '3', 'persistent': 'true', 'waterlogged': 'false'}",
"(27, 9, 14)",minecraft:spruce_fence,"{'east': 'false', 'north': 'false', 'south': 'false', 'waterlogged': 'false', 'west': 'false'}",
"(28, 9, 14)",minecraft:oak_leaves,"{'distance': '7', 'persistent': 'true', 'waterlogged': 'false'}",
"(44, 9, 14)",minecraft:brick_stairs,"{'facing': 'east', 'half': 'bottom', 'shape': 'straight', 'waterlogged': 'false'}",
"(46, 9, 14)",minecraft:bricks,{},
"(20, 9, 15)",minecraft:oak_leaves,"{'distance': '7', 'persistent': 'true', 'waterlogged': 'false'}",
"(21, 9, 15)",minecraft:spruce_fence,"{'east': 'true', 'north': 'true', 'south': 'false', 'waterlogged': 'false', 'west': 'false'}",
"(22, 9, 15)",minecraft:spruce_fence,"{'east': 'true', 'north': 'false', 'south': 'true', 'waterlogged': 'false', 'west': 'true'}",
"(23, 9, 15)",minecraft:spruce_fence,"{'east': 'true', 'north': 'false', 'south': 'false', 'waterlogged': 'false', 'west': 'true'}",
"(24, 9, 15)",minecraft:oak_wood,{'axis': 'y'},
"(25, 9, 15)",minecraft:spruce_fence,"{'east': 'false', 'north': 'false', 'south': 'false', 'waterlogged': 'false', 'west': 'true'}",
"(26, 9, 15)",minecraft:oak_leaves,"{'distance': '7', 'persistent': 'true', 'waterlogged': 'false'}",
"(27, 9, 15)",minecraft:oak_leaves,"{'distance': '7', 'persistent': 'true', 'waterlogged': 'false'}",
"(28, 9, 15)",minecraft:spruce_fence,"{'east': 'false', 'north': 'false', 'south': 'false', 'waterlogged': 'false', 'west': 'false'}",
"(29, 9, 15)",minecraft:oak_leaves,"{'distance': '7', 'persistent': 'true', 'waterlogged': 'false'}",
"(44, 9, 15)",minecraft:spruce_slab,"{'type': 'top', 'waterlogged': 'false'}",
"(45, 9, 15)",minecraft:acacia_leaves,"{'distance': '7', 'persistent': 'true', 'waterlogged': 'false'}",
"(46, 9, 15)",minecraft:spruce_slab,"{'type': 'top', 'waterlogged': 'false'}",
"(12, 9, 16)",minecraft:acacia_leaves,"{'distance': '7', 'persistent': 'true', 'waterlogged': 'false'}",
"(20, 9, 16)",minecraft:oak_leaves,"{'distance': '7', 'persistent': 'true', 'waterlogged': 'false'}",
"(21, 9, 16)",minecraft:oak_leaves,"{'distance': '6', 'persistent': 'true', 'waterlogged': 'false'}",
"(22, 9, 16)",minecraft:spruce_fence,"{'east': 'false', 'north': 'true', 'south': 'false', 'waterlogged': 'false', 'west': 'false'}",
"(23, 9, 16)",minecraft:oak_leaves,"{'distance': '3', 'persistent': 'true', 'waterlogged': 'false'}",
"(24, 9, 16)",minecraft:spruce_fence,"{'east': 'false', 'north': 'true', 'south': 'true', 'waterlogged': 'false', 'west': 'false'}",
"(26, 9, 16)",minecraft:oak_leaves,"{'distance': '7', 'persistent': 'true', 'waterlogged': 'false'}",
"(27, 9, 16)",minecraft:oak_leaves,"{'distance': '7', 'persistent': 'true', 'waterlogged': 'false'}",
"(28, 9, 16)",minecraft:oak_leaves,"{'distance': '7', 'persistent': 'true', 'waterlogged': 'false'}",
"(42, 9, 16)",minecraft:oak_log,{'axis': 'y'},
"(43, 9, 16)",minecraft:stripped_oak_wood,{'axis': 'x'},
"(44, 9, 16)",minecraft:oak_planks,{},
"(45, 9, 16)",minecraft:oak_planks,{},
"(46, 9, 16)",minecraft:stripped_oak_wood,{'axis': 'x'},
"(47, 9, 16)",minecraft:oak_planks,{},
"(48, 9, 16)",minecraft:stripped_spruce_log,{'axis': 'y'},
"(20, 9, 17)",minecraft:oak_leaves,"{'distance': '7', 'persistent': 'true', 'waterlogged': 'false'}",
"(21, 9, 17)",minecraft:oak_leaves,"{'distance': '7', 'persistent': 'true', 'waterlogged': 'false'}",
"(22, 9, 17)",minecraft:oak_leaves,"{'distance': '7', 'persistent': 'true', 'waterlogged': 'false'}",
"(23, 9, 17)",minecraft:spruce_fence,"{'east': 'true', 'north': 'false', 'south': 'false', 'waterlogged': 'false', 'west': 'false'}",
"(24, 9, 17)",minecraft:spruce_fence,"{'east': 'false', 'north': 'true', 'south': 'false', 'waterlogged': 'false', 'west': 'true'}",
"(25, 9, 17)",minecraft:oak_leaves,"{'distance': '7', 'persistent': 'true', 'waterlogged': 'false'}",
"(26, 9, 17)",minecraft:oak_leaves,"{'distance': '7', 'persistent': 'true', 'waterlogged': 'false'}",
"(42, 9, 17)",minecraft:oak_planks,{},
"(43, 9, 17)",minecraft:spruce_trapdoor,"{'facing': 'north', 'half': 'bottom', 'open': 'true', 'powered': 'false', 'waterlogged': 'false'}",
"(46, 9, 17)",minecraft:barrel,"{'facing': 'south', 'open': 'false'}","{components: {}, Items: [], id: ""minecraft:barrel""}"
"(47, 9, 17)",minecraft:barrel,"{'facing': 'south', 'open': 'false'}","{components: {}, Items: [], id: ""minecraft:barrel""}"
"(48, 9, 17)",minecraft:barrel,"{'facing': 'west', 'open': 'false'}","{components: {}, Items: [], id: ""minecraft:barrel""}"
"(49, 9, 17)",minecraft:oak_planks,{},
"(8, 9, 18)",minecraft:stripped_spruce_log,{'axis': 'y'},
"(9, 9, 18)",minecraft:oak_planks,{},
"(10, 9, 18)",minecraft:oak_stairs,"{'facing': 'west', 'half': 'top', 'shape': 'straight', 'waterlogged': 'false'}",
"(11, 9, 18)",minecraft:oak_stairs,"{'facing': 'east', 'half': 'top', 'shape': 'straight', 'waterlogged': 'false'}",
"(12, 9, 18)",minecraft:oak_planks,{},
"(13, 9, 18)",minecraft:oak_planks,{},
"(14, 9, 18)",minecraft:stripped_spruce_log,{'axis': 'y'},
"(22, 9, 18)",minecraft:oak_leaves,"{'distance': '7', 'persistent': 'true', 'waterlogged': 'false'}",
"(23, 9, 18)",minecraft:oak_leaves,"{'distance': '7', 'persistent': 'true', 'waterlogged': 'false'}",
"(24, 9, 18)",minecraft:oak_leaves,"{'distance': '7', 'persistent': 'true', 'waterlogged': 'false'}",
"(25, 9, 18)",minecraft:oak_leaves,"{'distance': '7', 'persistent': 'true', 'waterlogged': 'false'}",
"(41, 9, 18)",minecraft:spruce_trapdoor,"{'facing': 'north', 'half': 'bottom', 'open': 'true', 'powered': 'false', 'waterlogged': 'false'}",
"(42, 9, 18)",minecraft:stripped_oak_wood,{'axis': 'z'},
"(43, 9, 18)",minecraft:spruce_stairs,"{'facing': 'north', 'half': 'top', 'shape': 'straight', 'waterlogged': 'false'}",
"(48, 9, 18)",minecraft:barrel,"{'facing': 'west', 'open': 'false'}","{components: {}, Items: [], id: ""minecraft:barrel""}"
"(49, 9, 18)",minecraft:stripped_oak_wood,{'axis': 'z'},
"(50, 9, 18)",minecraft:spruce_slab,"{'type': 'top', 'waterlogged': 'false'}",
"(7, 9, 19)",minecraft:spruce_slab,"{'type': 'bottom', 'waterlogged': 'false'}",
"(8, 9, 19)",minecraft:stripped_oak_wood,{'axis': 'z'},
"(9, 9, 19)",minecraft:azalea_leaves,"{'distance': '1', 'persistent': 'true', 'waterlogged': 'false'}",
"(10, 9, 19)",minecraft:spruce_trapdoor,"{'facing': 'south', 'half': 'top', 'open': 'true', 'powered': 'false', 'waterlogged': 'false'}",
"(11, 9, 19)",minecraft:spruce_trapdoor,"{'facing': 'south', 'half': 'top', 'open': 'true', 'powered': 'false', 'waterlogged': 'false'}",
"(12, 9, 19)",minecraft:flowering_azalea_leaves,"{'distance': '2', 'persistent': 'true', 'waterlogged': 'false'}",
"(13, 9, 19)",minecraft:flowering_azalea_leaves,"{'distance': '2', 'persistent': 'true', 'waterlogged': 'false'}",
"(14, 9, 19)",minecraft:oak_planks,{},
"(15, 9, 19)",minecraft:lantern,"{'hanging': 'true', 'waterlogged': 'false'}",
"(26, 9, 19)",minecraft:oak_leaves,"{'distance': '7', 'persistent': 'true', 'waterlogged': 'false'}",
"(40, 9, 19)",minecraft:spruce_trapdoor,"{'facing': 'west', 'half': 'bottom', 'open': 'true', 'powered': 'false', 'waterlogged': 'false'}",
"(41, 9, 19)",minecraft:coarse_dirt,{},
"(42, 9, 19)",minecraft:stripped_oak_wood,{'axis': 'z'},
"(43, 9, 19)",minecraft:spruce_slab,"{'type': 'top', 'waterlogged': 'false'}",
"(45, 9, 19)",minecraft:red_carpet,{},
"(46, 9, 19)",minecraft:white_carpet,{},
"(48, 9, 19)",minecraft:barrel,"{'facing': 'west', 'open': 'false'}","{components: {}, Items: [], id: ""minecraft:barrel""}"
"(49, 9, 19)",minecraft:oak_planks,{},
"(6, 9, 20)",minecraft:spruce_slab,"{'type': 'bottom', 'waterlogged': 'false'}",
"(7, 9, 20)",minecraft:spruce_planks,{},
"(8, 9, 20)",minecraft:oak_planks,{},
"(13, 9, 20)",minecraft:spruce_trapdoor,"{'facing': 'west', 'half': 'top', 'open': 'true', 'powered': 'false', 'waterlogged': 'false'}",
"(14, 9, 20)",minecraft:oak_stairs,"{'facing': 'north', 'half': 'top', 'shape': 'straight', 'waterlogged': 'false'}",
"(21, 9, 20)",minecraft:spruce_trapdoor,"{'facing': 'north', 'half': 'bottom', 'open': 'true', 'powered': 'false', 'waterlogged': 'false'}",
"(40, 9, 20)",minecraft:acacia_leaves,"{'distance': '7', 'persistent': 'true', 'waterlogged': 'false'}",
"(41, 9, 20)",minecraft:coarse_dirt,{},
"(42, 9, 20)",minecraft:oak_planks,{},
"(43, 9, 20)",minecraft:spruce_slab,"{'type': 'top', 'waterlogged': 'false'}",
"(45, 9, 20)",minecraft:red_carpet,{},
"(46, 9, 20)",minecraft:white_carpet,{},
"(48, 9, 20)",minecraft:oak_planks,{},
"(4, 9, 21)",minecraft:oak_log,{'axis': 'y'},
"(5, 9, 21)",minecraft:oak_planks,{},
"(6, 9, 21)",minecraft:oak_planks,{},
"(7, 9, 21)",minecraft:stripped_oak_wood,{'axis': 'x'},
"(13, 9, 21)",minecraft:spruce_trapdoor,"{'facing': 'west', 'half': 'top', 'open': 'true', 'powered': 'false', 'waterlogged': 'false'}",
"(14, 9, 21)",minecraft:oak_stairs,"{'facing': 'south', 'half': 'top', 'shape': 'straight', 'waterlogged': 'false'}",
"(21, 9, 21)",minecraft:campfire,"{'facing': 'east', 'lit': 'false', 'signal_fire': 'false', 'waterlogged': 'false'}","{components: {}, Items: [{count: 1, Slot: 0b, id: ""minecraft:chicken""}, {count: 1, Slot: 1b, id: ""minecraft:chicken""}, {count: 1, Slot: 2b, id: ""minecraft:beef""}], CookingTimes: [I; 0, 0, 0, 0], CookingTotalTimes: [I; 600, 600, 600, 0], id: ""minecraft:campfire""}"
"(40, 9, 21)",minecraft:oak_trapdoor,"{'facing': 'west', 'half': 'bottom', 'open': 'true', 'powered': 'false', 'waterlogged': 'false'}",
"(41, 9, 21)",minecraft:coarse_dirt,{},
"(42, 9, 21)",minecraft:stripped_oak_wood,{'axis': 'z'},
"(43, 9, 21)",minecraft:spruce_slab,"{'type': 'top', 'waterlogged': 'false'}",
"(45, 9, 21)",minecraft:white_carpet,{},
"(46, 9, 21)",minecraft:red_carpet,{},
"(48, 9, 21)",minecraft:spruce_stairs,"{'facing': 'east', 'half': 'top', 'shape': 'straight', 'waterlogged': 'false'}",
"(49, 9, 21)",minecraft:oak_planks,{},
"(3, 9, 22)",minecraft:spruce_trapdoor,"{'facing': 'west', 'half': 'bottom', 'open': 'true', 'powered': 'false', 'waterlogged': 'false'}",
"(4, 9, 22)",minecraft:oak_planks,{},
"(5, 9, 22)",minecraft:flowering_azalea_leaves,"{'distance': '2', 'persistent': 'true', 'waterlogged': 'false'}",
"(13, 9, 22)",minecraft:spruce_trapdoor,"{'facing': 'north', 'half': 'bottom', 'open': 'true', 'powered': 'false', 'waterlogged': 'false'}",
"(14, 9, 22)",minecraft:oak_planks,{},
"(16, 9, 22)",minecraft:spruce_trapdoor,"{'facing': 'north', 'half': 'bottom', 'open': 'true', 'powered': 'false', 'waterlogged': 'false'}",
"(17, 9, 22)",minecraft:spruce_fence_gate,"{'facing': 'south', 'in_wall': 'false', 'open': 'true', 'powered': 'false'}",
"(18, 9, 22)",minecraft:acacia_leaves,"{'distance': '7', 'persistent': 'true', 'waterlogged': 'false'}",
"(21, 9, 22)",minecraft:campfire,"{'facing': 'east', 'lit': 'false', 'signal_fire': 'false', 'waterlogged': 'false'}","{components: {}, Items: [{count: 1, Slot: 0b, id: ""minecraft:porkchop""}, {count: 1, Slot: 1b, id: ""minecraft:porkchop""}, {count: 1, Slot: 2b, id: ""minecraft:beef""}], CookingTimes: [I; 0, 0, 0, 0], CookingTotalTimes: [I; 600, 600, 600, 0], id: ""minecraft:campfire""}"
"(22, 9, 22)",minecraft:stone,{},
"(23, 9, 22)",minecraft:stone,{},
"(40, 9, 22)",minecraft:spruce_trapdoor,"{'facing': 'west', 'half': 'bottom', 'open': 'true', 'powered': 'false', 'waterlogged': 'false'}",
"(41, 9, 22)",minecraft:coarse_dirt,{},
"(42, 9, 22)",minecraft:oak_planks,{},
"(43, 9, 22)",minecraft:spruce_slab,"{'type': 'top', 'waterlogged': 'false'}",
"(45, 9, 22)",minecraft:red_carpet,{},
"(46, 9, 22)",minecraft:white_carpet,{},
"(48, 9, 22)",minecraft:spruce_trapdoor,"{'facing': 'west', 'half': 'top', 'open': 'false', 'powered': 'false', 'waterlogged': 'false'}",
"(49, 9, 22)",minecraft:stripped_oak_wood,{'axis': 'z'},
"(50, 9, 22)",minecraft:spruce_slab,"{'type': 'top', 'waterlogged': 'false'}",
"(3, 9, 23)",minecraft:spruce_fence_gate,"{'facing': 'east', 'in_wall': 'false', 'open': 'true', 'powered': 'false'}",
"(4, 9, 23)",minecraft:gray_stained_glass_pane,"{'east': 'false', 'north': 'true', 'south': 'true', 'waterlogged': 'false', 'west': 'false'}",
"(13, 9, 23)",minecraft:spruce_slab,"{'type': 'top', 'waterlogged': 'false'}",
"(14, 9, 23)",minecraft:stone_bricks,{},
"(15, 9, 23)",minecraft:stone,{},
"(16, 9, 23)",minecraft:stone_bricks,{},
"(17, 9, 23)",minecraft:gray_stained_glass_pane,"{'east': 'true', 'north': 'false', 'south': 'false', 'waterlogged': 'false', 'west': 'true'}",
"(18, 9, 23)",minecraft:stone,{},
"(19, 9, 23)",minecraft:stone_stairs,"{'facing': 'west', 'half': 'top', 'shape': 'straight', 'waterlogged': 'false'}",
"(20, 9, 23)",minecraft:stone_brick_stairs,"{'facing': 'east', 'half': 'top', 'shape': 'straight', 'waterlogged': 'false'}",
"(21, 9, 23)",minecraft:stone,{},
"(22, 9, 23)",minecraft:stone_bricks,{},
"(23, 9, 23)",minecraft:stone,{},
"(34, 9, 23)",minecraft:acacia_leaves,"{'distance': '7', 'persistent': 'true', 'waterlogged': 'false'}",
"(41, 9, 23)",minecraft:spruce_trapdoor,"{'facing': 'south', 'half': 'bottom', 'open': 'true', 'powered': 'false', 'waterlogged': 'false'}",
"(42, 9, 23)",minecraft:stripped_oak_wood,{'axis': 'z'},
"(43, 9, 23)",minecraft:spruce_stairs,"{'facing': 'south', 'half': 'top', 'shape': 'straight', 'waterlogged': 'false'}",
"(45, 9, 23)",minecraft:white_carpet,{},
"(46, 9, 23)",minecraft:red_carpet,{},
"(48, 9, 23)",minecraft:spruce_stairs,"{'facing': 'east', 'half': 'top', 'shape': 'straight', 'waterlogged': 'false'}",
"(49, 9, 23)",minecraft:stripped_oak_wood,{'axis': 'z'},
"(1, 9, 24)",minecraft:iron_chain,"{'axis': 'y', 'waterlogged': 'false'}",
"(4, 9, 24)",minecraft:oak_planks,{},
"(13, 9, 24)",minecraft:spruce_slab,"{'type': 'top', 'waterlogged': 'false'}",
"(14, 9, 24)",minecraft:stone_bricks,{},
"(19, 9, 24)",minecraft:spruce_trapdoor,"{'facing': 'south', 'half': 'top', 'open': 'true', 'powered': 'false', 'waterlogged': 'false'}",
"(20, 9, 24)",minecraft:spruce_trapdoor,"{'facing': 'south', 'half': 'top', 'open': 'true', 'powered': 'false', 'waterlogged': 'false'}",
"(21, 9, 24)",minecraft:repeating_command_block,"{'conditional': 'false', 'facing': 'west'}","{conditionMet: 0b, auto: 0b, components: {}, powered: 0b, Command: """", id: ""minecraft:command_block"", SuccessCount: 0, TrackOutput: 1b, UpdateLastExecution: 1b}"
"(22, 9, 24)",minecraft:stone,{},
"(24, 9, 24)",minecraft:jungle_leaves,"{'distance': '7', 'persistent': 'true', 'waterlogged': 'false'}",
"(27, 9, 24)",minecraft:stone_bricks,{},
"(28, 9, 24)",minecraft:stone,{},
"(29, 9, 24)",minecraft:andesite_wall,"{'east': 'none', 'north': 'none', 'south': 'tall', 'up': 'true', 'waterlogged': 'false', 'west': 'tall'}",
"(33, 9, 24)",minecraft:stone_brick_wall,"{'east': 'tall', 'north': 'none', 'south': 'tall', 'up': 'true', 'waterlogged': 'false', 'west': 'none'}",
"(34, 9, 24)",minecraft:stone,{},
"(35, 9, 24)",minecraft:stone,{},
"(40, 9, 24)",minecraft:acacia_leaves,"{'distance': '2', 'persistent': 'true', 'waterlogged': 'false'}",
"(42, 9, 24)",minecraft:stripped_oak_wood,{'axis': 'z'},
"(48, 9, 24)",minecraft:oak_planks,{},
"(3, 9, 25)",minecraft:spruce_fence_gate,"{'facing': 'east', 'in_wall': 'false', 'open': 'true', 'powered': 'false'}",
"(4, 9, 25)",minecraft:gray_stained_glass_pane,"{'east': 'false', 'north': 'true', 'south': 'true', 'waterlogged': 'false', 'west': 'false'}",
"(13, 9, 25)",minecraft:spruce_slab,"{'type': 'top', 'waterlogged': 'false'}",
"(14, 9, 25)",minecraft:stone_bricks,{},
"(21, 9, 25)",minecraft:repeating_command_block,"{'conditional': 'false', 'facing': 'west'}","{conditionMet: 0b, auto: 0b, components: {}, powered: 0b, Command: """", id: ""minecraft:command_block"", SuccessCount: 0, TrackOutput: 1b, UpdateLastExecution: 1b}"
"(22, 9, 25)",minecraft:stone_bricks,{},
"(23, 9, 25)",minecraft:jungle_leaves,"{'distance': '7', 'persistent': 'true', 'waterlogged': 'false'}",
"(24, 9, 25)",minecraft:dark_oak_fence,"{'east': 'false', 'north': 'false', 'south': 'true', 'waterlogged': 'false', 'west': 'false'}",
"(25, 9, 25)",minecraft:jungle_leaves,"{'distance': '7', 'persistent': 'true', 'waterlogged': 'false'}",
"(27, 9, 25)",minecraft:andesite,{},
"(29, 9, 25)",minecraft:spruce_trapdoor,"{'facing': 'south', 'half': 'bottom', 'open': 'true', 'powered': 'false', 'waterlogged': 'false'}",
"(30, 9, 25)",minecraft:spruce_trapdoor,"{'facing': 'south', 'half': 'bottom', 'open': 'true', 'powered': 'false', 'waterlogged': 'false'}",
"(31, 9, 25)",minecraft:spruce_trapdoor,"{'facing': 'south', 'half': 'bottom', 'open': 'true', 'powered': 'false', 'waterlogged': 'false'}",
"(32, 9, 25)",minecraft:spruce_trapdoor,"{'facing': 'south', 'half': 'bottom', 'open': 'true', 'powered': 'false', 'waterlogged': 'false'}",
"(33, 9, 25)",minecraft:spruce_trapdoor,"{'facing': 'south', 'half': 'bottom', 'open': 'true', 'powered': 'false', 'waterlogged': 'false'}",
"(35, 9, 25)",minecraft:andesite,{},
"(38, 9, 25)",minecraft:stripped_spruce_log,{'axis': 'y'},
"(39, 9, 25)",minecraft:stripped_oak_wood,{'axis': 'x'},
"(40, 9, 25)",minecraft:oak_planks,{},
"(41, 9, 25)",minecraft:oak_planks,{},
"(42, 9, 25)",minecraft:cauldron,{},
"(48, 9, 25)",minecraft:cauldron,{},
"(49, 9, 25)",minecraft:stripped_oak_wood,{'axis': 'x'},
"(50, 9, 25)",minecraft:oak_planks,{},
"(51, 9, 25)",minecraft:stripped_spruce_log,{'axis': 'y'},
"(3, 9, 26)",minecraft:spruce_trapdoor,"{'facing': 'west', 'half': 'bottom', 'open': 'true', 'powered': 'false', 'waterlogged': 'false'}",
"(4, 9, 26)",minecraft:stripped_oak_wood,{'axis': 'z'},
"(5, 9, 26)",minecraft:azalea_leaves,"{'distance': '1', 'persistent': 'true', 'waterlogged': 'false'}",
"(13, 9, 26)",minecraft:spruce_slab,"{'type': 'top', 'waterlogged': 'false'}",
"(14, 9, 26)",minecraft:andesite,{},
"(15, 9, 26)",minecraft:stone_brick_wall,"{'east': 'none', 'north': 'none', 'south': 'low', 'up': 'true', 'waterlogged': 'false', 'west': 'low'}",
"(21, 9, 26)",minecraft:repeating_command_block,"{'conditional': 'false', 'facing': 'west'}","{conditionMet: 0b, auto: 0b, components: {}, powered: 0b, Command: """", id: ""minecraft:command_block"", SuccessCount: 0, TrackOutput: 1b, UpdateLastExecution: 1b}"
"(22, 9, 26)",minecraft:andesite,{},
"(23, 9, 26)",minecraft:stone,{},
"(24, 9, 26)",minecraft:andesite,{},
"(25, 9, 26)",minecraft:andesite,{},
"(26, 9, 26)",minecraft:stone_bricks,{},
"(27, 9, 26)",minecraft:stone,{},
"(35, 9, 26)",minecraft:stone,{},
"(36, 9, 26)",minecraft:andesite,{},
"(37, 9, 26)",minecraft:stone_bricks,{},
"(38, 9, 26)",minecraft:andesite,{},
"(39, 9, 26)",minecraft:lantern,"{'hanging': 'false', 'waterlogged': 'false'}",
"(41, 9, 26)",minecraft:repeating_command_block,"{'conditional': 'false', 'facing': 'south'}","{conditionMet: 0b, auto: 0b, components: {}, powered: 0b, Command: """", id: ""minecraft:command_block"", SuccessCount: 0, TrackOutput: 1b, UpdateLastExecution: 1b}"
"(44, 9, 26)",minecraft:red_carpet,{},
"(50, 9, 26)",minecraft:spruce_stairs,"{'facing': 'north', 'half': 'top', 'shape': 'straight', 'waterlogged': 'false'}",
"(51, 9, 26)",minecraft:oak_planks,{},
"(4, 9, 27)",minecraft:stripped_spruce_log,{'axis': 'y'},
"(5, 9, 27)",minecraft:stripped_oak_wood,{'axis': 'x'},
"(6, 9, 27)",minecraft:oak_planks,{},
"(7, 9, 27)",minecraft:oak_planks,{},
"(13, 9, 27)",minecraft:spruce_trapdoor,"{'facing': 'south', 'half': 'bottom', 'open': 'true', 'powered': 'false', 'waterlogged': 'false'}",
"(14, 9, 27)",minecraft:stone,{},
"(15, 9, 27)",minecraft:stone_brick_wall,"{'east': 'none', 'north': 'low', 'south': 'tall', 'up': 'true', 'waterlogged': 'false', 'west': 'tall'}",
"(21, 9, 27)",minecraft:ladder,"{'facing': 'west', 'waterlogged': 'false'}",
"(22, 9, 27)",minecraft:stone_bricks,{},
"(23, 9, 27)",minecraft:stone,{},
"(27, 9, 27)",minecraft:stone,{},
"(43, 9, 27)",minecraft:red_carpet,{},
"(46, 9, 27)",minecraft:red_carpet,{},
"(50, 9, 27)",minecraft:spruce_slab,"{'type': 'top', 'waterlogged': 'false'}",
"(51, 9, 27)",minecraft:oak_planks,{},
"(52, 9, 27)",minecraft:spruce_slab,"{'type': 'top', 'waterlogged': 'false'}",
"(8, 9, 28)",minecraft:stripped_oak_wood,{'axis': 'z'},
"(11, 9, 28)",minecraft:spruce_trapdoor,"{'facing': 'north', 'half': 'top', 'open': 'true', 'powered': 'false', 'waterlogged': 'false'}",
"(12, 9, 28)",minecraft:spruce_trapdoor,"{'facing': 'north', 'half': 'top', 'open': 'true', 'powered': 'false', 'waterlogged': 'false'}",
"(13, 9, 28)",minecraft:repeating_command_block,"{'conditional': 'false', 'facing': 'west'}","{conditionMet: 0b, auto: 0b, components: {}, powered: 0b, Command: """", id: ""minecraft:command_block"", SuccessCount: 0, TrackOutput: 1b, UpdateLastExecution: 1b}"
"(14, 9, 28)",minecraft:stone_bricks,{},
"(15, 9, 28)",minecraft:stone_brick_wall,"{'east': 'none', 'north': 'tall', 'south': 'none', 'up': 'true', 'waterlogged': 'false', 'west': 'tall'}",
"(22, 9, 28)",minecraft:stone_bricks,{},
"(23, 9, 28)",minecraft:stone_bricks,{},
"(25, 9, 28)",minecraft:oak_log,{'axis': 'y'},
"(27, 9, 28)",minecraft:andesite,{},
"(45, 9, 28)",minecraft:red_carpet,{},
"(48, 9, 28)",minecraft:spruce_stairs,"{'facing': 'west', 'half': 'bottom', 'shape': 'straight', 'waterlogged': 'false'}",
"(50, 9, 28)",minecraft:spruce_slab,"{'type': 'top', 'waterlogged': 'false'}",
"(51, 9, 28)",minecraft:oak_planks,{},
"(52, 9, 28)",minecraft:acacia_leaves,"{'distance': '7', 'persistent': 'true', 'waterlogged': 'false'}",
"(4, 9, 29)",minecraft:acacia_leaves,"{'distance': '7', 'persistent': 'true', 'waterlogged': 'false'}",
"(6, 9, 29)",minecraft:acacia_leaves,"{'distance': '7', 'persistent': 'true', 'waterlogged': 'false'}",
"(8, 9, 29)",minecraft:stripped_spruce_log,{'axis': 'y'},
"(9, 9, 29)",minecraft:stripped_oak_wood,{'axis': 'x'},
"(10, 9, 29)",minecraft:oak_planks,{},
"(11, 9, 29)",minecraft:oak_stairs,"{'facing': 'west', 'half': 'top', 'shape': 'straight', 'waterlogged': 'false'}",
"(12, 9, 29)",minecraft:oak_stairs,"{'facing': 'east', 'half': 'top', 'shape': 'straight', 'waterlogged': 'false'}",
"(13, 9, 29)",minecraft:oak_planks,{},
"(14, 9, 29)",minecraft:stone,{},
"(22, 9, 29)",minecraft:stone_bricks,{},
"(23, 9, 29)",minecraft:stone,{},
"(24, 9, 29)",minecraft:spruce_stairs,"{'facing': 'south', 'half': 'bottom', 'shape': 'straight', 'waterlogged': 'false'}",
"(27, 9, 29)",minecraft:stone,{},
"(43, 9, 29)",minecraft:red_carpet,{},
"(44, 9, 29)",minecraft:red_carpet,{},
"(46, 9, 29)",minecraft:red_carpet,{},
"(50, 9, 29)",minecraft:spruce_slab,"{'type': 'top', 'waterlogged': 'false'}",
"(51, 9, 29)",minecraft:stripped_oak_wood,{'axis': 'z'},
"(52, 9, 29)",minecraft:spruce_slab,"{'type': 'top', 'waterlogged': 'false'}",
"(14, 9, 30)",minecraft:andesite,{},
"(17, 9, 30)",minecraft:spruce_trapdoor,"{'facing': 'north', 'half': 'top', 'open': 'true', 'powered': 'false', 'waterlogged': 'false'}",
"(18, 9, 30)",minecraft:spruce_trapdoor,"{'facing': 'north', 'half': 'top', 'open': 'true', 'powered': 'false', 'waterlogged': 'false'}",
"(22, 9, 30)",minecraft:stone,{},
"(23, 9, 30)",minecraft:stone,{},
"(24, 9, 30)",minecraft:spruce_stairs,"{'facing': 'north', 'half': 'top', 'shape': 'straight', 'waterlogged': 'false'}",
"(27, 9, 30)",minecraft:andesite,{},
"(38, 9, 30)",minecraft:stone_bricks,{},
"(39, 9, 30)",minecraft:lantern,"{'hanging': 'false', 'waterlogged': 'false'}",
"(40, 9, 30)",minecraft:repeating_command_block,"{'conditional': 'false', 'facing': 'north'}","{conditionMet: 0b, auto: 0b, components: {}, powered: 0b, Command: """", id: ""minecraft:command_block"", SuccessCount: 0, TrackOutput: 1b, UpdateLastExecution: 1b}"
"(41, 9, 30)",minecraft:repeating_command_block,"{'conditional': 'false', 'facing': 'north'}","{conditionMet: 0b, auto: 0b, components: {}, powered: 0b, Command: """", id: ""minecraft:command_block"", SuccessCount: 0, TrackOutput: 1b, UpdateLastExecution: 1b}"
"(45, 9, 30)",minecraft:red_carpet,{},
"(50, 9, 30)",minecraft:spruce_stairs,"{'facing': 'south', 'half': 'top', 'shape': 'straight', 'waterlogged': 'false'}",
"(51, 9, 30)",minecraft:stripped_oak_wood,{'axis': 'z'},
"(52, 9, 30)",minecraft:acacia_leaves,"{'distance': '1', 'persistent': 'true', 'waterlogged': 'false'}",
"(13, 9, 31)",minecraft:stone,{},
"(14, 9, 31)",minecraft:stone,{},
"(15, 9, 31)",minecraft:stone,{},
"(16, 9, 31)",minecraft:andesite,{},
"(17, 9, 31)",minecraft:stone_brick_stairs,"{'facing': 'west', 'half': 'top', 'shape': 'straight', 'waterlogged': 'false'}",
"(18, 9, 31)",minecraft:andesite_stairs,"{'facing': 'east', 'half': 'top', 'shape': 'straight', 'waterlogged': 'false'}",
"(19, 9, 31)",minecraft:stone,{},
"(20, 9, 31)",minecraft:andesite,{},
"(21, 9, 31)",minecraft:stone_stairs,"{'facing': 'north', 'half': 'top', 'shape': 'straight', 'waterlogged': 'false'}",
"(22, 9, 31)",minecraft:stone,{},
"(23, 9, 31)",minecraft:stone,{},
"(27, 9, 31)",minecraft:stone_bricks,{},
"(38, 9, 31)",minecraft:andesite,{},
"(39, 9, 31)",minecraft:oak_planks,{},
"(40, 9, 31)",minecraft:oak_planks,{},
"(41, 9, 31)",minecraft:stripped_oak_wood,{'axis': 'x'},
"(42, 9, 31)",minecraft:barrel,"{'facing': 'north', 'open': 'false'}","{components: {}, Items: [], id: ""minecraft:barrel""}"
"(48, 9, 31)",minecraft:cauldron,{},
"(49, 9, 31)",minecraft:oak_planks,{},
"(50, 9, 31)",minecraft:oak_planks,{},
"(51, 9, 31)",minecraft:stripped_spruce_log,{'axis': 'y'},
"(7, 9, 32)",minecraft:cobblestone_wall,"{'east': 'none', 'north': 'none', 'south': 'none', 'up': 'true', 'waterlogged': 'false', 'west': 'none'}",
"(13, 9, 32)",minecraft:stone,{},
"(14, 9, 32)",minecraft:andesite,{},
"(15, 9, 32)",minecraft:acacia_leaves,"{'distance': '7', 'persistent': 'true', 'waterlogged': 'false'}",
"(20, 9, 32)",minecraft:stone_bricks,{},
"(22, 9, 32)",minecraft:stone,{},
"(23, 9, 32)",minecraft:stone_bricks,{},
"(27, 9, 32)",minecraft:stone,{},
"(38, 9, 32)",minecraft:stone_bricks,{},
"(39, 9, 32)",minecraft:coarse_dirt,{},
"(40, 9, 32)",minecraft:coarse_dirt,{},
"(41, 9, 32)",minecraft:coarse_dirt,{},
"(42, 9, 32)",minecraft:oak_planks,{},
"(43, 9, 32)",minecraft:bookshelf,{},
"(45, 9, 32)",minecraft:enchanting_table,{},"{components: {}, id: ""minecraft:enchanting_table""}"
"(47, 9, 32)",minecraft:bookshelf,{},
"(48, 9, 32)",minecraft:stripped_oak_wood,{'axis': 'z'},
"(49, 9, 32)",minecraft:bricks,{},
"(20, 9, 33)",minecraft:andesite,{},
"(27, 9, 33)",minecraft:stone,{},
"(38, 9, 33)",minecraft:andesite,{},
"(39, 9, 33)",minecraft:spruce_trapdoor,"{'facing': 'south', 'half': 'bottom', 'open': 'true', 'powered': 'false', 'waterlogged': 'false'}",
"(40, 9, 33)",minecraft:oak_trapdoor,"{'facing': 'south', 'half': 'bottom', 'open': 'true', 'powered': 'false', 'waterlogged': 'false'}",
"(41, 9, 33)",minecraft:spruce_trapdoor,"{'facing': 'south', 'half': 'bottom', 'open': 'true', 'powered': 'false', 'waterlogged': 'false'}",
"(42, 9, 33)",minecraft:stripped_oak_wood,{'axis': 'z'},
"(43, 9, 33)",minecraft:bookshelf,{},
"(44, 9, 33)",minecraft:bookshelf,{},
"(46, 9, 33)",minecraft:bookshelf,{},
"(47, 9, 33)",minecraft:bookshelf,{},
"(48, 9, 33)",minecraft:stripped_oak_wood,{'axis': 'z'},
"(9, 9, 34)",minecraft:acacia_leaves,"{'distance': '7', 'persistent': 'true', 'waterlogged': 'false'}",
"(20, 9, 34)",minecraft:stone,{},
"(21, 9, 34)",minecraft:gray_stained_glass_pane,"{'east': 'true', 'north': 'false', 'south': 'false', 'waterlogged': 'false', 'west': 'true'}",
"(22, 9, 34)",minecraft:stone_bricks,{},
"(23, 9, 34)",minecraft:andesite,{},
"(24, 9, 34)",minecraft:stone,{},
"(25, 9, 34)",minecraft:stone,{},
"(26, 9, 34)",minecraft:stone,{},
"(27, 9, 34)",minecraft:stone_bricks,{},
"(35, 9, 34)",minecraft:stone,{},
"(36, 9, 34)",minecraft:andesite,{},
"(37, 9, 34)",minecraft:stone,{},
"(38, 9, 34)",minecraft:stone_bricks,{},
"(42, 9, 34)",minecraft:oak_log,{'axis': 'y'},
"(43, 9, 34)",minecraft:stripped_oak_wood,{'axis': 'x'},
"(44, 9, 34)",minecraft:oak_planks,{},
"(45, 9, 34)",minecraft:stripped_oak_wood,{'axis': 'x'},
"(46, 9, 34)",minecraft:oak_planks,{},
"(47, 9, 34)",minecraft:oak_planks,{},
"(48, 9, 34)",minecraft:oak_log,{'axis': 'y'},
"(10, 9, 35)",minecraft:cobblestone_wall,"{'east': 'none', 'north': 'none', 'south': 'none', 'up': 'true', 'waterlogged': 'false', 'west': 'none'}",
"(18, 9, 35)",minecraft:cobblestone_wall,"{'east': 'none', 'north': 'none', 'south': 'none', 'up': 'true', 'waterlogged': 'false', 'west': 'none'}",
"(21, 9, 35)",minecraft:spruce_fence_gate,"{'facing': 'north', 'in_wall': 'false', 'open': 'true', 'powered': 'false'}",
"(22, 9, 35)",minecraft:spruce_trapdoor,"{'facing': 'south', 'half': 'bottom', 'open': 'true', 'powered': 'false', 'waterlogged': 'false'}",
"(24, 9, 35)",minecraft:acacia_leaves,"{'distance': '7', 'persistent': 'true', 'waterlogged': 'false'}",
"(25, 9, 35)",minecraft:acacia_leaves,"{'distance': '7', 'persistent': 'true', 'waterlogged': 'false'}",
"(27, 9, 35)",minecraft:stone,{},
"(35, 9, 35)",minecraft:stone_bricks,{},
"(38, 9, 35)",minecraft:acacia_leaves,"{'distance': '7', 'persistent': 'true', 'waterlogged': 'false'}",
"(44, 9, 35)",minecraft:spruce_slab,"{'type': 'top', 'waterlogged': 'false'}",
"(45, 9, 35)",minecraft:acacia_leaves,"{'distance': '1', 'persistent': 'true', 'waterlogged': 'false'}",
"(46, 9, 35)",minecraft:spruce_slab,"{'type': 'top', 'waterlogged': 'false'}",
"(27, 9, 36)",minecraft:stone,{},
"(28, 9, 36)",minecraft:stone,{},
"(29, 9, 36)",minecraft:stone_stairs,"{'facing': 'north', 'half': 'top', 'shape': 'straight', 'waterlogged': 'false'}",
"(30, 9, 36)",minecraft:stone,{},
"(31, 9, 36)",minecraft:stone_stairs,"{'facing': 'north', 'half': 'top', 'shape': 'straight', 'waterlogged': 'false'}",
"(32, 9, 36)",minecraft:stone_bricks,{},
"(33, 9, 36)",minecraft:stone_brick_stairs,"{'facing': 'north', 'half': 'top', 'shape': 'straight', 'waterlogged': 'false'}",
"(34, 9, 36)",minecraft:stone_bricks,{},
"(35, 9, 36)",minecraft:stone_bricks,{},
"(36, 9, 36)",minecraft:acacia_leaves,"{'distance': '7', 'persistent': 'true', 'waterlogged': 'false'}",
"(29, 9, 37)",minecraft:campfire,"{'facing': 'north', 'lit': 'false', 'signal_fire': 'false', 'waterlogged': 'false'}","{components: {}, Items: [], CookingTimes: [I; 0, 0, 0, 0], CookingTotalTimes: [I; 0, 0, 0, 0], id: ""minecraft:campfire""}"
"(31, 9, 37)",minecraft:campfire,"{'facing': 'north', 'lit': 'false', 'signal_fire': 'false', 'waterlogged': 'false'}","{components: {}, Items: [], CookingTimes: [I; 0, 0, 0, 0], CookingTotalTimes: [I; 0, 0, 0, 0], id: ""minecraft:campfire""}"
"(33, 9, 37)",minecraft:campfire,"{'facing': 'north', 'lit': 'false', 'signal_fire': 'false', 'waterlogged': 'false'}","{components: {}, Items: [], CookingTimes: [I; 0, 0, 0, 0], CookingTotalTimes: [I; 0, 0, 0, 0], id: ""minecraft:campfire""}"
"(31, 9, 38)",minecraft:acacia_leaves,"{'distance': '7', 'persistent': 'true', 'waterlogged': 'false'}",
"(11, 10, 1)",minecraft:dark_oak_stairs,"{'facing': 'east', 'half': 'bottom', 'shape': 'straight', 'waterlogged': 'false'}",
"(12, 10, 1)",minecraft:dark_oak_stairs,"{'facing': 'west', 'half': 'top', 'shape': 'straight', 'waterlogged': 'false'}",
"(14, 10, 1)",minecraft:campfire,"{'facing': 'south', 'lit': 'false', 'signal_fire': 'false', 'waterlogged': 'false'}","{components: {}, Items: [], CookingTimes: [I; 0, 0, 0, 0], CookingTotalTimes: [I; 0, 0, 0, 0], id: ""minecraft:campfire""}"
"(16, 10, 1)",minecraft:dark_oak_stairs,"{'facing': 'east', 'half': 'top', 'shape': 'straight', 'waterlogged': 'false'}",
"(17, 10, 1)",minecraft:dark_oak_stairs,"{'facing': 'west', 'half': 'bottom', 'shape': 'straight', 'waterlogged': 'false'}",
"(38, 10, 1)",minecraft:dark_oak_stairs,"{'facing': 'east', 'half': 'bottom', 'shape': 'straight', 'waterlogged': 'false'}",
"(39, 10, 1)",minecraft:dark_oak_stairs,"{'facing': 'west', 'half': 'top', 'shape': 'straight', 'waterlogged': 'false'}",
"(40, 10, 1)",minecraft:spruce_trapdoor,"{'facing': 'north', 'half': 'bottom', 'open': 'true', 'powered': 'false', 'waterlogged': 'false'}",
"(41, 10, 1)",minecraft:spruce_fence_gate,"{'facing': 'south', 'in_wall': 'false', 'open': 'true', 'powered': 'false'}",
"(43, 10, 1)",minecraft:dark_oak_stairs,"{'facing': 'east', 'half': 'top', 'shape': 'straight', 'waterlogged': 'false'}",
"(44, 10, 1)",minecraft:dark_oak_stairs,"{'facing': 'west', 'half': 'bottom', 'shape': 'straight', 'waterlogged': 'false'}",
"(11, 10, 2)",minecraft:dark_oak_stairs,"{'facing': 'east', 'half': 'bottom', 'shape': 'straight', 'waterlogged': 'false'}",
"(12, 10, 2)",minecraft:oak_log,{'axis': 'y'},
"(13, 10, 2)",minecraft:stripped_oak_wood,{'axis': 'x'},
"(14, 10, 2)",minecraft:stripped_oak_wood,{'axis': 'x'},
"(15, 10, 2)",minecraft:oak_planks,{},
"(16, 10, 2)",minecraft:stripped_spruce_log,{'axis': 'y'},
"(17, 10, 2)",minecraft:dark_oak_stairs,"{'facing': 'west', 'half': 'bottom', 'shape': 'straight', 'waterlogged': 'false'}",
"(22, 10, 2)",minecraft:polished_andesite_slab,"{'type': 'top', 'waterlogged': 'false'}",
"(34, 10, 2)",minecraft:polished_andesite_slab,"{'type': 'top', 'waterlogged': 'false'}",
"(38, 10, 2)",minecraft:dark_oak_stairs,"{'facing': 'east', 'half': 'bottom', 'shape': 'straight', 'waterlogged': 'false'}",
"(39, 10, 2)",minecraft:oak_log,{'axis': 'y'},
"(40, 10, 2)",minecraft:oak_planks,{},
"(41, 10, 2)",minecraft:gray_stained_glass_pane,"{'east': 'true', 'north': 'false', 'south': 'false', 'waterlogged': 'false', 'west': 'true'}",
"(42, 10, 2)",minecraft:oak_planks,{},
"(43, 10, 2)",minecraft:stripped_spruce_log,{'axis': 'y'},
"(44, 10, 2)",minecraft:dark_oak_stairs,"{'facing': 'west', 'half': 'bottom', 'shape': 'straight', 'waterlogged': 'false'}",
"(11, 10, 3)",minecraft:dark_oak_stairs,"{'facing': 'east', 'half': 'bottom', 'shape': 'straight', 'waterlogged': 'false'}",
"(12, 10, 3)",minecraft:stripped_oak_wood,{'axis': 'z'},
"(13, 10, 3)",minecraft:spruce_slab,"{'type': 'bottom', 'waterlogged': 'false'}",
"(14, 10, 3)",minecraft:spruce_trapdoor,"{'facing': 'south', 'half': 'bottom', 'open': 'false', 'powered': 'false', 'waterlogged': 'false'}",
"(15, 10, 3)",minecraft:spruce_slab,"{'type': 'bottom', 'waterlogged': 'false'}",
"(16, 10, 3)",minecraft:stripped_oak_wood,{'axis': 'z'},
"(17, 10, 3)",minecraft:dark_oak_stairs,"{'facing': 'west', 'half': 'bottom', 'shape': 'straight', 'waterlogged': 'false'}",
"(21, 10, 3)",minecraft:andesite,{},
"(22, 10, 3)",minecraft:stone,{},
"(23, 10, 3)",minecraft:andesite,{},
"(25, 10, 3)",minecraft:stripped_spruce_log,{'axis': 'y'},
"(26, 10, 3)",minecraft:stripped_oak_wood,{'axis': 'x'},
"(27, 10, 3)",minecraft:stripped_oak_wood,{'axis': 'x'},
"(28, 10, 3)",minecraft:oak_log,{'axis': 'y'},
"(29, 10, 3)",minecraft:oak_planks,{},
"(30, 10, 3)",minecraft:stripped_oak_wood,{'axis': 'x'},
"(31, 10, 3)",minecraft:oak_log,{'axis': 'y'},
"(33, 10, 3)",minecraft:stone,{},
"(34, 10, 3)",minecraft:andesite,{},
"(35, 10, 3)",minecraft:andesite,{},
"(37, 10, 3)",minecraft:acacia_leaves,"{'distance': '7', 'persistent': 'true', 'waterlogged': 'false'}",
"(38, 10, 3)",minecraft:dark_oak_stairs,"{'facing': 'east', 'half': 'bottom', 'shape': 'straight', 'waterlogged': 'false'}",
"(39, 10, 3)",minecraft:stripped_oak_wood,{'axis': 'z'},
"(40, 10, 3)",minecraft:bookshelf,{},
"(42, 10, 3)",minecraft:bookshelf,{},
"(43, 10, 3)",minecraft:oak_planks,{},
"(44, 10, 3)",minecraft:dark_oak_stairs,"{'facing': 'west', 'half': 'bottom', 'shape': 'straight', 'waterlogged': 'false'}",
"(11, 10, 4)",minecraft:dark_oak_stairs,"{'facing': 'east', 'half': 'bottom', 'shape': 'straight', 'waterlogged': 'false'}",
"(12, 10, 4)",minecraft:stripped_oak_wood,{'axis': 'z'},
"(16, 10, 4)",minecraft:stripped_oak_wood,{'axis': 'z'},
"(17, 10, 4)",minecraft:dark_oak_stairs,"{'facing': 'west', 'half': 'bottom', 'shape': 'straight', 'waterlogged': 'false'}",
"(20, 10, 4)",minecraft:stone_bricks,{},
"(21, 10, 4)",minecraft:repeating_command_block,"{'conditional': 'false', 'facing': 'east'}","{conditionMet: 0b, auto: 0b, components: {}, powered: 0b, Command: """", id: ""minecraft:command_block"", SuccessCount: 0, TrackOutput: 1b, UpdateLastExecution: 1b}"
"(24, 10, 4)",minecraft:stone,{},
"(25, 10, 4)",minecraft:red_carpet,{},
"(26, 10, 4)",minecraft:red_carpet,{},
"(27, 10, 4)",minecraft:red_carpet,{},
"(28, 10, 4)",minecraft:composter,{'level': '0'},
"(29, 10, 4)",minecraft:red_carpet,{},
"(30, 10, 4)",minecraft:red_carpet,{},
"(31, 10, 4)",minecraft:red_carpet,{},
"(32, 10, 4)",minecraft:stone_bricks,{},
"(35, 10, 4)",minecraft:repeating_command_block,"{'conditional': 'false', 'facing': 'up'}","{conditionMet: 0b, auto: 0b, components: {}, powered: 0b, Command: """", id: ""minecraft:command_block"", SuccessCount: 0, TrackOutput: 1b, UpdateLastExecution: 1b}"
"(36, 10, 4)",minecraft:andesite,{},
"(37, 10, 4)",minecraft:dark_oak_stairs,"{'facing': 'south', 'half': 'bottom', 'shape': 'straight', 'waterlogged': 'false'}",
"(38, 10, 4)",minecraft:dark_oak_stairs,"{'facing': 'south', 'half': 'bottom', 'shape': 'inner_left', 'waterlogged': 'false'}",
"(39, 10, 4)",minecraft:oak_planks,{},
"(43, 10, 4)",minecraft:oak_planks,{},
"(44, 10, 4)",minecraft:dark_oak_stairs,"{'facing': 'west', 'half': 'bottom', 'shape': 'inner_left', 'waterlogged': 'false'}",
"(45, 10, 4)",minecraft:dark_oak_stairs,"{'facing': 'south', 'half': 'bottom', 'shape': 'straight', 'waterlogged': 'false'}",
"(46, 10, 4)",minecraft:dark_oak_stairs,"{'facing': 'south', 'half': 'bottom', 'shape': 'straight', 'waterlogged': 'false'}",
"(7, 10, 5)",minecraft:dark_oak_stairs,"{'facing': 'south', 'half': 'bottom', 'shape': 'straight', 'waterlogged': 'false'}",
"(8, 10, 5)",minecraft:dark_oak_stairs,"{'facing': 'south', 'half': 'bottom', 'shape': 'straight', 'waterlogged': 'false'}",
"(9, 10, 5)",minecraft:dark_oak_stairs,"{'facing': 'south', 'half': 'bottom', 'shape': 'straight', 'waterlogged': 'false'}",
"(10, 10, 5)",minecraft:dark_oak_stairs,"{'facing': 'south', 'half': 'bottom', 'shape': 'straight', 'waterlogged': 'false'}",
"(11, 10, 5)",minecraft:bricks,{},
"(12, 10, 5)",minecraft:oak_planks,{},
"(16, 10, 5)",minecraft:oak_planks,{},
"(17, 10, 5)",minecraft:dark_oak_stairs,"{'facing': 'south', 'half': 'bottom', 'shape': 'inner_right', 'waterlogged': 'false'}",
"(18, 10, 5)",minecraft:dark_oak_stairs,"{'facing': 'south', 'half': 'bottom', 'shape': 'straight', 'waterlogged': 'false'}",
"(19, 10, 5)",minecraft:polished_andesite_slab,"{'type': 'top', 'waterlogged': 'false'}",
"(20, 10, 5)",minecraft:stone_bricks,{},
"(21, 10, 5)",minecraft:spruce_stairs,"{'facing': 'north', 'half': 'top', 'shape': 'straight', 'waterlogged': 'false'}",
"(24, 10, 5)",minecraft:spruce_door,"{'facing': 'west', 'half': 'lower', 'hinge': 'left', 'open': 'false', 'powered': 'false'}",
"(26, 10, 5)",minecraft:red_carpet,{},
"(27, 10, 5)",minecraft:red_carpet,{},
"(28, 10, 5)",minecraft:red_carpet,{},
"(30, 10, 5)",minecraft:red_carpet,{},
"(32, 10, 5)",minecraft:spruce_door,"{'facing': 'east', 'half': 'lower', 'hinge': 'left', 'open': 'false', 'powered': 'false'}",
"(35, 10, 5)",minecraft:composter,{'level': '0'},
"(36, 10, 5)",minecraft:stone_bricks,{},
"(37, 10, 5)",minecraft:stripped_oak_wood,{'axis': 'x'},
"(38, 10, 5)",minecraft:oak_planks,{},
"(44, 10, 5)",minecraft:oak_planks,{},
"(45, 10, 5)",minecraft:stripped_spruce_log,{'axis': 'y'},
"(46, 10, 5)",minecraft:dark_oak_stairs,"{'facing': 'north', 'half': 'top', 'shape': 'straight', 'waterlogged': 'false'}",
"(7, 10, 6)",minecraft:dark_oak_stairs,"{'facing': 'north', 'half': 'top', 'shape': 'straight', 'waterlogged': 'false'}",
"(8, 10, 6)",minecraft:stripped_spruce_log,{'axis': 'y'},
"(9, 10, 6)",minecraft:stripped_oak_wood,{'axis': 'x'},
"(10, 10, 6)",minecraft:stripped_oak_wood,{'axis': 'x'},
"(11, 10, 6)",minecraft:stripped_oak_wood,{'axis': 'x'},
"(17, 10, 6)",minecraft:oak_log,{'axis': 'y'},
"(18, 10, 6)",minecraft:dark_oak_stairs,"{'facing': 'north', 'half': 'top', 'shape': 'straight', 'waterlogged': 'false'}",
"(20, 10, 6)",minecraft:stone_bricks,{},
"(21, 10, 6)",minecraft:spruce_slab,"{'type': 'top', 'waterlogged': 'false'}",
"(22, 10, 6)",minecraft:spruce_slab,"{'type': 'top', 'waterlogged': 'false'}",
"(23, 10, 6)",minecraft:spruce_stairs,"{'facing': 'east', 'half': 'top', 'shape': 'straight', 'waterlogged': 'false'}",
"(24, 10, 6)",minecraft:stone_bricks,{},
"(25, 10, 6)",minecraft:composter,{'level': '0'},
"(26, 10, 6)",minecraft:red_carpet,{},
"(27, 10, 6)",minecraft:red_carpet,{},
"(29, 10, 6)",minecraft:red_carpet,{},
"(31, 10, 6)",minecraft:bookshelf,{},
"(32, 10, 6)",minecraft:stone_bricks,{},
"(34, 10, 6)",minecraft:red_bed,"{'facing': 'east', 'occupied': 'false', 'part': 'foot'}","{components: {}, id: ""minecraft:bed""}"
"(35, 10, 6)",minecraft:red_bed,"{'facing': 'east', 'occupied': 'false', 'part': 'head'}","{components: {}, id: ""minecraft:bed""}"
"(36, 10, 6)",minecraft:stone,{},
"(37, 10, 6)",minecraft:repeating_command_block,"{'conditional': 'false', 'facing': 'south'}","{conditionMet: 0b, auto: 0b, components: {}, powered: 0b, Command: """", id: ""minecraft:command_block"", SuccessCount: 0, TrackOutput: 1b, UpdateLastExecution: 1b}"
"(38, 10, 6)",minecraft:repeating_command_block,"{'conditional': 'false', 'facing': 'south'}","{conditionMet: 0b, auto: 0b, components: {}, powered: 0b, Command: """", id: ""minecraft:command_block"", SuccessCount: 0, TrackOutput: 1b, UpdateLastExecution: 1b}"
"(44, 10, 6)",minecraft:repeating_command_block,"{'conditional': 'false', 'facing': 'west'}","{conditionMet: 0b, auto: 0b, components: {}, powered: 0b, Command: """", id: ""minecraft:command_block"", SuccessCount: 0, TrackOutput: 1b, UpdateLastExecution: 1b}"
"(45, 10, 6)",minecraft:stripped_oak_wood,{'axis': 'z'},
"(8, 10, 7)",minecraft:oak_planks,{},
"(17, 10, 7)",minecraft:stripped_oak_wood,{'axis': 'z'},
"(21, 10, 7)",minecraft:stone,{},
"(22, 10, 7)",minecraft:stone_bricks,{},
"(23, 10, 7)",minecraft:stone,{},
"(25, 10, 7)",minecraft:stripped_spruce_log,{'axis': 'y'},
"(26, 10, 7)",minecraft:stripped_oak_wood,{'axis': 'x'},
"(27, 10, 7)",minecraft:oak_planks,{},
"(28, 10, 7)",minecraft:stripped_spruce_log,{'axis': 'y'},
"(29, 10, 7)",minecraft:oak_planks,{},
"(30, 10, 7)",minecraft:stripped_oak_wood,{'axis': 'x'},
"(31, 10, 7)",minecraft:oak_log,{'axis': 'y'},
"(33, 10, 7)",minecraft:stone_bricks,{},
"(34, 10, 7)",minecraft:stone,{},
"(35, 10, 7)",minecraft:stone_bricks,{},
"(44, 10, 7)",minecraft:stone,{},
"(45, 10, 7)",minecraft:andesite,{},
"(46, 10, 7)",minecraft:stone_bricks,{},
"(47, 10, 7)",minecraft:spruce_trapdoor,"{'facing': 'east', 'half': 'bottom', 'open': 'true', 'powered': 'false', 'waterlogged': 'false'}",
"(7, 10, 8)",minecraft:campfire,"{'facing': 'east', 'lit': 'false', 'signal_fire': 'false', 'waterlogged': 'false'}","{components: {}, Items: [], CookingTimes: [I; 0, 0, 0, 0], CookingTotalTimes: [I; 0, 0, 0, 0], id: ""minecraft:campfire""}"
"(8, 10, 8)",minecraft:stripped_oak_wood,{'axis': 'z'},
"(17, 10, 8)",minecraft:oak_planks,{},
"(18, 10, 8)",minecraft:campfire,"{'facing': 'west', 'lit': 'false', 'signal_fire': 'false', 'waterlogged': 'false'}","{components: {}, Items: [], CookingTimes: [I; 0, 0, 0, 0], CookingTotalTimes: [I; 0, 0, 0, 0], id: ""minecraft:campfire""}"
"(22, 10, 8)",minecraft:polished_andesite_slab,"{'type': 'top', 'waterlogged': 'false'}",
"(33, 10, 8)",minecraft:stripped_oak_wood,{'axis': 'z'},
"(44, 10, 8)",minecraft:andesite_stairs,"{'facing': 'east', 'half': 'top', 'shape': 'straight', 'waterlogged': 'false'}",
"(46, 10, 8)",minecraft:spruce_fence,"{'east': 'false', 'north': 'true', 'south': 'true', 'waterlogged': 'false', 'west': 'false'}",
"(47, 10, 8)",minecraft:spruce_fence_gate,"{'facing': 'west', 'in_wall': 'false', 'open': 'true', 'powered': 'false'}",
"(8, 10, 9)",minecraft:stripped_oak_wood,{'axis': 'z'},
"(13, 10, 9)",minecraft:stone,{},
"(14, 10, 9)",minecraft:andesite,{},
"(15, 10, 9)",minecraft:stone_bricks,{},
"(17, 10, 9)",minecraft:stripped_oak_wood,{'axis': 'z'},
"(32, 10, 9)",minecraft:spruce_fence_gate,"{'facing': 'east', 'in_wall': 'false', 'open': 'true', 'powered': 'false'}",
"(33, 10, 9)",minecraft:gray_stained_glass_pane,"{'east': 'false', 'north': 'true', 'south': 'true', 'waterlogged': 'false', 'west': 'false'}",
"(44, 10, 9)",minecraft:stone,{},
"(45, 10, 9)",minecraft:stone_bricks,{},
"(46, 10, 9)",minecraft:andesite,{},
"(7, 10, 10)",minecraft:dark_oak_stairs,"{'facing': 'south', 'half': 'top', 'shape': 'straight', 'waterlogged': 'false'}",
"(8, 10, 10)",minecraft:oak_log,{'axis': 'y'},
"(9, 10, 10)",minecraft:stripped_oak_wood,{'axis': 'x'},
"(10, 10, 10)",minecraft:stripped_oak_wood,{'axis': 'x'},
"(11, 10, 10)",minecraft:stripped_oak_wood,{'axis': 'x'},
"(12, 10, 10)",minecraft:oak_planks,{},
"(13, 10, 10)",minecraft:stone_bricks,{},
"(15, 10, 10)",minecraft:stone,{},
"(16, 10, 10)",minecraft:stripped_oak_wood,{'axis': 'x'},
"(17, 10, 10)",minecraft:stripped_spruce_log,{'axis': 'y'},
"(18, 10, 10)",minecraft:dark_oak_stairs,"{'facing': 'south', 'half': 'top', 'shape': 'straight', 'waterlogged': 'false'}",
"(32, 10, 10)",minecraft:spruce_trapdoor,"{'facing': 'west', 'half': 'bottom', 'open': 'true', 'powered': 'false', 'waterlogged': 'false'}",
"(33, 10, 10)",minecraft:oak_planks,{},
"(44, 10, 10)",minecraft:repeating_command_block,"{'conditional': 'false', 'facing': 'west'}","{conditionMet: 0b, auto: 0b, components: {}, powered: 0b, Command: """", id: ""minecraft:command_block"", SuccessCount: 0, TrackOutput: 1b, UpdateLastExecution: 1b}"
"(45, 10, 10)",minecraft:oak_planks,{},
"(7, 10, 11)",minecraft:dark_oak_stairs,"{'facing': 'north', 'half': 'bottom', 'shape': 'straight', 'waterlogged': 'false'}",
"(8, 10, 11)",minecraft:dark_oak_stairs,"{'facing': 'north', 'half': 'bottom', 'shape': 'straight', 'waterlogged': 'false'}",
"(9, 10, 11)",minecraft:dark_oak_stairs,"{'facing': 'north', 'half': 'bottom', 'shape': 'straight', 'waterlogged': 'false'}",
"(10, 10, 11)",minecraft:dark_oak_stairs,"{'facing': 'north', 'half': 'bottom', 'shape': 'straight', 'waterlogged': 'false'}",
"(11, 10, 11)",minecraft:dark_oak_stairs,"{'facing': 'north', 'half': 'bottom', 'shape': 'straight', 'waterlogged': 'false'}",
"(12, 10, 11)",minecraft:dark_oak_stairs,"{'facing': 'north', 'half': 'bottom', 'shape': 'straight', 'waterlogged': 'false'}",
"(13, 10, 11)",minecraft:stone,{},
"(14, 10, 11)",minecraft:andesite_stairs,"{'facing': 'north', 'half': 'top', 'shape': 'straight', 'waterlogged': 'false'}",
"(15, 10, 11)",minecraft:stone,{},
"(16, 10, 11)",minecraft:dark_oak_stairs,"{'facing': 'north', 'half': 'bottom', 'shape': 'straight', 'waterlogged': 'false'}",
"(17, 10, 11)",minecraft:dark_oak_stairs,"{'facing': 'north', 'half': 'bottom', 'shape': 'straight', 'waterlogged': 'false'}",
"(18, 10, 11)",minecraft:dark_oak_stairs,"{'facing': 'north', 'half': 'bottom', 'shape': 'straight', 'waterlogged': 'false'}",
"(24, 10, 11)",minecraft:oak_leaves,"{'distance': '7', 'persistent': 'true', 'waterlogged': 'false'}",
"(25, 10, 11)",minecraft:oak_leaves,"{'distance': '7', 'persistent': 'true', 'waterlogged': 'false'}",
"(26, 10, 11)",minecraft:spruce_fence,"{'east': 'false', 'north': 'false', 'south': 'true', 'waterlogged': 'false', 'west': 'false'}",
"(27, 10, 11)",minecraft:oak_leaves,"{'distance': '7', 'persistent': 'true', 'waterlogged': 'false'}",
"(32, 10, 11)",minecraft:dark_oak_stairs,"{'facing': 'south', 'half': 'top', 'shape': 'straight', 'waterlogged': 'false'}",
"(33, 10, 11)",minecraft:oak_log,{'axis': 'y'},
"(34, 10, 11)",minecraft:stripped_oak_wood,{'axis': 'x'},
"(35, 10, 11)",minecraft:stripped_oak_wood,{'axis': 'x'},
"(36, 10, 11)",minecraft:oak_planks,{},
"(37, 10, 11)",minecraft:oak_planks,{},
"(38, 10, 11)",minecraft:stripped_oak_wood,{'axis': 'x'},
"(39, 10, 11)",minecraft:stripped_oak_wood,{'axis': 'x'},
"(40, 10, 11)",minecraft:stripped_oak_wood,{'axis': 'x'},
"(41, 10, 11)",minecraft:oak_planks,{},
"(42, 10, 11)",minecraft:stripped_oak_wood,{'axis': 'x'},
"(43, 10, 11)",minecraft:oak_planks,{},
"(44, 10, 11)",minecraft:oak_planks,{},
"(45, 10, 11)",minecraft:oak_log,{'axis': 'y'},
"(46, 10, 11)",minecraft:dark_oak_stairs,"{'facing': 'south', 'half': 'top', 'shape': 'straight', 'waterlogged': 'false'}",
"(14, 10, 12)",minecraft:campfire,"{'facing': 'north', 'lit': 'false', 'signal_fire': 'false', 'waterlogged': 'false'}","{components: {}, Items: [], CookingTimes: [I; 0, 0, 0, 0], CookingTotalTimes: [I; 0, 0, 0, 0], id: ""minecraft:campfire""}"
"(24, 10, 12)",minecraft:spruce_fence,"{'east': 'true', 'north': 'false', 'south': 'false', 'waterlogged': 'false', 'west': 'false'}",
"(25, 10, 12)",minecraft:spruce_fence,"{'east': 'true', 'north': 'false', 'south': 'true', 'waterlogged': 'false', 'west': 'true'}",
"(26, 10, 12)",minecraft:spruce_fence,"{'east': 'true', 'north': 'true', 'south': 'false', 'waterlogged': 'false', 'west': 'true'}",
"(27, 10, 12)",minecraft:spruce_fence,"{'east': 'false', 'north': 'false', 'south': 'false', 'waterlogged': 'false', 'west': 'true'}",
"(28, 10, 12)",minecraft:oak_leaves,"{'distance': '7', 'persistent': 'true', 'waterlogged': 'false'}",
"(32, 10, 12)",minecraft:dark_oak_stairs,"{'facing': 'north', 'half': 'bottom', 'shape': 'straight', 'waterlogged': 'false'}",
"(33, 10, 12)",minecraft:dark_oak_stairs,"{'facing': 'north', 'half': 'bottom', 'shape': 'straight', 'waterlogged': 'false'}",
"(34, 10, 12)",minecraft:dark_oak_stairs,"{'facing': 'north', 'half': 'bottom', 'shape': 'straight', 'waterlogged': 'false'}",
"(35, 10, 12)",minecraft:dark_oak_stairs,"{'facing': 'north', 'half': 'bottom', 'shape': 'straight', 'waterlogged': 'false'}",
"(36, 10, 12)",minecraft:dark_oak_stairs,"{'facing': 'north', 'half': 'bottom', 'shape': 'straight', 'waterlogged': 'false'}",
"(37, 10, 12)",minecraft:dark_oak_stairs,"{'facing': 'north', 'half': 'bottom', 'shape': 'straight', 'waterlogged': 'false'}",
"(38, 10, 12)",minecraft:dark_oak_stairs,"{'facing': 'north', 'half': 'bottom', 'shape': 'straight', 'waterlogged': 'false'}",
"(39, 10, 12)",minecraft:dark_oak_stairs,"{'facing': 'north', 'half': 'bottom', 'shape': 'straight', 'waterlogged': 'false'}",
"(40, 10, 12)",minecraft:dark_oak_stairs,"{'facing': 'north', 'half': 'bottom', 'shape': 'straight', 'waterlogged': 'false'}",
"(41, 10, 12)",minecraft:dark_oak_stairs,"{'facing': 'north', 'half': 'bottom', 'shape': 'straight', 'waterlogged': 'false'}",
"(42, 10, 12)",minecraft:dark_oak_stairs,"{'facing': 'north', 'half': 'bottom', 'shape': 'straight', 'waterlogged': 'false'}",
"(43, 10, 12)",minecraft:dark_oak_stairs,"{'facing': 'north', 'half': 'bottom', 'shape': 'straight', 'waterlogged': 'false'}",
"(44, 10, 12)",minecraft:dark_oak_stairs,"{'facing': 'north', 'half': 'bottom', 'shape': 'straight', 'waterlogged': 'false'}",
"(45, 10, 12)",minecraft:dark_oak_stairs,"{'facing': 'north', 'half': 'bottom', 'shape': 'straight', 'waterlogged': 'false'}",
"(46, 10, 12)",minecraft:dark_oak_stairs,"{'facing': 'north', 'half': 'bottom', 'shape': 'straight', 'waterlogged': 'false'}",
"(22, 10, 13)",minecraft:oak_leaves,"{'distance': '4', 'persistent': 'true', 'waterlogged': 'false'}",
"(23, 10, 13)",minecraft:oak_leaves,"{'distance': '3', 'persistent': 'true', 'waterlogged': 'false'}",
"(24, 10, 13)",minecraft:oak_leaves,"{'distance': '2', 'persistent': 'true', 'waterlogged': 'false'}",
"(25, 10, 13)",minecraft:spruce_fence,"{'east': 'false', 'north': 'true', 'south': 'false', 'waterlogged': 'false', 'west': 'false'}",
"(27, 10, 13)",minecraft:oak_leaves,"{'distance': '7', 'persistent': 'true', 'waterlogged': 'false'}",
"(20, 10, 14)",minecraft:oak_leaves,"{'distance': '5', 'persistent': 'true', 'waterlogged': 'false'}",
"(21, 10, 14)",minecraft:oak_leaves,"{'distance': '4', 'persistent': 'true', 'waterlogged': 'false'}",
"(22, 10, 14)",minecraft:oak_leaves,"{'distance': '3', 'persistent': 'true', 'waterlogged': 'false'}",
"(23, 10, 14)",minecraft:oak_leaves,"{'distance': '2', 'persistent': 'true', 'waterlogged': 'false'}",
"(24, 10, 14)",minecraft:oak_leaves,"{'distance': '1', 'persistent': 'true', 'waterlogged': 'false'}",
"(28, 10, 14)",minecraft:oak_leaves,"{'distance': '7', 'persistent': 'true', 'waterlogged': 'false'}",
"(46, 10, 14)",minecraft:brick_stairs,"{'facing': 'west', 'half': 'bottom', 'shape': 'straight', 'waterlogged': 'false'}",
"(20, 10, 15)",minecraft:oak_leaves,"{'distance': '6', 'persistent': 'true', 'waterlogged': 'false'}",
"(21, 10, 15)",minecraft:spruce_fence,"{'east': 'false', 'north': 'false', 'south': 'true', 'waterlogged': 'false', 'west': 'false'}",
"(22, 10, 15)",minecraft:oak_leaves,"{'distance': '2', 'persistent': 'true', 'waterlogged': 'false'}",
"(23, 10, 15)",minecraft:oak_leaves,"{'distance': '1', 'persistent': 'true', 'waterlogged': 'false'}",
"(24, 10, 15)",minecraft:oak_wood,{'axis': 'y'},
"(25, 10, 15)",minecraft:spruce_fence,"{'east': 'true', 'north': 'false', 'south': 'false', 'waterlogged': 'false', 'west': 'true'}",
"(26, 10, 15)",minecraft:spruce_fence,"{'east': 'false', 'north': 'false', 'south': 'false', 'waterlogged': 'false', 'west': 'true'}",
"(27, 10, 15)",minecraft:oak_leaves,"{'distance': '7', 'persistent': 'true', 'waterlogged': 'false'}",
"(28, 10, 15)",minecraft:spruce_fence,"{'east': 'false', 'north': 'false', 'south': 'false', 'waterlogged': 'false', 'west': 'false'}",
"(29, 10, 15)",minecraft:oak_leaves,"{'distance': '7', 'persistent': 'true', 'waterlogged': 'false'}",
"(43, 10, 15)",minecraft:spruce_trapdoor,"{'facing': 'north', 'half': 'top', 'open': 'true', 'powered': 'false', 'waterlogged': 'false'}",
"(44, 10, 15)",minecraft:acacia_leaves,"{'distance': '7', 'persistent': 'true', 'waterlogged': 'false'}",
"(46, 10, 15)",minecraft:acacia_leaves,"{'distance': '7', 'persistent': 'true', 'waterlogged': 'false'}",
"(47, 10, 15)",minecraft:spruce_trapdoor,"{'facing': 'north', 'half': 'top', 'open': 'true', 'powered': 'false', 'waterlogged': 'false'}",
"(20, 10, 16)",minecraft:oak_leaves,"{'distance': '7', 'persistent': 'true', 'waterlogged': 'false'}",
"(21, 10, 16)",minecraft:spruce_fence,"{'east': 'false', 'north': 'true', 'south': 'false', 'waterlogged': 'false', 'west': 'false'}",
"(22, 10, 16)",minecraft:oak_leaves,"{'distance': '3', 'persistent': 'true', 'waterlogged': 'false'}",
"(23, 10, 16)",minecraft:oak_leaves,"{'distance': '2', 'persistent': 'true', 'waterlogged': 'false'}",
"(24, 10, 16)",minecraft:oak_leaves,"{'distance': '1', 'persistent': 'true', 'waterlogged': 'false'}",
"(28, 10, 16)",minecraft:oak_leaves,"{'distance': '7', 'persistent': 'true', 'waterlogged': 'false'}",
"(42, 10, 16)",minecraft:oak_log,{'axis': 'y'},
"(43, 10, 16)",minecraft:oak_planks,{},
"(44, 10, 16)",minecraft:gray_stained_glass_pane,"{'east': 'true', 'north': 'false', 'south': 'false', 'waterlogged': 'false', 'west': 'true'}",
"(45, 10, 16)",minecraft:stripped_oak_wood,{'axis': 'x'},
"(46, 10, 16)",minecraft:gray_stained_glass_pane,"{'east': 'true', 'north': 'false', 'south': 'false', 'waterlogged': 'false', 'west': 'true'}",
"(47, 10, 16)",minecraft:stripped_oak_wood,{'axis': 'x'},
"(48, 10, 16)",minecraft:stripped_spruce_log,{'axis': 'y'},
"(7, 10, 17)",minecraft:dark_oak_stairs,"{'facing': 'east', 'half': 'bottom', 'shape': 'straight', 'waterlogged': 'false'}",
"(8, 10, 17)",minecraft:dark_oak_stairs,"{'facing': 'west', 'half': 'top', 'shape': 'straight', 'waterlogged': 'false'}",
"(11, 10, 17)",minecraft:spruce_slab,"{'type': 'top', 'waterlogged': 'false'}",
"(14, 10, 17)",minecraft:dark_oak_stairs,"{'facing': 'east', 'half': 'top', 'shape': 'straight', 'waterlogged': 'false'}",
"(15, 10, 17)",minecraft:dark_oak_stairs,"{'facing': 'west', 'half': 'bottom', 'shape': 'straight', 'waterlogged': 'false'}",
"(21, 10, 17)",minecraft:oak_leaves,"{'distance': '7', 'persistent': 'true', 'waterlogged': 'false'}",
"(23, 10, 17)",minecraft:oak_leaves,"{'distance': '3', 'persistent': 'true', 'waterlogged': 'false'}",
"(24, 10, 17)",minecraft:spruce_fence,"{'east': 'true', 'north': 'false', 'south': 'false', 'waterlogged': 'false', 'west': 'false'}",
"(25, 10, 17)",minecraft:spruce_fence,"{'east': 'true', 'north': 'false', 'south': 'false', 'waterlogged': 'false', 'west': 'true'}",
"(26, 10, 17)",minecraft:spruce_fence,"{'east': 'false', 'north': 'false', 'south': 'false', 'waterlogged': 'false', 'west': 'true'}",
"(27, 10, 17)",minecraft:oak_leaves,"{'distance': '7', 'persistent': 'true', 'waterlogged': 'false'}",
"(42, 10, 17)",minecraft:stripped_oak_wood,{'axis': 'z'},
"(43, 10, 17)",minecraft:spruce_trapdoor,"{'facing': 'north', 'half': 'bottom', 'open': 'true', 'powered': 'false', 'waterlogged': 'false'}",
"(47, 10, 17)",minecraft:barrel,"{'facing': 'south', 'open': 'false'}","{components: {}, Items: [], id: ""minecraft:barrel""}"
"(48, 10, 17)",minecraft:barrel,"{'facing': 'up', 'open': 'false'}","{components: {}, Items: [], id: ""minecraft:barrel""}"
"(49, 10, 17)",minecraft:stripped_oak_wood,{'axis': 'z'},
"(50, 10, 17)",minecraft:spruce_trapdoor,"{'facing': 'east', 'half': 'top', 'open': 'true', 'powered': 'false', 'waterlogged': 'false'}",
"(7, 10, 18)",minecraft:dark_oak_stairs,"{'facing': 'east', 'half': 'bottom', 'shape': 'straight', 'waterlogged': 'false'}",
"(8, 10, 18)",minecraft:stripped_spruce_log,{'axis': 'y'},
"(9, 10, 18)",minecraft:stripped_oak_wood,{'axis': 'x'},
"(10, 10, 18)",minecraft:oak_planks,{},
"(11, 10, 18)",minecraft:stripped_oak_wood,{'axis': 'x'},
"(12, 10, 18)",minecraft:stripped_oak_wood,{'axis': 'x'},
"(13, 10, 18)",minecraft:oak_planks,{},
"(14, 10, 18)",minecraft:oak_log,{'axis': 'y'},
"(15, 10, 18)",minecraft:dark_oak_stairs,"{'facing': 'west', 'half': 'bottom', 'shape': 'straight', 'waterlogged': 'false'}",
"(24, 10, 18)",minecraft:oak_leaves,"{'distance': '7', 'persistent': 'true', 'waterlogged': 'false'}",
"(25, 10, 18)",minecraft:oak_leaves,"{'distance': '7', 'persistent': 'true', 'waterlogged': 'false'}",
"(26, 10, 18)",minecraft:oak_leaves,"{'distance': '7', 'persistent': 'true', 'waterlogged': 'false'}",
"(27, 10, 18)",minecraft:oak_leaves,"{'distance': '7', 'persistent': 'true', 'waterlogged': 'false'}",
"(42, 10, 18)",minecraft:stripped_oak_wood,{'axis': 'z'},
"(43, 10, 18)",minecraft:repeating_command_block,"{'conditional': 'false', 'facing': 'east'}","{conditionMet: 0b, auto: 0b, components: {}, powered: 0b, Command: """", id: ""minecraft:command_block"", SuccessCount: 0, TrackOutput: 1b, UpdateLastExecution: 1b}"
"(48, 10, 18)",minecraft:lantern,"{'hanging': 'false', 'waterlogged': 'false'}",
"(49, 10, 18)",minecraft:gray_stained_glass_pane,"{'east': 'false', 'north': 'true', 'south': 'true', 'waterlogged': 'false', 'west': 'false'}",
"(50, 10, 18)",minecraft:potted_poppy,{},
"(7, 10, 19)",minecraft:dark_oak_stairs,"{'facing': 'east', 'half': 'bottom', 'shape': 'straight', 'waterlogged': 'false'}",
"(8, 10, 19)",minecraft:oak_planks,{},
"(9, 10, 19)",minecraft:azalea_leaves,"{'distance': '1', 'persistent': 'true', 'waterlogged': 'false'}",
"(10, 10, 19)",minecraft:flowering_azalea_leaves,"{'distance': '2', 'persistent': 'true', 'waterlogged': 'false'}",
"(11, 10, 19)",minecraft:azalea_leaves,"{'distance': '1', 'persistent': 'true', 'waterlogged': 'false'}",
"(12, 10, 19)",minecraft:azalea_leaves,"{'distance': '1', 'persistent': 'true', 'waterlogged': 'false'}",
"(13, 10, 19)",minecraft:azalea_leaves,"{'distance': '2', 'persistent': 'true', 'waterlogged': 'false'}",
"(14, 10, 19)",minecraft:oak_planks,{},
"(15, 10, 19)",minecraft:dark_oak_stairs,"{'facing': 'west', 'half': 'bottom', 'shape': 'straight', 'waterlogged': 'false'}",
"(25, 10, 19)",minecraft:oak_leaves,"{'distance': '7', 'persistent': 'true', 'waterlogged': 'false'}",
"(26, 10, 19)",minecraft:spruce_fence,"{'east': 'false', 'north': 'false', 'south': 'false', 'waterlogged': 'false', 'west': 'false'}",
"(41, 10, 19)",minecraft:spruce_fence_gate,"{'facing': 'east', 'in_wall': 'false', 'open': 'true', 'powered': 'false'}",
"(42, 10, 19)",minecraft:gray_stained_glass_pane,"{'east': 'false', 'north': 'true', 'south': 'true', 'waterlogged': 'false', 'west': 'false'}",
"(43, 10, 19)",minecraft:spruce_trapdoor,"{'facing': 'south', 'half': 'bottom', 'open': 'true', 'powered': 'false', 'waterlogged': 'false'}",
"(49, 10, 19)",minecraft:oak_planks,{},
"(3, 10, 20)",minecraft:dark_oak_stairs,"{'facing': 'south', 'half': 'bottom', 'shape': 'straight', 'waterlogged': 'false'}",
"(4, 10, 20)",minecraft:dark_oak_stairs,"{'facing': 'south', 'half': 'bottom', 'shape': 'straight', 'waterlogged': 'false'}",
"(5, 10, 20)",minecraft:dark_oak_stairs,"{'facing': 'south', 'half': 'bottom', 'shape': 'straight', 'waterlogged': 'false'}",
"(6, 10, 20)",minecraft:dark_oak_stairs,"{'facing': 'south', 'half': 'bottom', 'shape': 'straight', 'waterlogged': 'false'}",
"(7, 10, 20)",minecraft:dark_oak_stairs,"{'facing': 'east', 'half': 'bottom', 'shape': 'inner_right', 'waterlogged': 'false'}",
"(8, 10, 20)",minecraft:oak_planks,{},
"(14, 10, 20)",minecraft:oak_planks,{},
"(15, 10, 20)",minecraft:dark_oak_stairs,"{'facing': 'west', 'half': 'bottom', 'shape': 'straight', 'waterlogged': 'false'}",
"(26, 10, 20)",minecraft:oak_leaves,"{'distance': '7', 'persistent': 'true', 'waterlogged': 'false'}",
"(41, 10, 20)",minecraft:poppy,{},
"(42, 10, 20)",minecraft:stripped_oak_wood,{'axis': 'z'},
"(43, 10, 20)",minecraft:lantern,"{'hanging': 'false', 'waterlogged': 'false'}",
"(48, 10, 20)",minecraft:stripped_oak_wood,{'axis': 'z'},
"(3, 10, 21)",minecraft:dark_oak_stairs,"{'facing': 'north', 'half': 'top', 'shape': 'straight', 'waterlogged': 'false'}",
"(4, 10, 21)",minecraft:stripped_spruce_log,{'axis': 'y'},
"(5, 10, 21)",minecraft:stripped_oak_wood,{'axis': 'x'},
"(6, 10, 21)",minecraft:oak_planks,{},
"(7, 10, 21)",minecraft:oak_planks,{},
"(14, 10, 21)",minecraft:oak_planks,{},
"(15, 10, 21)",minecraft:dark_oak_stairs,"{'facing': 'west', 'half': 'bottom', 'shape': 'straight', 'waterlogged': 'false'}",
"(21, 10, 21)",minecraft:spruce_trapdoor,"{'facing': 'west', 'half': 'bottom', 'open': 'false', 'powered': 'false', 'waterlogged': 'false'}",
"(41, 10, 21)",minecraft:acacia_leaves,"{'distance': '1', 'persistent': 'true', 'waterlogged': 'false'}",
"(42, 10, 21)",minecraft:stripped_oak_wood,{'axis': 'z'},
"(43, 10, 21)",minecraft:chest,"{'facing': 'east', 'type': 'single', 'waterlogged': 'false'}","{components: {}, Items: [], id: ""minecraft:chest""}"
"(48, 10, 21)",minecraft:repeating_command_block,"{'conditional': 'false', 'facing': 'west'}","{conditionMet: 0b, auto: 0b, components: {}, powered: 0b, Command: """", id: ""minecraft:command_block"", SuccessCount: 0, TrackOutput: 1b, UpdateLastExecution: 1b}"
"(49, 10, 21)",minecraft:stripped_oak_wood,{'axis': 'z'},
"(50, 10, 21)",minecraft:spruce_trapdoor,"{'facing': 'east', 'half': 'top', 'open': 'true', 'powered': 'false', 'waterlogged': 'false'}",
"(4, 10, 22)",minecraft:oak_planks,{},
"(5, 10, 22)",minecraft:azalea_leaves,"{'distance': '1', 'persistent': 'true', 'waterlogged': 'false'}",
"(14, 10, 22)",minecraft:oak_planks,{},
"(15, 10, 22)",minecraft:dark_oak_stairs,"{'facing': 'west', 'half': 'bottom', 'shape': 'straight', 'waterlogged': 'false'}",
"(16, 10, 22)",minecraft:acacia_leaves,"{'distance': '7', 'persistent': 'true', 'waterlogged': 'false'}",
"(17, 10, 22)",minecraft:campfire,"{'facing': 'south', 'lit': 'false', 'signal_fire': 'false', 'waterlogged': 'false'}","{components: {}, Items: [], CookingTimes: [I; 0, 0, 0, 0], CookingTotalTimes: [I; 0, 0, 0, 0], id: ""minecraft:campfire""}"
"(21, 10, 22)",minecraft:spruce_trapdoor,"{'facing': 'west', 'half': 'bottom', 'open': 'false', 'powered': 'false', 'waterlogged': 'false'}",
"(22, 10, 22)",minecraft:andesite,{},
"(23, 10, 22)",minecraft:stone_bricks,{},
"(41, 10, 22)",minecraft:spruce_fence_gate,"{'facing': 'east', 'in_wall': 'false', 'open': 'true', 'powered': 'false'}",
"(42, 10, 22)",minecraft:gray_stained_glass_pane,"{'east': 'false', 'north': 'true', 'south': 'true', 'waterlogged': 'false', 'west': 'false'}",
"(43, 10, 22)",minecraft:potted_red_tulip,{},
"(49, 10, 22)",minecraft:gray_stained_glass_pane,"{'east': 'false', 'north': 'true', 'south': 'true', 'waterlogged': 'false', 'west': 'false'}",
"(50, 10, 22)",minecraft:lantern,"{'hanging': 'false', 'waterlogged': 'false'}",
"(3, 10, 23)",minecraft:campfire,"{'facing': 'east', 'lit': 'false', 'signal_fire': 'false', 'waterlogged': 'false'}","{components: {}, Items: [], CookingTimes: [I; 0, 0, 0, 0], CookingTotalTimes: [I; 0, 0, 0, 0], id: ""minecraft:campfire""}"
"(4, 10, 23)",minecraft:oak_planks,{},
"(13, 10, 23)",minecraft:flower_pot,{},
"(14, 10, 23)",minecraft:stone,{},
"(15, 10, 23)",minecraft:stone,{},
"(16, 10, 23)",minecraft:stone,{},
"(17, 10, 23)",minecraft:stone_brick_stairs,"{'facing': 'south', 'half': 'top', 'shape': 'straight', 'waterlogged': 'false'}",
"(18, 10, 23)",minecraft:stone_bricks,{},
"(19, 10, 23)",minecraft:stone,{},
"(20, 10, 23)",minecraft:stone,{},
"(21, 10, 23)",minecraft:stone_bricks,{},
"(22, 10, 23)",minecraft:stone_bricks,{},
"(23, 10, 23)",minecraft:stone,{},
"(34, 10, 23)",minecraft:acacia_leaves,"{'distance': '7', 'persistent': 'true', 'waterlogged': 'false'}",
"(42, 10, 23)",minecraft:oak_planks,{},
"(43, 10, 23)",minecraft:spruce_trapdoor,"{'facing': 'north', 'half': 'bottom', 'open': 'true', 'powered': 'false', 'waterlogged': 'false'}",
"(48, 10, 23)",minecraft:potted_azure_bluet,{},
"(49, 10, 23)",minecraft:oak_planks,{},
"(1, 10, 24)",minecraft:iron_chain,"{'axis': 'y', 'waterlogged': 'false'}",
"(3, 10, 24)",minecraft:spruce_stairs,"{'facing': 'east', 'half': 'top', 'shape': 'straight', 'waterlogged': 'false'}",
"(4, 10, 24)",minecraft:oak_planks,{},
"(14, 10, 24)",minecraft:stone_bricks,{},
"(22, 10, 24)",minecraft:stone_bricks,{},
"(27, 10, 24)",minecraft:stone,{},
"(28, 10, 24)",minecraft:stone_bricks,{},
"(29, 10, 24)",minecraft:stone_bricks,{},
"(30, 10, 24)",minecraft:stone_brick_slab,"{'type': 'top', 'waterlogged': 'false'}",
"(31, 10, 24)",minecraft:stone_slab,"{'type': 'top', 'waterlogged': 'false'}",
"(32, 10, 24)",minecraft:andesite_slab,"{'type': 'top', 'waterlogged': 'false'}",
"(33, 10, 24)",minecraft:stone,{},
"(34, 10, 24)",minecraft:stone_bricks,{},
"(35, 10, 24)",minecraft:andesite,{},
"(36, 10, 24)",minecraft:acacia_leaves,"{'distance': '7', 'persistent': 'true', 'waterlogged': 'false'}",
"(41, 10, 24)",minecraft:acacia_leaves,"{'distance': '1', 'persistent': 'true', 'waterlogged': 'false'}",
"(42, 10, 24)",minecraft:stripped_oak_wood,{'axis': 'z'},
"(48, 10, 24)",minecraft:oak_planks,{},
"(3, 10, 25)",minecraft:campfire,"{'facing': 'east', 'lit': 'false', 'signal_fire': 'false', 'waterlogged': 'false'}","{components: {}, Items: [], CookingTimes: [I; 0, 0, 0, 0], CookingTotalTimes: [I; 0, 0, 0, 0], id: ""minecraft:campfire""}"
"(4, 10, 25)",minecraft:stripped_oak_wood,{'axis': 'z'},
"(13, 10, 25)",minecraft:soul_campfire,"{'facing': 'north', 'lit': 'false', 'signal_fire': 'false', 'waterlogged': 'false'}","{components: {}, Items: [{count: 1, Slot: 0b, id: ""minecraft:potato""}, {count: 1, Slot: 1b, id: ""minecraft:potato""}, {count: 1, Slot: 2b, id: ""minecraft:mutton""}, {count: 1, Slot: 3b, id: ""minecraft:mutton""}], CookingTimes: [I; 0, 0, 0, 0], CookingTotalTimes: [I; 600, 600, 600, 600], id: ""minecraft:campfire""}"
"(14, 10, 25)",minecraft:stone,{},
"(22, 10, 25)",minecraft:stone_bricks,{},
"(24, 10, 25)",minecraft:jungle_leaves,"{'distance': '7', 'persistent': 'true', 'waterlogged': 'false'}",
"(25, 10, 25)",minecraft:jungle_leaves,"{'distance': '7', 'persistent': 'true', 'waterlogged': 'false'}",
"(27, 10, 25)",minecraft:stone,{},
"(29, 10, 25)",minecraft:spruce_trapdoor,"{'facing': 'south', 'half': 'bottom', 'open': 'true', 'powered': 'false', 'waterlogged': 'false'}",
"(30, 10, 25)",minecraft:spruce_trapdoor,"{'facing': 'south', 'half': 'bottom', 'open': 'true', 'powered': 'false', 'waterlogged': 'false'}",
"(31, 10, 25)",minecraft:spruce_trapdoor,"{'facing': 'south', 'half': 'bottom', 'open': 'true', 'powered': 'false', 'waterlogged': 'false'}",
"(32, 10, 25)",minecraft:spruce_trapdoor,"{'facing': 'south', 'half': 'bottom', 'open': 'true', 'powered': 'false', 'waterlogged': 'false'}",
"(33, 10, 25)",minecraft:spruce_trapdoor,"{'facing': 'south', 'half': 'bottom', 'open': 'true', 'powered': 'false', 'waterlogged': 'false'}",
"(35, 10, 25)",minecraft:stone,{},
"(38, 10, 25)",minecraft:oak_log,{'axis': 'y'},
"(39, 10, 25)",minecraft:stripped_oak_wood,{'axis': 'x'},
"(40, 10, 25)",minecraft:stripped_oak_wood,{'axis': 'x'},
"(41, 10, 25)",minecraft:stripped_oak_wood,{'axis': 'x'},
"(42, 10, 25)",minecraft:flowering_azalea_leaves,"{'distance': '1', 'persistent': 'true', 'waterlogged': 'false'}",
"(48, 10, 25)",minecraft:azalea_leaves,"{'distance': '2', 'persistent': 'true', 'waterlogged': 'false'}",
"(49, 10, 25)",minecraft:oak_planks,{},
"(50, 10, 25)",minecraft:stripped_oak_wood,{'axis': 'x'},
"(51, 10, 25)",minecraft:oak_log,{'axis': 'y'},
"(4, 10, 26)",minecraft:oak_planks,{},
"(5, 10, 26)",minecraft:flowering_azalea_leaves,"{'distance': '2', 'persistent': 'true', 'waterlogged': 'false'}",
"(13, 10, 26)",minecraft:chest,"{'facing': 'west', 'type': 'single', 'waterlogged': 'false'}","{components: {}, Items: [], id: ""minecraft:chest""}"
"(14, 10, 26)",minecraft:stone,{},
"(15, 10, 26)",minecraft:lantern,"{'hanging': 'false', 'waterlogged': 'false'}",
"(22, 10, 26)",minecraft:stone_bricks,{},
"(23, 10, 26)",minecraft:stone,{},
"(24, 10, 26)",minecraft:andesite,{},
"(25, 10, 26)",minecraft:stone,{},
"(26, 10, 26)",minecraft:stone_bricks,{},
"(27, 10, 26)",minecraft:stone_bricks,{},
"(35, 10, 26)",minecraft:andesite,{},
"(36, 10, 26)",minecraft:stone,{},
"(37, 10, 26)",minecraft:stone_bricks,{},
"(38, 10, 26)",minecraft:stone,{},
"(50, 10, 26)",minecraft:chest,"{'facing': 'west', 'type': 'single', 'waterlogged': 'false'}","{components: {}, Items: [], id: ""minecraft:chest""}"
"(51, 10, 26)",minecraft:oak_planks,{},
"(52, 10, 26)",minecraft:spruce_trapdoor,"{'facing': 'east', 'half': 'top', 'open': 'true', 'powered': 'false', 'waterlogged': 'false'}",
"(3, 10, 27)",minecraft:dark_oak_stairs,"{'facing': 'south', 'half': 'top', 'shape': 'straight', 'waterlogged': 'false'}",
"(4, 10, 27)",minecraft:oak_log,{'axis': 'y'},
"(5, 10, 27)",minecraft:oak_planks,{},
"(6, 10, 27)",minecraft:oak_planks,{},
"(7, 10, 27)",minecraft:stripped_oak_wood,{'axis': 'x'},
"(14, 10, 27)",minecraft:stone_bricks,{},
"(15, 10, 27)",minecraft:stone_brick_wall,"{'east': 'none', 'north': 'none', 'south': 'low', 'up': 'true', 'waterlogged': 'false', 'west': 'tall'}",
"(21, 10, 27)",minecraft:ladder,"{'facing': 'west', 'waterlogged': 'false'}",
"(22, 10, 27)",minecraft:stone_bricks,{},
"(23, 10, 27)",minecraft:stone,{},
"(27, 10, 27)",minecraft:stone,{},
"(50, 10, 27)",minecraft:potted_pink_tulip,{},
"(51, 10, 27)",minecraft:gray_stained_glass_pane,"{'east': 'false', 'north': 'true', 'south': 'true', 'waterlogged': 'false', 'west': 'false'}",
"(52, 10, 27)",minecraft:potted_white_tulip,{},
"(3, 10, 28)",minecraft:dark_oak_stairs,"{'facing': 'north', 'half': 'bottom', 'shape': 'straight', 'waterlogged': 'false'}",
"(4, 10, 28)",minecraft:dark_oak_stairs,"{'facing': 'north', 'half': 'bottom', 'shape': 'straight', 'waterlogged': 'false'}",
"(5, 10, 28)",minecraft:dark_oak_stairs,"{'facing': 'north', 'half': 'bottom', 'shape': 'straight', 'waterlogged': 'false'}",
"(6, 10, 28)",minecraft:dark_oak_stairs,"{'facing': 'north', 'half': 'bottom', 'shape': 'straight', 'waterlogged': 'false'}",
"(7, 10, 28)",minecraft:dark_oak_stairs,"{'facing': 'east', 'half': 'bottom', 'shape': 'inner_left', 'waterlogged': 'false'}",
"(8, 10, 28)",minecraft:oak_planks,{},
"(14, 10, 28)",minecraft:stone,{},
"(15, 10, 28)",minecraft:stone_brick_wall,"{'east': 'none', 'north': 'low', 'south': 'none', 'up': 'true', 'waterlogged': 'false', 'west': 'low'}",
"(22, 10, 28)",minecraft:stone_bricks,{},
"(23, 10, 28)",minecraft:stone,{},
"(25, 10, 28)",minecraft:stripped_spruce_log,{'axis': 'y'},
"(27, 10, 28)",minecraft:stone_bricks,{},
"(50, 10, 28)",minecraft:repeating_command_block,"{'conditional': 'false', 'facing': 'west'}","{conditionMet: 0b, auto: 0b, components: {}, powered: 0b, Command: """", id: ""minecraft:command_block"", SuccessCount: 0, TrackOutput: 1b, UpdateLastExecution: 1b}"
"(51, 10, 28)",minecraft:oak_planks,{},
"(4, 10, 29)",minecraft:acacia_leaves,"{'distance': '7', 'persistent': 'true', 'waterlogged': 'false'}",
"(6, 10, 29)",minecraft:acacia_leaves,"{'distance': '7', 'persistent': 'true', 'waterlogged': 'false'}",
"(7, 10, 29)",minecraft:dark_oak_stairs,"{'facing': 'east', 'half': 'bottom', 'shape': 'straight', 'waterlogged': 'false'}",
"(8, 10, 29)",minecraft:stripped_spruce_log,{'axis': 'y'},
"(9, 10, 29)",minecraft:oak_planks,{},
"(10, 10, 29)",minecraft:oak_planks,{},
"(11, 10, 29)",minecraft:oak_planks,{},
"(12, 10, 29)",minecraft:oak_planks,{},
"(13, 10, 29)",minecraft:oak_planks,{},
"(14, 10, 29)",minecraft:andesite,{},
"(22, 10, 29)",minecraft:stone,{},
"(23, 10, 29)",minecraft:stone_bricks,{},
"(27, 10, 29)",minecraft:stone_bricks,{},
"(51, 10, 29)",minecraft:gray_stained_glass_pane,"{'east': 'false', 'north': 'true', 'south': 'true', 'waterlogged': 'false', 'west': 'false'}",
"(52, 10, 29)",minecraft:acacia_leaves,"{'distance': '7', 'persistent': 'true', 'waterlogged': 'false'}",
"(7, 10, 30)",minecraft:dark_oak_stairs,"{'facing': 'east', 'half': 'bottom', 'shape': 'straight', 'waterlogged': 'false'}",
"(8, 10, 30)",minecraft:spruce_stairs,"{'facing': 'south', 'half': 'top', 'shape': 'straight', 'waterlogged': 'false'}",
"(9, 10, 30)",minecraft:campfire,"{'facing': 'west', 'lit': 'false', 'signal_fire': 'false', 'waterlogged': 'false'}","{components: {}, Items: [], CookingTimes: [I; 0, 0, 0, 0], CookingTotalTimes: [I; 0, 0, 0, 0], id: ""minecraft:campfire""}"
"(10, 10, 30)",minecraft:spruce_stairs,"{'facing': 'south', 'half': 'top', 'shape': 'straight', 'waterlogged': 'false'}",
"(11, 10, 30)",minecraft:campfire,"{'facing': 'west', 'lit': 'false', 'signal_fire': 'false', 'waterlogged': 'false'}","{components: {}, Items: [], CookingTimes: [I; 0, 0, 0, 0], CookingTotalTimes: [I; 0, 0, 0, 0], id: ""minecraft:campfire""}"
"(12, 10, 30)",minecraft:spruce_stairs,"{'facing': 'south', 'half': 'top', 'shape': 'straight', 'waterlogged': 'false'}",
"(14, 10, 30)",minecraft:andesite,{},
"(22, 10, 30)",minecraft:stone_bricks,{},
"(23, 10, 30)",minecraft:stone_bricks,{},
"(24, 10, 30)",minecraft:spruce_stairs,"{'facing': 'south', 'half': 'bottom', 'shape': 'straight', 'waterlogged': 'false'}",
"(27, 10, 30)",minecraft:stone_bricks,{},
"(38, 10, 30)",minecraft:stone_bricks,{},
"(50, 10, 30)",minecraft:lantern,"{'hanging': 'false', 'waterlogged': 'false'}",
"(51, 10, 30)",minecraft:oak_planks,{},
"(52, 10, 30)",minecraft:spruce_trapdoor,"{'facing': 'east', 'half': 'top', 'open': 'true', 'powered': 'false', 'waterlogged': 'false'}",
"(7, 10, 31)",minecraft:campfire,"{'facing': 'east', 'lit': 'false', 'signal_fire': 'false', 'waterlogged': 'false'}","{components: {}, Items: [], CookingTimes: [I; 0, 0, 0, 0], CookingTotalTimes: [I; 0, 0, 0, 0], id: ""minecraft:campfire""}"
"(8, 10, 31)",minecraft:spruce_stairs,"{'facing': 'north', 'half': 'bottom', 'shape': 'straight', 'waterlogged': 'false'}",
"(9, 10, 31)",minecraft:campfire,"{'facing': 'west', 'lit': 'false', 'signal_fire': 'false', 'waterlogged': 'false'}","{components: {}, Items: [], CookingTimes: [I; 0, 0, 0, 0], CookingTotalTimes: [I; 0, 0, 0, 0], id: ""minecraft:campfire""}"
"(10, 10, 31)",minecraft:spruce_stairs,"{'facing': 'north', 'half': 'bottom', 'shape': 'straight', 'waterlogged': 'false'}",
"(11, 10, 31)",minecraft:campfire,"{'facing': 'west', 'lit': 'false', 'signal_fire': 'false', 'waterlogged': 'false'}","{components: {}, Items: [], CookingTimes: [I; 0, 0, 0, 0], CookingTotalTimes: [I; 0, 0, 0, 0], id: ""minecraft:campfire""}"
"(12, 10, 31)",minecraft:spruce_stairs,"{'facing': 'north', 'half': 'bottom', 'shape': 'straight', 'waterlogged': 'false'}",
"(13, 10, 31)",minecraft:stone_bricks,{},
"(14, 10, 31)",minecraft:andesite,{},
"(15, 10, 31)",minecraft:stone_bricks,{},
"(16, 10, 31)",minecraft:andesite,{},
"(17, 10, 31)",minecraft:andesite,{},
"(18, 10, 31)",minecraft:stone_bricks,{},
"(19, 10, 31)",minecraft:stone_bricks,{},
"(20, 10, 31)",minecraft:andesite,{},
"(21, 10, 31)",minecraft:stone_bricks,{},
"(22, 10, 31)",minecraft:andesite,{},
"(23, 10, 31)",minecraft:stone,{},
"(24, 10, 31)",minecraft:spruce_stairs,"{'facing': 'north', 'half': 'top', 'shape': 'straight', 'waterlogged': 'false'}",
"(27, 10, 31)",minecraft:stone,{},
"(38, 10, 31)",minecraft:andesite,{},
"(39, 10, 31)",minecraft:oak_planks,{},
"(40, 10, 31)",minecraft:gray_stained_glass_pane,"{'east': 'true', 'north': 'false', 'south': 'false', 'waterlogged': 'false', 'west': 'true'}",
"(41, 10, 31)",minecraft:stripped_oak_wood,{'axis': 'x'},
"(42, 10, 31)",minecraft:potted_blue_orchid,{},
"(48, 10, 31)",minecraft:flowering_azalea_leaves,"{'distance': '1', 'persistent': 'true', 'waterlogged': 'false'}",
"(49, 10, 31)",minecraft:stripped_oak_wood,{'axis': 'x'},
"(50, 10, 31)",minecraft:oak_planks,{},
"(51, 10, 31)",minecraft:stripped_spruce_log,{'axis': 'y'},
"(7, 10, 32)",minecraft:campfire,"{'facing': 'east', 'lit': 'false', 'signal_fire': 'false', 'waterlogged': 'false'}","{components: {}, Items: [], CookingTimes: [I; 0, 0, 0, 0], CookingTotalTimes: [I; 0, 0, 0, 0], id: ""minecraft:campfire""}"
"(8, 10, 32)",minecraft:spruce_slab,"{'type': 'bottom', 'waterlogged': 'false'}",
"(9, 10, 32)",minecraft:campfire,"{'facing': 'west', 'lit': 'false', 'signal_fire': 'false', 'waterlogged': 'false'}","{components: {}, Items: [], CookingTimes: [I; 0, 0, 0, 0], CookingTotalTimes: [I; 0, 0, 0, 0], id: ""minecraft:campfire""}"
"(10, 10, 32)",minecraft:spruce_slab,"{'type': 'bottom', 'waterlogged': 'false'}",
"(11, 10, 32)",minecraft:campfire,"{'facing': 'west', 'lit': 'false', 'signal_fire': 'false', 'waterlogged': 'false'}","{components: {}, Items: [], CookingTimes: [I; 0, 0, 0, 0], CookingTotalTimes: [I; 0, 0, 0, 0], id: ""minecraft:campfire""}"
"(12, 10, 32)",minecraft:spruce_slab,"{'type': 'bottom', 'waterlogged': 'false'}",
"(13, 10, 32)",minecraft:stone,{},
"(14, 10, 32)",minecraft:stone_bricks,{},
"(15, 10, 32)",minecraft:campfire,"{'facing': 'west', 'lit': 'false', 'signal_fire': 'false', 'waterlogged': 'false'}","{components: {}, Items: [], CookingTimes: [I; 0, 0, 0, 0], CookingTotalTimes: [I; 0, 0, 0, 0], id: ""minecraft:campfire""}"
"(16, 10, 32)",minecraft:spruce_slab,"{'type': 'bottom', 'waterlogged': 'false'}",
"(17, 10, 32)",minecraft:campfire,"{'facing': 'west', 'lit': 'false', 'signal_fire': 'false', 'waterlogged': 'false'}","{components: {}, Items: [], CookingTimes: [I; 0, 0, 0, 0], CookingTotalTimes: [I; 0, 0, 0, 0], id: ""minecraft:campfire""}"
"(18, 10, 32)",minecraft:spruce_slab,"{'type': 'bottom', 'waterlogged': 'false'}",
"(19, 10, 32)",minecraft:campfire,"{'facing': 'west', 'lit': 'false', 'signal_fire': 'false', 'waterlogged': 'false'}","{components: {}, Items: [], CookingTimes: [I; 0, 0, 0, 0], CookingTotalTimes: [I; 0, 0, 0, 0], id: ""minecraft:campfire""}"
"(20, 10, 32)",minecraft:stone,{},
"(22, 10, 32)",minecraft:stone_bricks,{},
"(23, 10, 32)",minecraft:stone,{},
"(27, 10, 32)",minecraft:stone,{},
"(38, 10, 32)",minecraft:stone_bricks,{},
"(39, 10, 32)",minecraft:white_tulip,{},
"(40, 10, 32)",minecraft:spruce_fence_gate,"{'facing': 'north', 'in_wall': 'false', 'open': 'true', 'powered': 'false'}",
"(41, 10, 32)",minecraft:acacia_leaves,"{'distance': '1', 'persistent': 'true', 'waterlogged': 'false'}",
"(42, 10, 32)",minecraft:stripped_oak_wood,{'axis': 'z'},
"(43, 10, 32)",minecraft:bookshelf,{},
"(47, 10, 32)",minecraft:bookshelf,{},
"(48, 10, 32)",minecraft:oak_planks,{},
"(49, 10, 32)",minecraft:granite,{},
"(7, 10, 33)",minecraft:campfire,"{'facing': 'east', 'lit': 'false', 'signal_fire': 'false', 'waterlogged': 'false'}","{components: {}, Items: [], CookingTimes: [I; 0, 0, 0, 0], CookingTotalTimes: [I; 0, 0, 0, 0], id: ""minecraft:campfire""}"
"(8, 10, 33)",minecraft:spruce_slab,"{'type': 'bottom', 'waterlogged': 'false'}",
"(9, 10, 33)",minecraft:campfire,"{'facing': 'west', 'lit': 'false', 'signal_fire': 'false', 'waterlogged': 'false'}","{components: {}, Items: [], CookingTimes: [I; 0, 0, 0, 0], CookingTotalTimes: [I; 0, 0, 0, 0], id: ""minecraft:campfire""}"
"(10, 10, 33)",minecraft:spruce_slab,"{'type': 'bottom', 'waterlogged': 'false'}",
"(11, 10, 33)",minecraft:campfire,"{'facing': 'west', 'lit': 'false', 'signal_fire': 'false', 'waterlogged': 'false'}","{components: {}, Items: [], CookingTimes: [I; 0, 0, 0, 0], CookingTotalTimes: [I; 0, 0, 0, 0], id: ""minecraft:campfire""}"
"(12, 10, 33)",minecraft:spruce_slab,"{'type': 'bottom', 'waterlogged': 'false'}",
"(13, 10, 33)",minecraft:campfire,"{'facing': 'west', 'lit': 'false', 'signal_fire': 'false', 'waterlogged': 'false'}","{components: {}, Items: [], CookingTimes: [I; 0, 0, 0, 0], CookingTotalTimes: [I; 0, 0, 0, 0], id: ""minecraft:campfire""}"
"(14, 10, 33)",minecraft:spruce_slab,"{'type': 'bottom', 'waterlogged': 'false'}",
"(15, 10, 33)",minecraft:campfire,"{'facing': 'west', 'lit': 'false', 'signal_fire': 'false', 'waterlogged': 'false'}","{components: {}, Items: [], CookingTimes: [I; 0, 0, 0, 0], CookingTotalTimes: [I; 0, 0, 0, 0], id: ""minecraft:campfire""}"
"(16, 10, 33)",minecraft:spruce_slab,"{'type': 'bottom', 'waterlogged': 'false'}",
"(17, 10, 33)",minecraft:campfire,"{'facing': 'west', 'lit': 'false', 'signal_fire': 'false', 'waterlogged': 'false'}","{components: {}, Items: [], CookingTimes: [I; 0, 0, 0, 0], CookingTotalTimes: [I; 0, 0, 0, 0], id: ""minecraft:campfire""}"
"(18, 10, 33)",minecraft:spruce_slab,"{'type': 'bottom', 'waterlogged': 'false'}",
"(19, 10, 33)",minecraft:campfire,"{'facing': 'west', 'lit': 'false', 'signal_fire': 'false', 'waterlogged': 'false'}","{components: {}, Items: [], CookingTimes: [I; 0, 0, 0, 0], CookingTotalTimes: [I; 0, 0, 0, 0], id: ""minecraft:campfire""}"
"(20, 10, 33)",minecraft:stone,{},
"(23, 10, 33)",minecraft:stone_stairs,"{'facing': 'west', 'half': 'top', 'shape': 'straight', 'waterlogged': 'false'}",
"(27, 10, 33)",minecraft:stone,{},
"(38, 10, 33)",minecraft:stone,{},
"(42, 10, 33)",minecraft:oak_planks,{},
"(43, 10, 33)",minecraft:bookshelf,{},
"(44, 10, 33)",minecraft:ender_chest,"{'facing': 'north', 'waterlogged': 'false'}","{components: {}, id: ""minecraft:ender_chest""}"
"(46, 10, 33)",minecraft:potted_fern,{},
"(47, 10, 33)",minecraft:bookshelf,{},
"(48, 10, 33)",minecraft:stripped_oak_wood,{'axis': 'z'},
"(7, 10, 34)",minecraft:campfire,"{'facing': 'east', 'lit': 'false', 'signal_fire': 'false', 'waterlogged': 'false'}","{components: {}, Items: [], CookingTimes: [I; 0, 0, 0, 0], CookingTotalTimes: [I; 0, 0, 0, 0], id: ""minecraft:campfire""}"
"(8, 10, 34)",minecraft:spruce_slab,"{'type': 'bottom', 'waterlogged': 'false'}",
"(9, 10, 34)",minecraft:campfire,"{'facing': 'west', 'lit': 'false', 'signal_fire': 'false', 'waterlogged': 'false'}","{components: {}, Items: [], CookingTimes: [I; 0, 0, 0, 0], CookingTotalTimes: [I; 0, 0, 0, 0], id: ""minecraft:campfire""}"
"(10, 10, 34)",minecraft:spruce_slab,"{'type': 'bottom', 'waterlogged': 'false'}",
"(11, 10, 34)",minecraft:campfire,"{'facing': 'west', 'lit': 'false', 'signal_fire': 'false', 'waterlogged': 'false'}","{components: {}, Items: [], CookingTimes: [I; 0, 0, 0, 0], CookingTotalTimes: [I; 0, 0, 0, 0], id: ""minecraft:campfire""}"
"(12, 10, 34)",minecraft:spruce_slab,"{'type': 'bottom', 'waterlogged': 'false'}",
"(13, 10, 34)",minecraft:campfire,"{'facing': 'west', 'lit': 'false', 'signal_fire': 'false', 'waterlogged': 'false'}","{components: {}, Items: [], CookingTimes: [I; 0, 0, 0, 0], CookingTotalTimes: [I; 0, 0, 0, 0], id: ""minecraft:campfire""}"
"(14, 10, 34)",minecraft:spruce_slab,"{'type': 'bottom', 'waterlogged': 'false'}",
"(15, 10, 34)",minecraft:campfire,"{'facing': 'west', 'lit': 'false', 'signal_fire': 'false', 'waterlogged': 'false'}","{components: {}, Items: [], CookingTimes: [I; 0, 0, 0, 0], CookingTotalTimes: [I; 0, 0, 0, 0], id: ""minecraft:campfire""}"
"(16, 10, 34)",minecraft:spruce_slab,"{'type': 'bottom', 'waterlogged': 'false'}",
"(17, 10, 34)",minecraft:campfire,"{'facing': 'west', 'lit': 'false', 'signal_fire': 'false', 'waterlogged': 'false'}","{components: {}, Items: [], CookingTimes: [I; 0, 0, 0, 0], CookingTotalTimes: [I; 0, 0, 0, 0], id: ""minecraft:campfire""}"
"(18, 10, 34)",minecraft:spruce_slab,"{'type': 'bottom', 'waterlogged': 'false'}",
"(19, 10, 34)",minecraft:campfire,"{'facing': 'west', 'lit': 'false', 'signal_fire': 'false', 'waterlogged': 'false'}","{components: {}, Items: [], CookingTimes: [I; 0, 0, 0, 0], CookingTotalTimes: [I; 0, 0, 0, 0], id: ""minecraft:campfire""}"
"(20, 10, 34)",minecraft:stone_bricks,{},
"(21, 10, 34)",minecraft:stone_brick_stairs,"{'facing': 'north', 'half': 'top', 'shape': 'straight', 'waterlogged': 'false'}",
"(22, 10, 34)",minecraft:stone,{},
"(23, 10, 34)",minecraft:stone_bricks,{},
"(24, 10, 34)",minecraft:stone,{},
"(25, 10, 34)",minecraft:stone_bricks,{},
"(26, 10, 34)",minecraft:stone,{},
"(27, 10, 34)",minecraft:stone,{},
"(35, 10, 34)",minecraft:stone,{},
"(36, 10, 34)",minecraft:stone_bricks,{},
"(37, 10, 34)",minecraft:andesite,{},
"(38, 10, 34)",minecraft:stone,{},
"(42, 10, 34)",minecraft:stripped_spruce_log,{'axis': 'y'},
"(43, 10, 34)",minecraft:stripped_oak_wood,{'axis': 'x'},
"(44, 10, 34)",minecraft:gray_stained_glass_pane,"{'east': 'true', 'north': 'false', 'south': 'false', 'waterlogged': 'false', 'west': 'true'}",
"(45, 10, 34)",minecraft:oak_planks,{},
"(46, 10, 34)",minecraft:gray_stained_glass_pane,"{'east': 'true', 'north': 'false', 'south': 'false', 'waterlogged': 'false', 'west': 'true'}",
"(47, 10, 34)",minecraft:stripped_oak_wood,{'axis': 'x'},
"(48, 10, 34)",minecraft:oak_log,{'axis': 'y'},
"(8, 10, 35)",minecraft:spruce_slab,"{'type': 'bottom', 'waterlogged': 'false'}",
"(9, 10, 35)",minecraft:campfire,"{'facing': 'west', 'lit': 'false', 'signal_fire': 'false', 'waterlogged': 'false'}","{components: {}, Items: [], CookingTimes: [I; 0, 0, 0, 0], CookingTotalTimes: [I; 0, 0, 0, 0], id: ""minecraft:campfire""}"
"(10, 10, 35)",minecraft:spruce_slab,"{'type': 'bottom', 'waterlogged': 'false'}",
"(11, 10, 35)",minecraft:campfire,"{'facing': 'west', 'lit': 'false', 'signal_fire': 'false', 'waterlogged': 'false'}","{components: {}, Items: [], CookingTimes: [I; 0, 0, 0, 0], CookingTotalTimes: [I; 0, 0, 0, 0], id: ""minecraft:campfire""}"
"(12, 10, 35)",minecraft:spruce_slab,"{'type': 'bottom', 'waterlogged': 'false'}",
"(13, 10, 35)",minecraft:campfire,"{'facing': 'west', 'lit': 'false', 'signal_fire': 'false', 'waterlogged': 'false'}","{components: {}, Items: [], CookingTimes: [I; 0, 0, 0, 0], CookingTotalTimes: [I; 0, 0, 0, 0], id: ""minecraft:campfire""}"
"(14, 10, 35)",minecraft:spruce_slab,"{'type': 'bottom', 'waterlogged': 'false'}",
"(15, 10, 35)",minecraft:campfire,"{'facing': 'west', 'lit': 'false', 'signal_fire': 'false', 'waterlogged': 'false'}","{components: {}, Items: [], CookingTimes: [I; 0, 0, 0, 0], CookingTotalTimes: [I; 0, 0, 0, 0], id: ""minecraft:campfire""}"
"(16, 10, 35)",minecraft:spruce_slab,"{'type': 'bottom', 'waterlogged': 'false'}",
"(17, 10, 35)",minecraft:campfire,"{'facing': 'west', 'lit': 'false', 'signal_fire': 'false', 'waterlogged': 'false'}","{components: {}, Items: [], CookingTimes: [I; 0, 0, 0, 0], CookingTotalTimes: [I; 0, 0, 0, 0], id: ""minecraft:campfire""}"
"(18, 10, 35)",minecraft:spruce_slab,"{'type': 'bottom', 'waterlogged': 'false'}",
"(19, 10, 35)",minecraft:campfire,"{'facing': 'west', 'lit': 'false', 'signal_fire': 'false', 'waterlogged': 'false'}","{components: {}, Items: [], CookingTimes: [I; 0, 0, 0, 0], CookingTotalTimes: [I; 0, 0, 0, 0], id: ""minecraft:campfire""}"
"(21, 10, 35)",minecraft:campfire,"{'facing': 'north', 'lit': 'false', 'signal_fire': 'false', 'waterlogged': 'false'}","{components: {}, Items: [], CookingTimes: [I; 0, 0, 0, 0], CookingTotalTimes: [I; 0, 0, 0, 0], id: ""minecraft:campfire""}"
"(27, 10, 35)",minecraft:andesite,{},
"(35, 10, 35)",minecraft:andesite,{},
"(43, 10, 35)",minecraft:spruce_trapdoor,"{'facing': 'south', 'half': 'top', 'open': 'true', 'powered': 'false', 'waterlogged': 'false'}",
"(44, 10, 35)",minecraft:potted_poppy,{},
"(46, 10, 35)",minecraft:acacia_leaves,"{'distance': '7', 'persistent': 'true', 'waterlogged': 'false'}",
"(47, 10, 35)",minecraft:spruce_trapdoor,"{'facing': 'south', 'half': 'top', 'open': 'true', 'powered': 'false', 'waterlogged': 'false'}",
"(27, 10, 36)",minecraft:stone_bricks,{},
"(28, 10, 36)",minecraft:stone,{},
"(29, 10, 36)",minecraft:stone_bricks,{},
"(30, 10, 36)",minecraft:stone_bricks,{},
"(31, 10, 36)",minecraft:stone,{},
"(32, 10, 36)",minecraft:stone,{},
"(33, 10, 36)",minecraft:andesite,{},
"(34, 10, 36)",minecraft:stone,{},
"(35, 10, 36)",minecraft:andesite,{},
"(35, 10, 37)",minecraft:acacia_leaves,"{'distance': '7', 'persistent': 'true', 'waterlogged': 'false'}",
"(30, 10, 39)",minecraft:acacia_leaves,"{'distance': '7', 'persistent': 'true', 'waterlogged': 'false'}",
"(34, 10, 39)",minecraft:acacia_leaves,"{'distance': '7', 'persistent': 'true', 'waterlogged': 'false'}",
"(12, 11, 1)",minecraft:dark_oak_stairs,"{'facing': 'east', 'half': 'bottom', 'shape': 'straight', 'waterlogged': 'false'}",
"(13, 11, 1)",minecraft:dark_oak_stairs,"{'facing': 'west', 'half': 'top', 'shape': 'straight', 'waterlogged': 'false'}",
"(15, 11, 1)",minecraft:dark_oak_stairs,"{'facing': 'east', 'half': 'top', 'shape': 'straight', 'waterlogged': 'false'}",
"(16, 11, 1)",minecraft:dark_oak_stairs,"{'facing': 'west', 'half': 'bottom', 'shape': 'straight', 'waterlogged': 'false'}",
"(39, 11, 1)",minecraft:dark_oak_stairs,"{'facing': 'east', 'half': 'bottom', 'shape': 'straight', 'waterlogged': 'false'}",
"(40, 11, 1)",minecraft:dark_oak_stairs,"{'facing': 'west', 'half': 'top', 'shape': 'straight', 'waterlogged': 'false'}",
"(41, 11, 1)",minecraft:campfire,"{'facing': 'south', 'lit': 'false', 'signal_fire': 'false', 'waterlogged': 'false'}","{components: {}, Items: [], CookingTimes: [I; 0, 0, 0, 0], CookingTotalTimes: [I; 0, 0, 0, 0], id: ""minecraft:campfire""}"
"(42, 11, 1)",minecraft:dark_oak_stairs,"{'facing': 'east', 'half': 'top', 'shape': 'straight', 'waterlogged': 'false'}",
"(43, 11, 1)",minecraft:dark_oak_stairs,"{'facing': 'west', 'half': 'bottom', 'shape': 'straight', 'waterlogged': 'false'}",
"(12, 11, 2)",minecraft:spruce_stairs,"{'facing': 'east', 'half': 'bottom', 'shape': 'straight', 'waterlogged': 'false'}",
"(13, 11, 2)",minecraft:stripped_oak_wood,{'axis': 'x'},
"(14, 11, 2)",minecraft:oak_planks,{},
"(15, 11, 2)",minecraft:stripped_oak_wood,{'axis': 'x'},
"(16, 11, 2)",minecraft:spruce_stairs,"{'facing': 'west', 'half': 'bottom', 'shape': 'straight', 'waterlogged': 'false'}",
"(21, 11, 2)",minecraft:spruce_trapdoor,"{'facing': 'north', 'half': 'top', 'open': 'true', 'powered': 'false', 'waterlogged': 'false'}",
"(22, 11, 2)",minecraft:potted_poppy,{},
"(26, 11, 2)",minecraft:spruce_wall_sign,"{'facing': 'west', 'waterlogged': 'false'}","{back_text: {has_glowing_text: 0b, color: ""black"", messages: ["""", """", """", """"]}, components: {}, is_waxed: 0b, id: ""minecraft:sign"", front_text: {has_glowing_text: 0b, color: ""black"", messages: ["""", """", """", """"]}}"
"(27, 11, 2)",minecraft:spruce_trapdoor,"{'facing': 'east', 'half': 'bottom', 'open': 'true', 'powered': 'false', 'waterlogged': 'false'}",
"(29, 11, 2)",minecraft:spruce_trapdoor,"{'facing': 'west', 'half': 'bottom', 'open': 'true', 'powered': 'false', 'waterlogged': 'false'}",
"(30, 11, 2)",minecraft:spruce_wall_sign,"{'facing': 'east', 'waterlogged': 'false'}","{back_text: {has_glowing_text: 0b, color: ""black"", messages: ["""", """", """", """"]}, components: {}, is_waxed: 0b, id: ""minecraft:sign"", front_text: {has_glowing_text: 0b, color: ""black"", messages: ["""", """", """", """"]}}"
"(33, 11, 2)",minecraft:spruce_trapdoor,"{'facing': 'north', 'half': 'top', 'open': 'true', 'powered': 'false', 'waterlogged': 'false'}",
"(34, 11, 2)",minecraft:lantern,"{'hanging': 'false', 'waterlogged': 'false'}",
"(39, 11, 2)",minecraft:spruce_stairs,"{'facing': 'east', 'half': 'bottom', 'shape': 'straight', 'waterlogged': 'false'}",
"(40, 11, 2)",minecraft:oak_planks,{},
"(41, 11, 2)",minecraft:oak_planks,{},
"(42, 11, 2)",minecraft:oak_planks,{},
"(43, 11, 2)",minecraft:spruce_stairs,"{'facing': 'west', 'half': 'bottom', 'shape': 'straight', 'waterlogged': 'false'}",
"(12, 11, 3)",minecraft:spruce_stairs,"{'facing': 'east', 'half': 'bottom', 'shape': 'straight', 'waterlogged': 'false'}",
"(16, 11, 3)",minecraft:spruce_stairs,"{'facing': 'west', 'half': 'bottom', 'shape': 'straight', 'waterlogged': 'false'}",
"(21, 11, 3)",minecraft:andesite,{},
"(22, 11, 3)",minecraft:gray_stained_glass_pane,"{'east': 'true', 'north': 'false', 'south': 'false', 'waterlogged': 'false', 'west': 'true'}",
"(23, 11, 3)",minecraft:stone,{},
"(25, 11, 3)",minecraft:oak_log,{'axis': 'y'},
"(26, 11, 3)",minecraft:oak_planks,{},
"(27, 11, 3)",minecraft:gray_stained_glass_pane,"{'east': 'true', 'north': 'false', 'south': 'false', 'waterlogged': 'false', 'west': 'true'}",
"(28, 11, 3)",minecraft:stripped_spruce_log,{'axis': 'y'},
"(29, 11, 3)",minecraft:gray_stained_glass_pane,"{'east': 'true', 'north': 'false', 'south': 'false', 'waterlogged': 'false', 'west': 'true'}",
"(30, 11, 3)",minecraft:oak_planks,{},
"(31, 11, 3)",minecraft:oak_log,{'axis': 'y'},
"(33, 11, 3)",minecraft:stone_bricks,{},
"(34, 11, 3)",minecraft:gray_stained_glass_pane,"{'east': 'true', 'north': 'false', 'south': 'false', 'waterlogged': 'false', 'west': 'true'}",
"(35, 11, 3)",minecraft:stone,{},
"(39, 11, 3)",minecraft:spruce_stairs,"{'facing': 'east', 'half': 'bottom', 'shape': 'straight', 'waterlogged': 'false'}",
"(43, 11, 3)",minecraft:spruce_stairs,"{'facing': 'west', 'half': 'bottom', 'shape': 'straight', 'waterlogged': 'false'}",
"(11, 11, 4)",minecraft:brick_stairs,"{'facing': 'south', 'half': 'top', 'shape': 'straight', 'waterlogged': 'false'}",
"(12, 11, 4)",minecraft:spruce_stairs,"{'facing': 'east', 'half': 'bottom', 'shape': 'straight', 'waterlogged': 'false'}",
"(16, 11, 4)",minecraft:spruce_stairs,"{'facing': 'west', 'half': 'bottom', 'shape': 'straight', 'waterlogged': 'false'}",
"(20, 11, 4)",minecraft:stone,{},
"(24, 11, 4)",minecraft:stone_bricks,{},
"(28, 11, 4)",minecraft:oak_leaves,"{'distance': '1', 'persistent': 'true', 'waterlogged': 'false'}",
"(32, 11, 4)",minecraft:stone_bricks,{},
"(36, 11, 4)",minecraft:stone_bricks,{},
"(38, 11, 4)",minecraft:acacia_leaves,"{'distance': '7', 'persistent': 'true', 'waterlogged': 'false'}",
"(39, 11, 4)",minecraft:spruce_stairs,"{'facing': 'east', 'half': 'bottom', 'shape': 'straight', 'waterlogged': 'false'}",
"(43, 11, 4)",minecraft:spruce_stairs,"{'facing': 'west', 'half': 'bottom', 'shape': 'straight', 'waterlogged': 'false'}",
"(11, 11, 5)",minecraft:granite_stairs,"{'facing': 'north', 'half': 'bottom', 'shape': 'straight', 'waterlogged': 'false'}",
"(12, 11, 5)",minecraft:spruce_stairs,"{'facing': 'east', 'half': 'bottom', 'shape': 'straight', 'waterlogged': 'false'}",
"(16, 11, 5)",minecraft:spruce_stairs,"{'facing': 'west', 'half': 'bottom', 'shape': 'straight', 'waterlogged': 'false'}",
"(19, 11, 5)",minecraft:lantern,"{'hanging': 'false', 'waterlogged': 'false'}",
"(20, 11, 5)",minecraft:gray_stained_glass_pane,"{'east': 'false', 'north': 'true', 'south': 'true', 'waterlogged': 'false', 'west': 'false'}",
"(24, 11, 5)",minecraft:spruce_door,"{'facing': 'west', 'half': 'upper', 'hinge': 'left', 'open': 'false', 'powered': 'false'}",
"(32, 11, 5)",minecraft:spruce_door,"{'facing': 'east', 'half': 'upper', 'hinge': 'left', 'open': 'false', 'powered': 'false'}",
"(35, 11, 5)",minecraft:oak_leaves,"{'distance': '7', 'persistent': 'true', 'waterlogged': 'false'}",
"(36, 11, 5)",minecraft:stone,{},
"(37, 11, 5)",minecraft:spruce_stairs,"{'facing': 'south', 'half': 'bottom', 'shape': 'straight', 'waterlogged': 'false'}",
"(38, 11, 5)",minecraft:spruce_stairs,"{'facing': 'south', 'half': 'bottom', 'shape': 'straight', 'waterlogged': 'false'}",
"(39, 11, 5)",minecraft:spruce_stairs,"{'facing': 'east', 'half': 'bottom', 'shape': 'inner_right', 'waterlogged': 'false'}",
"(43, 11, 5)",minecraft:spruce_stairs,"{'facing': 'west', 'half': 'bottom', 'shape': 'inner_left', 'waterlogged': 'false'}",
"(44, 11, 5)",minecraft:spruce_stairs,"{'facing': 'south', 'half': 'bottom', 'shape': 'straight', 'waterlogged': 'false'}",
"(45, 11, 5)",minecraft:spruce_stairs,"{'facing': 'south', 'half': 'bottom', 'shape': 'straight', 'waterlogged': 'false'}",
"(46, 11, 5)",minecraft:dark_oak_stairs,"{'facing': 'south', 'half': 'bottom', 'shape': 'straight', 'waterlogged': 'false'}",
"(7, 11, 6)",minecraft:dark_oak_stairs,"{'facing': 'south', 'half': 'bottom', 'shape': 'straight', 'waterlogged': 'false'}",
"(8, 11, 6)",minecraft:spruce_stairs,"{'facing': 'south', 'half': 'bottom', 'shape': 'straight', 'waterlogged': 'false'}",
"(9, 11, 6)",minecraft:spruce_stairs,"{'facing': 'south', 'half': 'bottom', 'shape': 'straight', 'waterlogged': 'false'}",
"(10, 11, 6)",minecraft:spruce_stairs,"{'facing': 'south', 'half': 'bottom', 'shape': 'straight', 'waterlogged': 'false'}",
"(11, 11, 6)",minecraft:spruce_stairs,"{'facing': 'south', 'half': 'bottom', 'shape': 'straight', 'waterlogged': 'false'}",
"(12, 11, 6)",minecraft:spruce_stairs,"{'facing': 'south', 'half': 'bottom', 'shape': 'inner_left', 'waterlogged': 'false'}",
"(16, 11, 6)",minecraft:spruce_stairs,"{'facing': 'west', 'half': 'bottom', 'shape': 'inner_left', 'waterlogged': 'false'}",
"(17, 11, 6)",minecraft:spruce_stairs,"{'facing': 'south', 'half': 'bottom', 'shape': 'straight', 'waterlogged': 'false'}",
"(18, 11, 6)",minecraft:dark_oak_stairs,"{'facing': 'south', 'half': 'bottom', 'shape': 'straight', 'waterlogged': 'false'}",
"(19, 11, 6)",minecraft:spruce_trapdoor,"{'facing': 'west', 'half': 'top', 'open': 'true', 'powered': 'false', 'waterlogged': 'false'}",
"(20, 11, 6)",minecraft:andesite,{},
"(21, 11, 6)",minecraft:lantern,"{'hanging': 'false', 'waterlogged': 'false'}",
"(23, 11, 6)",minecraft:potted_birch_sapling,{},
"(24, 11, 6)",minecraft:stone,{},
"(25, 11, 6)",minecraft:oak_leaves,"{'distance': '1', 'persistent': 'true', 'waterlogged': 'false'}",
"(31, 11, 6)",minecraft:green_candle,"{'candles': '3', 'lit': 'true', 'waterlogged': 'false'}",
"(32, 11, 6)",minecraft:stone_bricks,{},
"(36, 11, 6)",minecraft:stone,{},
"(45, 11, 6)",minecraft:stripped_oak_wood,{'axis': 'z'},
"(46, 11, 6)",minecraft:dark_oak_stairs,"{'facing': 'north', 'half': 'top', 'shape': 'straight', 'waterlogged': 'false'}",
"(7, 11, 7)",minecraft:dark_oak_stairs,"{'facing': 'north', 'half': 'top', 'shape': 'straight', 'waterlogged': 'false'}",
"(8, 11, 7)",minecraft:stripped_oak_wood,{'axis': 'z'},
"(17, 11, 7)",minecraft:oak_planks,{},
"(18, 11, 7)",minecraft:dark_oak_stairs,"{'facing': 'north', 'half': 'top', 'shape': 'straight', 'waterlogged': 'false'}",
"(21, 11, 7)",minecraft:stone,{},
"(22, 11, 7)",minecraft:gray_stained_glass_pane,"{'east': 'true', 'north': 'false', 'south': 'false', 'waterlogged': 'false', 'west': 'true'}",
"(23, 11, 7)",minecraft:stone_bricks,{},
"(25, 11, 7)",minecraft:oak_log,{'axis': 'y'},
"(26, 11, 7)",minecraft:oak_planks,{},
"(27, 11, 7)",minecraft:gray_stained_glass_pane,"{'east': 'true', 'north': 'false', 'south': 'false', 'waterlogged': 'false', 'west': 'true'}",
"(28, 11, 7)",minecraft:stripped_spruce_log,{'axis': 'y'},
"(29, 11, 7)",minecraft:gray_stained_glass_pane,"{'east': 'true', 'north': 'false', 'south': 'false', 'waterlogged': 'false', 'west': 'true'}",
"(30, 11, 7)",minecraft:oak_planks,{},
"(31, 11, 7)",minecraft:stripped_spruce_log,{'axis': 'y'},
"(33, 11, 7)",minecraft:stone_bricks,{},
"(34, 11, 7)",minecraft:stone,{},
"(35, 11, 7)",minecraft:stone_bricks,{},
"(44, 11, 7)",minecraft:stone_bricks,{},
"(45, 11, 7)",minecraft:stone,{},
"(46, 11, 7)",minecraft:stone_bricks,{},
"(8, 11, 8)",minecraft:oak_planks,{},
"(17, 11, 8)",minecraft:stripped_oak_wood,{'axis': 'z'},
"(22, 11, 8)",minecraft:potted_white_tulip,{},
"(23, 11, 8)",minecraft:spruce_trapdoor,"{'facing': 'south', 'half': 'top', 'open': 'true', 'powered': 'false', 'waterlogged': 'false'}",
"(26, 11, 8)",minecraft:spruce_wall_sign,"{'facing': 'west', 'waterlogged': 'false'}","{back_text: {has_glowing_text: 0b, color: ""black"", messages: ["""", """", """", """"]}, components: {}, is_waxed: 0b, id: ""minecraft:sign"", front_text: {has_glowing_text: 0b, color: ""black"", messages: ["""", """", """", """"]}}"
"(27, 11, 8)",minecraft:spruce_trapdoor,"{'facing': 'east', 'half': 'bottom', 'open': 'true', 'powered': 'false', 'waterlogged': 'false'}",
"(29, 11, 8)",minecraft:spruce_trapdoor,"{'facing': 'west', 'half': 'bottom', 'open': 'true', 'powered': 'false', 'waterlogged': 'false'}",
"(30, 11, 8)",minecraft:spruce_wall_sign,"{'facing': 'east', 'waterlogged': 'false'}","{back_text: {has_glowing_text: 0b, color: ""black"", messages: ["""", """", """", """"]}, components: {}, is_waxed: 0b, id: ""minecraft:sign"", front_text: {has_glowing_text: 0b, color: ""black"", messages: ["""", """", """", """"]}}"
"(33, 11, 8)",minecraft:stripped_oak_wood,{'axis': 'z'},
"(44, 11, 8)",minecraft:stone,{},
"(46, 11, 8)",minecraft:stone_stairs,"{'facing': 'west', 'half': 'top', 'shape': 'straight', 'waterlogged': 'false'}",
"(47, 11, 8)",minecraft:campfire,"{'facing': 'west', 'lit': 'false', 'signal_fire': 'false', 'waterlogged': 'false'}","{components: {}, Items: [], CookingTimes: [I; 0, 0, 0, 0], CookingTotalTimes: [I; 0, 0, 0, 0], id: ""minecraft:campfire""}"
"(7, 11, 9)",minecraft:dark_oak_stairs,"{'facing': 'south', 'half': 'top', 'shape': 'straight', 'waterlogged': 'false'}",
"(8, 11, 9)",minecraft:stripped_oak_wood,{'axis': 'z'},
"(13, 11, 9)",minecraft:stone_bricks,{},
"(14, 11, 9)",minecraft:stone_bricks,{},
"(15, 11, 9)",minecraft:stone,{},
"(17, 11, 9)",minecraft:stripped_oak_wood,{'axis': 'z'},
"(18, 11, 9)",minecraft:dark_oak_stairs,"{'facing': 'south', 'half': 'top', 'shape': 'straight', 'waterlogged': 'false'}",
"(32, 11, 9)",minecraft:campfire,"{'facing': 'east', 'lit': 'false', 'signal_fire': 'false', 'waterlogged': 'false'}","{components: {}, Items: [], CookingTimes: [I; 0, 0, 0, 0], CookingTotalTimes: [I; 0, 0, 0, 0], id: ""minecraft:campfire""}"
"(33, 11, 9)",minecraft:oak_stairs,"{'facing': 'east', 'half': 'top', 'shape': 'straight', 'waterlogged': 'false'}",
"(44, 11, 9)",minecraft:stone,{},
"(45, 11, 9)",minecraft:andesite,{},
"(46, 11, 9)",minecraft:stone_bricks,{},
"(7, 11, 10)",minecraft:dark_oak_stairs,"{'facing': 'north', 'half': 'bottom', 'shape': 'straight', 'waterlogged': 'false'}",
"(8, 11, 10)",minecraft:spruce_stairs,"{'facing': 'north', 'half': 'bottom', 'shape': 'straight', 'waterlogged': 'false'}",
"(9, 11, 10)",minecraft:spruce_stairs,"{'facing': 'north', 'half': 'bottom', 'shape': 'straight', 'waterlogged': 'false'}",
"(10, 11, 10)",minecraft:spruce_stairs,"{'facing': 'north', 'half': 'bottom', 'shape': 'straight', 'waterlogged': 'false'}",
"(11, 11, 10)",minecraft:spruce_stairs,"{'facing': 'north', 'half': 'bottom', 'shape': 'straight', 'waterlogged': 'false'}",
"(12, 11, 10)",minecraft:spruce_stairs,"{'facing': 'north', 'half': 'bottom', 'shape': 'straight', 'waterlogged': 'false'}",
"(13, 11, 10)",minecraft:stone,{},
"(15, 11, 10)",minecraft:stone_bricks,{},
"(16, 11, 10)",minecraft:spruce_stairs,"{'facing': 'north', 'half': 'bottom', 'shape': 'straight', 'waterlogged': 'false'}",
"(17, 11, 10)",minecraft:spruce_stairs,"{'facing': 'north', 'half': 'bottom', 'shape': 'straight', 'waterlogged': 'false'}",
"(18, 11, 10)",minecraft:dark_oak_stairs,"{'facing': 'north', 'half': 'bottom', 'shape': 'straight', 'waterlogged': 'false'}",
"(32, 11, 10)",minecraft:dark_oak_stairs,"{'facing': 'south', 'half': 'top', 'shape': 'straight', 'waterlogged': 'false'}",
"(33, 11, 10)",minecraft:oak_planks,{},
"(45, 11, 10)",minecraft:stripped_oak_wood,{'axis': 'z'},
"(46, 11, 10)",minecraft:dark_oak_stairs,"{'facing': 'south', 'half': 'top', 'shape': 'straight', 'waterlogged': 'false'}",
"(13, 11, 11)",minecraft:stone,{},
"(14, 11, 11)",minecraft:stone_bricks,{},
"(15, 11, 11)",minecraft:stone_bricks,{},
"(26, 11, 11)",minecraft:oak_leaves,"{'distance': '7', 'persistent': 'true', 'waterlogged': 'false'}",
"(32, 11, 11)",minecraft:dark_oak_stairs,"{'facing': 'north', 'half': 'bottom', 'shape': 'straight', 'waterlogged': 'false'}",
"(33, 11, 11)",minecraft:spruce_stairs,"{'facing': 'north', 'half': 'bottom', 'shape': 'straight', 'waterlogged': 'false'}",
"(34, 11, 11)",minecraft:spruce_stairs,"{'facing': 'north', 'half': 'bottom', 'shape': 'straight', 'waterlogged': 'false'}",
"(35, 11, 11)",minecraft:spruce_stairs,"{'facing': 'north', 'half': 'bottom', 'shape': 'straight', 'waterlogged': 'false'}",
"(36, 11, 11)",minecraft:spruce_stairs,"{'facing': 'north', 'half': 'bottom', 'shape': 'straight', 'waterlogged': 'false'}",
"(37, 11, 11)",minecraft:spruce_stairs,"{'facing': 'north', 'half': 'bottom', 'shape': 'straight', 'waterlogged': 'false'}",
"(38, 11, 11)",minecraft:spruce_stairs,"{'facing': 'north', 'half': 'bottom', 'shape': 'straight', 'waterlogged': 'false'}",
"(39, 11, 11)",minecraft:spruce_stairs,"{'facing': 'north', 'half': 'bottom', 'shape': 'straight', 'waterlogged': 'false'}",
"(40, 11, 11)",minecraft:spruce_stairs,"{'facing': 'north', 'half': 'bottom', 'shape': 'straight', 'waterlogged': 'false'}",
"(41, 11, 11)",minecraft:spruce_stairs,"{'facing': 'north', 'half': 'bottom', 'shape': 'straight', 'waterlogged': 'false'}",
"(42, 11, 11)",minecraft:spruce_stairs,"{'facing': 'north', 'half': 'bottom', 'shape': 'straight', 'waterlogged': 'false'}",
"(43, 11, 11)",minecraft:spruce_stairs,"{'facing': 'north', 'half': 'bottom', 'shape': 'straight', 'waterlogged': 'false'}",
"(44, 11, 11)",minecraft:spruce_stairs,"{'facing': 'north', 'half': 'bottom', 'shape': 'straight', 'waterlogged': 'false'}",
"(45, 11, 11)",minecraft:spruce_stairs,"{'facing': 'north', 'half': 'bottom', 'shape': 'straight', 'waterlogged': 'false'}",
"(46, 11, 11)",minecraft:dark_oak_stairs,"{'facing': 'north', 'half': 'bottom', 'shape': 'straight', 'waterlogged': 'false'}",
"(24, 11, 12)",minecraft:oak_leaves,"{'distance': '6', 'persistent': 'true', 'waterlogged': 'false'}",
"(25, 11, 12)",minecraft:oak_leaves,"{'distance': '5', 'persistent': 'true', 'waterlogged': 'false'}",
"(26, 11, 12)",minecraft:oak_leaves,"{'distance': '6', 'persistent': 'true', 'waterlogged': 'false'}",
"(27, 11, 12)",minecraft:oak_leaves,"{'distance': '7', 'persistent': 'true', 'waterlogged': 'false'}",
"(25, 11, 13)",minecraft:oak_leaves,"{'distance': '4', 'persistent': 'true', 'waterlogged': 'false'}",
"(27, 11, 13)",minecraft:oak_leaves,"{'distance': '7', 'persistent': 'true', 'waterlogged': 'false'}",
"(23, 11, 14)",minecraft:oak_leaves,"{'distance': '3', 'persistent': 'true', 'waterlogged': 'false'}",
"(24, 11, 14)",minecraft:oak_leaves,"{'distance': '2', 'persistent': 'true', 'waterlogged': 'false'}",
"(25, 11, 14)",minecraft:oak_leaves,"{'distance': '3', 'persistent': 'true', 'waterlogged': 'false'}",
"(27, 11, 14)",minecraft:spruce_fence,"{'east': 'false', 'north': 'false', 'south': 'true', 'waterlogged': 'false', 'west': 'false'}",
"(28, 11, 14)",minecraft:oak_leaves,"{'distance': '7', 'persistent': 'true', 'waterlogged': 'false'}",
"(20, 11, 15)",minecraft:oak_leaves,"{'distance': '5', 'persistent': 'true', 'waterlogged': 'false'}",
"(21, 11, 15)",minecraft:oak_leaves,"{'distance': '4', 'persistent': 'true', 'waterlogged': 'false'}",
"(22, 11, 15)",minecraft:oak_leaves,"{'distance': '3', 'persistent': 'true', 'waterlogged': 'false'}",
"(23, 11, 15)",minecraft:oak_leaves,"{'distance': '2', 'persistent': 'true', 'waterlogged': 'false'}",
"(24, 11, 15)",minecraft:oak_leaves,"{'distance': '1', 'persistent': 'true', 'waterlogged': 'false'}",
"(25, 11, 15)",minecraft:oak_leaves,"{'distance': '2', 'persistent': 'true', 'waterlogged': 'false'}",
"(26, 11, 15)",minecraft:spruce_fence,"{'east': 'true', 'north': 'false', 'south': 'true', 'waterlogged': 'false', 'west': 'false'}",
"(27, 11, 15)",minecraft:spruce_fence,"{'east': 'true', 'north': 'true', 'south': 'false', 'waterlogged': 'false', 'west': 'true'}",
"(28, 11, 15)",minecraft:spruce_fence,"{'east': 'false', 'north': 'false', 'south': 'false', 'waterlogged': 'false', 'west': 'true'}",
"(43, 11, 15)",minecraft:spruce_trapdoor,"{'facing': 'north', 'half': 'bottom', 'open': 'true', 'powered': 'false', 'waterlogged': 'false'}",
"(44, 11, 15)",minecraft:spruce_fence_gate,"{'facing': 'south', 'in_wall': 'false', 'open': 'true', 'powered': 'false'}",
"(46, 11, 15)",minecraft:spruce_fence_gate,"{'facing': 'south', 'in_wall': 'false', 'open': 'true', 'powered': 'false'}",
"(47, 11, 15)",minecraft:spruce_trapdoor,"{'facing': 'north', 'half': 'bottom', 'open': 'true', 'powered': 'false', 'waterlogged': 'false'}",
"(21, 11, 16)",minecraft:oak_leaves,"{'distance': '5', 'persistent': 'true', 'waterlogged': 'false'}",
"(23, 11, 16)",minecraft:oak_leaves,"{'distance': '3', 'persistent': 'true', 'waterlogged': 'false'}",
"(24, 11, 16)",minecraft:oak_leaves,"{'distance': '2', 'persistent': 'true', 'waterlogged': 'false'}",
"(25, 11, 16)",minecraft:oak_leaves,"{'distance': '3', 'persistent': 'true', 'waterlogged': 'false'}",
"(26, 11, 16)",minecraft:spruce_fence,"{'east': 'false', 'north': 'true', 'south': 'false', 'waterlogged': 'false', 'west': 'false'}",
"(27, 11, 16)",minecraft:oak_leaves,"{'distance': '7', 'persistent': 'true', 'waterlogged': 'false'}",
"(28, 11, 16)",minecraft:oak_leaves,"{'distance': '7', 'persistent': 'true', 'waterlogged': 'false'}",
"(42, 11, 16)",minecraft:stripped_spruce_log,{'axis': 'y'},
"(43, 11, 16)",minecraft:stripped_oak_wood,{'axis': 'x'},
"(44, 11, 16)",minecraft:gray_stained_glass_pane,"{'east': 'true', 'north': 'false', 'south': 'false', 'waterlogged': 'false', 'west': 'true'}",
"(45, 11, 16)",minecraft:oak_planks,{},
"(46, 11, 16)",minecraft:gray_stained_glass_pane,"{'east': 'true', 'north': 'false', 'south': 'false', 'waterlogged': 'false', 'west': 'true'}",
"(47, 11, 16)",minecraft:stripped_oak_wood,{'axis': 'x'},
"(48, 11, 16)",minecraft:oak_log,{'axis': 'y'},
"(8, 11, 17)",minecraft:dark_oak_stairs,"{'facing': 'east', 'half': 'bottom', 'shape': 'straight', 'waterlogged': 'false'}",
"(9, 11, 17)",minecraft:dark_oak_stairs,"{'facing': 'west', 'half': 'top', 'shape': 'straight', 'waterlogged': 'false'}",
"(10, 11, 17)",minecraft:spruce_trapdoor,"{'facing': 'north', 'half': 'top', 'open': 'true', 'powered': 'false', 'waterlogged': 'false'}",
"(11, 11, 17)",minecraft:potted_white_tulip,{},
"(13, 11, 17)",minecraft:dark_oak_stairs,"{'facing': 'east', 'half': 'top', 'shape': 'straight', 'waterlogged': 'false'}",
"(14, 11, 17)",minecraft:dark_oak_stairs,"{'facing': 'west', 'half': 'bottom', 'shape': 'straight', 'waterlogged': 'false'}",
"(24, 11, 17)",minecraft:oak_leaves,"{'distance': '3', 'persistent': 'true', 'waterlogged': 'false'}",
"(25, 11, 17)",minecraft:spruce_fence,"{'east': 'false', 'north': 'false', 'south': 'true', 'waterlogged': 'false', 'west': 'false'}",
"(26, 11, 17)",minecraft:oak_leaves,"{'distance': '7', 'persistent': 'true', 'waterlogged': 'false'}",
"(27, 11, 17)",minecraft:oak_leaves,"{'distance': '7', 'persistent': 'true', 'waterlogged': 'false'}",
"(28, 11, 17)",minecraft:oak_leaves,"{'distance': '7', 'persistent': 'true', 'waterlogged': 'false'}",
"(42, 11, 17)",minecraft:oak_planks,{},
"(43, 11, 17)",minecraft:spruce_trapdoor,"{'facing': 'north', 'half': 'bottom', 'open': 'true', 'powered': 'false', 'waterlogged': 'false'}",
"(47, 11, 17)",minecraft:potted_lily_of_the_valley,{},
"(48, 11, 17)",minecraft:barrel,"{'facing': 'up', 'open': 'false'}","{components: {}, Items: [], id: ""minecraft:barrel""}"
"(49, 11, 17)",minecraft:oak_planks,{},
"(50, 11, 17)",minecraft:spruce_trapdoor,"{'facing': 'east', 'half': 'bottom', 'open': 'true', 'powered': 'false', 'waterlogged': 'false'}",
"(8, 11, 18)",minecraft:spruce_stairs,"{'facing': 'east', 'half': 'bottom', 'shape': 'straight', 'waterlogged': 'false'}",
"(9, 11, 18)",minecraft:oak_planks,{},
"(10, 11, 18)",minecraft:oak_planks,{},
"(11, 11, 18)",minecraft:gray_stained_glass_pane,"{'east': 'true', 'north': 'false', 'south': 'false', 'waterlogged': 'false', 'west': 'true'}",
"(12, 11, 18)",minecraft:stripped_oak_wood,{'axis': 'x'},
"(13, 11, 18)",minecraft:oak_planks,{},
"(14, 11, 18)",minecraft:spruce_stairs,"{'facing': 'west', 'half': 'bottom', 'shape': 'straight', 'waterlogged': 'false'}",
"(23, 11, 18)",minecraft:oak_leaves,"{'distance': '7', 'persistent': 'true', 'waterlogged': 'false'}",
"(24, 11, 18)",minecraft:spruce_fence,"{'east': 'true', 'north': 'false', 'south': 'false', 'waterlogged': 'false', 'west': 'false'}",
"(25, 11, 18)",minecraft:spruce_fence,"{'east': 'true', 'north': 'true', 'south': 'false', 'waterlogged': 'false', 'west': 'true'}",
"(26, 11, 18)",minecraft:spruce_fence,"{'east': 'false', 'north': 'false', 'south': 'true', 'waterlogged': 'false', 'west': 'true'}",
"(27, 11, 18)",minecraft:oak_leaves,"{'distance': '7', 'persistent': 'true', 'waterlogged': 'false'}",
"(42, 11, 18)",minecraft:stripped_oak_wood,{'axis': 'z'},
"(43, 11, 18)",minecraft:repeating_command_block,"{'conditional': 'false', 'facing': 'east'}","{conditionMet: 0b, auto: 0b, components: {}, powered: 0b, Command: """", id: ""minecraft:command_block"", SuccessCount: 0, TrackOutput: 1b, UpdateLastExecution: 1b}"
"(49, 11, 18)",minecraft:gray_stained_glass_pane,"{'east': 'false', 'north': 'true', 'south': 'true', 'waterlogged': 'false', 'west': 'false'}",
"(50, 11, 18)",minecraft:spruce_fence_gate,"{'facing': 'west', 'in_wall': 'false', 'open': 'true', 'powered': 'false'}",
"(8, 11, 19)",minecraft:spruce_stairs,"{'facing': 'east', 'half': 'bottom', 'shape': 'straight', 'waterlogged': 'false'}",
"(9, 11, 19)",minecraft:flowering_azalea_leaves,"{'distance': '2', 'persistent': 'true', 'waterlogged': 'false'}",
"(10, 11, 19)",minecraft:azalea_leaves,"{'distance': '2', 'persistent': 'true', 'waterlogged': 'false'}",
"(12, 11, 19)",minecraft:flowering_azalea_leaves,"{'distance': '1', 'persistent': 'true', 'waterlogged': 'false'}",
"(14, 11, 19)",minecraft:spruce_stairs,"{'facing': 'west', 'half': 'bottom', 'shape': 'straight', 'waterlogged': 'false'}",
"(24, 11, 19)",minecraft:oak_leaves,"{'distance': '7', 'persistent': 'true', 'waterlogged': 'false'}",
"(25, 11, 19)",minecraft:oak_leaves,"{'distance': '7', 'persistent': 'true', 'waterlogged': 'false'}",
"(26, 11, 19)",minecraft:spruce_fence,"{'east': 'false', 'north': 'true', 'south': 'false', 'waterlogged': 'false', 'west': 'false'}",
"(27, 11, 19)",minecraft:oak_leaves,"{'distance': '7', 'persistent': 'true', 'waterlogged': 'false'}",
"(41, 11, 19)",minecraft:campfire,"{'facing': 'east', 'lit': 'false', 'signal_fire': 'false', 'waterlogged': 'false'}","{components: {}, Items: [], CookingTimes: [I; 0, 0, 0, 0], CookingTotalTimes: [I; 0, 0, 0, 0], id: ""minecraft:campfire""}"
"(42, 11, 19)",minecraft:oak_stairs,"{'facing': 'east', 'half': 'top', 'shape': 'straight', 'waterlogged': 'false'}",
"(43, 11, 19)",minecraft:spruce_trapdoor,"{'facing': 'south', 'half': 'bottom', 'open': 'true', 'powered': 'false', 'waterlogged': 'false'}",
"(49, 11, 19)",minecraft:stripped_oak_wood,{'axis': 'z'},
"(8, 11, 20)",minecraft:spruce_stairs,"{'facing': 'east', 'half': 'bottom', 'shape': 'straight', 'waterlogged': 'false'}",
"(14, 11, 20)",minecraft:spruce_stairs,"{'facing': 'west', 'half': 'bottom', 'shape': 'straight', 'waterlogged': 'false'}",
"(41, 11, 20)",minecraft:acacia_leaves,"{'distance': '7', 'persistent': 'true', 'waterlogged': 'false'}",
"(42, 11, 20)",minecraft:oak_planks,{},
"(48, 11, 20)",minecraft:oak_planks,{},
"(3, 11, 21)",minecraft:dark_oak_stairs,"{'facing': 'south', 'half': 'bottom', 'shape': 'straight', 'waterlogged': 'false'}",
"(4, 11, 21)",minecraft:spruce_stairs,"{'facing': 'south', 'half': 'bottom', 'shape': 'straight', 'waterlogged': 'false'}",
"(5, 11, 21)",minecraft:spruce_stairs,"{'facing': 'south', 'half': 'bottom', 'shape': 'straight', 'waterlogged': 'false'}",
"(6, 11, 21)",minecraft:spruce_stairs,"{'facing': 'south', 'half': 'bottom', 'shape': 'straight', 'waterlogged': 'false'}",
"(7, 11, 21)",minecraft:spruce_stairs,"{'facing': 'south', 'half': 'bottom', 'shape': 'straight', 'waterlogged': 'false'}",
"(8, 11, 21)",minecraft:spruce_stairs,"{'facing': 'south', 'half': 'bottom', 'shape': 'inner_left', 'waterlogged': 'false'}",
"(14, 11, 21)",minecraft:spruce_stairs,"{'facing': 'west', 'half': 'bottom', 'shape': 'straight', 'waterlogged': 'false'}",
"(15, 11, 21)",minecraft:acacia_leaves,"{'distance': '7', 'persistent': 'true', 'waterlogged': 'false'}",
"(42, 11, 21)",minecraft:oak_planks,{},
"(49, 11, 21)",minecraft:oak_planks,{},
"(50, 11, 21)",minecraft:spruce_trapdoor,"{'facing': 'east', 'half': 'bottom', 'open': 'true', 'powered': 'false', 'waterlogged': 'false'}",
"(3, 11, 22)",minecraft:dark_oak_stairs,"{'facing': 'north', 'half': 'top', 'shape': 'straight', 'waterlogged': 'false'}",
"(4, 11, 22)",minecraft:stripped_oak_wood,{'axis': 'z'},
"(14, 11, 22)",minecraft:stone_bricks,{},
"(16, 11, 22)",minecraft:acacia_leaves,"{'distance': '7', 'persistent': 'true', 'waterlogged': 'false'}",
"(22, 11, 22)",minecraft:andesite,{},
"(23, 11, 22)",minecraft:stone_bricks,{},
"(41, 11, 22)",minecraft:campfire,"{'facing': 'east', 'lit': 'false', 'signal_fire': 'false', 'waterlogged': 'false'}","{components: {}, Items: [], CookingTimes: [I; 0, 0, 0, 0], CookingTotalTimes: [I; 0, 0, 0, 0], id: ""minecraft:campfire""}"
"(42, 11, 22)",minecraft:oak_stairs,"{'facing': 'east', 'half': 'top', 'shape': 'straight', 'waterlogged': 'false'}",
"(49, 11, 22)",minecraft:gray_stained_glass_pane,"{'east': 'false', 'north': 'true', 'south': 'true', 'waterlogged': 'false', 'west': 'false'}",
"(50, 11, 22)",minecraft:spruce_fence_gate,"{'facing': 'west', 'in_wall': 'false', 'open': 'true', 'powered': 'false'}",
"(4, 11, 23)",minecraft:stripped_oak_wood,{'axis': 'z'},
"(14, 11, 23)",minecraft:stone,{},
"(15, 11, 23)",minecraft:stone,{},
"(16, 11, 23)",minecraft:andesite,{},
"(17, 11, 23)",minecraft:stone,{},
"(18, 11, 23)",minecraft:stone,{},
"(19, 11, 23)",minecraft:andesite,{},
"(20, 11, 23)",minecraft:stone,{},
"(21, 11, 23)",minecraft:stone_bricks,{},
"(22, 11, 23)",minecraft:stone_bricks,{},
"(23, 11, 23)",minecraft:stone_bricks,{},
"(28, 11, 23)",minecraft:acacia_leaves,"{'distance': '7', 'persistent': 'true', 'waterlogged': 'false'}",
"(29, 11, 23)",minecraft:spruce_trapdoor,"{'facing': 'north', 'half': 'top', 'open': 'false', 'powered': 'false', 'waterlogged': 'false'}",
"(30, 11, 23)",minecraft:spruce_trapdoor,"{'facing': 'north', 'half': 'top', 'open': 'false', 'powered': 'false', 'waterlogged': 'false'}",
"(31, 11, 23)",minecraft:spruce_trapdoor,"{'facing': 'north', 'half': 'top', 'open': 'false', 'powered': 'false', 'waterlogged': 'false'}",
"(32, 11, 23)",minecraft:spruce_trapdoor,"{'facing': 'north', 'half': 'top', 'open': 'false', 'powered': 'false', 'waterlogged': 'false'}",
"(33, 11, 23)",minecraft:spruce_trapdoor,"{'facing': 'north', 'half': 'top', 'open': 'false', 'powered': 'false', 'waterlogged': 'false'}",
"(35, 11, 23)",minecraft:acacia_leaves,"{'distance': '7', 'persistent': 'true', 'waterlogged': 'false'}",
"(40, 11, 23)",minecraft:acacia_leaves,"{'distance': '7', 'persistent': 'true', 'waterlogged': 'false'}",
"(42, 11, 23)",minecraft:stripped_oak_wood,{'axis': 'z'},
"(43, 11, 23)",minecraft:spruce_trapdoor,"{'facing': 'north', 'half': 'bottom', 'open': 'true', 'powered': 'false', 'waterlogged': 'false'}",
"(49, 11, 23)",minecraft:stripped_oak_wood,{'axis': 'z'},
"(1, 11, 24)",minecraft:grindstone,"{'face': 'ceiling', 'facing': 'east'}",
"(2, 11, 24)",minecraft:spruce_stairs,"{'facing': 'east', 'half': 'top', 'shape': 'straight', 'waterlogged': 'false'}",
"(3, 11, 24)",minecraft:spruce_stairs,"{'facing': 'east', 'half': 'top', 'shape': 'straight', 'waterlogged': 'false'}",
"(4, 11, 24)",minecraft:oak_planks,{},
"(14, 11, 24)",minecraft:andesite,{},
"(22, 11, 24)",minecraft:stone_bricks,{},
"(27, 11, 24)",minecraft:stone,{},
"(28, 11, 24)",minecraft:andesite,{},
"(29, 11, 24)",minecraft:stone_bricks,{},
"(30, 11, 24)",minecraft:stone_bricks,{},
"(31, 11, 24)",minecraft:stone_bricks,{},
"(32, 11, 24)",minecraft:stone,{},
"(33, 11, 24)",minecraft:stone_bricks,{},
"(34, 11, 24)",minecraft:stone_bricks,{},
"(35, 11, 24)",minecraft:andesite,{},
"(42, 11, 24)",minecraft:oak_planks,{},
"(48, 11, 24)",minecraft:stripped_oak_wood,{'axis': 'z'},
"(4, 11, 25)",minecraft:stripped_oak_wood,{'axis': 'z'},
"(14, 11, 25)",minecraft:andesite,{},
"(22, 11, 25)",minecraft:stone_bricks,{},
"(25, 11, 25)",minecraft:jungle_leaves,"{'distance': '7', 'persistent': 'true', 'waterlogged': 'false'}",
"(27, 11, 25)",minecraft:andesite,{},
"(28, 11, 25)",minecraft:spruce_planks,{},
"(29, 11, 25)",minecraft:spruce_planks,{},
"(30, 11, 25)",minecraft:spruce_planks,{},
"(31, 11, 25)",minecraft:spruce_planks,{},
"(32, 11, 25)",minecraft:spruce_planks,{},
"(33, 11, 25)",minecraft:spruce_planks,{},
"(34, 11, 25)",minecraft:spruce_planks,{},
"(35, 11, 25)",minecraft:stone,{},
"(38, 11, 25)",minecraft:stripped_spruce_log,{'axis': 'y'},
"(39, 11, 25)",minecraft:oak_planks,{},
"(40, 11, 25)",minecraft:stripped_oak_wood,{'axis': 'x'},
"(41, 11, 25)",minecraft:oak_planks,{},
"(42, 11, 25)",minecraft:flowering_azalea_leaves,"{'distance': '2', 'persistent': 'true', 'waterlogged': 'false'}",
"(48, 11, 25)",minecraft:azalea_leaves,"{'distance': '1', 'persistent': 'true', 'waterlogged': 'false'}",
"(49, 11, 25)",minecraft:stripped_oak_wood,{'axis': 'x'},
"(50, 11, 25)",minecraft:stripped_oak_wood,{'axis': 'x'},
"(51, 11, 25)",minecraft:oak_log,{'axis': 'y'},
"(3, 11, 26)",minecraft:dark_oak_stairs,"{'facing': 'south', 'half': 'top', 'shape': 'straight', 'waterlogged': 'false'}",
"(4, 11, 26)",minecraft:oak_planks,{},
"(14, 11, 26)",minecraft:stone_bricks,{},
"(22, 11, 26)",minecraft:stone,{},
"(23, 11, 26)",minecraft:andesite,{},
"(24, 11, 26)",minecraft:stone_bricks,{},
"(25, 11, 26)",minecraft:andesite,{},
"(26, 11, 26)",minecraft:andesite,{},
"(27, 11, 26)",minecraft:stone,{},
"(28, 11, 26)",minecraft:spruce_planks,{},
"(29, 11, 26)",minecraft:spruce_planks,{},
"(30, 11, 26)",minecraft:spruce_planks,{},
"(31, 11, 26)",minecraft:spruce_planks,{},
"(32, 11, 26)",minecraft:spruce_planks,{},
"(33, 11, 26)",minecraft:spruce_planks,{},
"(34, 11, 26)",minecraft:spruce_planks,{},
"(35, 11, 26)",minecraft:stone_bricks,{},
"(36, 11, 26)",minecraft:andesite,{},
"(37, 11, 26)",minecraft:stone,{},
"(38, 11, 26)",minecraft:stone,{},
"(51, 11, 26)",minecraft:stripped_oak_wood,{'axis': 'z'},
"(52, 11, 26)",minecraft:spruce_trapdoor,"{'facing': 'east', 'half': 'bottom', 'open': 'true', 'powered': 'false', 'waterlogged': 'false'}",
"(3, 11, 27)",minecraft:dark_oak_stairs,"{'facing': 'north', 'half': 'bottom', 'shape': 'straight', 'waterlogged': 'false'}",
"(4, 11, 27)",minecraft:spruce_stairs,"{'facing': 'north', 'half': 'bottom', 'shape': 'straight', 'waterlogged': 'false'}",
"(5, 11, 27)",minecraft:spruce_stairs,"{'facing': 'north', 'half': 'bottom', 'shape': 'straight', 'waterlogged': 'false'}",
"(6, 11, 27)",minecraft:spruce_stairs,"{'facing': 'north', 'half': 'bottom', 'shape': 'straight', 'waterlogged': 'false'}",
"(7, 11, 27)",minecraft:spruce_stairs,"{'facing': 'north', 'half': 'bottom', 'shape': 'straight', 'waterlogged': 'false'}",
"(8, 11, 27)",minecraft:spruce_stairs,"{'facing': 'east', 'half': 'bottom', 'shape': 'inner_left', 'waterlogged': 'false'}",
"(14, 11, 27)",minecraft:stone,{},
"(15, 11, 27)",minecraft:stone_brick_wall,"{'east': 'none', 'north': 'none', 'south': 'none', 'up': 'true', 'waterlogged': 'false', 'west': 'tall'}",
"(21, 11, 27)",minecraft:ladder,"{'facing': 'west', 'waterlogged': 'false'}",
"(22, 11, 27)",minecraft:stone_bricks,{},
"(23, 11, 27)",minecraft:stone_bricks,{},
"(25, 11, 27)",minecraft:spruce_stairs,"{'facing': 'east', 'half': 'top', 'shape': 'straight', 'waterlogged': 'false'}",
"(26, 11, 27)",minecraft:spruce_planks,{},
"(27, 11, 27)",minecraft:spruce_planks,{},
"(28, 11, 27)",minecraft:spruce_planks,{},
"(29, 11, 27)",minecraft:spruce_planks,{},
"(30, 11, 27)",minecraft:spruce_planks,{},
"(31, 11, 27)",minecraft:spruce_planks,{},
"(32, 11, 27)",minecraft:spruce_planks,{},
"(33, 11, 27)",minecraft:spruce_planks,{},
"(34, 11, 27)",minecraft:spruce_planks,{},
"(35, 11, 27)",minecraft:spruce_planks,{},
"(36, 11, 27)",minecraft:spruce_planks,{},
"(37, 11, 27)",minecraft:spruce_planks,{},
"(38, 11, 27)",minecraft:spruce_stairs,"{'facing': 'west', 'half': 'top', 'shape': 'straight', 'waterlogged': 'false'}",
"(51, 11, 27)",minecraft:gray_stained_glass_pane,"{'east': 'false', 'north': 'true', 'south': 'true', 'waterlogged': 'false', 'west': 'false'}",
"(52, 11, 27)",minecraft:spruce_fence_gate,"{'facing': 'west', 'in_wall': 'false', 'open': 'true', 'powered': 'false'}",
"(5, 11, 28)",minecraft:acacia_leaves,"{'distance': '7', 'persistent': 'true', 'waterlogged': 'false'}",
"(7, 11, 28)",minecraft:acacia_leaves,"{'distance': '7', 'persistent': 'true', 'waterlogged': 'false'}",
"(8, 11, 28)",minecraft:spruce_stairs,"{'facing': 'east', 'half': 'bottom', 'shape': 'straight', 'waterlogged': 'false'}",
"(14, 11, 28)",minecraft:stone,{},
"(22, 11, 28)",minecraft:stone,{},
"(23, 11, 28)",minecraft:stone,{},
"(25, 11, 28)",minecraft:oak_log,{'axis': 'y'},
"(26, 11, 28)",minecraft:spruce_planks,{},
"(27, 11, 28)",minecraft:spruce_planks,{},
"(28, 11, 28)",minecraft:spruce_planks,{},
"(29, 11, 28)",minecraft:spruce_planks,{},
"(30, 11, 28)",minecraft:spruce_planks,{},
"(31, 11, 28)",minecraft:spruce_planks,{},
"(32, 11, 28)",minecraft:spruce_planks,{},
"(33, 11, 28)",minecraft:spruce_planks,{},
"(34, 11, 28)",minecraft:spruce_planks,{},
"(35, 11, 28)",minecraft:spruce_planks,{},
"(36, 11, 28)",minecraft:spruce_planks,{},
"(37, 11, 28)",minecraft:spruce_planks,{},
"(38, 11, 28)",minecraft:spruce_stairs,"{'facing': 'west', 'half': 'top', 'shape': 'straight', 'waterlogged': 'false'}",
"(51, 11, 28)",minecraft:oak_planks,{},
"(8, 11, 29)",minecraft:spruce_stairs,"{'facing': 'east', 'half': 'bottom', 'shape': 'straight', 'waterlogged': 'false'}",
"(9, 11, 29)",minecraft:oak_planks,{},
"(10, 11, 29)",minecraft:stripped_oak_wood,{'axis': 'x'},
"(11, 11, 29)",minecraft:gray_stained_glass_pane,"{'east': 'true', 'north': 'false', 'south': 'false', 'waterlogged': 'false', 'west': 'true'}",
"(12, 11, 29)",minecraft:stripped_oak_wood,{'axis': 'x'},
"(13, 11, 29)",minecraft:stripped_oak_wood,{'axis': 'x'},
"(14, 11, 29)",minecraft:stone,{},
"(22, 11, 29)",minecraft:stone,{},
"(23, 11, 29)",minecraft:andesite,{},
"(25, 11, 29)",minecraft:spruce_planks,{},
"(26, 11, 29)",minecraft:spruce_planks,{},
"(27, 11, 29)",minecraft:spruce_planks,{},
"(28, 11, 29)",minecraft:spruce_planks,{},
"(29, 11, 29)",minecraft:spruce_planks,{},
"(30, 11, 29)",minecraft:spruce_planks,{},
"(31, 11, 29)",minecraft:spruce_planks,{},
"(32, 11, 29)",minecraft:spruce_planks,{},
"(33, 11, 29)",minecraft:spruce_planks,{},
"(34, 11, 29)",minecraft:spruce_planks,{},
"(35, 11, 29)",minecraft:spruce_planks,{},
"(36, 11, 29)",minecraft:spruce_planks,{},
"(37, 11, 29)",minecraft:spruce_planks,{},
"(38, 11, 29)",minecraft:spruce_stairs,"{'facing': 'west', 'half': 'top', 'shape': 'straight', 'waterlogged': 'false'}",
"(51, 11, 29)",minecraft:gray_stained_glass_pane,"{'east': 'false', 'north': 'true', 'south': 'true', 'waterlogged': 'false', 'west': 'false'}",
"(52, 11, 29)",minecraft:spruce_fence_gate,"{'facing': 'west', 'in_wall': 'false', 'open': 'true', 'powered': 'false'}",
"(8, 11, 30)",minecraft:dark_oak_stairs,"{'facing': 'east', 'half': 'bottom', 'shape': 'straight', 'waterlogged': 'false'}",
"(9, 11, 30)",minecraft:dark_oak_stairs,"{'facing': 'west', 'half': 'top', 'shape': 'straight', 'waterlogged': 'false'}",
"(12, 11, 30)",minecraft:spruce_trapdoor,"{'facing': 'south', 'half': 'top', 'open': 'true', 'powered': 'false', 'waterlogged': 'false'}",
"(13, 11, 30)",minecraft:dark_oak_stairs,"{'facing': 'east', 'half': 'top', 'shape': 'straight', 'waterlogged': 'false'}",
"(14, 11, 30)",minecraft:stone,{},
"(22, 11, 30)",minecraft:stone_bricks,{},
"(23, 11, 30)",minecraft:stone,{},
"(25, 11, 30)",minecraft:spruce_planks,{},
"(26, 11, 30)",minecraft:spruce_planks,{},
"(27, 11, 30)",minecraft:spruce_planks,{},
"(28, 11, 30)",minecraft:spruce_planks,{},
"(29, 11, 30)",minecraft:spruce_planks,{},
"(30, 11, 30)",minecraft:spruce_planks,{},
"(31, 11, 30)",minecraft:spruce_planks,{},
"(32, 11, 30)",minecraft:spruce_planks,{},
"(33, 11, 30)",minecraft:spruce_planks,{},
"(34, 11, 30)",minecraft:spruce_planks,{},
"(35, 11, 30)",minecraft:spruce_planks,{},
"(36, 11, 30)",minecraft:spruce_planks,{},
"(37, 11, 30)",minecraft:spruce_planks,{},
"(38, 11, 30)",minecraft:stone,{},
"(51, 11, 30)",minecraft:oak_planks,{},
"(52, 11, 30)",minecraft:spruce_trapdoor,"{'facing': 'east', 'half': 'bottom', 'open': 'true', 'powered': 'false', 'waterlogged': 'false'}",
"(13, 11, 31)",minecraft:stone,{},
"(14, 11, 31)",minecraft:andesite,{},
"(15, 11, 31)",minecraft:stone,{},
"(16, 11, 31)",minecraft:stone_bricks,{},
"(17, 11, 31)",minecraft:stone_bricks,{},
"(18, 11, 31)",minecraft:stone,{},
"(19, 11, 31)",minecraft:andesite,{},
"(20, 11, 31)",minecraft:stone_bricks,{},
"(21, 11, 31)",minecraft:stone_bricks,{},
"(22, 11, 31)",minecraft:stone,{},
"(23, 11, 31)",minecraft:stone,{},
"(24, 11, 31)",minecraft:spruce_stairs,"{'facing': 'south', 'half': 'bottom', 'shape': 'straight', 'waterlogged': 'false'}",
"(25, 11, 31)",minecraft:spruce_planks,{},
"(26, 11, 31)",minecraft:spruce_planks,{},
"(27, 11, 31)",minecraft:spruce_planks,{},
"(28, 11, 31)",minecraft:spruce_planks,{},
"(29, 11, 31)",minecraft:spruce_planks,{},
"(30, 11, 31)",minecraft:spruce_planks,{},
"(31, 11, 31)",minecraft:spruce_planks,{},
"(32, 11, 31)",minecraft:spruce_planks,{},
"(33, 11, 31)",minecraft:spruce_planks,{},
"(34, 11, 31)",minecraft:spruce_planks,{},
"(35, 11, 31)",minecraft:spruce_planks,{},
"(36, 11, 31)",minecraft:spruce_planks,{},
"(37, 11, 31)",minecraft:spruce_planks,{},
"(38, 11, 31)",minecraft:andesite,{},
"(39, 11, 31)",minecraft:stripped_oak_wood,{'axis': 'x'},
"(40, 11, 31)",minecraft:oak_planks,{},
"(41, 11, 31)",minecraft:oak_planks,{},
"(48, 11, 31)",minecraft:azalea_leaves,"{'distance': '1', 'persistent': 'true', 'waterlogged': 'false'}",
"(49, 11, 31)",minecraft:stripped_oak_wood,{'axis': 'x'},
"(50, 11, 31)",minecraft:stripped_oak_wood,{'axis': 'x'},
"(51, 11, 31)",minecraft:oak_log,{'axis': 'y'},
"(13, 11, 32)",minecraft:stone_bricks,{},
"(14, 11, 32)",minecraft:stone,{},
"(20, 11, 32)",minecraft:stone,{},
"(21, 11, 32)",minecraft:spruce_planks,{},
"(22, 11, 32)",minecraft:stone,{},
"(23, 11, 32)",minecraft:stone,{},
"(24, 11, 32)",minecraft:spruce_planks,{},
"(25, 11, 32)",minecraft:spruce_planks,{},
"(26, 11, 32)",minecraft:spruce_planks,{},
"(27, 11, 32)",minecraft:spruce_planks,{},
"(28, 11, 32)",minecraft:spruce_planks,{},
"(29, 11, 32)",minecraft:spruce_planks,{},
"(30, 11, 32)",minecraft:spruce_planks,{},
"(31, 11, 32)",minecraft:spruce_planks,{},
"(32, 11, 32)",minecraft:spruce_planks,{},
"(33, 11, 32)",minecraft:spruce_planks,{},
"(34, 11, 32)",minecraft:spruce_planks,{},
"(35, 11, 32)",minecraft:spruce_planks,{},
"(36, 11, 32)",minecraft:spruce_planks,{},
"(37, 11, 32)",minecraft:spruce_planks,{},
"(38, 11, 32)",minecraft:stone,{},
"(40, 11, 32)",minecraft:campfire,"{'facing': 'north', 'lit': 'false', 'signal_fire': 'false', 'waterlogged': 'false'}","{components: {}, Items: [], CookingTimes: [I; 0, 0, 0, 0], CookingTotalTimes: [I; 0, 0, 0, 0], id: ""minecraft:campfire""}"
"(42, 11, 32)",minecraft:oak_planks,{},
"(43, 11, 32)",minecraft:chest,"{'facing': 'east', 'type': 'single', 'waterlogged': 'false'}","{components: {}, Items: [], id: ""minecraft:chest""}"
"(47, 11, 32)",minecraft:lantern,"{'hanging': 'false', 'waterlogged': 'false'}",
"(48, 11, 32)",minecraft:oak_planks,{},
"(49, 11, 32)",minecraft:bricks,{},
"(20, 11, 33)",minecraft:stone_bricks,{},
"(21, 11, 33)",minecraft:spruce_planks,{},
"(22, 11, 33)",minecraft:spruce_planks,{},
"(23, 11, 33)",minecraft:stone_bricks,{},
"(24, 11, 33)",minecraft:spruce_planks,{},
"(25, 11, 33)",minecraft:spruce_planks,{},
"(26, 11, 33)",minecraft:spruce_planks,{},
"(27, 11, 33)",minecraft:spruce_planks,{},
"(28, 11, 33)",minecraft:spruce_planks,{},
"(29, 11, 33)",minecraft:spruce_planks,{},
"(30, 11, 33)",minecraft:spruce_planks,{},
"(31, 11, 33)",minecraft:spruce_planks,{},
"(32, 11, 33)",minecraft:spruce_planks,{},
"(33, 11, 33)",minecraft:spruce_planks,{},
"(34, 11, 33)",minecraft:spruce_planks,{},
"(35, 11, 33)",minecraft:spruce_planks,{},
"(36, 11, 33)",minecraft:spruce_planks,{},
"(37, 11, 33)",minecraft:spruce_planks,{},
"(38, 11, 33)",minecraft:stone,{},
"(42, 11, 33)",minecraft:oak_planks,{},
"(43, 11, 33)",minecraft:bookshelf,{},
"(47, 11, 33)",minecraft:bookshelf,{},
"(48, 11, 33)",minecraft:oak_planks,{},
"(20, 11, 34)",minecraft:stone,{},
"(21, 11, 34)",minecraft:stone,{},
"(22, 11, 34)",minecraft:stone,{},
"(23, 11, 34)",minecraft:stone_bricks,{},
"(24, 11, 34)",minecraft:andesite,{},
"(25, 11, 34)",minecraft:stone_bricks,{},
"(26, 11, 34)",minecraft:stone_bricks,{},
"(27, 11, 34)",minecraft:stone,{},
"(28, 11, 34)",minecraft:spruce_planks,{},
"(29, 11, 34)",minecraft:spruce_planks,{},
"(30, 11, 34)",minecraft:spruce_planks,{},
"(31, 11, 34)",minecraft:spruce_planks,{},
"(32, 11, 34)",minecraft:spruce_planks,{},
"(33, 11, 34)",minecraft:spruce_planks,{},
"(34, 11, 34)",minecraft:spruce_planks,{},
"(35, 11, 34)",minecraft:stone_bricks,{},
"(36, 11, 34)",minecraft:andesite,{},
"(37, 11, 34)",minecraft:stone_bricks,{},
"(38, 11, 34)",minecraft:andesite,{},
"(42, 11, 34)",minecraft:stripped_spruce_log,{'axis': 'y'},
"(43, 11, 34)",minecraft:stripped_oak_wood,{'axis': 'x'},
"(44, 11, 34)",minecraft:gray_stained_glass_pane,"{'east': 'true', 'north': 'false', 'south': 'false', 'waterlogged': 'false', 'west': 'true'}",
"(45, 11, 34)",minecraft:oak_planks,{},
"(46, 11, 34)",minecraft:gray_stained_glass_pane,"{'east': 'true', 'north': 'false', 'south': 'false', 'waterlogged': 'false', 'west': 'true'}",
"(47, 11, 34)",minecraft:stripped_oak_wood,{'axis': 'x'},
"(48, 11, 34)",minecraft:stripped_spruce_log,{'axis': 'y'},
"(16, 11, 35)",minecraft:spruce_trapdoor,"{'facing': 'north', 'half': 'top', 'open': 'false', 'powered': 'false', 'waterlogged': 'false'}",
"(17, 11, 35)",minecraft:spruce_trapdoor,"{'facing': 'north', 'half': 'top', 'open': 'false', 'powered': 'false', 'waterlogged': 'false'}",
"(18, 11, 35)",minecraft:spruce_trapdoor,"{'facing': 'north', 'half': 'top', 'open': 'false', 'powered': 'false', 'waterlogged': 'false'}",
"(27, 11, 35)",minecraft:stone,{},
"(28, 11, 35)",minecraft:spruce_planks,{},
"(29, 11, 35)",minecraft:spruce_planks,{},
"(30, 11, 35)",minecraft:spruce_planks,{},
"(31, 11, 35)",minecraft:spruce_planks,{},
"(32, 11, 35)",minecraft:spruce_planks,{},
"(33, 11, 35)",minecraft:spruce_planks,{},
"(34, 11, 35)",minecraft:spruce_planks,{},
"(35, 11, 35)",minecraft:stone_bricks,{},
"(43, 11, 35)",minecraft:spruce_trapdoor,"{'facing': 'south', 'half': 'bottom', 'open': 'true', 'powered': 'false', 'waterlogged': 'false'}",
"(44, 11, 35)",minecraft:spruce_fence_gate,"{'facing': 'north', 'in_wall': 'false', 'open': 'true', 'powered': 'false'}",
"(46, 11, 35)",minecraft:spruce_fence_gate,"{'facing': 'north', 'in_wall': 'false', 'open': 'true', 'powered': 'false'}",
"(47, 11, 35)",minecraft:spruce_trapdoor,"{'facing': 'south', 'half': 'bottom', 'open': 'true', 'powered': 'false', 'waterlogged': 'false'}",
"(16, 11, 36)",minecraft:spruce_trapdoor,"{'facing': 'north', 'half': 'top', 'open': 'false', 'powered': 'false', 'waterlogged': 'false'}",
"(17, 11, 36)",minecraft:spruce_trapdoor,"{'facing': 'south', 'half': 'top', 'open': 'false', 'powered': 'false', 'waterlogged': 'false'}",
"(18, 11, 36)",minecraft:spruce_trapdoor,"{'facing': 'south', 'half': 'top', 'open': 'false', 'powered': 'false', 'waterlogged': 'false'}",
"(27, 11, 36)",minecraft:andesite,{},
"(28, 11, 36)",minecraft:stone_bricks,{},
"(29, 11, 36)",minecraft:spruce_planks,{},
"(30, 11, 36)",minecraft:spruce_planks,{},
"(31, 11, 36)",minecraft:spruce_planks,{},
"(32, 11, 36)",minecraft:spruce_planks,{},
"(33, 11, 36)",minecraft:spruce_planks,{},
"(34, 11, 36)",minecraft:stone,{},
"(35, 11, 36)",minecraft:stone_bricks,{},
"(16, 11, 37)",minecraft:spruce_trapdoor,"{'facing': 'south', 'half': 'top', 'open': 'false', 'powered': 'false', 'waterlogged': 'false'}",
"(17, 11, 37)",minecraft:spruce_trapdoor,"{'facing': 'south', 'half': 'top', 'open': 'false', 'powered': 'false', 'waterlogged': 'false'}",
"(18, 11, 37)",minecraft:spruce_trapdoor,"{'facing': 'south', 'half': 'top', 'open': 'false', 'powered': 'false', 'waterlogged': 'false'}",
"(28, 11, 37)",minecraft:spruce_stairs,"{'facing': 'north', 'half': 'top', 'shape': 'straight', 'waterlogged': 'false'}",
"(29, 11, 37)",minecraft:spruce_trapdoor,"{'facing': 'south', 'half': 'top', 'open': 'false', 'powered': 'false', 'waterlogged': 'false'}",
"(30, 11, 37)",minecraft:spruce_stairs,"{'facing': 'north', 'half': 'top', 'shape': 'straight', 'waterlogged': 'false'}",
"(31, 11, 37)",minecraft:spruce_trapdoor,"{'facing': 'south', 'half': 'top', 'open': 'false', 'powered': 'false', 'waterlogged': 'false'}",
"(32, 11, 37)",minecraft:spruce_stairs,"{'facing': 'north', 'half': 'top', 'shape': 'straight', 'waterlogged': 'false'}",
"(33, 11, 37)",minecraft:spruce_trapdoor,"{'facing': 'south', 'half': 'top', 'open': 'false', 'powered': 'false', 'waterlogged': 'false'}",
"(34, 11, 37)",minecraft:spruce_stairs,"{'facing': 'north', 'half': 'top', 'shape': 'straight', 'waterlogged': 'false'}",
"(28, 11, 38)",minecraft:spruce_slab,"{'type': 'top', 'waterlogged': 'false'}",
"(29, 11, 38)",minecraft:spruce_trapdoor,"{'facing': 'south', 'half': 'top', 'open': 'false', 'powered': 'false', 'waterlogged': 'false'}",
"(30, 11, 38)",minecraft:spruce_slab,"{'type': 'top', 'waterlogged': 'false'}",
"(31, 11, 38)",minecraft:spruce_trapdoor,"{'facing': 'south', 'half': 'top', 'open': 'false', 'powered': 'false', 'waterlogged': 'false'}",
"(32, 11, 38)",minecraft:spruce_slab,"{'type': 'top', 'waterlogged': 'false'}",
"(33, 11, 38)",minecraft:spruce_trapdoor,"{'facing': 'south', 'half': 'top', 'open': 'false', 'powered': 'false', 'waterlogged': 'false'}",
"(34, 11, 38)",minecraft:spruce_slab,"{'type': 'top', 'waterlogged': 'false'}",
"(29, 11, 39)",minecraft:spruce_trapdoor,"{'facing': 'south', 'half': 'top', 'open': 'false', 'powered': 'false', 'waterlogged': 'false'}",
"(30, 11, 39)",minecraft:spruce_slab,"{'type': 'top', 'waterlogged': 'false'}",
"(31, 11, 39)",minecraft:spruce_trapdoor,"{'facing': 'south', 'half': 'top', 'open': 'false', 'powered': 'false', 'waterlogged': 'false'}",
"(32, 11, 39)",minecraft:spruce_slab,"{'type': 'top', 'waterlogged': 'false'}",
"(33, 11, 39)",minecraft:spruce_trapdoor,"{'facing': 'south', 'half': 'top', 'open': 'false', 'powered': 'false', 'waterlogged': 'false'}",
"(34, 11, 39)",minecraft:acacia_leaves,"{'distance': '7', 'persistent': 'true', 'waterlogged': 'false'}",
"(30, 11, 40)",minecraft:acacia_leaves,"{'distance': '7', 'persistent': 'true', 'waterlogged': 'false'}",
"(13, 12, 1)",minecraft:dark_oak_planks,{},
"(15, 12, 1)",minecraft:dark_oak_planks,{},
"(40, 12, 1)",minecraft:dark_oak_planks,{},
"(42, 12, 1)",minecraft:dark_oak_planks,{},
"(13, 12, 2)",minecraft:spruce_planks,{},
"(14, 12, 2)",minecraft:oak_planks,{},
"(15, 12, 2)",minecraft:spruce_planks,{},
"(21, 12, 2)",minecraft:spruce_trapdoor,"{'facing': 'north', 'half': 'bottom', 'open': 'true', 'powered': 'false', 'waterlogged': 'false'}",
"(22, 12, 2)",minecraft:spruce_fence_gate,"{'facing': 'south', 'in_wall': 'false', 'open': 'true', 'powered': 'false'}",
"(26, 12, 2)",minecraft:spruce_wall_sign,"{'facing': 'west', 'waterlogged': 'false'}","{back_text: {has_glowing_text: 0b, color: ""black"", messages: ["""", """", """", """"]}, components: {}, is_waxed: 0b, id: ""minecraft:sign"", front_text: {has_glowing_text: 0b, color: ""black"", messages: ["""", """", """", """"]}}"
"(27, 12, 2)",minecraft:spruce_trapdoor,"{'facing': 'east', 'half': 'bottom', 'open': 'true', 'powered': 'false', 'waterlogged': 'false'}",
"(29, 12, 2)",minecraft:spruce_trapdoor,"{'facing': 'west', 'half': 'bottom', 'open': 'true', 'powered': 'false', 'waterlogged': 'false'}",
"(30, 12, 2)",minecraft:spruce_wall_sign,"{'facing': 'east', 'waterlogged': 'false'}","{back_text: {has_glowing_text: 0b, color: ""black"", messages: ["""", """", """", """"]}, components: {}, is_waxed: 0b, id: ""minecraft:sign"", front_text: {has_glowing_text: 0b, color: ""black"", messages: ["""", """", """", """"]}}"
"(33, 12, 2)",minecraft:spruce_trapdoor,"{'facing': 'north', 'half': 'bottom', 'open': 'true', 'powered': 'false', 'waterlogged': 'false'}",
"(34, 12, 2)",minecraft:spruce_fence_gate,"{'facing': 'south', 'in_wall': 'false', 'open': 'true', 'powered': 'false'}",
"(40, 12, 2)",minecraft:spruce_planks,{},
"(41, 12, 2)",minecraft:stripped_oak_wood,{'axis': 'x'},
"(42, 12, 2)",minecraft:spruce_planks,{},
"(13, 12, 3)",minecraft:spruce_planks,{},
"(15, 12, 3)",minecraft:spruce_planks,{},
"(21, 12, 3)",minecraft:stone_bricks,{},
"(22, 12, 3)",minecraft:gray_stained_glass_pane,"{'east': 'true', 'north': 'false', 'south': 'false', 'waterlogged': 'false', 'west': 'true'}",
"(23, 12, 3)",minecraft:stone,{},
"(25, 12, 3)",minecraft:stripped_spruce_log,{'axis': 'y'},
"(26, 12, 3)",minecraft:stripped_oak_wood,{'axis': 'x'},
"(27, 12, 3)",minecraft:gray_stained_glass_pane,"{'east': 'true', 'north': 'false', 'south': 'false', 'waterlogged': 'false', 'west': 'true'}",
"(28, 12, 3)",minecraft:stripped_spruce_log,{'axis': 'y'},
"(29, 12, 3)",minecraft:gray_stained_glass_pane,"{'east': 'true', 'north': 'false', 'south': 'false', 'waterlogged': 'false', 'west': 'true'}",
"(30, 12, 3)",minecraft:oak_planks,{},
"(31, 12, 3)",minecraft:stripped_spruce_log,{'axis': 'y'},
"(33, 12, 3)",minecraft:stone,{},
"(34, 12, 3)",minecraft:gray_stained_glass_pane,"{'east': 'true', 'north': 'false', 'south': 'false', 'waterlogged': 'false', 'west': 'true'}",
"(35, 12, 3)",minecraft:stone,{},
"(39, 12, 3)",minecraft:acacia_leaves,"{'distance': '7', 'persistent': 'true', 'waterlogged': 'false'}",
"(40, 12, 3)",minecraft:spruce_planks,{},
"(42, 12, 3)",minecraft:spruce_planks,{},
"(11, 12, 4)",minecraft:bricks,{},
"(13, 12, 4)",minecraft:spruce_planks,{},
"(15, 12, 4)",minecraft:spruce_planks,{},
"(20, 12, 4)",minecraft:stone_bricks,{},
"(24, 12, 4)",minecraft:stone_bricks,{},
"(28, 12, 4)",minecraft:oak_leaves,"{'distance': '1', 'persistent': 'true', 'waterlogged': 'false'}",
"(32, 12, 4)",minecraft:andesite,{},
"(36, 12, 4)",minecraft:stone_bricks,{},
"(40, 12, 4)",minecraft:spruce_planks,{},
"(42, 12, 4)",minecraft:spruce_planks,{},
"(13, 12, 5)",minecraft:spruce_planks,{},
"(15, 12, 5)",minecraft:spruce_planks,{},
"(19, 12, 5)",minecraft:spruce_fence_gate,"{'facing': 'east', 'in_wall': 'false', 'open': 'true', 'powered': 'false'}",
"(20, 12, 5)",minecraft:gray_stained_glass_pane,"{'east': 'false', 'north': 'true', 'south': 'true', 'waterlogged': 'false', 'west': 'false'}",
"(24, 12, 5)",minecraft:stone_brick_stairs,"{'facing': 'east', 'half': 'top', 'shape': 'straight', 'waterlogged': 'false'}",
"(32, 12, 5)",minecraft:stone_brick_stairs,"{'facing': 'west', 'half': 'top', 'shape': 'straight', 'waterlogged': 'false'}",
"(35, 12, 5)",minecraft:oak_leaves,"{'distance': '7', 'persistent': 'true', 'waterlogged': 'false'}",
"(36, 12, 5)",minecraft:andesite,{},
"(37, 12, 5)",minecraft:acacia_leaves,"{'distance': '7', 'persistent': 'true', 'waterlogged': 'false'}",
"(40, 12, 5)",minecraft:spruce_planks,{},
"(42, 12, 5)",minecraft:spruce_planks,{},
"(13, 12, 6)",minecraft:spruce_planks,{},
"(15, 12, 6)",minecraft:spruce_planks,{},
"(19, 12, 6)",minecraft:spruce_trapdoor,"{'facing': 'west', 'half': 'bottom', 'open': 'true', 'powered': 'false', 'waterlogged': 'false'}",
"(20, 12, 6)",minecraft:stone_bricks,{},
"(24, 12, 6)",minecraft:andesite,{},
"(25, 12, 6)",minecraft:oak_leaves,"{'distance': '1', 'persistent': 'true', 'waterlogged': 'false'}",
"(32, 12, 6)",minecraft:stone,{},
"(36, 12, 6)",minecraft:stone_bricks,{},
"(37, 12, 6)",minecraft:spruce_planks,{},
"(38, 12, 6)",minecraft:spruce_planks,{},
"(39, 12, 6)",minecraft:spruce_planks,{},
"(40, 12, 6)",minecraft:spruce_planks,{},
"(42, 12, 6)",minecraft:spruce_planks,{},
"(43, 12, 6)",minecraft:spruce_planks,{},
"(44, 12, 6)",minecraft:spruce_planks,{},
"(45, 12, 6)",minecraft:spruce_planks,{},
"(46, 12, 6)",minecraft:dark_oak_planks,{},
"(7, 12, 7)",minecraft:dark_oak_planks,{},
"(8, 12, 7)",minecraft:spruce_planks,{},
"(9, 12, 7)",minecraft:spruce_planks,{},
"(10, 12, 7)",minecraft:spruce_planks,{},
"(11, 12, 7)",minecraft:spruce_planks,{},
"(12, 12, 7)",minecraft:spruce_planks,{},
"(13, 12, 7)",minecraft:spruce_planks,{},
"(15, 12, 7)",minecraft:spruce_planks,{},
"(16, 12, 7)",minecraft:spruce_planks,{},
"(17, 12, 7)",minecraft:spruce_planks,{},
"(18, 12, 7)",minecraft:dark_oak_planks,{},
"(21, 12, 7)",minecraft:stone_bricks,{},
"(22, 12, 7)",minecraft:gray_stained_glass_pane,"{'east': 'true', 'north': 'false', 'south': 'false', 'waterlogged': 'false', 'west': 'true'}",
"(23, 12, 7)",minecraft:stone,{},
"(25, 12, 7)",minecraft:oak_log,{'axis': 'y'},
"(26, 12, 7)",minecraft:oak_planks,{},
"(27, 12, 7)",minecraft:gray_stained_glass_pane,"{'east': 'true', 'north': 'false', 'south': 'false', 'waterlogged': 'false', 'west': 'true'}",
"(28, 12, 7)",minecraft:oak_log,{'axis': 'y'},
"(29, 12, 7)",minecraft:gray_stained_glass_pane,"{'east': 'true', 'north': 'false', 'south': 'false', 'waterlogged': 'false', 'west': 'true'}",
"(30, 12, 7)",minecraft:stripped_oak_wood,{'axis': 'x'},
"(31, 12, 7)",minecraft:oak_log,{'axis': 'y'},
"(33, 12, 7)",minecraft:andesite,{},
"(34, 12, 7)",minecraft:stone,{},
"(35, 12, 7)",minecraft:andesite,{},
"(44, 12, 7)",minecraft:stone_bricks,{},
"(45, 12, 7)",minecraft:stone,{},
"(46, 12, 7)",minecraft:andesite,{},
"(8, 12, 8)",minecraft:stripped_oak_wood,{'axis': 'z'},
"(17, 12, 8)",minecraft:oak_planks,{},
"(22, 12, 8)",minecraft:spruce_fence_gate,"{'facing': 'north', 'in_wall': 'false', 'open': 'true', 'powered': 'false'}",
"(23, 12, 8)",minecraft:spruce_trapdoor,"{'facing': 'south', 'half': 'bottom', 'open': 'true', 'powered': 'false', 'waterlogged': 'false'}",
"(26, 12, 8)",minecraft:spruce_wall_sign,"{'facing': 'west', 'waterlogged': 'false'}","{back_text: {has_glowing_text: 0b, color: ""black"", messages: ["""", """", """", """"]}, components: {}, is_waxed: 0b, id: ""minecraft:sign"", front_text: {has_glowing_text: 0b, color: ""black"", messages: [""               "", """", """", """"]}}"
"(27, 12, 8)",minecraft:spruce_trapdoor,"{'facing': 'east', 'half': 'bottom', 'open': 'true', 'powered': 'false', 'waterlogged': 'false'}",
"(29, 12, 8)",minecraft:spruce_trapdoor,"{'facing': 'west', 'half': 'bottom', 'open': 'true', 'powered': 'false', 'waterlogged': 'false'}",
"(30, 12, 8)",minecraft:spruce_wall_sign,"{'facing': 'east', 'waterlogged': 'false'}","{back_text: {has_glowing_text: 0b, color: ""black"", messages: ["""", """", """", """"]}, components: {}, is_waxed: 0b, id: ""minecraft:sign"", front_text: {has_glowing_text: 0b, color: ""black"", messages: ["""", """", """", """"]}}"
"(33, 12, 8)",minecraft:oak_planks,{},
"(44, 12, 8)",minecraft:stone,{},
"(46, 12, 8)",minecraft:andesite,{},
"(7, 12, 9)",minecraft:dark_oak_planks,{},
"(8, 12, 9)",minecraft:spruce_planks,{},
"(9, 12, 9)",minecraft:spruce_planks,{},
"(10, 12, 9)",minecraft:spruce_planks,{},
"(11, 12, 9)",minecraft:spruce_planks,{},
"(12, 12, 9)",minecraft:spruce_planks,{},
"(13, 12, 9)",minecraft:stone,{},
"(14, 12, 9)",minecraft:stone_bricks,{},
"(15, 12, 9)",minecraft:stone,{},
"(16, 12, 9)",minecraft:spruce_planks,{},
"(17, 12, 9)",minecraft:spruce_planks,{},
"(18, 12, 9)",minecraft:dark_oak_planks,{},
"(33, 12, 9)",minecraft:stripped_oak_wood,{'axis': 'z'},
"(44, 12, 9)",minecraft:stone_bricks,{},
"(45, 12, 9)",minecraft:stone,{},
"(46, 12, 9)",minecraft:stone_bricks,{},
"(13, 12, 10)",minecraft:stone_bricks,{},
"(15, 12, 10)",minecraft:andesite,{},
"(32, 12, 10)",minecraft:dark_oak_planks,{},
"(33, 12, 10)",minecraft:spruce_planks,{},
"(34, 12, 10)",minecraft:spruce_planks,{},
"(35, 12, 10)",minecraft:spruce_planks,{},
"(36, 12, 10)",minecraft:spruce_planks,{},
"(37, 12, 10)",minecraft:spruce_planks,{},
"(38, 12, 10)",minecraft:spruce_planks,{},
"(39, 12, 10)",minecraft:spruce_planks,{},
"(40, 12, 10)",minecraft:spruce_planks,{},
"(41, 12, 10)",minecraft:spruce_planks,{},
"(42, 12, 10)",minecraft:spruce_planks,{},
"(43, 12, 10)",minecraft:spruce_planks,{},
"(44, 12, 10)",minecraft:spruce_planks,{},
"(45, 12, 10)",minecraft:spruce_planks,{},
"(46, 12, 10)",minecraft:dark_oak_planks,{},
"(13, 12, 11)",minecraft:stone_bricks,{},
"(14, 12, 11)",minecraft:stone_bricks,{},
"(15, 12, 11)",minecraft:stone_bricks,{},
"(14, 12, 12)",minecraft:polished_andesite_slab,"{'type': 'top', 'waterlogged': 'false'}",
"(26, 12, 13)",minecraft:oak_leaves,"{'distance': '6', 'persistent': 'true', 'waterlogged': 'false'}",
"(25, 12, 14)",minecraft:oak_leaves,"{'distance': '4', 'persistent': 'true', 'waterlogged': 'false'}",
"(26, 12, 14)",minecraft:oak_leaves,"{'distance': '5', 'persistent': 'true', 'waterlogged': 'false'}",
"(27, 12, 14)",minecraft:oak_leaves,"{'distance': '6', 'persistent': 'true', 'waterlogged': 'false'}",
"(24, 12, 15)",minecraft:oak_leaves,"{'distance': '2', 'persistent': 'true', 'waterlogged': 'false'}",
"(25, 12, 15)",minecraft:oak_leaves,"{'distance': '3', 'persistent': 'true', 'waterlogged': 'false'}",
"(26, 12, 15)",minecraft:oak_leaves,"{'distance': '4', 'persistent': 'true', 'waterlogged': 'false'}",
"(27, 12, 15)",minecraft:oak_leaves,"{'distance': '5', 'persistent': 'true', 'waterlogged': 'false'}",
"(28, 12, 15)",minecraft:oak_leaves,"{'distance': '6', 'persistent': 'true', 'waterlogged': 'false'}",
"(41, 12, 15)",minecraft:dark_oak_stairs,"{'facing': 'east', 'half': 'bottom', 'shape': 'straight', 'waterlogged': 'false'}",
"(42, 12, 15)",minecraft:dark_oak_stairs,"{'facing': 'west', 'half': 'top', 'shape': 'straight', 'waterlogged': 'false'}",
"(44, 12, 15)",minecraft:campfire,"{'facing': 'south', 'lit': 'false', 'signal_fire': 'false', 'waterlogged': 'false'}","{components: {}, Items: [], CookingTimes: [I; 0, 0, 0, 0], CookingTotalTimes: [I; 0, 0, 0, 0], id: ""minecraft:campfire""}"
"(46, 12, 15)",minecraft:campfire,"{'facing': 'south', 'lit': 'false', 'signal_fire': 'false', 'waterlogged': 'false'}","{components: {}, Items: [], CookingTimes: [I; 0, 0, 0, 0], CookingTotalTimes: [I; 0, 0, 0, 0], id: ""minecraft:campfire""}"
"(48, 12, 15)",minecraft:dark_oak_stairs,"{'facing': 'east', 'half': 'top', 'shape': 'straight', 'waterlogged': 'false'}",
"(49, 12, 15)",minecraft:dark_oak_stairs,"{'facing': 'west', 'half': 'bottom', 'shape': 'straight', 'waterlogged': 'false'}",
"(26, 12, 16)",minecraft:oak_leaves,"{'distance': '5', 'persistent': 'true', 'waterlogged': 'false'}",
"(41, 12, 16)",minecraft:dark_oak_stairs,"{'facing': 'east', 'half': 'bottom', 'shape': 'straight', 'waterlogged': 'false'}",
"(42, 12, 16)",minecraft:stripped_spruce_log,{'axis': 'y'},
"(43, 12, 16)",minecraft:oak_planks,{},
"(44, 12, 16)",minecraft:oak_stairs,"{'facing': 'south', 'half': 'top', 'shape': 'straight', 'waterlogged': 'false'}",
"(45, 12, 16)",minecraft:stripped_oak_wood,{'axis': 'x'},
"(46, 12, 16)",minecraft:oak_stairs,"{'facing': 'south', 'half': 'top', 'shape': 'straight', 'waterlogged': 'false'}",
"(47, 12, 16)",minecraft:oak_planks,{},
"(48, 12, 16)",minecraft:stripped_spruce_log,{'axis': 'y'},
"(49, 12, 16)",minecraft:dark_oak_stairs,"{'facing': 'west', 'half': 'bottom', 'shape': 'inner_left', 'waterlogged': 'false'}",
"(50, 12, 16)",minecraft:dark_oak_stairs,"{'facing': 'south', 'half': 'bottom', 'shape': 'straight', 'waterlogged': 'false'}",
"(9, 12, 17)",minecraft:dark_oak_planks,{},
"(10, 12, 17)",minecraft:spruce_trapdoor,"{'facing': 'north', 'half': 'bottom', 'open': 'true', 'powered': 'false', 'waterlogged': 'false'}",
"(13, 12, 17)",minecraft:dark_oak_planks,{},
"(25, 12, 17)",minecraft:oak_leaves,"{'distance': '7', 'persistent': 'true', 'waterlogged': 'false'}",
"(41, 12, 17)",minecraft:dark_oak_stairs,"{'facing': 'east', 'half': 'bottom', 'shape': 'straight', 'waterlogged': 'false'}",
"(42, 12, 17)",minecraft:oak_planks,{},
"(43, 12, 17)",minecraft:spruce_trapdoor,"{'facing': 'north', 'half': 'bottom', 'open': 'true', 'powered': 'false', 'waterlogged': 'false'}",
"(49, 12, 17)",minecraft:oak_planks,{},
"(50, 12, 17)",minecraft:dark_oak_stairs,"{'facing': 'north', 'half': 'top', 'shape': 'straight', 'waterlogged': 'false'}",
"(9, 12, 18)",minecraft:spruce_planks,{},
"(10, 12, 18)",minecraft:stripped_oak_wood,{'axis': 'x'},
"(11, 12, 18)",minecraft:gray_stained_glass_pane,"{'east': 'true', 'north': 'false', 'south': 'false', 'waterlogged': 'false', 'west': 'true'}",
"(12, 12, 18)",minecraft:oak_planks,{},
"(13, 12, 18)",minecraft:spruce_planks,{},
"(24, 12, 18)",minecraft:oak_leaves,"{'distance': '7', 'persistent': 'true', 'waterlogged': 'false'}",
"(25, 12, 18)",minecraft:oak_leaves,"{'distance': '7', 'persistent': 'true', 'waterlogged': 'false'}",
"(26, 12, 18)",minecraft:oak_leaves,"{'distance': '7', 'persistent': 'true', 'waterlogged': 'false'}",
"(41, 12, 18)",minecraft:dark_oak_stairs,"{'facing': 'east', 'half': 'bottom', 'shape': 'straight', 'waterlogged': 'false'}",
"(42, 12, 18)",minecraft:oak_planks,{},
"(43, 12, 18)",minecraft:spruce_slab,"{'type': 'double', 'waterlogged': 'false'}",
"(49, 12, 18)",minecraft:oak_stairs,"{'facing': 'west', 'half': 'top', 'shape': 'straight', 'waterlogged': 'false'}",
"(50, 12, 18)",minecraft:campfire,"{'facing': 'west', 'lit': 'false', 'signal_fire': 'false', 'waterlogged': 'false'}","{components: {}, Items: [], CookingTimes: [I; 0, 0, 0, 0], CookingTotalTimes: [I; 0, 0, 0, 0], id: ""minecraft:campfire""}"
"(9, 12, 19)",minecraft:spruce_planks,{},
"(10, 12, 19)",minecraft:azalea_leaves,"{'distance': '1', 'persistent': 'true', 'waterlogged': 'false'}",
"(13, 12, 19)",minecraft:spruce_planks,{},
"(26, 12, 19)",minecraft:oak_leaves,"{'distance': '7', 'persistent': 'true', 'waterlogged': 'false'}",
"(41, 12, 19)",minecraft:dark_oak_stairs,"{'facing': 'east', 'half': 'bottom', 'shape': 'straight', 'waterlogged': 'false'}",
"(42, 12, 19)",minecraft:oak_planks,{},
"(43, 12, 19)",minecraft:spruce_stairs,"{'facing': 'north', 'half': 'top', 'shape': 'straight', 'waterlogged': 'false'}",
"(49, 12, 19)",minecraft:oak_planks,{},
"(50, 12, 19)",minecraft:dark_oak_stairs,"{'facing': 'south', 'half': 'top', 'shape': 'straight', 'waterlogged': 'false'}",
"(9, 12, 20)",minecraft:spruce_planks,{},
"(13, 12, 20)",minecraft:spruce_planks,{},
"(14, 12, 20)",minecraft:acacia_leaves,"{'distance': '7', 'persistent': 'true', 'waterlogged': 'false'}",
"(41, 12, 20)",minecraft:dark_oak_stairs,"{'facing': 'east', 'half': 'bottom', 'shape': 'straight', 'waterlogged': 'false'}",
"(42, 12, 20)",minecraft:stripped_oak_wood,{'axis': 'z'},
"(43, 12, 20)",minecraft:spruce_slab,"{'type': 'top', 'waterlogged': 'false'}",
"(48, 12, 20)",minecraft:stripped_oak_wood,{'axis': 'z'},
"(49, 12, 20)",minecraft:dark_oak_planks,{},
"(50, 12, 20)",minecraft:dark_oak_planks,{},
"(9, 12, 21)",minecraft:spruce_planks,{},
"(13, 12, 21)",minecraft:spruce_planks,{},
"(41, 12, 21)",minecraft:dark_oak_stairs,"{'facing': 'east', 'half': 'bottom', 'shape': 'straight', 'waterlogged': 'false'}",
"(42, 12, 21)",minecraft:stripped_oak_wood,{'axis': 'z'},
"(43, 12, 21)",minecraft:spruce_slab,"{'type': 'top', 'waterlogged': 'false'}",
"(49, 12, 21)",minecraft:oak_planks,{},
"(50, 12, 21)",minecraft:dark_oak_stairs,"{'facing': 'north', 'half': 'top', 'shape': 'straight', 'waterlogged': 'false'}",
"(3, 12, 22)",minecraft:dark_oak_planks,{},
"(4, 12, 22)",minecraft:spruce_planks,{},
"(5, 12, 22)",minecraft:spruce_planks,{},
"(6, 12, 22)",minecraft:spruce_planks,{},
"(7, 12, 22)",minecraft:spruce_planks,{},
"(8, 12, 22)",minecraft:spruce_planks,{},
"(9, 12, 22)",minecraft:spruce_planks,{},
"(13, 12, 22)",minecraft:stone,{},
"(14, 12, 22)",minecraft:stone_bricks,{},
"(16, 12, 22)",minecraft:acacia_leaves,"{'distance': '7', 'persistent': 'true', 'waterlogged': 'false'}",
"(17, 12, 22)",minecraft:spruce_slab,"{'type': 'top', 'waterlogged': 'false'}",
"(18, 12, 22)",minecraft:acacia_leaves,"{'distance': '7', 'persistent': 'true', 'waterlogged': 'false'}",
"(19, 12, 22)",minecraft:spruce_slab,"{'type': 'top', 'waterlogged': 'false'}",
"(22, 12, 22)",minecraft:stone,{},
"(23, 12, 22)",minecraft:stone,{},
"(28, 12, 22)",minecraft:acacia_leaves,"{'distance': '7', 'persistent': 'true', 'waterlogged': 'false'}",
"(29, 12, 22)",minecraft:spruce_trapdoor,"{'facing': 'north', 'half': 'bottom', 'open': 'true', 'powered': 'false', 'waterlogged': 'false'}",
"(30, 12, 22)",minecraft:oak_trapdoor,"{'facing': 'north', 'half': 'top', 'open': 'true', 'powered': 'false', 'waterlogged': 'false'}",
"(31, 12, 22)",minecraft:oak_trapdoor,"{'facing': 'north', 'half': 'top', 'open': 'true', 'powered': 'false', 'waterlogged': 'false'}",
"(32, 12, 22)",minecraft:oak_trapdoor,"{'facing': 'north', 'half': 'top', 'open': 'true', 'powered': 'false', 'waterlogged': 'false'}",
"(33, 12, 22)",minecraft:spruce_trapdoor,"{'facing': 'north', 'half': 'bottom', 'open': 'true', 'powered': 'false', 'waterlogged': 'false'}",
"(41, 12, 22)",minecraft:dark_oak_stairs,"{'facing': 'east', 'half': 'bottom', 'shape': 'straight', 'waterlogged': 'false'}",
"(42, 12, 22)",minecraft:stripped_oak_wood,{'axis': 'z'},
"(43, 12, 22)",minecraft:spruce_slab,"{'type': 'top', 'waterlogged': 'false'}",
"(49, 12, 22)",minecraft:oak_stairs,"{'facing': 'west', 'half': 'top', 'shape': 'straight', 'waterlogged': 'false'}",
"(50, 12, 22)",minecraft:campfire,"{'facing': 'west', 'lit': 'false', 'signal_fire': 'false', 'waterlogged': 'false'}","{components: {}, Items: [], CookingTimes: [I; 0, 0, 0, 0], CookingTotalTimes: [I; 0, 0, 0, 0], id: ""minecraft:campfire""}"
"(4, 12, 23)",minecraft:stripped_oak_wood,{'axis': 'z'},
"(13, 12, 23)",minecraft:stone,{},
"(14, 12, 23)",minecraft:stone_bricks,{},
"(15, 12, 23)",minecraft:andesite,{},
"(16, 12, 23)",minecraft:andesite,{},
"(17, 12, 23)",minecraft:andesite,{},
"(18, 12, 23)",minecraft:andesite,{},
"(19, 12, 23)",minecraft:stone_bricks,{},
"(20, 12, 23)",minecraft:stone_bricks,{},
"(21, 12, 23)",minecraft:stone_bricks,{},
"(22, 12, 23)",minecraft:stone,{},
"(23, 12, 23)",minecraft:stone,{},
"(28, 12, 23)",minecraft:spruce_trapdoor,"{'facing': 'west', 'half': 'bottom', 'open': 'true', 'powered': 'false', 'waterlogged': 'false'}",
"(29, 12, 23)",minecraft:coarse_dirt,{},
"(30, 12, 23)",minecraft:coarse_dirt,{},
"(31, 12, 23)",minecraft:coarse_dirt,{},
"(32, 12, 23)",minecraft:coarse_dirt,{},
"(33, 12, 23)",minecraft:coarse_dirt,{},
"(34, 12, 23)",minecraft:spruce_trapdoor,"{'facing': 'east', 'half': 'bottom', 'open': 'true', 'powered': 'false', 'waterlogged': 'false'}",
"(35, 12, 23)",minecraft:acacia_leaves,"{'distance': '7', 'persistent': 'true', 'waterlogged': 'false'}",
"(40, 12, 23)",minecraft:acacia_leaves,"{'distance': '7', 'persistent': 'true', 'waterlogged': 'false'}",
"(41, 12, 23)",minecraft:dark_oak_stairs,"{'facing': 'east', 'half': 'bottom', 'shape': 'straight', 'waterlogged': 'false'}",
"(42, 12, 23)",minecraft:oak_planks,{},
"(43, 12, 23)",minecraft:spruce_stairs,"{'facing': 'south', 'half': 'top', 'shape': 'straight', 'waterlogged': 'false'}",
"(49, 12, 23)",minecraft:oak_planks,{},
"(50, 12, 23)",minecraft:dark_oak_stairs,"{'facing': 'south', 'half': 'top', 'shape': 'straight', 'waterlogged': 'false'}",
"(0, 12, 24)",minecraft:spruce_button,"{'face': 'wall', 'facing': 'west', 'powered': 'false'}",
"(1, 12, 24)",minecraft:oak_log,{'axis': 'x'},
"(2, 12, 24)",minecraft:oak_log,{'axis': 'x'},
"(3, 12, 24)",minecraft:oak_log,{'axis': 'x'},
"(4, 12, 24)",minecraft:oak_planks,{},
"(11, 12, 24)",minecraft:end_rod,{'facing': 'down'},
"(12, 12, 24)",minecraft:end_rod,{'facing': 'down'},
"(13, 12, 24)",minecraft:spruce_planks,{},
"(14, 12, 24)",minecraft:stone_bricks,{},
"(15, 12, 24)",minecraft:spruce_planks,{},
"(16, 12, 24)",minecraft:spruce_planks,{},
"(17, 12, 24)",minecraft:spruce_planks,{},
"(18, 12, 24)",minecraft:spruce_planks,{},
"(19, 12, 24)",minecraft:spruce_planks,{},
"(20, 12, 24)",minecraft:spruce_planks,{},
"(21, 12, 24)",minecraft:spruce_planks,{},
"(22, 12, 24)",minecraft:stone,{},
"(27, 12, 24)",minecraft:stone_bricks,{},
"(28, 12, 24)",minecraft:stone_bricks,{},
"(29, 12, 24)",minecraft:stone,{},
"(30, 12, 24)",minecraft:andesite,{},
"(31, 12, 24)",minecraft:stone,{},
"(32, 12, 24)",minecraft:stone_bricks,{},
"(33, 12, 24)",minecraft:stone,{},
"(34, 12, 24)",minecraft:stone,{},
"(35, 12, 24)",minecraft:stone_bricks,{},
"(37, 12, 24)",minecraft:dark_oak_stairs,"{'facing': 'south', 'half': 'bottom', 'shape': 'straight', 'waterlogged': 'false'}",
"(38, 12, 24)",minecraft:dark_oak_stairs,"{'facing': 'south', 'half': 'bottom', 'shape': 'straight', 'waterlogged': 'false'}",
"(39, 12, 24)",minecraft:dark_oak_stairs,"{'facing': 'south', 'half': 'bottom', 'shape': 'straight', 'waterlogged': 'false'}",
"(40, 12, 24)",minecraft:dark_oak_stairs,"{'facing': 'south', 'half': 'bottom', 'shape': 'straight', 'waterlogged': 'false'}",
"(41, 12, 24)",minecraft:dark_oak_stairs,"{'facing': 'south', 'half': 'bottom', 'shape': 'inner_left', 'waterlogged': 'false'}",
"(42, 12, 24)",minecraft:stripped_oak_wood,{'axis': 'z'},
"(48, 12, 24)",minecraft:stripped_oak_wood,{'axis': 'z'},
"(49, 12, 24)",minecraft:dark_oak_planks,{},
"(50, 12, 24)",minecraft:dark_oak_planks,{},
"(51, 12, 24)",minecraft:dark_oak_stairs,"{'facing': 'south', 'half': 'bottom', 'shape': 'straight', 'waterlogged': 'false'}",
"(52, 12, 24)",minecraft:dark_oak_stairs,"{'facing': 'south', 'half': 'bottom', 'shape': 'straight', 'waterlogged': 'false'}",
"(4, 12, 25)",minecraft:oak_planks,{},
"(13, 12, 25)",minecraft:spruce_planks,{},
"(14, 12, 25)",minecraft:stone_bricks,{},
"(15, 12, 25)",minecraft:spruce_planks,{},
"(16, 12, 25)",minecraft:spruce_planks,{},
"(17, 12, 25)",minecraft:spruce_planks,{},
"(18, 12, 25)",minecraft:spruce_planks,{},
"(19, 12, 25)",minecraft:spruce_planks,{},
"(20, 12, 25)",minecraft:spruce_planks,{},
"(21, 12, 25)",minecraft:spruce_planks,{},
"(22, 12, 25)",minecraft:stone_bricks,{},
"(25, 12, 25)",minecraft:spruce_slab,"{'type': 'top', 'waterlogged': 'false'}",
"(27, 12, 25)",minecraft:stone,{},
"(28, 12, 25)",minecraft:stone,{},
"(29, 12, 25)",minecraft:stone_bricks,{},
"(30, 12, 25)",minecraft:stone_bricks,{},
"(31, 12, 25)",minecraft:andesite,{},
"(32, 12, 25)",minecraft:stone,{},
"(33, 12, 25)",minecraft:stone,{},
"(34, 12, 25)",minecraft:andesite,{},
"(35, 12, 25)",minecraft:andesite,{},
"(37, 12, 25)",minecraft:dark_oak_stairs,"{'facing': 'north', 'half': 'top', 'shape': 'straight', 'waterlogged': 'false'}",
"(38, 12, 25)",minecraft:oak_log,{'axis': 'y'},
"(39, 12, 25)",minecraft:stripped_oak_wood,{'axis': 'x'},
"(40, 12, 25)",minecraft:oak_planks,{},
"(41, 12, 25)",minecraft:oak_planks,{},
"(42, 12, 25)",minecraft:azalea_leaves,"{'distance': '1', 'persistent': 'true', 'waterlogged': 'false'}",
"(48, 12, 25)",minecraft:flowering_azalea_leaves,"{'distance': '1', 'persistent': 'true', 'waterlogged': 'false'}",
"(49, 12, 25)",minecraft:stripped_oak_wood,{'axis': 'x'},
"(50, 12, 25)",minecraft:oak_planks,{},
"(51, 12, 25)",minecraft:stripped_spruce_log,{'axis': 'y'},
"(52, 12, 25)",minecraft:dark_oak_stairs,"{'facing': 'north', 'half': 'top', 'shape': 'straight', 'waterlogged': 'false'}",
"(3, 12, 26)",minecraft:dark_oak_planks,{},
"(4, 12, 26)",minecraft:spruce_planks,{},
"(5, 12, 26)",minecraft:spruce_planks,{},
"(6, 12, 26)",minecraft:spruce_planks,{},
"(7, 12, 26)",minecraft:spruce_planks,{},
"(8, 12, 26)",minecraft:spruce_planks,{},
"(9, 12, 26)",minecraft:spruce_planks,{},
"(13, 12, 26)",minecraft:spruce_planks,{},
"(14, 12, 26)",minecraft:stone_bricks,{},
"(15, 12, 26)",minecraft:spruce_planks,{},
"(16, 12, 26)",minecraft:spruce_planks,{},
"(17, 12, 26)",minecraft:spruce_planks,{},
"(18, 12, 26)",minecraft:spruce_planks,{},
"(19, 12, 26)",minecraft:spruce_planks,{},
"(20, 12, 26)",minecraft:spruce_planks,{},
"(21, 12, 26)",minecraft:spruce_planks,{},
"(22, 12, 26)",minecraft:stone,{},
"(23, 12, 26)",minecraft:stone_bricks,{},
"(24, 12, 26)",minecraft:stone,{},
"(25, 12, 26)",minecraft:andesite,{},
"(26, 12, 26)",minecraft:stone,{},
"(27, 12, 26)",minecraft:stone_bricks,{},
"(28, 12, 26)",minecraft:andesite,{},
"(29, 12, 26)",minecraft:stone,{},
"(30, 12, 26)",minecraft:stone,{},
"(31, 12, 26)",minecraft:stone_bricks,{},
"(32, 12, 26)",minecraft:stone,{},
"(33, 12, 26)",minecraft:stone_bricks,{},
"(34, 12, 26)",minecraft:andesite,{},
"(35, 12, 26)",minecraft:stone,{},
"(36, 12, 26)",minecraft:andesite,{},
"(37, 12, 26)",minecraft:stone_bricks,{},
"(38, 12, 26)",minecraft:stone_bricks,{},
"(51, 12, 26)",minecraft:stripped_oak_wood,{'axis': 'z'},
"(5, 12, 27)",minecraft:acacia_leaves,"{'distance': '7', 'persistent': 'true', 'waterlogged': 'false'}",
"(9, 12, 27)",minecraft:spruce_planks,{},
"(13, 12, 27)",minecraft:spruce_planks,{},
"(14, 12, 27)",minecraft:stone,{},
"(15, 12, 27)",minecraft:spruce_planks,{},
"(16, 12, 27)",minecraft:spruce_planks,{},
"(17, 12, 27)",minecraft:spruce_planks,{},
"(18, 12, 27)",minecraft:spruce_planks,{},
"(19, 12, 27)",minecraft:spruce_planks,{},
"(20, 12, 27)",minecraft:spruce_planks,{},
"(21, 12, 27)",minecraft:ladder,"{'facing': 'west', 'waterlogged': 'false'}",
"(22, 12, 27)",minecraft:stone_bricks,{},
"(23, 12, 27)",minecraft:andesite,{},
"(25, 12, 27)",minecraft:spruce_fence,"{'east': 'false', 'north': 'true', 'south': 'true', 'waterlogged': 'false', 'west': 'false'}",
"(26, 12, 27)",minecraft:chest,"{'facing': 'south', 'type': 'single', 'waterlogged': 'false'}","{components: {}, Items: [], id: ""minecraft:chest""}"
"(27, 12, 27)",minecraft:stone_bricks,{},
"(28, 12, 27)",minecraft:spruce_slab,"{'type': 'double', 'waterlogged': 'false'}",
"(31, 12, 27)",minecraft:spruce_stairs,"{'facing': 'west', 'half': 'top', 'shape': 'straight', 'waterlogged': 'false'}",
"(32, 12, 27)",minecraft:spruce_slab,"{'type': 'top', 'waterlogged': 'false'}",
"(33, 12, 27)",minecraft:spruce_slab,"{'type': 'top', 'waterlogged': 'false'}",
"(34, 12, 27)",minecraft:spruce_stairs,"{'facing': 'east', 'half': 'top', 'shape': 'straight', 'waterlogged': 'false'}",
"(36, 12, 27)",minecraft:stripped_spruce_wood,{'axis': 'y'},
"(37, 12, 27)",minecraft:stripped_spruce_wood,{'axis': 'y'},
"(38, 12, 27)",minecraft:andesite,{},
"(51, 12, 27)",minecraft:oak_stairs,"{'facing': 'west', 'half': 'top', 'shape': 'straight', 'waterlogged': 'false'}",
"(52, 12, 27)",minecraft:campfire,"{'facing': 'west', 'lit': 'false', 'signal_fire': 'false', 'waterlogged': 'false'}","{components: {}, Items: [], CookingTimes: [I; 0, 0, 0, 0], CookingTotalTimes: [I; 0, 0, 0, 0], id: ""minecraft:campfire""}"
"(8, 12, 28)",minecraft:acacia_leaves,"{'distance': '7', 'persistent': 'true', 'waterlogged': 'false'}",
"(9, 12, 28)",minecraft:spruce_planks,{},
"(13, 12, 28)",minecraft:spruce_planks,{},
"(14, 12, 28)",minecraft:andesite,{},
"(15, 12, 28)",minecraft:spruce_planks,{},
"(16, 12, 28)",minecraft:spruce_planks,{},
"(17, 12, 28)",minecraft:spruce_planks,{},
"(18, 12, 28)",minecraft:spruce_planks,{},
"(19, 12, 28)",minecraft:spruce_planks,{},
"(20, 12, 28)",minecraft:spruce_planks,{},
"(21, 12, 28)",minecraft:spruce_planks,{},
"(22, 12, 28)",minecraft:stone,{},
"(23, 12, 28)",minecraft:stone,{},
"(25, 12, 28)",minecraft:oak_log,{'axis': 'y'},
"(27, 12, 28)",minecraft:stone,{},
"(28, 12, 28)",minecraft:red_bed,"{'facing': 'west', 'occupied': 'false', 'part': 'head'}","{components: {}, id: ""minecraft:bed""}"
"(29, 12, 28)",minecraft:red_bed,"{'facing': 'west', 'occupied': 'false', 'part': 'foot'}","{components: {}, id: ""minecraft:bed""}"
"(37, 12, 28)",minecraft:chest,"{'facing': 'west', 'type': 'right', 'waterlogged': 'false'}","{components: {}, Items: [], id: ""minecraft:chest""}"
"(38, 12, 28)",minecraft:andesite,{},
"(51, 12, 28)",minecraft:oak_planks,{},
"(9, 12, 29)",minecraft:spruce_planks,{},
"(10, 12, 29)",minecraft:oak_planks,{},
"(11, 12, 29)",minecraft:gray_stained_glass_pane,"{'east': 'true', 'north': 'false', 'south': 'false', 'waterlogged': 'false', 'west': 'true'}",
"(12, 12, 29)",minecraft:stripped_oak_wood,{'axis': 'x'},
"(13, 12, 29)",minecraft:spruce_planks,{},
"(14, 12, 29)",minecraft:stone_bricks,{},
"(15, 12, 29)",minecraft:spruce_planks,{},
"(16, 12, 29)",minecraft:spruce_planks,{},
"(17, 12, 29)",minecraft:spruce_planks,{},
"(18, 12, 29)",minecraft:spruce_planks,{},
"(19, 12, 29)",minecraft:spruce_planks,{},
"(20, 12, 29)",minecraft:spruce_planks,{},
"(21, 12, 29)",minecraft:spruce_planks,{},
"(22, 12, 29)",minecraft:stone,{},
"(23, 12, 29)",minecraft:stone,{},
"(25, 12, 29)",minecraft:spruce_fence,"{'east': 'false', 'north': 'true', 'south': 'true', 'waterlogged': 'false', 'west': 'false'}",
"(27, 12, 29)",minecraft:stone_bricks,{},
"(28, 12, 29)",minecraft:red_bed,"{'facing': 'west', 'occupied': 'false', 'part': 'head'}","{components: {}, id: ""minecraft:bed""}"
"(29, 12, 29)",minecraft:red_bed,"{'facing': 'west', 'occupied': 'false', 'part': 'foot'}","{components: {}, id: ""minecraft:bed""}"
"(37, 12, 29)",minecraft:chest,"{'facing': 'west', 'type': 'left', 'waterlogged': 'false'}","{components: {}, Items: [], id: ""minecraft:chest""}"
"(38, 12, 29)",minecraft:andesite,{},
"(51, 12, 29)",minecraft:oak_stairs,"{'facing': 'west', 'half': 'top', 'shape': 'straight', 'waterlogged': 'false'}",
"(52, 12, 29)",minecraft:campfire,"{'facing': 'west', 'lit': 'false', 'signal_fire': 'false', 'waterlogged': 'false'}","{components: {}, Items: [], CookingTimes: [I; 0, 0, 0, 0], CookingTotalTimes: [I; 0, 0, 0, 0], id: ""minecraft:campfire""}"
"(9, 12, 30)",minecraft:dark_oak_planks,{},
"(11, 12, 30)",minecraft:spruce_fence_gate,"{'facing': 'north', 'in_wall': 'false', 'open': 'true', 'powered': 'false'}",
"(12, 12, 30)",minecraft:spruce_trapdoor,"{'facing': 'south', 'half': 'bottom', 'open': 'true', 'powered': 'false', 'waterlogged': 'false'}",
"(13, 12, 30)",minecraft:dark_oak_planks,{},
"(14, 12, 30)",minecraft:stone,{},
"(15, 12, 30)",minecraft:spruce_planks,{},
"(16, 12, 30)",minecraft:spruce_planks,{},
"(17, 12, 30)",minecraft:spruce_planks,{},
"(18, 12, 30)",minecraft:spruce_planks,{},
"(19, 12, 30)",minecraft:spruce_planks,{},
"(20, 12, 30)",minecraft:spruce_planks,{},
"(21, 12, 30)",minecraft:spruce_planks,{},
"(22, 12, 30)",minecraft:stone,{},
"(23, 12, 30)",minecraft:stone_bricks,{},
"(25, 12, 30)",minecraft:spruce_fence,"{'east': 'false', 'north': 'true', 'south': 'true', 'waterlogged': 'false', 'west': 'false'}",
"(27, 12, 30)",minecraft:stone_bricks,{},
"(28, 12, 30)",minecraft:spruce_slab,"{'type': 'double', 'waterlogged': 'false'}",
"(30, 12, 30)",minecraft:white_carpet,{},
"(31, 12, 30)",minecraft:red_carpet,{},
"(32, 12, 30)",minecraft:red_carpet,{},
"(33, 12, 30)",minecraft:white_carpet,{},
"(35, 12, 30)",minecraft:ladder,"{'facing': 'west', 'waterlogged': 'false'}",
"(36, 12, 30)",minecraft:stripped_spruce_wood,{'axis': 'y'},
"(37, 12, 30)",minecraft:stripped_spruce_wood,{'axis': 'y'},
"(38, 12, 30)",minecraft:stone,{},
"(51, 12, 30)",minecraft:stripped_oak_wood,{'axis': 'z'},
"(13, 12, 31)",minecraft:stone,{},
"(14, 12, 31)",minecraft:stone_bricks,{},
"(15, 12, 31)",minecraft:stone_bricks,{},
"(16, 12, 31)",minecraft:stone_bricks,{},
"(17, 12, 31)",minecraft:stone,{},
"(18, 12, 31)",minecraft:stone,{},
"(19, 12, 31)",minecraft:stone,{},
"(20, 12, 31)",minecraft:stone_bricks,{},
"(21, 12, 31)",minecraft:stone,{},
"(22, 12, 31)",minecraft:stone_bricks,{},
"(23, 12, 31)",minecraft:stone_bricks,{},
"(25, 12, 31)",minecraft:spruce_fence,"{'east': 'false', 'north': 'true', 'south': 'false', 'waterlogged': 'false', 'west': 'false'}",
"(27, 12, 31)",minecraft:stone_bricks,{},
"(30, 12, 31)",minecraft:red_carpet,{},
"(31, 12, 31)",minecraft:white_carpet,{},
"(32, 12, 31)",minecraft:white_carpet,{},
"(33, 12, 31)",minecraft:red_carpet,{},
"(37, 12, 31)",minecraft:chest,"{'facing': 'west', 'type': 'right', 'waterlogged': 'false'}","{components: {}, Items: [], id: ""minecraft:chest""}"
"(38, 12, 31)",minecraft:stone,{},
"(39, 12, 31)",minecraft:oak_planks,{},
"(40, 12, 31)",minecraft:oak_planks,{},
"(41, 12, 31)",minecraft:stripped_oak_wood,{'axis': 'x'},
"(48, 12, 31)",minecraft:azalea_leaves,"{'distance': '1', 'persistent': 'true', 'waterlogged': 'false'}",
"(49, 12, 31)",minecraft:oak_planks,{},
"(50, 12, 31)",minecraft:stripped_oak_wood,{'axis': 'x'},
"(51, 12, 31)",minecraft:oak_log,{'axis': 'y'},
"(52, 12, 31)",minecraft:dark_oak_stairs,"{'facing': 'south', 'half': 'top', 'shape': 'straight', 'waterlogged': 'false'}",
"(13, 12, 32)",minecraft:stone,{},
"(14, 12, 32)",minecraft:stone,{},
"(20, 12, 32)",minecraft:stone,{},
"(22, 12, 32)",minecraft:stone_bricks,{},
"(23, 12, 32)",minecraft:stone,{},
"(30, 12, 32)",minecraft:white_carpet,{},
"(31, 12, 32)",minecraft:red_carpet,{},
"(32, 12, 32)",minecraft:red_carpet,{},
"(33, 12, 32)",minecraft:white_carpet,{},
"(37, 12, 32)",minecraft:chest,"{'facing': 'west', 'type': 'left', 'waterlogged': 'false'}","{components: {}, Items: [], id: ""minecraft:chest""}"
"(38, 12, 32)",minecraft:andesite,{},
"(39, 12, 32)",minecraft:dark_oak_stairs,"{'facing': 'north', 'half': 'bottom', 'shape': 'straight', 'waterlogged': 'false'}",
"(40, 12, 32)",minecraft:dark_oak_stairs,"{'facing': 'north', 'half': 'bottom', 'shape': 'straight', 'waterlogged': 'false'}",
"(41, 12, 32)",minecraft:dark_oak_stairs,"{'facing': 'east', 'half': 'bottom', 'shape': 'inner_left', 'waterlogged': 'false'}",
"(42, 12, 32)",minecraft:stripped_oak_wood,{'axis': 'z'},
"(48, 12, 32)",minecraft:stripped_oak_wood,{'axis': 'z'},
"(49, 12, 32)",minecraft:bricks,{},
"(50, 12, 32)",minecraft:dark_oak_stairs,"{'facing': 'north', 'half': 'bottom', 'shape': 'straight', 'waterlogged': 'false'}",
"(51, 12, 32)",minecraft:dark_oak_stairs,"{'facing': 'north', 'half': 'bottom', 'shape': 'straight', 'waterlogged': 'false'}",
"(52, 12, 32)",minecraft:dark_oak_stairs,"{'facing': 'north', 'half': 'bottom', 'shape': 'straight', 'waterlogged': 'false'}",
"(20, 12, 33)",minecraft:stone,{},
"(22, 12, 33)",minecraft:lantern,"{'hanging': 'false', 'waterlogged': 'false'}",
"(23, 12, 33)",minecraft:andesite,{},
"(24, 12, 33)",minecraft:repeating_command_block,"{'conditional': 'false', 'facing': 'north'}","{conditionMet: 0b, auto: 0b, components: {}, powered: 0b, Command: """", id: ""minecraft:command_block"", SuccessCount: 0, TrackOutput: 1b, UpdateLastExecution: 1b}"
"(35, 12, 33)",minecraft:repeating_command_block,"{'conditional': 'false', 'facing': 'west'}","{conditionMet: 0b, auto: 0b, components: {}, powered: 0b, Command: """", id: ""minecraft:command_block"", SuccessCount: 0, TrackOutput: 1b, UpdateLastExecution: 1b}"
"(36, 12, 33)",minecraft:stripped_spruce_wood,{'axis': 'y'},
"(37, 12, 33)",minecraft:stripped_spruce_wood,{'axis': 'y'},
"(38, 12, 33)",minecraft:stone,{},
"(41, 12, 33)",minecraft:dark_oak_stairs,"{'facing': 'east', 'half': 'bottom', 'shape': 'straight', 'waterlogged': 'false'}",
"(42, 12, 33)",minecraft:oak_planks,{},
"(43, 12, 33)",minecraft:spruce_slab,"{'type': 'top', 'waterlogged': 'false'}",
"(44, 12, 33)",minecraft:spruce_trapdoor,"{'facing': 'north', 'half': 'top', 'open': 'false', 'powered': 'false', 'waterlogged': 'false'}",
"(45, 12, 33)",minecraft:spruce_trapdoor,"{'facing': 'north', 'half': 'top', 'open': 'false', 'powered': 'false', 'waterlogged': 'false'}",
"(46, 12, 33)",minecraft:spruce_trapdoor,"{'facing': 'north', 'half': 'top', 'open': 'false', 'powered': 'false', 'waterlogged': 'false'}",
"(47, 12, 33)",minecraft:spruce_slab,"{'type': 'top', 'waterlogged': 'false'}",
"(48, 12, 33)",minecraft:oak_planks,{},
"(49, 12, 33)",minecraft:dark_oak_stairs,"{'facing': 'west', 'half': 'bottom', 'shape': 'straight', 'waterlogged': 'false'}",
"(16, 12, 34)",minecraft:oak_trapdoor,"{'facing': 'north', 'half': 'bottom', 'open': 'true', 'powered': 'false', 'waterlogged': 'false'}",
"(17, 12, 34)",minecraft:oak_trapdoor,"{'facing': 'north', 'half': 'bottom', 'open': 'true', 'powered': 'false', 'waterlogged': 'false'}",
"(18, 12, 34)",minecraft:oak_trapdoor,"{'facing': 'north', 'half': 'bottom', 'open': 'true', 'powered': 'false', 'waterlogged': 'false'}",
"(20, 12, 34)",minecraft:stone,{},
"(21, 12, 34)",minecraft:andesite,{},
"(22, 12, 34)",minecraft:stone,{},
"(23, 12, 34)",minecraft:stone,{},
"(24, 12, 34)",minecraft:stone,{},
"(25, 12, 34)",minecraft:stone,{},
"(26, 12, 34)",minecraft:stone,{},
"(27, 12, 34)",minecraft:stone_bricks,{},
"(28, 12, 34)",minecraft:repeating_command_block,"{'conditional': 'false', 'facing': 'east'}","{conditionMet: 0b, auto: 0b, components: {}, powered: 0b, Command: """", id: ""minecraft:command_block"", SuccessCount: 0, TrackOutput: 1b, UpdateLastExecution: 1b}"
"(34, 12, 34)",minecraft:repeating_command_block,"{'conditional': 'false', 'facing': 'west'}","{conditionMet: 0b, auto: 0b, components: {}, powered: 0b, Command: """", id: ""minecraft:command_block"", SuccessCount: 0, TrackOutput: 1b, UpdateLastExecution: 1b}"
"(35, 12, 34)",minecraft:stone,{},
"(36, 12, 34)",minecraft:stone_bricks,{},
"(37, 12, 34)",minecraft:stone_bricks,{},
"(38, 12, 34)",minecraft:stone_bricks,{},
"(41, 12, 34)",minecraft:dark_oak_stairs,"{'facing': 'east', 'half': 'bottom', 'shape': 'straight', 'waterlogged': 'false'}",
"(42, 12, 34)",minecraft:oak_log,{'axis': 'y'},
"(43, 12, 34)",minecraft:oak_planks,{},
"(44, 12, 34)",minecraft:oak_stairs,"{'facing': 'north', 'half': 'top', 'shape': 'straight', 'waterlogged': 'false'}",
"(45, 12, 34)",minecraft:stripped_oak_wood,{'axis': 'x'},
"(46, 12, 34)",minecraft:oak_stairs,"{'facing': 'north', 'half': 'top', 'shape': 'straight', 'waterlogged': 'false'}",
"(47, 12, 34)",minecraft:oak_planks,{},
"(48, 12, 34)",minecraft:oak_log,{'axis': 'y'},
"(49, 12, 34)",minecraft:dark_oak_stairs,"{'facing': 'west', 'half': 'bottom', 'shape': 'straight', 'waterlogged': 'false'}",
"(15, 12, 35)",minecraft:oak_trapdoor,"{'facing': 'west', 'half': 'bottom', 'open': 'true', 'powered': 'false', 'waterlogged': 'false'}",
"(16, 12, 35)",minecraft:oak_trapdoor,"{'facing': 'north', 'half': 'bottom', 'open': 'true', 'powered': 'false', 'waterlogged': 'false'}",
"(17, 12, 35)",minecraft:chest,"{'facing': 'west', 'type': 'single', 'waterlogged': 'false'}","{components: {}, Items: [], id: ""minecraft:chest""}"
"(18, 12, 35)",minecraft:barrel,"{'facing': 'up', 'open': 'false'}","{components: {}, Items: [], id: ""minecraft:barrel""}"
"(19, 12, 35)",minecraft:oak_trapdoor,"{'facing': 'east', 'half': 'bottom', 'open': 'true', 'powered': 'false', 'waterlogged': 'false'}",
"(25, 12, 35)",minecraft:spruce_slab,"{'type': 'top', 'waterlogged': 'false'}",
"(27, 12, 35)",minecraft:stone_bricks,{},
"(28, 12, 35)",minecraft:repeating_command_block,"{'conditional': 'false', 'facing': 'east'}","{conditionMet: 0b, auto: 0b, components: {}, powered: 0b, Command: """", id: ""minecraft:command_block"", SuccessCount: 0, TrackOutput: 1b, UpdateLastExecution: 1b}"
"(30, 12, 35)",minecraft:spruce_trapdoor,"{'facing': 'west', 'half': 'bottom', 'open': 'true', 'powered': 'false', 'waterlogged': 'false'}",
"(31, 12, 35)",minecraft:spruce_slab,"{'type': 'top', 'waterlogged': 'false'}",
"(32, 12, 35)",minecraft:spruce_trapdoor,"{'facing': 'east', 'half': 'bottom', 'open': 'true', 'powered': 'false', 'waterlogged': 'false'}",
"(34, 12, 35)",minecraft:repeating_command_block,"{'conditional': 'false', 'facing': 'west'}","{conditionMet: 0b, auto: 0b, components: {}, powered: 0b, Command: """", id: ""minecraft:command_block"", SuccessCount: 0, TrackOutput: 1b, UpdateLastExecution: 1b}"
"(35, 12, 35)",minecraft:stone_bricks,{},
"(41, 12, 35)",minecraft:dark_oak_stairs,"{'facing': 'east', 'half': 'bottom', 'shape': 'straight', 'waterlogged': 'false'}",
"(42, 12, 35)",minecraft:dark_oak_stairs,"{'facing': 'west', 'half': 'top', 'shape': 'straight', 'waterlogged': 'false'}",
"(44, 12, 35)",minecraft:campfire,"{'facing': 'north', 'lit': 'false', 'signal_fire': 'false', 'waterlogged': 'false'}","{components: {}, Items: [], CookingTimes: [I; 0, 0, 0, 0], CookingTotalTimes: [I; 0, 0, 0, 0], id: ""minecraft:campfire""}"
"(46, 12, 35)",minecraft:campfire,"{'facing': 'north', 'lit': 'false', 'signal_fire': 'false', 'waterlogged': 'false'}","{components: {}, Items: [], CookingTimes: [I; 0, 0, 0, 0], CookingTotalTimes: [I; 0, 0, 0, 0], id: ""minecraft:campfire""}"
"(48, 12, 35)",minecraft:dark_oak_stairs,"{'facing': 'east', 'half': 'top', 'shape': 'straight', 'waterlogged': 'false'}",
"(49, 12, 35)",minecraft:dark_oak_stairs,"{'facing': 'west', 'half': 'bottom', 'shape': 'straight', 'waterlogged': 'false'}",
"(15, 12, 36)",minecraft:oak_trapdoor,"{'facing': 'west', 'half': 'bottom', 'open': 'true', 'powered': 'false', 'waterlogged': 'false'}",
"(16, 12, 36)",minecraft:oak_leaves,"{'distance': '7', 'persistent': 'true', 'waterlogged': 'false'}",
"(17, 12, 36)",minecraft:barrel,"{'facing': 'up', 'open': 'false'}","{components: {}, Items: [], id: ""minecraft:barrel""}"
"(18, 12, 36)",minecraft:barrel,"{'facing': 'south', 'open': 'false'}","{components: {}, Items: [], id: ""minecraft:barrel""}"
"(19, 12, 36)",minecraft:oak_trapdoor,"{'facing': 'east', 'half': 'bottom', 'open': 'true', 'powered': 'false', 'waterlogged': 'false'}",
"(27, 12, 36)",minecraft:stone_bricks,{},
"(28, 12, 36)",minecraft:stone,{},
"(29, 12, 36)",minecraft:spruce_stairs,"{'facing': 'west', 'half': 'bottom', 'shape': 'straight', 'waterlogged': 'false'}",
"(33, 12, 36)",minecraft:spruce_stairs,"{'facing': 'east', 'half': 'bottom', 'shape': 'straight', 'waterlogged': 'false'}",
"(34, 12, 36)",minecraft:stone_bricks,{},
"(35, 12, 36)",minecraft:stone,{},
"(15, 12, 37)",minecraft:oak_trapdoor,"{'facing': 'west', 'half': 'bottom', 'open': 'true', 'powered': 'false', 'waterlogged': 'false'}",
"(16, 12, 37)",minecraft:barrel,"{'facing': 'up', 'open': 'false'}","{components: {}, Items: [], id: ""minecraft:barrel""}"
"(17, 12, 37)",minecraft:chest,"{'facing': 'south', 'type': 'single', 'waterlogged': 'false'}","{components: {}, Items: [], id: ""minecraft:chest""}"
"(18, 12, 37)",minecraft:lantern,"{'hanging': 'false', 'waterlogged': 'false'}",
"(19, 12, 37)",minecraft:oak_trapdoor,"{'facing': 'east', 'half': 'bottom', 'open': 'true', 'powered': 'false', 'waterlogged': 'false'}",
"(28, 12, 37)",minecraft:stripped_oak_wood,{'axis': 'z'},
"(29, 12, 37)",minecraft:spruce_stairs,"{'facing': 'south', 'half': 'bottom', 'shape': 'inner_right', 'waterlogged': 'false'}",
"(30, 12, 37)",minecraft:spruce_stairs,"{'facing': 'south', 'half': 'bottom', 'shape': 'straight', 'waterlogged': 'false'}",
"(31, 12, 37)",minecraft:spruce_stairs,"{'facing': 'south', 'half': 'bottom', 'shape': 'straight', 'waterlogged': 'false'}",
"(32, 12, 37)",minecraft:spruce_stairs,"{'facing': 'south', 'half': 'bottom', 'shape': 'straight', 'waterlogged': 'false'}",
"(33, 12, 37)",minecraft:spruce_stairs,"{'facing': 'east', 'half': 'bottom', 'shape': 'inner_right', 'waterlogged': 'false'}",
"(34, 12, 37)",minecraft:oak_planks,{},
"(16, 12, 38)",minecraft:oak_trapdoor,"{'facing': 'south', 'half': 'bottom', 'open': 'true', 'powered': 'false', 'waterlogged': 'false'}",
"(17, 12, 38)",minecraft:oak_trapdoor,"{'facing': 'south', 'half': 'bottom', 'open': 'true', 'powered': 'false', 'waterlogged': 'false'}",
"(18, 12, 38)",minecraft:oak_trapdoor,"{'facing': 'south', 'half': 'bottom', 'open': 'true', 'powered': 'false', 'waterlogged': 'false'}",
"(28, 12, 38)",minecraft:oak_log,{'axis': 'y'},
"(29, 12, 38)",minecraft:oak_planks,{},
"(30, 12, 38)",minecraft:stripped_spruce_log,{'axis': 'y'},
"(31, 12, 38)",minecraft:stripped_oak_wood,{'axis': 'x'},
"(32, 12, 38)",minecraft:stripped_spruce_log,{'axis': 'y'},
"(33, 12, 38)",minecraft:stripped_oak_wood,{'axis': 'x'},
"(34, 12, 38)",minecraft:stripped_spruce_log,{'axis': 'y'},
"(28, 12, 39)",minecraft:spruce_trapdoor,"{'facing': 'west', 'half': 'bottom', 'open': 'true', 'powered': 'false', 'waterlogged': 'false'}",
"(29, 12, 39)",minecraft:coarse_dirt,{},
"(30, 12, 39)",minecraft:acacia_leaves,"{'distance': '1', 'persistent': 'true', 'waterlogged': 'false'}",
"(31, 12, 39)",minecraft:acacia_leaves,"{'distance': '1', 'persistent': 'true', 'waterlogged': 'false'}",
"(32, 12, 39)",minecraft:acacia_leaves,"{'distance': '1', 'persistent': 'true', 'waterlogged': 'false'}",
"(34, 12, 39)",minecraft:spruce_trapdoor,"{'facing': 'east', 'half': 'bottom', 'open': 'true', 'powered': 'false', 'waterlogged': 'false'}",
"(29, 12, 40)",minecraft:spruce_trapdoor,"{'facing': 'south', 'half': 'bottom', 'open': 'true', 'powered': 'false', 'waterlogged': 'false'}",
"(30, 12, 40)",minecraft:oak_trapdoor,"{'facing': 'south', 'half': 'bottom', 'open': 'true', 'powered': 'false', 'waterlogged': 'false'}",
"(31, 12, 40)",minecraft:oak_trapdoor,"{'facing': 'south', 'half': 'bottom', 'open': 'true', 'powered': 'false', 'waterlogged': 'false'}",
"(32, 12, 40)",minecraft:oak_trapdoor,"{'facing': 'south', 'half': 'bottom', 'open': 'true', 'powered': 'false', 'waterlogged': 'false'}",
"(33, 12, 40)",minecraft:spruce_trapdoor,"{'facing': 'south', 'half': 'bottom', 'open': 'true', 'powered': 'false', 'waterlogged': 'false'}",
"(34, 12, 40)",minecraft:acacia_leaves,"{'distance': '7', 'persistent': 'true', 'waterlogged': 'false'}",
"(13, 13, 1)",minecraft:dark_oak_stairs,"{'facing': 'east', 'half': 'bottom', 'shape': 'straight', 'waterlogged': 'false'}",
"(14, 13, 1)",minecraft:dark_oak_stairs,"{'facing': 'south', 'half': 'top', 'shape': 'straight', 'waterlogged': 'false'}",
"(15, 13, 1)",minecraft:dark_oak_stairs,"{'facing': 'west', 'half': 'bottom', 'shape': 'straight', 'waterlogged': 'false'}",
"(40, 13, 1)",minecraft:dark_oak_stairs,"{'facing': 'east', 'half': 'bottom', 'shape': 'straight', 'waterlogged': 'false'}",
"(41, 13, 1)",minecraft:dark_oak_stairs,"{'facing': 'south', 'half': 'top', 'shape': 'straight', 'waterlogged': 'false'}",
"(42, 13, 1)",minecraft:dark_oak_stairs,"{'facing': 'west', 'half': 'bottom', 'shape': 'straight', 'waterlogged': 'false'}",
"(13, 13, 2)",minecraft:spruce_stairs,"{'facing': 'east', 'half': 'bottom', 'shape': 'straight', 'waterlogged': 'false'}",
"(14, 13, 2)",minecraft:oak_planks,{},
"(15, 13, 2)",minecraft:spruce_stairs,"{'facing': 'west', 'half': 'bottom', 'shape': 'straight', 'waterlogged': 'false'}",
"(22, 13, 2)",minecraft:campfire,"{'facing': 'south', 'lit': 'false', 'signal_fire': 'false', 'waterlogged': 'false'}","{components: {}, Items: [], CookingTimes: [I; 0, 0, 0, 0], CookingTotalTimes: [I; 0, 0, 0, 0], id: ""minecraft:campfire""}"
"(24, 13, 2)",minecraft:dark_oak_slab,"{'type': 'top', 'waterlogged': 'false'}",
"(25, 13, 2)",minecraft:dark_oak_slab,"{'type': 'top', 'waterlogged': 'false'}",
"(26, 13, 2)",minecraft:dark_oak_slab,"{'type': 'top', 'waterlogged': 'false'}",
"(27, 13, 2)",minecraft:dark_oak_slab,"{'type': 'top', 'waterlogged': 'false'}",
"(28, 13, 2)",minecraft:dark_oak_slab,"{'type': 'top', 'waterlogged': 'false'}",
"(29, 13, 2)",minecraft:dark_oak_slab,"{'type': 'top', 'waterlogged': 'false'}",
"(30, 13, 2)",minecraft:dark_oak_slab,"{'type': 'top', 'waterlogged': 'false'}",
"(31, 13, 2)",minecraft:dark_oak_slab,"{'type': 'top', 'waterlogged': 'false'}",
"(32, 13, 2)",minecraft:dark_oak_slab,"{'type': 'top', 'waterlogged': 'false'}",
"(34, 13, 2)",minecraft:campfire,"{'facing': 'south', 'lit': 'false', 'signal_fire': 'false', 'waterlogged': 'false'}","{components: {}, Items: [], CookingTimes: [I; 0, 0, 0, 0], CookingTotalTimes: [I; 0, 0, 0, 0], id: ""minecraft:campfire""}"
"(40, 13, 2)",minecraft:spruce_stairs,"{'facing': 'east', 'half': 'bottom', 'shape': 'straight', 'waterlogged': 'false'}",
"(41, 13, 2)",minecraft:stripped_oak_wood,{'axis': 'x'},
"(42, 13, 2)",minecraft:spruce_stairs,"{'facing': 'west', 'half': 'bottom', 'shape': 'straight', 'waterlogged': 'false'}",
"(13, 13, 3)",minecraft:spruce_stairs,"{'facing': 'east', 'half': 'bottom', 'shape': 'straight', 'waterlogged': 'false'}",
"(15, 13, 3)",minecraft:spruce_stairs,"{'facing': 'west', 'half': 'bottom', 'shape': 'straight', 'waterlogged': 'false'}",
"(21, 13, 3)",minecraft:stone,{},
"(22, 13, 3)",minecraft:stone_stairs,"{'facing': 'south', 'half': 'top', 'shape': 'straight', 'waterlogged': 'false'}",
"(23, 13, 3)",minecraft:stone_bricks,{},
"(24, 13, 3)",minecraft:dark_oak_slab,"{'type': 'top', 'waterlogged': 'false'}",
"(25, 13, 3)",minecraft:oak_log,{'axis': 'y'},
"(26, 13, 3)",minecraft:oak_planks,{},
"(27, 13, 3)",minecraft:stripped_oak_wood,{'axis': 'x'},
"(28, 13, 3)",minecraft:stripped_spruce_log,{'axis': 'y'},
"(29, 13, 3)",minecraft:stripped_oak_wood,{'axis': 'x'},
"(30, 13, 3)",minecraft:stripped_oak_wood,{'axis': 'x'},
"(31, 13, 3)",minecraft:stripped_spruce_log,{'axis': 'y'},
"(32, 13, 3)",minecraft:dark_oak_slab,"{'type': 'top', 'waterlogged': 'false'}",
"(33, 13, 3)",minecraft:stone_bricks,{},
"(34, 13, 3)",minecraft:stone_stairs,"{'facing': 'south', 'half': 'top', 'shape': 'straight', 'waterlogged': 'false'}",
"(35, 13, 3)",minecraft:stone_bricks,{},
"(40, 13, 3)",minecraft:spruce_stairs,"{'facing': 'east', 'half': 'bottom', 'shape': 'straight', 'waterlogged': 'false'}",
"(42, 13, 3)",minecraft:spruce_stairs,"{'facing': 'west', 'half': 'bottom', 'shape': 'straight', 'waterlogged': 'false'}",
"(11, 13, 4)",minecraft:granite,{},
"(13, 13, 4)",minecraft:spruce_stairs,"{'facing': 'east', 'half': 'bottom', 'shape': 'straight', 'waterlogged': 'false'}",
"(15, 13, 4)",minecraft:spruce_stairs,"{'facing': 'west', 'half': 'bottom', 'shape': 'straight', 'waterlogged': 'false'}",
"(20, 13, 4)",minecraft:andesite,{},
"(24, 13, 4)",minecraft:stone_bricks,{},
"(32, 13, 4)",minecraft:stone,{},
"(36, 13, 4)",minecraft:andesite,{},
"(40, 13, 4)",minecraft:spruce_stairs,"{'facing': 'east', 'half': 'bottom', 'shape': 'straight', 'waterlogged': 'false'}",
"(42, 13, 4)",minecraft:spruce_stairs,"{'facing': 'west', 'half': 'bottom', 'shape': 'straight', 'waterlogged': 'false'}",
"(13, 13, 5)",minecraft:spruce_stairs,"{'facing': 'east', 'half': 'bottom', 'shape': 'straight', 'waterlogged': 'false'}",
"(15, 13, 5)",minecraft:spruce_stairs,"{'facing': 'west', 'half': 'bottom', 'shape': 'straight', 'waterlogged': 'false'}",
"(19, 13, 5)",minecraft:campfire,"{'facing': 'east', 'lit': 'false', 'signal_fire': 'false', 'waterlogged': 'false'}","{components: {}, Items: [], CookingTimes: [I; 0, 0, 0, 0], CookingTotalTimes: [I; 0, 0, 0, 0], id: ""minecraft:campfire""}"
"(20, 13, 5)",minecraft:stone_stairs,"{'facing': 'east', 'half': 'top', 'shape': 'straight', 'waterlogged': 'false'}",
"(24, 13, 5)",minecraft:andesite,{},
"(32, 13, 5)",minecraft:stone_bricks,{},
"(36, 13, 5)",minecraft:stone,{},
"(40, 13, 5)",minecraft:spruce_stairs,"{'facing': 'east', 'half': 'bottom', 'shape': 'straight', 'waterlogged': 'false'}",
"(42, 13, 5)",minecraft:spruce_stairs,"{'facing': 'west', 'half': 'bottom', 'shape': 'straight', 'waterlogged': 'false'}",
"(13, 13, 6)",minecraft:spruce_stairs,"{'facing': 'east', 'half': 'bottom', 'shape': 'straight', 'waterlogged': 'false'}",
"(15, 13, 6)",minecraft:spruce_stairs,"{'facing': 'west', 'half': 'bottom', 'shape': 'straight', 'waterlogged': 'false'}",
"(20, 13, 6)",minecraft:stone_bricks,{},
"(24, 13, 6)",minecraft:stone_bricks,{},
"(32, 13, 6)",minecraft:stone_bricks,{},
"(36, 13, 6)",minecraft:andesite,{},
"(37, 13, 6)",minecraft:spruce_stairs,"{'facing': 'south', 'half': 'bottom', 'shape': 'straight', 'waterlogged': 'false'}",
"(38, 13, 6)",minecraft:spruce_stairs,"{'facing': 'south', 'half': 'bottom', 'shape': 'straight', 'waterlogged': 'false'}",
"(39, 13, 6)",minecraft:spruce_stairs,"{'facing': 'south', 'half': 'bottom', 'shape': 'straight', 'waterlogged': 'false'}",
"(40, 13, 6)",minecraft:spruce_stairs,"{'facing': 'east', 'half': 'bottom', 'shape': 'inner_right', 'waterlogged': 'false'}",
"(42, 13, 6)",minecraft:spruce_stairs,"{'facing': 'south', 'half': 'bottom', 'shape': 'inner_right', 'waterlogged': 'false'}",
"(43, 13, 6)",minecraft:spruce_stairs,"{'facing': 'south', 'half': 'bottom', 'shape': 'straight', 'waterlogged': 'false'}",
"(44, 13, 6)",minecraft:spruce_stairs,"{'facing': 'south', 'half': 'bottom', 'shape': 'straight', 'waterlogged': 'false'}",
"(45, 13, 6)",minecraft:spruce_stairs,"{'facing': 'south', 'half': 'bottom', 'shape': 'straight', 'waterlogged': 'false'}",
"(46, 13, 6)",minecraft:dark_oak_stairs,"{'facing': 'south', 'half': 'bottom', 'shape': 'straight', 'waterlogged': 'false'}",
"(7, 13, 7)",minecraft:dark_oak_stairs,"{'facing': 'south', 'half': 'bottom', 'shape': 'straight', 'waterlogged': 'false'}",
"(8, 13, 7)",minecraft:spruce_stairs,"{'facing': 'south', 'half': 'bottom', 'shape': 'straight', 'waterlogged': 'false'}",
"(9, 13, 7)",minecraft:spruce_stairs,"{'facing': 'south', 'half': 'bottom', 'shape': 'straight', 'waterlogged': 'false'}",
"(10, 13, 7)",minecraft:spruce_stairs,"{'facing': 'south', 'half': 'bottom', 'shape': 'straight', 'waterlogged': 'false'}",
"(11, 13, 7)",minecraft:spruce_stairs,"{'facing': 'south', 'half': 'bottom', 'shape': 'straight', 'waterlogged': 'false'}",
"(12, 13, 7)",minecraft:spruce_stairs,"{'facing': 'south', 'half': 'bottom', 'shape': 'straight', 'waterlogged': 'false'}",
"(13, 13, 7)",minecraft:spruce_stairs,"{'facing': 'east', 'half': 'bottom', 'shape': 'inner_right', 'waterlogged': 'false'}",
"(15, 13, 7)",minecraft:spruce_stairs,"{'facing': 'west', 'half': 'bottom', 'shape': 'inner_left', 'waterlogged': 'false'}",
"(16, 13, 7)",minecraft:spruce_stairs,"{'facing': 'south', 'half': 'bottom', 'shape': 'straight', 'waterlogged': 'false'}",
"(17, 13, 7)",minecraft:spruce_stairs,"{'facing': 'south', 'half': 'bottom', 'shape': 'straight', 'waterlogged': 'false'}",
"(18, 13, 7)",minecraft:dark_oak_stairs,"{'facing': 'south', 'half': 'bottom', 'shape': 'straight', 'waterlogged': 'false'}",
"(21, 13, 7)",minecraft:stone_bricks,{},
"(22, 13, 7)",minecraft:stone_brick_stairs,"{'facing': 'north', 'half': 'top', 'shape': 'straight', 'waterlogged': 'false'}",
"(23, 13, 7)",minecraft:stone,{},
"(24, 13, 7)",minecraft:dark_oak_slab,"{'type': 'top', 'waterlogged': 'false'}",
"(25, 13, 7)",minecraft:stripped_spruce_log,{'axis': 'y'},
"(26, 13, 7)",minecraft:stripped_oak_wood,{'axis': 'x'},
"(27, 13, 7)",minecraft:stripped_oak_wood,{'axis': 'x'},
"(28, 13, 7)",minecraft:oak_log,{'axis': 'y'},
"(29, 13, 7)",minecraft:oak_planks,{},
"(30, 13, 7)",minecraft:stripped_oak_wood,{'axis': 'x'},
"(31, 13, 7)",minecraft:oak_log,{'axis': 'y'},
"(32, 13, 7)",minecraft:dark_oak_slab,"{'type': 'top', 'waterlogged': 'false'}",
"(33, 13, 7)",minecraft:stone,{},
"(34, 13, 7)",minecraft:stone_bricks,{},
"(35, 13, 7)",minecraft:stone_bricks,{},
"(44, 13, 7)",minecraft:stone_bricks,{},
"(45, 13, 7)",minecraft:stone_bricks,{},
"(46, 13, 7)",minecraft:stone,{},
"(7, 13, 8)",minecraft:dark_oak_stairs,"{'facing': 'east', 'half': 'top', 'shape': 'straight', 'waterlogged': 'false'}",
"(8, 13, 8)",minecraft:stripped_oak_wood,{'axis': 'z'},
"(17, 13, 8)",minecraft:stripped_oak_wood,{'axis': 'z'},
"(18, 13, 8)",minecraft:dark_oak_stairs,"{'facing': 'west', 'half': 'top', 'shape': 'straight', 'waterlogged': 'false'}",
"(22, 13, 8)",minecraft:campfire,"{'facing': 'north', 'lit': 'false', 'signal_fire': 'false', 'waterlogged': 'false'}","{components: {}, Items: [], CookingTimes: [I; 0, 0, 0, 0], CookingTotalTimes: [I; 0, 0, 0, 0], id: ""minecraft:campfire""}"
"(24, 13, 8)",minecraft:dark_oak_slab,"{'type': 'top', 'waterlogged': 'false'}",
"(25, 13, 8)",minecraft:dark_oak_slab,"{'type': 'top', 'waterlogged': 'false'}",
"(26, 13, 8)",minecraft:dark_oak_slab,"{'type': 'top', 'waterlogged': 'false'}",
"(27, 13, 8)",minecraft:dark_oak_slab,"{'type': 'top', 'waterlogged': 'false'}",
"(28, 13, 8)",minecraft:dark_oak_slab,"{'type': 'top', 'waterlogged': 'false'}",
"(29, 13, 8)",minecraft:dark_oak_slab,"{'type': 'top', 'waterlogged': 'false'}",
"(30, 13, 8)",minecraft:dark_oak_slab,"{'type': 'top', 'waterlogged': 'false'}",
"(31, 13, 8)",minecraft:dark_oak_slab,"{'type': 'top', 'waterlogged': 'false'}",
"(32, 13, 8)",minecraft:dark_oak_slab,"{'type': 'top', 'waterlogged': 'false'}",
"(33, 13, 8)",minecraft:stripped_oak_wood,{'axis': 'z'},
"(44, 13, 8)",minecraft:andesite,{},
"(46, 13, 8)",minecraft:stone_bricks,{},
"(7, 13, 9)",minecraft:dark_oak_stairs,"{'facing': 'north', 'half': 'bottom', 'shape': 'straight', 'waterlogged': 'false'}",
"(8, 13, 9)",minecraft:spruce_stairs,"{'facing': 'north', 'half': 'bottom', 'shape': 'straight', 'waterlogged': 'false'}",
"(9, 13, 9)",minecraft:spruce_stairs,"{'facing': 'north', 'half': 'bottom', 'shape': 'straight', 'waterlogged': 'false'}",
"(10, 13, 9)",minecraft:spruce_stairs,"{'facing': 'north', 'half': 'bottom', 'shape': 'straight', 'waterlogged': 'false'}",
"(11, 13, 9)",minecraft:spruce_stairs,"{'facing': 'north', 'half': 'bottom', 'shape': 'straight', 'waterlogged': 'false'}",
"(12, 13, 9)",minecraft:spruce_stairs,"{'facing': 'north', 'half': 'bottom', 'shape': 'straight', 'waterlogged': 'false'}",
"(13, 13, 9)",minecraft:stone_bricks,{},
"(14, 13, 9)",minecraft:stone,{},
"(15, 13, 9)",minecraft:stone,{},
"(16, 13, 9)",minecraft:spruce_stairs,"{'facing': 'north', 'half': 'bottom', 'shape': 'straight', 'waterlogged': 'false'}",
"(17, 13, 9)",minecraft:spruce_stairs,"{'facing': 'north', 'half': 'bottom', 'shape': 'straight', 'waterlogged': 'false'}",
"(18, 13, 9)",minecraft:dark_oak_stairs,"{'facing': 'north', 'half': 'bottom', 'shape': 'straight', 'waterlogged': 'false'}",
"(19, 13, 9)",minecraft:spruce_fence,"{'east': 'false', 'north': 'false', 'south': 'true', 'waterlogged': 'false', 'west': 'false'}",
"(32, 13, 9)",minecraft:dark_oak_stairs,"{'facing': 'south', 'half': 'top', 'shape': 'straight', 'waterlogged': 'false'}",
"(33, 13, 9)",minecraft:oak_planks,{},
"(44, 13, 9)",minecraft:stone,{},
"(45, 13, 9)",minecraft:stone_bricks,{},
"(46, 13, 9)",minecraft:stone_bricks,{},
"(13, 13, 10)",minecraft:spruce_fence,"{'east': 'false', 'north': 'true', 'south': 'true', 'waterlogged': 'false', 'west': 'false'}",
"(15, 13, 10)",minecraft:stone_bricks,{},
"(18, 13, 10)",minecraft:spruce_fence,"{'east': 'true', 'north': 'false', 'south': 'true', 'waterlogged': 'false', 'west': 'false'}",
"(19, 13, 10)",minecraft:spruce_fence,"{'east': 'false', 'north': 'true', 'south': 'false', 'waterlogged': 'false', 'west': 'true'}",
"(20, 13, 10)",minecraft:black_wall_banner,{'facing': 'east'},"{components: {}, id: ""minecraft:banner""}"
"(32, 13, 10)",minecraft:dark_oak_stairs,"{'facing': 'north', 'half': 'bottom', 'shape': 'straight', 'waterlogged': 'false'}",
"(33, 13, 10)",minecraft:spruce_stairs,"{'facing': 'north', 'half': 'bottom', 'shape': 'straight', 'waterlogged': 'false'}",
"(34, 13, 10)",minecraft:spruce_stairs,"{'facing': 'north', 'half': 'bottom', 'shape': 'straight', 'waterlogged': 'false'}",
"(35, 13, 10)",minecraft:spruce_stairs,"{'facing': 'north', 'half': 'bottom', 'shape': 'straight', 'waterlogged': 'false'}",
"(36, 13, 10)",minecraft:spruce_stairs,"{'facing': 'north', 'half': 'bottom', 'shape': 'straight', 'waterlogged': 'false'}",
"(37, 13, 10)",minecraft:spruce_stairs,"{'facing': 'north', 'half': 'bottom', 'shape': 'straight', 'waterlogged': 'false'}",
"(38, 13, 10)",minecraft:spruce_stairs,"{'facing': 'north', 'half': 'bottom', 'shape': 'straight', 'waterlogged': 'false'}",
"(39, 13, 10)",minecraft:spruce_stairs,"{'facing': 'north', 'half': 'bottom', 'shape': 'straight', 'waterlogged': 'false'}",
"(40, 13, 10)",minecraft:spruce_stairs,"{'facing': 'north', 'half': 'bottom', 'shape': 'straight', 'waterlogged': 'false'}",
"(41, 13, 10)",minecraft:spruce_stairs,"{'facing': 'north', 'half': 'bottom', 'shape': 'straight', 'waterlogged': 'false'}",
"(42, 13, 10)",minecraft:spruce_stairs,"{'facing': 'north', 'half': 'bottom', 'shape': 'straight', 'waterlogged': 'false'}",
"(43, 13, 10)",minecraft:spruce_stairs,"{'facing': 'north', 'half': 'bottom', 'shape': 'straight', 'waterlogged': 'false'}",
"(44, 13, 10)",minecraft:spruce_stairs,"{'facing': 'north', 'half': 'bottom', 'shape': 'straight', 'waterlogged': 'false'}",
"(45, 13, 10)",minecraft:spruce_stairs,"{'facing': 'north', 'half': 'bottom', 'shape': 'straight', 'waterlogged': 'false'}",
"(46, 13, 10)",minecraft:dark_oak_stairs,"{'facing': 'north', 'half': 'bottom', 'shape': 'straight', 'waterlogged': 'false'}",
"(12, 13, 11)",minecraft:spruce_trapdoor,"{'facing': 'west', 'half': 'top', 'open': 'true', 'powered': 'false', 'waterlogged': 'false'}",
"(13, 13, 11)",minecraft:andesite,{},
"(14, 13, 11)",minecraft:spruce_fence,"{'east': 'true', 'north': 'false', 'south': 'false', 'waterlogged': 'false', 'west': 'true'}",
"(15, 13, 11)",minecraft:stone,{},
"(17, 13, 11)",minecraft:spruce_fence,"{'east': 'true', 'north': 'false', 'south': 'false', 'waterlogged': 'false', 'west': 'false'}",
"(18, 13, 11)",minecraft:spruce_fence,"{'east': 'false', 'north': 'true', 'south': 'false', 'waterlogged': 'false', 'west': 'true'}",
"(19, 13, 11)",minecraft:black_wall_banner,{'facing': 'south'},"{components: {}, id: ""minecraft:banner""}"
"(14, 13, 12)",minecraft:lantern,"{'hanging': 'false', 'waterlogged': 'false'}",
"(15, 13, 12)",minecraft:spruce_trapdoor,"{'facing': 'south', 'half': 'top', 'open': 'true', 'powered': 'false', 'waterlogged': 'false'}",
"(18, 13, 12)",minecraft:black_wall_banner,{'facing': 'south'},"{components: {}, id: ""minecraft:banner""}"
"(42, 13, 15)",minecraft:dark_oak_stairs,"{'facing': 'east', 'half': 'bottom', 'shape': 'straight', 'waterlogged': 'false'}",
"(43, 13, 15)",minecraft:dark_oak_stairs,"{'facing': 'west', 'half': 'top', 'shape': 'straight', 'waterlogged': 'false'}",
"(47, 13, 15)",minecraft:dark_oak_stairs,"{'facing': 'east', 'half': 'top', 'shape': 'straight', 'waterlogged': 'false'}",
"(48, 13, 15)",minecraft:dark_oak_stairs,"{'facing': 'west', 'half': 'bottom', 'shape': 'straight', 'waterlogged': 'false'}",
"(42, 13, 16)",minecraft:spruce_stairs,"{'facing': 'east', 'half': 'bottom', 'shape': 'straight', 'waterlogged': 'false'}",
"(43, 13, 16)",minecraft:oak_planks,{},
"(44, 13, 16)",minecraft:stripped_oak_wood,{'axis': 'x'},
"(45, 13, 16)",minecraft:oak_planks,{},
"(46, 13, 16)",minecraft:oak_planks,{},
"(47, 13, 16)",minecraft:oak_planks,{},
"(48, 13, 16)",minecraft:spruce_stairs,"{'facing': 'west', 'half': 'bottom', 'shape': 'straight', 'waterlogged': 'false'}",
"(9, 13, 17)",minecraft:dark_oak_stairs,"{'facing': 'east', 'half': 'bottom', 'shape': 'straight', 'waterlogged': 'false'}",
"(10, 13, 17)",minecraft:dark_oak_stairs,"{'facing': 'west', 'half': 'top', 'shape': 'straight', 'waterlogged': 'false'}",
"(11, 13, 17)",minecraft:campfire,"{'facing': 'south', 'lit': 'false', 'signal_fire': 'false', 'waterlogged': 'false'}","{components: {}, Items: [], CookingTimes: [I; 0, 0, 0, 0], CookingTotalTimes: [I; 0, 0, 0, 0], id: ""minecraft:campfire""}"
"(12, 13, 17)",minecraft:dark_oak_stairs,"{'facing': 'east', 'half': 'top', 'shape': 'straight', 'waterlogged': 'false'}",
"(13, 13, 17)",minecraft:dark_oak_stairs,"{'facing': 'west', 'half': 'bottom', 'shape': 'straight', 'waterlogged': 'false'}",
"(42, 13, 17)",minecraft:spruce_stairs,"{'facing': 'east', 'half': 'bottom', 'shape': 'straight', 'waterlogged': 'false'}",
"(43, 13, 17)",minecraft:spruce_trapdoor,"{'facing': 'south', 'half': 'top', 'open': 'false', 'powered': 'false', 'waterlogged': 'false'}",
"(44, 13, 17)",minecraft:spruce_trapdoor,"{'facing': 'south', 'half': 'top', 'open': 'false', 'powered': 'false', 'waterlogged': 'false'}",
"(45, 13, 17)",minecraft:spruce_trapdoor,"{'facing': 'south', 'half': 'top', 'open': 'false', 'powered': 'false', 'waterlogged': 'false'}",
"(46, 13, 17)",minecraft:spruce_trapdoor,"{'facing': 'south', 'half': 'top', 'open': 'false', 'powered': 'false', 'waterlogged': 'false'}",
"(47, 13, 17)",minecraft:spruce_trapdoor,"{'facing': 'south', 'half': 'top', 'open': 'false', 'powered': 'false', 'waterlogged': 'false'}",
"(48, 13, 17)",minecraft:spruce_planks,{},
"(49, 13, 17)",minecraft:spruce_planks,{},
"(50, 13, 17)",minecraft:dark_oak_planks,{},
"(9, 13, 18)",minecraft:spruce_stairs,"{'facing': 'east', 'half': 'bottom', 'shape': 'straight', 'waterlogged': 'false'}",
"(10, 13, 18)",minecraft:oak_planks,{},
"(11, 13, 18)",minecraft:stripped_oak_wood,{'axis': 'x'},
"(12, 13, 18)",minecraft:oak_planks,{},
"(13, 13, 18)",minecraft:spruce_stairs,"{'facing': 'west', 'half': 'bottom', 'shape': 'straight', 'waterlogged': 'false'}",
"(42, 13, 18)",minecraft:spruce_stairs,"{'facing': 'east', 'half': 'bottom', 'shape': 'straight', 'waterlogged': 'false'}",
"(43, 13, 18)",minecraft:chest,"{'facing': 'east', 'type': 'single', 'waterlogged': 'false'}","{components: {}, Items: [], id: ""minecraft:chest""}"
"(48, 13, 18)",minecraft:spruce_planks,{},
"(49, 13, 18)",minecraft:stripped_oak_wood,{'axis': 'z'},
"(9, 13, 19)",minecraft:spruce_stairs,"{'facing': 'east', 'half': 'bottom', 'shape': 'straight', 'waterlogged': 'false'}",
"(13, 13, 19)",minecraft:spruce_stairs,"{'facing': 'west', 'half': 'bottom', 'shape': 'straight', 'waterlogged': 'false'}",
"(42, 13, 19)",minecraft:spruce_stairs,"{'facing': 'east', 'half': 'bottom', 'shape': 'straight', 'waterlogged': 'false'}",
"(48, 13, 19)",minecraft:spruce_planks,{},
"(49, 13, 19)",minecraft:spruce_planks,{},
"(50, 13, 19)",minecraft:dark_oak_planks,{},
"(9, 13, 20)",minecraft:spruce_stairs,"{'facing': 'east', 'half': 'bottom', 'shape': 'straight', 'waterlogged': 'false'}",
"(13, 13, 20)",minecraft:spruce_stairs,"{'facing': 'west', 'half': 'bottom', 'shape': 'straight', 'waterlogged': 'false'}",
"(42, 13, 20)",minecraft:spruce_stairs,"{'facing': 'east', 'half': 'bottom', 'shape': 'straight', 'waterlogged': 'false'}",
"(43, 13, 20)",minecraft:potted_blue_orchid,{},
"(48, 13, 20)",minecraft:spruce_stairs,"{'facing': 'west', 'half': 'bottom', 'shape': 'straight', 'waterlogged': 'false'}",
"(9, 13, 21)",minecraft:spruce_stairs,"{'facing': 'east', 'half': 'bottom', 'shape': 'straight', 'waterlogged': 'false'}",
"(13, 13, 21)",minecraft:spruce_stairs,"{'facing': 'west', 'half': 'bottom', 'shape': 'straight', 'waterlogged': 'false'}",
"(42, 13, 21)",minecraft:spruce_stairs,"{'facing': 'east', 'half': 'bottom', 'shape': 'straight', 'waterlogged': 'false'}",
"(48, 13, 21)",minecraft:spruce_planks,{},
"(49, 13, 21)",minecraft:spruce_planks,{},
"(50, 13, 21)",minecraft:dark_oak_planks,{},
"(3, 13, 22)",minecraft:dark_oak_stairs,"{'facing': 'south', 'half': 'bottom', 'shape': 'straight', 'waterlogged': 'false'}",
"(4, 13, 22)",minecraft:spruce_stairs,"{'facing': 'south', 'half': 'bottom', 'shape': 'straight', 'waterlogged': 'false'}",
"(5, 13, 22)",minecraft:spruce_stairs,"{'facing': 'south', 'half': 'bottom', 'shape': 'straight', 'waterlogged': 'false'}",
"(6, 13, 22)",minecraft:spruce_stairs,"{'facing': 'south', 'half': 'bottom', 'shape': 'straight', 'waterlogged': 'false'}",
"(7, 13, 22)",minecraft:spruce_stairs,"{'facing': 'south', 'half': 'bottom', 'shape': 'straight', 'waterlogged': 'false'}",
"(8, 13, 22)",minecraft:spruce_stairs,"{'facing': 'south', 'half': 'bottom', 'shape': 'straight', 'waterlogged': 'false'}",
"(9, 13, 22)",minecraft:spruce_stairs,"{'facing': 'south', 'half': 'bottom', 'shape': 'inner_left', 'waterlogged': 'false'}",
"(13, 13, 22)",minecraft:stone_bricks,{},
"(14, 13, 22)",minecraft:stone_bricks,{},
"(17, 13, 22)",minecraft:acacia_leaves,"{'distance': '7', 'persistent': 'true', 'waterlogged': 'false'}",
"(19, 13, 22)",minecraft:acacia_leaves,"{'distance': '7', 'persistent': 'true', 'waterlogged': 'false'}",
"(22, 13, 22)",minecraft:andesite,{},
"(23, 13, 22)",minecraft:stone_bricks,{},
"(42, 13, 22)",minecraft:spruce_stairs,"{'facing': 'east', 'half': 'bottom', 'shape': 'straight', 'waterlogged': 'false'}",
"(48, 13, 22)",minecraft:spruce_planks,{},
"(49, 13, 22)",minecraft:stripped_oak_wood,{'axis': 'z'},
"(3, 13, 23)",minecraft:dark_oak_stairs,"{'facing': 'north', 'half': 'top', 'shape': 'straight', 'waterlogged': 'false'}",
"(4, 13, 23)",minecraft:oak_planks,{},
"(11, 13, 23)",minecraft:end_rod,{'facing': 'down'},
"(13, 13, 23)",minecraft:andesite,{},
"(14, 13, 23)",minecraft:andesite,{},
"(15, 13, 23)",minecraft:stone,{},
"(16, 13, 23)",minecraft:stone,{},
"(17, 13, 23)",minecraft:stone,{},
"(18, 13, 23)",minecraft:stone,{},
"(19, 13, 23)",minecraft:stone_bricks,{},
"(20, 13, 23)",minecraft:stone_bricks,{},
"(21, 13, 23)",minecraft:andesite,{},
"(22, 13, 23)",minecraft:stone_bricks,{},
"(23, 13, 23)",minecraft:stone,{},
"(29, 13, 23)",minecraft:acacia_leaves,"{'distance': '7', 'persistent': 'true', 'waterlogged': 'false'}",
"(30, 13, 23)",minecraft:acacia_leaves,"{'distance': '7', 'persistent': 'true', 'waterlogged': 'false'}",
"(31, 13, 23)",minecraft:white_tulip,{},
"(32, 13, 23)",minecraft:acacia_leaves,"{'distance': '7', 'persistent': 'true', 'waterlogged': 'false'}",
"(33, 13, 23)",minecraft:iron_chain,"{'axis': 'y', 'waterlogged': 'false'}",
"(34, 13, 23)",minecraft:acacia_leaves,"{'distance': '7', 'persistent': 'true', 'waterlogged': 'false'}",
"(42, 13, 23)",minecraft:spruce_stairs,"{'facing': 'east', 'half': 'bottom', 'shape': 'straight', 'waterlogged': 'false'}",
"(43, 13, 23)",minecraft:lantern,"{'hanging': 'false', 'waterlogged': 'false'}",
"(48, 13, 23)",minecraft:spruce_planks,{},
"(49, 13, 23)",minecraft:spruce_planks,{},
"(50, 13, 23)",minecraft:dark_oak_planks,{},
"(4, 13, 24)",minecraft:stripped_oak_wood,{'axis': 'z'},
"(10, 13, 24)",minecraft:end_rod,{'facing': 'down'},
"(11, 13, 24)",minecraft:chiseled_quartz_block,{},
"(12, 13, 24)",minecraft:white_stained_glass_pane,"{'east': 'true', 'north': 'false', 'south': 'false', 'waterlogged': 'false', 'west': 'true'}",
"(13, 13, 24)",minecraft:spruce_stairs,"{'facing': 'west', 'half': 'bottom', 'shape': 'straight', 'waterlogged': 'false'}",
"(14, 13, 24)",minecraft:stone,{},
"(15, 13, 24)",minecraft:spruce_slab,"{'type': 'top', 'waterlogged': 'false'}",
"(21, 13, 24)",minecraft:composter,{'level': '0'},
"(22, 13, 24)",minecraft:stone,{},
"(27, 13, 24)",minecraft:stone_bricks,{},
"(28, 13, 24)",minecraft:stone_bricks,{},
"(31, 13, 24)",minecraft:stone,{},
"(34, 13, 24)",minecraft:stone,{},
"(35, 13, 24)",minecraft:stone,{},
"(39, 13, 24)",minecraft:acacia_leaves,"{'distance': '7', 'persistent': 'true', 'waterlogged': 'false'}",
"(42, 13, 24)",minecraft:spruce_stairs,"{'facing': 'east', 'half': 'bottom', 'shape': 'straight', 'waterlogged': 'false'}",
"(48, 13, 24)",minecraft:spruce_stairs,"{'facing': 'west', 'half': 'bottom', 'shape': 'straight', 'waterlogged': 'false'}",
"(3, 13, 25)",minecraft:dark_oak_stairs,"{'facing': 'south', 'half': 'top', 'shape': 'straight', 'waterlogged': 'false'}",
"(4, 13, 25)",minecraft:oak_planks,{},
"(11, 13, 25)",minecraft:end_rod,{'facing': 'down'},
"(13, 13, 25)",minecraft:spruce_stairs,"{'facing': 'west', 'half': 'bottom', 'shape': 'straight', 'waterlogged': 'false'}",
"(14, 13, 25)",minecraft:stone_bricks,{},
"(15, 13, 25)",minecraft:spruce_slab,"{'type': 'top', 'waterlogged': 'false'}",
"(17, 13, 25)",minecraft:gray_carpet,{},
"(18, 13, 25)",minecraft:light_gray_carpet,{},
"(19, 13, 25)",minecraft:gray_carpet,{},
"(21, 13, 25)",minecraft:repeating_command_block,"{'conditional': 'false', 'facing': 'west'}","{conditionMet: 0b, auto: 0b, components: {}, powered: 0b, Command: """", id: ""minecraft:command_block"", SuccessCount: 0, TrackOutput: 1b, UpdateLastExecution: 1b}"
"(22, 13, 25)",minecraft:stone,{},
"(24, 13, 25)",minecraft:spruce_trapdoor,"{'facing': 'north', 'half': 'top', 'open': 'true', 'powered': 'false', 'waterlogged': 'false'}",
"(25, 13, 25)",minecraft:potted_poppy,{},
"(27, 13, 25)",minecraft:stone_bricks,{},
"(28, 13, 25)",minecraft:stone,{},
"(29, 13, 25)",minecraft:gray_stained_glass,{},
"(30, 13, 25)",minecraft:gray_stained_glass,{},
"(31, 13, 25)",minecraft:andesite,{},
"(32, 13, 25)",minecraft:gray_stained_glass,{},
"(33, 13, 25)",minecraft:gray_stained_glass,{},
"(34, 13, 25)",minecraft:stone,{},
"(35, 13, 25)",minecraft:stone,{},
"(37, 13, 25)",minecraft:dark_oak_stairs,"{'facing': 'south', 'half': 'bottom', 'shape': 'straight', 'waterlogged': 'false'}",
"(38, 13, 25)",minecraft:spruce_stairs,"{'facing': 'south', 'half': 'bottom', 'shape': 'straight', 'waterlogged': 'false'}",
"(39, 13, 25)",minecraft:spruce_stairs,"{'facing': 'south', 'half': 'bottom', 'shape': 'straight', 'waterlogged': 'false'}",
"(40, 13, 25)",minecraft:spruce_stairs,"{'facing': 'south', 'half': 'bottom', 'shape': 'straight', 'waterlogged': 'false'}",
"(41, 13, 25)",minecraft:spruce_stairs,"{'facing': 'south', 'half': 'bottom', 'shape': 'straight', 'waterlogged': 'false'}",
"(42, 13, 25)",minecraft:spruce_stairs,"{'facing': 'south', 'half': 'bottom', 'shape': 'inner_left', 'waterlogged': 'false'}",
"(48, 13, 25)",minecraft:spruce_stairs,"{'facing': 'west', 'half': 'bottom', 'shape': 'inner_left', 'waterlogged': 'false'}",
"(49, 13, 25)",minecraft:spruce_stairs,"{'facing': 'south', 'half': 'bottom', 'shape': 'straight', 'waterlogged': 'false'}",
"(50, 13, 25)",minecraft:spruce_stairs,"{'facing': 'south', 'half': 'bottom', 'shape': 'straight', 'waterlogged': 'false'}",
"(51, 13, 25)",minecraft:spruce_stairs,"{'facing': 'south', 'half': 'bottom', 'shape': 'straight', 'waterlogged': 'false'}",
"(52, 13, 25)",minecraft:dark_oak_stairs,"{'facing': 'south', 'half': 'bottom', 'shape': 'straight', 'waterlogged': 'false'}",
"(3, 13, 26)",minecraft:dark_oak_stairs,"{'facing': 'north', 'half': 'bottom', 'shape': 'straight', 'waterlogged': 'false'}",
"(4, 13, 26)",minecraft:spruce_stairs,"{'facing': 'north', 'half': 'bottom', 'shape': 'straight', 'waterlogged': 'false'}",
"(5, 13, 26)",minecraft:spruce_stairs,"{'facing': 'north', 'half': 'bottom', 'shape': 'straight', 'waterlogged': 'false'}",
"(6, 13, 26)",minecraft:spruce_stairs,"{'facing': 'north', 'half': 'bottom', 'shape': 'straight', 'waterlogged': 'false'}",
"(7, 13, 26)",minecraft:spruce_stairs,"{'facing': 'north', 'half': 'bottom', 'shape': 'straight', 'waterlogged': 'false'}",
"(8, 13, 26)",minecraft:spruce_stairs,"{'facing': 'north', 'half': 'bottom', 'shape': 'straight', 'waterlogged': 'false'}",
"(9, 13, 26)",minecraft:spruce_stairs,"{'facing': 'east', 'half': 'bottom', 'shape': 'inner_left', 'waterlogged': 'false'}",
"(13, 13, 26)",minecraft:spruce_stairs,"{'facing': 'west', 'half': 'bottom', 'shape': 'straight', 'waterlogged': 'false'}",
"(14, 13, 26)",minecraft:stone_bricks,{},
"(15, 13, 26)",minecraft:spruce_stairs,"{'facing': 'south', 'half': 'top', 'shape': 'straight', 'waterlogged': 'false'}",
"(17, 13, 26)",minecraft:light_gray_carpet,{},
"(18, 13, 26)",minecraft:gray_carpet,{},
"(19, 13, 26)",minecraft:light_gray_carpet,{},
"(22, 13, 26)",minecraft:andesite,{},
"(23, 13, 26)",minecraft:stone,{},
"(24, 13, 26)",minecraft:stone,{},
"(25, 13, 26)",minecraft:gray_stained_glass_pane,"{'east': 'true', 'north': 'false', 'south': 'false', 'waterlogged': 'false', 'west': 'true'}",
"(26, 13, 26)",minecraft:stone_bricks,{},
"(27, 13, 26)",minecraft:andesite,{},
"(28, 13, 26)",minecraft:andesite,{},
"(31, 13, 26)",minecraft:stone_bricks,{},
"(34, 13, 26)",minecraft:andesite,{},
"(35, 13, 26)",minecraft:andesite,{},
"(36, 13, 26)",minecraft:andesite,{},
"(37, 13, 26)",minecraft:stone,{},
"(38, 13, 26)",minecraft:stone_bricks,{},
"(51, 13, 26)",minecraft:oak_planks,{},
"(52, 13, 26)",minecraft:dark_oak_stairs,"{'facing': 'north', 'half': 'top', 'shape': 'straight', 'waterlogged': 'false'}",
"(4, 13, 27)",minecraft:acacia_leaves,"{'distance': '7', 'persistent': 'true', 'waterlogged': 'false'}",
"(9, 13, 27)",minecraft:spruce_stairs,"{'facing': 'east', 'half': 'bottom', 'shape': 'straight', 'waterlogged': 'false'}",
"(13, 13, 27)",minecraft:spruce_stairs,"{'facing': 'west', 'half': 'bottom', 'shape': 'straight', 'waterlogged': 'false'}",
"(14, 13, 27)",minecraft:stone,{},
"(15, 13, 27)",minecraft:repeating_command_block,"{'conditional': 'false', 'facing': 'east'}","{conditionMet: 0b, auto: 0b, components: {}, powered: 0b, Command: """", id: ""minecraft:command_block"", SuccessCount: 0, TrackOutput: 1b, UpdateLastExecution: 1b}"
"(17, 13, 27)",minecraft:gray_carpet,{},
"(18, 13, 27)",minecraft:light_gray_carpet,{},
"(19, 13, 27)",minecraft:gray_carpet,{},
"(21, 13, 27)",minecraft:ladder,"{'facing': 'west', 'waterlogged': 'false'}",
"(22, 13, 27)",minecraft:stone,{},
"(23, 13, 27)",minecraft:stone_bricks,{},
"(27, 13, 27)",minecraft:andesite,{},
"(32, 13, 27)",minecraft:potted_pink_tulip,{},
"(34, 13, 27)",minecraft:lantern,"{'hanging': 'false', 'waterlogged': 'false'}",
"(36, 13, 27)",minecraft:stripped_spruce_wood,{'axis': 'y'},
"(37, 13, 27)",minecraft:stripped_spruce_wood,{'axis': 'y'},
"(38, 13, 27)",minecraft:andesite,{},
"(51, 13, 27)",minecraft:oak_planks,{},
"(9, 13, 28)",minecraft:spruce_stairs,"{'facing': 'east', 'half': 'bottom', 'shape': 'straight', 'waterlogged': 'false'}",
"(13, 13, 28)",minecraft:spruce_stairs,"{'facing': 'west', 'half': 'bottom', 'shape': 'straight', 'waterlogged': 'false'}",
"(14, 13, 28)",minecraft:stone_bricks,{},
"(21, 13, 28)",minecraft:spruce_trapdoor,"{'facing': 'north', 'half': 'bottom', 'open': 'true', 'powered': 'false', 'waterlogged': 'false'}",
"(22, 13, 28)",minecraft:stone_bricks,{},
"(23, 13, 28)",minecraft:stone_bricks,{},
"(25, 13, 28)",minecraft:stripped_spruce_log,{'axis': 'y'},
"(27, 13, 28)",minecraft:stone,{},
"(37, 13, 28)",minecraft:chest,"{'facing': 'west', 'type': 'right', 'waterlogged': 'false'}","{components: {}, Items: [], id: ""minecraft:chest""}"
"(38, 13, 28)",minecraft:andesite,{},
"(51, 13, 28)",minecraft:stripped_oak_wood,{'axis': 'z'},
"(8, 13, 29)",minecraft:acacia_leaves,"{'distance': '7', 'persistent': 'true', 'waterlogged': 'false'}",
"(9, 13, 29)",minecraft:spruce_stairs,"{'facing': 'east', 'half': 'bottom', 'shape': 'straight', 'waterlogged': 'false'}",
"(10, 13, 29)",minecraft:stripped_oak_wood,{'axis': 'z'},
"(11, 13, 29)",minecraft:stripped_oak_wood,{'axis': 'x'},
"(12, 13, 29)",minecraft:oak_planks,{},
"(13, 13, 29)",minecraft:spruce_stairs,"{'facing': 'west', 'half': 'bottom', 'shape': 'straight', 'waterlogged': 'false'}",
"(14, 13, 29)",minecraft:andesite,{},
"(16, 13, 29)",minecraft:red_bed,"{'facing': 'south', 'occupied': 'false', 'part': 'foot'}","{components: {}, id: ""minecraft:bed""}"
"(18, 13, 29)",minecraft:red_bed,"{'facing': 'south', 'occupied': 'false', 'part': 'foot'}","{components: {}, id: ""minecraft:bed""}"
"(21, 13, 29)",minecraft:spruce_trapdoor,"{'facing': 'west', 'half': 'top', 'open': 'false', 'powered': 'false', 'waterlogged': 'false'}",
"(22, 13, 29)",minecraft:andesite,{},
"(23, 13, 29)",minecraft:stone_bricks,{},
"(27, 13, 29)",minecraft:stone_bricks,{},
"(37, 13, 29)",minecraft:chest,"{'facing': 'west', 'type': 'left', 'waterlogged': 'false'}","{components: {}, Items: [], id: ""minecraft:chest""}"
"(38, 13, 29)",minecraft:andesite,{},
"(51, 13, 29)",minecraft:oak_planks,{},
"(9, 13, 30)",minecraft:dark_oak_stairs,"{'facing': 'east', 'half': 'bottom', 'shape': 'straight', 'waterlogged': 'false'}",
"(10, 13, 30)",minecraft:dark_oak_stairs,"{'facing': 'west', 'half': 'top', 'shape': 'straight', 'waterlogged': 'false'}",
"(11, 13, 30)",minecraft:campfire,"{'facing': 'north', 'lit': 'false', 'signal_fire': 'false', 'waterlogged': 'false'}","{components: {}, Items: [], CookingTimes: [I; 0, 0, 0, 0], CookingTotalTimes: [I; 0, 0, 0, 0], id: ""minecraft:campfire""}"
"(12, 13, 30)",minecraft:dark_oak_stairs,"{'facing': 'east', 'half': 'top', 'shape': 'straight', 'waterlogged': 'false'}",
"(13, 13, 30)",minecraft:dark_oak_stairs,"{'facing': 'west', 'half': 'bottom', 'shape': 'straight', 'waterlogged': 'false'}",
"(14, 13, 30)",minecraft:andesite,{},
"(15, 13, 30)",minecraft:repeating_command_block,"{'conditional': 'false', 'facing': 'north'}","{conditionMet: 0b, auto: 0b, components: {}, powered: 0b, Command: """", id: ""minecraft:command_block"", SuccessCount: 0, TrackOutput: 1b, UpdateLastExecution: 1b}"
"(16, 13, 30)",minecraft:red_bed,"{'facing': 'south', 'occupied': 'false', 'part': 'head'}","{components: {}, id: ""minecraft:bed""}"
"(17, 13, 30)",minecraft:repeating_command_block,"{'conditional': 'false', 'facing': 'north'}","{conditionMet: 0b, auto: 0b, components: {}, powered: 0b, Command: """", id: ""minecraft:command_block"", SuccessCount: 0, TrackOutput: 1b, UpdateLastExecution: 1b}"
"(18, 13, 30)",minecraft:red_bed,"{'facing': 'south', 'occupied': 'false', 'part': 'head'}","{components: {}, id: ""minecraft:bed""}"
"(19, 13, 30)",minecraft:repeating_command_block,"{'conditional': 'false', 'facing': 'north'}","{conditionMet: 0b, auto: 0b, components: {}, powered: 0b, Command: """", id: ""minecraft:command_block"", SuccessCount: 0, TrackOutput: 1b, UpdateLastExecution: 1b}"
"(21, 13, 30)",minecraft:spruce_trapdoor,"{'facing': 'west', 'half': 'top', 'open': 'false', 'powered': 'false', 'waterlogged': 'false'}",
"(22, 13, 30)",minecraft:stone,{},
"(23, 13, 30)",minecraft:andesite,{},
"(25, 13, 30)",minecraft:lantern,"{'hanging': 'false', 'waterlogged': 'false'}",
"(27, 13, 30)",minecraft:stone,{},
"(28, 13, 30)",minecraft:lantern,"{'hanging': 'false', 'waterlogged': 'false'}",
"(35, 13, 30)",minecraft:ladder,"{'facing': 'west', 'waterlogged': 'false'}",
"(36, 13, 30)",minecraft:stripped_spruce_wood,{'axis': 'y'},
"(37, 13, 30)",minecraft:stripped_spruce_wood,{'axis': 'y'},
"(38, 13, 30)",minecraft:stone_bricks,{},
"(51, 13, 30)",minecraft:oak_planks,{},
"(52, 13, 30)",minecraft:dark_oak_stairs,"{'facing': 'south', 'half': 'top', 'shape': 'straight', 'waterlogged': 'false'}",
"(13, 13, 31)",minecraft:stone,{},
"(14, 13, 31)",minecraft:stone_bricks,{},
"(15, 13, 31)",minecraft:stone_bricks,{},
"(16, 13, 31)",minecraft:stone,{},
"(17, 13, 31)",minecraft:stone_bricks,{},
"(18, 13, 31)",minecraft:andesite,{},
"(19, 13, 31)",minecraft:andesite,{},
"(20, 13, 31)",minecraft:stone,{},
"(21, 13, 31)",minecraft:stone_bricks,{},
"(22, 13, 31)",minecraft:stone_bricks,{},
"(23, 13, 31)",minecraft:stone_bricks,{},
"(27, 13, 31)",minecraft:stone_bricks,{},
"(37, 13, 31)",minecraft:chest,"{'facing': 'west', 'type': 'right', 'waterlogged': 'false'}","{components: {}, Items: [], id: ""minecraft:chest""}"
"(38, 13, 31)",minecraft:stone_bricks,{},
"(39, 13, 31)",minecraft:spruce_stairs,"{'facing': 'north', 'half': 'bottom', 'shape': 'straight', 'waterlogged': 'false'}",
"(40, 13, 31)",minecraft:spruce_stairs,"{'facing': 'north', 'half': 'bottom', 'shape': 'straight', 'waterlogged': 'false'}",
"(41, 13, 31)",minecraft:spruce_stairs,"{'facing': 'north', 'half': 'bottom', 'shape': 'straight', 'waterlogged': 'false'}",
"(42, 13, 31)",minecraft:spruce_stairs,"{'facing': 'east', 'half': 'bottom', 'shape': 'inner_left', 'waterlogged': 'false'}",
"(48, 13, 31)",minecraft:spruce_stairs,"{'facing': 'north', 'half': 'bottom', 'shape': 'inner_left', 'waterlogged': 'false'}",
"(49, 13, 31)",minecraft:spruce_stairs,"{'facing': 'north', 'half': 'bottom', 'shape': 'straight', 'waterlogged': 'false'}",
"(50, 13, 31)",minecraft:spruce_stairs,"{'facing': 'north', 'half': 'bottom', 'shape': 'straight', 'waterlogged': 'false'}",
"(51, 13, 31)",minecraft:spruce_stairs,"{'facing': 'north', 'half': 'bottom', 'shape': 'straight', 'waterlogged': 'false'}",
"(52, 13, 31)",minecraft:dark_oak_stairs,"{'facing': 'north', 'half': 'bottom', 'shape': 'straight', 'waterlogged': 'false'}",
"(13, 13, 32)",minecraft:stone,{},
"(14, 13, 32)",minecraft:andesite,{},
"(17, 13, 32)",minecraft:spruce_trapdoor,"{'facing': 'south', 'half': 'top', 'open': 'true', 'powered': 'false', 'waterlogged': 'false'}",
"(20, 13, 32)",minecraft:stone_bricks,{},
"(22, 13, 32)",minecraft:stone,{},
"(23, 13, 32)",minecraft:stone_bricks,{},
"(37, 13, 32)",minecraft:chest,"{'facing': 'west', 'type': 'left', 'waterlogged': 'false'}","{components: {}, Items: [], id: ""minecraft:chest""}"
"(38, 13, 32)",minecraft:stone,{},
"(42, 13, 32)",minecraft:spruce_stairs,"{'facing': 'east', 'half': 'bottom', 'shape': 'straight', 'waterlogged': 'false'}",
"(48, 13, 32)",minecraft:spruce_stairs,"{'facing': 'west', 'half': 'bottom', 'shape': 'straight', 'waterlogged': 'false'}",
"(49, 13, 32)",minecraft:bricks,{},
"(20, 13, 33)",minecraft:stone,{},
"(23, 13, 33)",minecraft:andesite,{},
"(35, 13, 33)",minecraft:repeating_command_block,"{'conditional': 'false', 'facing': 'west'}","{conditionMet: 0b, auto: 0b, components: {}, powered: 0b, Command: """", id: ""minecraft:command_block"", SuccessCount: 0, TrackOutput: 1b, UpdateLastExecution: 1b}"
"(36, 13, 33)",minecraft:stripped_spruce_wood,{'axis': 'y'},
"(37, 13, 33)",minecraft:stripped_spruce_wood,{'axis': 'y'},
"(38, 13, 33)",minecraft:stone_bricks,{},
"(42, 13, 33)",minecraft:spruce_stairs,"{'facing': 'east', 'half': 'bottom', 'shape': 'straight', 'waterlogged': 'false'}",
"(43, 13, 33)",minecraft:barrel,"{'facing': 'north', 'open': 'false'}","{components: {}, Items: [], id: ""minecraft:barrel""}"
"(44, 13, 33)",minecraft:azalea_leaves,"{'distance': '7', 'persistent': 'true', 'waterlogged': 'false'}",
"(45, 13, 33)",minecraft:potted_red_tulip,{},
"(46, 13, 33)",minecraft:chest,"{'facing': 'north', 'type': 'single', 'waterlogged': 'false'}","{components: {}, Items: [], id: ""minecraft:chest""}"
"(48, 13, 33)",minecraft:spruce_stairs,"{'facing': 'west', 'half': 'bottom', 'shape': 'straight', 'waterlogged': 'false'}",
"(20, 13, 34)",minecraft:stone,{},
"(21, 13, 34)",minecraft:stone,{},
"(22, 13, 34)",minecraft:stone_bricks,{},
"(23, 13, 34)",minecraft:andesite,{},
"(24, 13, 34)",minecraft:stone_bricks,{},
"(25, 13, 34)",minecraft:gray_stained_glass_pane,"{'east': 'true', 'north': 'false', 'south': 'false', 'waterlogged': 'false', 'west': 'true'}",
"(26, 13, 34)",minecraft:stone,{},
"(27, 13, 34)",minecraft:stone,{},
"(28, 13, 34)",minecraft:repeating_command_block,"{'conditional': 'false', 'facing': 'east'}","{conditionMet: 0b, auto: 0b, components: {}, powered: 0b, Command: """", id: ""minecraft:command_block"", SuccessCount: 0, TrackOutput: 1b, UpdateLastExecution: 1b}"
"(34, 13, 34)",minecraft:repeating_command_block,"{'conditional': 'false', 'facing': 'west'}","{conditionMet: 0b, auto: 0b, components: {}, powered: 0b, Command: """", id: ""minecraft:command_block"", SuccessCount: 0, TrackOutput: 1b, UpdateLastExecution: 1b}"
"(35, 13, 34)",minecraft:stone,{},
"(36, 13, 34)",minecraft:stone,{},
"(37, 13, 34)",minecraft:stone,{},
"(38, 13, 34)",minecraft:stone_bricks,{},
"(42, 13, 34)",minecraft:spruce_stairs,"{'facing': 'east', 'half': 'bottom', 'shape': 'straight', 'waterlogged': 'false'}",
"(43, 13, 34)",minecraft:oak_planks,{},
"(44, 13, 34)",minecraft:oak_planks,{},
"(45, 13, 34)",minecraft:oak_planks,{},
"(46, 13, 34)",minecraft:stripped_oak_wood,{'axis': 'x'},
"(47, 13, 34)",minecraft:oak_planks,{},
"(48, 13, 34)",minecraft:spruce_stairs,"{'facing': 'west', 'half': 'bottom', 'shape': 'straight', 'waterlogged': 'false'}",
"(17, 13, 35)",minecraft:oak_leaves,"{'distance': '7', 'persistent': 'true', 'waterlogged': 'false'}",
"(18, 13, 35)",minecraft:barrel,"{'facing': 'west', 'open': 'false'}","{components: {}, Items: [], id: ""minecraft:barrel""}"
"(25, 13, 35)",minecraft:potted_white_tulip,{},
"(26, 13, 35)",minecraft:spruce_trapdoor,"{'facing': 'south', 'half': 'top', 'open': 'true', 'powered': 'false', 'waterlogged': 'false'}",
"(27, 13, 35)",minecraft:stone_bricks,{},
"(28, 13, 35)",minecraft:repeating_command_block,"{'conditional': 'false', 'facing': 'east'}","{conditionMet: 0b, auto: 0b, components: {}, powered: 0b, Command: """", id: ""minecraft:command_block"", SuccessCount: 0, TrackOutput: 1b, UpdateLastExecution: 1b}"
"(31, 13, 35)",minecraft:potted_azure_bluet,{},
"(34, 13, 35)",minecraft:repeating_command_block,"{'conditional': 'false', 'facing': 'west'}","{conditionMet: 0b, auto: 0b, components: {}, powered: 0b, Command: """", id: ""minecraft:command_block"", SuccessCount: 0, TrackOutput: 1b, UpdateLastExecution: 1b}"
"(35, 13, 35)",minecraft:stone_bricks,{},
"(42, 13, 35)",minecraft:dark_oak_stairs,"{'facing': 'east', 'half': 'bottom', 'shape': 'straight', 'waterlogged': 'false'}",
"(43, 13, 35)",minecraft:dark_oak_stairs,"{'facing': 'west', 'half': 'top', 'shape': 'straight', 'waterlogged': 'false'}",
"(47, 13, 35)",minecraft:dark_oak_stairs,"{'facing': 'east', 'half': 'top', 'shape': 'straight', 'waterlogged': 'false'}",
"(48, 13, 35)",minecraft:dark_oak_stairs,"{'facing': 'west', 'half': 'bottom', 'shape': 'straight', 'waterlogged': 'false'}",
"(17, 13, 36)",minecraft:iron_chain,"{'axis': 'y', 'waterlogged': 'false'}",
"(18, 13, 36)",minecraft:oak_trapdoor,"{'facing': 'south', 'half': 'bottom', 'open': 'false', 'powered': 'false', 'waterlogged': 'false'}",
"(27, 13, 36)",minecraft:stone,{},
"(28, 13, 36)",minecraft:stone,{},
"(34, 13, 36)",minecraft:stone_bricks,{},
"(35, 13, 36)",minecraft:stone_bricks,{},
"(28, 13, 37)",minecraft:oak_planks,{},
"(34, 13, 37)",minecraft:oak_planks,{},
"(28, 13, 38)",minecraft:oak_log,{'axis': 'y'},
"(29, 13, 38)",minecraft:gray_stained_glass_pane,"{'east': 'true', 'north': 'false', 'south': 'false', 'waterlogged': 'false', 'west': 'true'}",
"(30, 13, 38)",minecraft:oak_log,{'axis': 'y'},
"(31, 13, 38)",minecraft:gray_stained_glass_pane,"{'east': 'true', 'north': 'false', 'south': 'false', 'waterlogged': 'false', 'west': 'true'}",
"(32, 13, 38)",minecraft:stripped_spruce_log,{'axis': 'y'},
"(33, 13, 38)",minecraft:gray_stained_glass_pane,"{'east': 'true', 'north': 'false', 'south': 'false', 'waterlogged': 'false', 'west': 'true'}",
"(34, 13, 38)",minecraft:oak_log,{'axis': 'y'},
"(29, 13, 39)",minecraft:poppy,{},
"(31, 13, 39)",minecraft:acacia_leaves,"{'distance': '2', 'persistent': 'true', 'waterlogged': 'false'}",
"(33, 13, 39)",minecraft:acacia_leaves,"{'distance': '7', 'persistent': 'true', 'waterlogged': 'false'}",
"(14, 14, 0)",minecraft:dark_oak_stairs,"{'facing': 'south', 'half': 'top', 'shape': 'straight', 'waterlogged': 'false'}",
"(41, 14, 0)",minecraft:dark_oak_stairs,"{'facing': 'south', 'half': 'top', 'shape': 'straight', 'waterlogged': 'false'}",
"(14, 14, 1)",minecraft:dark_oak_stairs,"{'facing': 'north', 'half': 'bottom', 'shape': 'straight', 'waterlogged': 'false'}",
"(41, 14, 1)",minecraft:dark_oak_stairs,"{'facing': 'north', 'half': 'bottom', 'shape': 'straight', 'waterlogged': 'false'}",
"(14, 14, 2)",minecraft:dark_oak_slab,"{'type': 'bottom', 'waterlogged': 'false'}",
"(41, 14, 2)",minecraft:dark_oak_slab,"{'type': 'bottom', 'waterlogged': 'false'}",
"(11, 14, 3)",minecraft:spruce_trapdoor,"{'facing': 'north', 'half': 'bottom', 'open': 'true', 'powered': 'false', 'waterlogged': 'false'}",
"(14, 14, 3)",minecraft:dark_oak_slab,"{'type': 'bottom', 'waterlogged': 'false'}",
"(21, 14, 3)",minecraft:stone_bricks,{},
"(22, 14, 3)",minecraft:stone,{},
"(23, 14, 3)",minecraft:stone,{},
"(24, 14, 3)",minecraft:dark_oak_slab,"{'type': 'bottom', 'waterlogged': 'false'}",
"(25, 14, 3)",minecraft:spruce_slab,"{'type': 'bottom', 'waterlogged': 'false'}",
"(26, 14, 3)",minecraft:spruce_slab,"{'type': 'bottom', 'waterlogged': 'false'}",
"(27, 14, 3)",minecraft:spruce_slab,"{'type': 'bottom', 'waterlogged': 'false'}",
"(28, 14, 3)",minecraft:spruce_slab,"{'type': 'bottom', 'waterlogged': 'false'}",
"(29, 14, 3)",minecraft:spruce_slab,"{'type': 'bottom', 'waterlogged': 'false'}",
"(30, 14, 3)",minecraft:spruce_slab,"{'type': 'bottom', 'waterlogged': 'false'}",
"(31, 14, 3)",minecraft:spruce_slab,"{'type': 'bottom', 'waterlogged': 'false'}",
"(32, 14, 3)",minecraft:dark_oak_slab,"{'type': 'bottom', 'waterlogged': 'false'}",
"(33, 14, 3)",minecraft:stone,{},
"(34, 14, 3)",minecraft:stone,{},
"(35, 14, 3)",minecraft:stone_bricks,{},
"(41, 14, 3)",minecraft:dark_oak_slab,"{'type': 'bottom', 'waterlogged': 'false'}",
"(10, 14, 4)",minecraft:spruce_trapdoor,"{'facing': 'west', 'half': 'bottom', 'open': 'true', 'powered': 'false', 'waterlogged': 'false'}",
"(11, 14, 4)",minecraft:campfire,"{'facing': 'south', 'lit': 'true', 'signal_fire': 'false', 'waterlogged': 'false'}","{components: {}, Items: [], CookingTimes: [I; 0, 0, 0, 0], CookingTotalTimes: [I; 0, 0, 0, 0], id: ""minecraft:campfire""}"
"(12, 14, 4)",minecraft:spruce_trapdoor,"{'facing': 'east', 'half': 'bottom', 'open': 'true', 'powered': 'false', 'waterlogged': 'false'}",
"(14, 14, 4)",minecraft:dark_oak_slab,"{'type': 'bottom', 'waterlogged': 'false'}",
"(20, 14, 4)",minecraft:andesite,{},
"(24, 14, 4)",minecraft:andesite,{},
"(25, 14, 4)",minecraft:spruce_slab,"{'type': 'top', 'waterlogged': 'false'}",
"(26, 14, 4)",minecraft:spruce_slab,"{'type': 'top', 'waterlogged': 'false'}",
"(27, 14, 4)",minecraft:spruce_slab,"{'type': 'top', 'waterlogged': 'false'}",
"(28, 14, 4)",minecraft:spruce_slab,"{'type': 'top', 'waterlogged': 'false'}",
"(29, 14, 4)",minecraft:spruce_slab,"{'type': 'top', 'waterlogged': 'false'}",
"(30, 14, 4)",minecraft:spruce_slab,"{'type': 'top', 'waterlogged': 'false'}",
"(31, 14, 4)",minecraft:spruce_slab,"{'type': 'top', 'waterlogged': 'false'}",
"(32, 14, 4)",minecraft:andesite,{},
"(36, 14, 4)",minecraft:stone,{},
"(41, 14, 4)",minecraft:dark_oak_slab,"{'type': 'bottom', 'waterlogged': 'false'}",
"(11, 14, 5)",minecraft:spruce_trapdoor,"{'facing': 'south', 'half': 'bottom', 'open': 'true', 'powered': 'false', 'waterlogged': 'false'}",
"(14, 14, 5)",minecraft:dark_oak_slab,"{'type': 'bottom', 'waterlogged': 'false'}",
"(20, 14, 5)",minecraft:stone_bricks,{},
"(24, 14, 5)",minecraft:stone_bricks,{},
"(28, 14, 5)",minecraft:lantern,"{'hanging': 'true', 'waterlogged': 'false'}",
"(32, 14, 5)",minecraft:stone_bricks,{},
"(34, 14, 5)",minecraft:lantern,"{'hanging': 'true', 'waterlogged': 'false'}",
"(36, 14, 5)",minecraft:stone_bricks,{},
"(41, 14, 5)",minecraft:dark_oak_slab,"{'type': 'bottom', 'waterlogged': 'false'}",
"(14, 14, 6)",minecraft:dark_oak_slab,"{'type': 'bottom', 'waterlogged': 'false'}",
"(20, 14, 6)",minecraft:stone_bricks,{},
"(24, 14, 6)",minecraft:stone,{},
"(25, 14, 6)",minecraft:spruce_slab,"{'type': 'top', 'waterlogged': 'false'}",
"(26, 14, 6)",minecraft:spruce_slab,"{'type': 'top', 'waterlogged': 'false'}",
"(27, 14, 6)",minecraft:spruce_slab,"{'type': 'top', 'waterlogged': 'false'}",
"(28, 14, 6)",minecraft:spruce_slab,"{'type': 'top', 'waterlogged': 'false'}",
"(29, 14, 6)",minecraft:spruce_slab,"{'type': 'top', 'waterlogged': 'false'}",
"(30, 14, 6)",minecraft:spruce_slab,"{'type': 'top', 'waterlogged': 'false'}",
"(31, 14, 6)",minecraft:spruce_slab,"{'type': 'top', 'waterlogged': 'false'}",
"(32, 14, 6)",minecraft:andesite,{},
"(36, 14, 6)",minecraft:andesite,{},
"(41, 14, 6)",minecraft:dark_oak_slab,"{'type': 'bottom', 'waterlogged': 'false'}",
"(45, 14, 6)",minecraft:spruce_slab,"{'type': 'top', 'waterlogged': 'false'}",
"(14, 14, 7)",minecraft:dark_oak_slab,"{'type': 'bottom', 'waterlogged': 'false'}",
"(21, 14, 7)",minecraft:stone,{},
"(22, 14, 7)",minecraft:stone,{},
"(23, 14, 7)",minecraft:andesite,{},
"(24, 14, 7)",minecraft:dark_oak_slab,"{'type': 'bottom', 'waterlogged': 'false'}",
"(25, 14, 7)",minecraft:spruce_slab,"{'type': 'bottom', 'waterlogged': 'false'}",
"(26, 14, 7)",minecraft:spruce_slab,"{'type': 'bottom', 'waterlogged': 'false'}",
"(27, 14, 7)",minecraft:spruce_slab,"{'type': 'bottom', 'waterlogged': 'false'}",
"(28, 14, 7)",minecraft:spruce_slab,"{'type': 'bottom', 'waterlogged': 'false'}",
"(29, 14, 7)",minecraft:spruce_slab,"{'type': 'bottom', 'waterlogged': 'false'}",
"(30, 14, 7)",minecraft:spruce_slab,"{'type': 'bottom', 'waterlogged': 'false'}",
"(31, 14, 7)",minecraft:spruce_slab,"{'type': 'bottom', 'waterlogged': 'false'}",
"(32, 14, 7)",minecraft:dark_oak_planks,{},
"(33, 14, 7)",minecraft:stone_bricks,{},
"(34, 14, 7)",minecraft:stone_bricks,{},
"(35, 14, 7)",minecraft:stone,{},
"(36, 14, 7)",minecraft:spruce_planks,{},
"(37, 14, 7)",minecraft:spruce_planks,{},
"(38, 14, 7)",minecraft:spruce_planks,{},
"(39, 14, 7)",minecraft:spruce_planks,{},
"(40, 14, 7)",minecraft:spruce_planks,{},
"(41, 14, 7)",minecraft:spruce_planks,{},
"(42, 14, 7)",minecraft:spruce_planks,{},
"(43, 14, 7)",minecraft:spruce_planks,{},
"(44, 14, 7)",minecraft:stone,{},
"(45, 14, 7)",minecraft:stone,{},
"(46, 14, 7)",minecraft:stone_bricks,{},
"(6, 14, 8)",minecraft:dark_oak_stairs,"{'facing': 'east', 'half': 'top', 'shape': 'straight', 'waterlogged': 'false'}",
"(7, 14, 8)",minecraft:dark_oak_stairs,"{'facing': 'west', 'half': 'bottom', 'shape': 'straight', 'waterlogged': 'false'}",
"(8, 14, 8)",minecraft:dark_oak_slab,"{'type': 'bottom', 'waterlogged': 'false'}",
"(9, 14, 8)",minecraft:dark_oak_slab,"{'type': 'bottom', 'waterlogged': 'false'}",
"(10, 14, 8)",minecraft:dark_oak_slab,"{'type': 'bottom', 'waterlogged': 'false'}",
"(11, 14, 8)",minecraft:dark_oak_slab,"{'type': 'bottom', 'waterlogged': 'false'}",
"(12, 14, 8)",minecraft:dark_oak_slab,"{'type': 'bottom', 'waterlogged': 'false'}",
"(13, 14, 8)",minecraft:dark_oak_slab,"{'type': 'bottom', 'waterlogged': 'false'}",
"(14, 14, 8)",minecraft:dark_oak_slab,"{'type': 'bottom', 'waterlogged': 'false'}",
"(15, 14, 8)",minecraft:dark_oak_slab,"{'type': 'bottom', 'waterlogged': 'false'}",
"(16, 14, 8)",minecraft:dark_oak_slab,"{'type': 'bottom', 'waterlogged': 'false'}",
"(17, 14, 8)",minecraft:dark_oak_slab,"{'type': 'bottom', 'waterlogged': 'false'}",
"(18, 14, 8)",minecraft:dark_oak_stairs,"{'facing': 'east', 'half': 'bottom', 'shape': 'straight', 'waterlogged': 'false'}",
"(19, 14, 8)",minecraft:dark_oak_stairs,"{'facing': 'west', 'half': 'top', 'shape': 'straight', 'waterlogged': 'false'}",
"(20, 14, 8)",minecraft:spruce_fence,"{'east': 'false', 'north': 'false', 'south': 'true', 'waterlogged': 'false', 'west': 'false'}",
"(33, 14, 8)",minecraft:oak_planks,{},
"(44, 14, 8)",minecraft:stone,{},
"(46, 14, 8)",minecraft:stone_bricks,{},
"(47, 14, 8)",minecraft:spruce_slab,"{'type': 'top', 'waterlogged': 'false'}",
"(13, 14, 9)",minecraft:andesite,{},
"(14, 14, 9)",minecraft:andesite,{},
"(15, 14, 9)",minecraft:stone_bricks,{},
"(19, 14, 9)",minecraft:spruce_fence,"{'east': 'true', 'north': 'false', 'south': 'false', 'waterlogged': 'false', 'west': 'false'}",
"(20, 14, 9)",minecraft:spruce_fence,"{'east': 'false', 'north': 'true', 'south': 'false', 'waterlogged': 'false', 'west': 'true'}",
"(21, 14, 9)",minecraft:black_wall_banner,{'facing': 'east'},"{components: {}, id: ""minecraft:banner""}"
"(32, 14, 9)",minecraft:dark_oak_planks,{},
"(33, 14, 9)",minecraft:spruce_planks,{},
"(34, 14, 9)",minecraft:spruce_planks,{},
"(35, 14, 9)",minecraft:spruce_planks,{},
"(36, 14, 9)",minecraft:spruce_planks,{},
"(37, 14, 9)",minecraft:spruce_planks,{},
"(38, 14, 9)",minecraft:spruce_planks,{},
"(39, 14, 9)",minecraft:spruce_planks,{},
"(40, 14, 9)",minecraft:spruce_planks,{},
"(41, 14, 9)",minecraft:spruce_planks,{},
"(42, 14, 9)",minecraft:spruce_planks,{},
"(43, 14, 9)",minecraft:spruce_planks,{},
"(44, 14, 9)",minecraft:stone_bricks,{},
"(45, 14, 9)",minecraft:stone_bricks,{},
"(46, 14, 9)",minecraft:stone_bricks,{},
"(12, 14, 10)",minecraft:spruce_fence_gate,"{'facing': 'east', 'in_wall': 'false', 'open': 'true', 'powered': 'false'}",
"(13, 14, 10)",minecraft:spruce_fence,"{'east': 'false', 'north': 'true', 'south': 'true', 'waterlogged': 'false', 'west': 'false'}",
"(15, 14, 10)",minecraft:stone_bricks,{},
"(20, 14, 10)",minecraft:black_wall_banner,{'facing': 'south'},"{components: {}, id: ""minecraft:banner""}"
"(45, 14, 10)",minecraft:spruce_slab,"{'type': 'top', 'waterlogged': 'false'}",
"(12, 14, 11)",minecraft:spruce_trapdoor,"{'facing': 'west', 'half': 'bottom', 'open': 'true', 'powered': 'false', 'waterlogged': 'false'}",
"(13, 14, 11)",minecraft:andesite,{},
"(14, 14, 11)",minecraft:spruce_fence,"{'east': 'true', 'north': 'false', 'south': 'false', 'waterlogged': 'false', 'west': 'true'}",
"(15, 14, 11)",minecraft:stone_bricks,{},
"(17, 14, 11)",minecraft:spruce_fence,"{'east': 'false', 'north': 'false', 'south': 'true', 'waterlogged': 'false', 'west': 'false'}",
"(14, 14, 12)",minecraft:spruce_fence_gate,"{'facing': 'north', 'in_wall': 'false', 'open': 'true', 'powered': 'false'}",
"(15, 14, 12)",minecraft:spruce_trapdoor,"{'facing': 'south', 'half': 'bottom', 'open': 'true', 'powered': 'false', 'waterlogged': 'false'}",
"(17, 14, 12)",minecraft:spruce_fence,"{'east': 'false', 'north': 'true', 'south': 'false', 'waterlogged': 'false', 'west': 'false'}",
"(18, 14, 12)",minecraft:black_wall_banner,{'facing': 'east'},"{components: {}, id: ""minecraft:banner""}"
"(17, 14, 13)",minecraft:black_wall_banner,{'facing': 'south'},"{components: {}, id: ""minecraft:banner""}"
"(43, 14, 15)",minecraft:dark_oak_planks,{},
"(47, 14, 15)",minecraft:dark_oak_planks,{},
"(43, 14, 16)",minecraft:spruce_planks,{},
"(44, 14, 16)",minecraft:oak_planks,{},
"(45, 14, 16)",minecraft:oak_planks,{},
"(46, 14, 16)",minecraft:stripped_oak_wood,{'axis': 'x'},
"(47, 14, 16)",minecraft:spruce_planks,{},
"(10, 14, 17)",minecraft:dark_oak_planks,{},
"(12, 14, 17)",minecraft:dark_oak_planks,{},
"(43, 14, 17)",minecraft:spruce_planks,{},
"(45, 14, 17)",minecraft:iron_chain,"{'axis': 'y', 'waterlogged': 'false'}",
"(46, 14, 17)",minecraft:potted_allium,{},
"(47, 14, 17)",minecraft:spruce_planks,{},
"(48, 14, 17)",minecraft:spruce_stairs,"{'facing': 'south', 'half': 'bottom', 'shape': 'straight', 'waterlogged': 'false'}",
"(49, 14, 17)",minecraft:spruce_stairs,"{'facing': 'south', 'half': 'bottom', 'shape': 'straight', 'waterlogged': 'false'}",
"(50, 14, 17)",minecraft:dark_oak_stairs,"{'facing': 'south', 'half': 'bottom', 'shape': 'straight', 'waterlogged': 'false'}",
"(10, 14, 18)",minecraft:spruce_planks,{},
"(11, 14, 18)",minecraft:oak_planks,{},
"(12, 14, 18)",minecraft:spruce_planks,{},
"(43, 14, 18)",minecraft:spruce_planks,{},
"(47, 14, 18)",minecraft:spruce_planks,{},
"(48, 14, 18)",minecraft:spruce_planks,{},
"(49, 14, 18)",minecraft:stripped_oak_wood,{'axis': 'z'},
"(50, 14, 18)",minecraft:dark_oak_stairs,"{'facing': 'west', 'half': 'top', 'shape': 'straight', 'waterlogged': 'false'}",
"(10, 14, 19)",minecraft:spruce_planks,{},
"(12, 14, 19)",minecraft:spruce_planks,{},
"(43, 14, 19)",minecraft:spruce_planks,{},
"(47, 14, 19)",minecraft:spruce_planks,{},
"(48, 14, 19)",minecraft:spruce_stairs,"{'facing': 'north', 'half': 'bottom', 'shape': 'straight', 'waterlogged': 'false'}",
"(49, 14, 19)",minecraft:spruce_stairs,"{'facing': 'north', 'half': 'bottom', 'shape': 'straight', 'waterlogged': 'false'}",
"(50, 14, 19)",minecraft:dark_oak_stairs,"{'facing': 'north', 'half': 'bottom', 'shape': 'straight', 'waterlogged': 'false'}",
"(10, 14, 20)",minecraft:spruce_planks,{},
"(12, 14, 20)",minecraft:spruce_planks,{},
"(43, 14, 20)",minecraft:spruce_planks,{},
"(47, 14, 20)",minecraft:spruce_planks,{},
"(10, 14, 21)",minecraft:spruce_planks,{},
"(12, 14, 21)",minecraft:spruce_planks,{},
"(43, 14, 21)",minecraft:spruce_planks,{},
"(47, 14, 21)",minecraft:spruce_planks,{},
"(48, 14, 21)",minecraft:spruce_stairs,"{'facing': 'south', 'half': 'bottom', 'shape': 'straight', 'waterlogged': 'false'}",
"(49, 14, 21)",minecraft:spruce_stairs,"{'facing': 'south', 'half': 'bottom', 'shape': 'straight', 'waterlogged': 'false'}",
"(50, 14, 21)",minecraft:dark_oak_stairs,"{'facing': 'south', 'half': 'bottom', 'shape': 'straight', 'waterlogged': 'false'}",
"(10, 14, 22)",minecraft:spruce_planks,{},
"(12, 14, 22)",minecraft:spruce_planks,{},
"(13, 14, 22)",minecraft:stone,{},
"(14, 14, 22)",minecraft:stone,{},
"(16, 14, 22)",minecraft:spruce_trapdoor,"{'facing': 'north', 'half': 'top', 'open': 'true', 'powered': 'false', 'waterlogged': 'false'}",
"(20, 14, 22)",minecraft:spruce_trapdoor,"{'facing': 'north', 'half': 'top', 'open': 'true', 'powered': 'false', 'waterlogged': 'false'}",
"(22, 14, 22)",minecraft:stone_bricks,{},
"(23, 14, 22)",minecraft:stone_bricks,{},
"(33, 14, 22)",minecraft:acacia_leaves,"{'distance': '7', 'persistent': 'true', 'waterlogged': 'false'}",
"(43, 14, 22)",minecraft:spruce_planks,{},
"(47, 14, 22)",minecraft:spruce_planks,{},
"(48, 14, 22)",minecraft:dark_oak_slab,"{'type': 'double', 'waterlogged': 'false'}",
"(49, 14, 22)",minecraft:oak_planks,{},
"(50, 14, 22)",minecraft:dark_oak_stairs,"{'facing': 'west', 'half': 'top', 'shape': 'straight', 'waterlogged': 'false'}",
"(3, 14, 23)",minecraft:dark_oak_planks,{},
"(4, 14, 23)",minecraft:spruce_planks,{},
"(5, 14, 23)",minecraft:spruce_planks,{},
"(6, 14, 23)",minecraft:spruce_planks,{},
"(7, 14, 23)",minecraft:spruce_planks,{},
"(8, 14, 23)",minecraft:spruce_planks,{},
"(9, 14, 23)",minecraft:spruce_planks,{},
"(10, 14, 23)",minecraft:spruce_planks,{},
"(11, 14, 23)",minecraft:white_stained_glass_pane,"{'east': 'true', 'north': 'false', 'south': 'false', 'waterlogged': 'false', 'west': 'true'}",
"(12, 14, 23)",minecraft:spruce_planks,{},
"(13, 14, 23)",minecraft:stone_bricks,{},
"(14, 14, 23)",minecraft:stone,{},
"(15, 14, 23)",minecraft:stone,{},
"(16, 14, 23)",minecraft:stone_bricks,{},
"(17, 14, 23)",minecraft:gray_stained_glass_pane,"{'east': 'true', 'north': 'false', 'south': 'false', 'waterlogged': 'false', 'west': 'true'}",
"(18, 14, 23)",minecraft:stone_bricks,{},
"(19, 14, 23)",minecraft:gray_stained_glass_pane,"{'east': 'true', 'north': 'false', 'south': 'false', 'waterlogged': 'false', 'west': 'true'}",
"(20, 14, 23)",minecraft:stone_bricks,{},
"(21, 14, 23)",minecraft:stone,{},
"(22, 14, 23)",minecraft:stone_bricks,{},
"(23, 14, 23)",minecraft:stone,{},
"(29, 14, 23)",minecraft:iron_chain,"{'axis': 'y', 'waterlogged': 'false'}",
"(31, 14, 23)",minecraft:acacia_leaves,"{'distance': '7', 'persistent': 'true', 'waterlogged': 'false'}",
"(33, 14, 23)",minecraft:iron_chain,"{'axis': 'y', 'waterlogged': 'false'}",
"(43, 14, 23)",minecraft:spruce_planks,{},
"(47, 14, 23)",minecraft:spruce_planks,{},
"(48, 14, 23)",minecraft:spruce_stairs,"{'facing': 'north', 'half': 'bottom', 'shape': 'straight', 'waterlogged': 'false'}",
"(49, 14, 23)",minecraft:spruce_stairs,"{'facing': 'north', 'half': 'bottom', 'shape': 'straight', 'waterlogged': 'false'}",
"(50, 14, 23)",minecraft:dark_oak_stairs,"{'facing': 'north', 'half': 'bottom', 'shape': 'straight', 'waterlogged': 'false'}",
"(4, 14, 24)",minecraft:oak_planks,{},
"(10, 14, 24)",minecraft:white_stained_glass_pane,"{'east': 'false', 'north': 'true', 'south': 'true', 'waterlogged': 'false', 'west': 'false'}",
"(11, 14, 24)",minecraft:iron_chain,"{'axis': 'y', 'waterlogged': 'false'}",
"(12, 14, 24)",minecraft:spruce_planks,{},
"(13, 14, 24)",minecraft:acacia_leaves,"{'distance': '7', 'persistent': 'true', 'waterlogged': 'false'}",
"(14, 14, 24)",minecraft:stone_bricks,{},
"(15, 14, 24)",minecraft:lantern,"{'hanging': 'false', 'waterlogged': 'false'}",
"(21, 14, 24)",minecraft:flowering_azalea_leaves,"{'distance': '7', 'persistent': 'true', 'waterlogged': 'false'}",
"(22, 14, 24)",minecraft:stone_bricks,{},
"(27, 14, 24)",minecraft:andesite,{},
"(28, 14, 24)",minecraft:stone,{},
"(31, 14, 24)",minecraft:stone_bricks,{},
"(34, 14, 24)",minecraft:stone,{},
"(35, 14, 24)",minecraft:stone,{},
"(43, 14, 24)",minecraft:spruce_planks,{},
"(47, 14, 24)",minecraft:spruce_planks,{},
"(3, 14, 25)",minecraft:dark_oak_planks,{},
"(4, 14, 25)",minecraft:spruce_planks,{},
"(5, 14, 25)",minecraft:spruce_planks,{},
"(6, 14, 25)",minecraft:spruce_planks,{},
"(7, 14, 25)",minecraft:spruce_planks,{},
"(8, 14, 25)",minecraft:spruce_planks,{},
"(9, 14, 25)",minecraft:spruce_planks,{},
"(10, 14, 25)",minecraft:spruce_planks,{},
"(11, 14, 25)",minecraft:white_stained_glass_pane,"{'east': 'true', 'north': 'false', 'south': 'false', 'waterlogged': 'false', 'west': 'true'}",
"(12, 14, 25)",minecraft:spruce_planks,{},
"(13, 14, 25)",minecraft:acacia_leaves,"{'distance': '7', 'persistent': 'true', 'waterlogged': 'false'}",
"(14, 14, 25)",minecraft:andesite,{},
"(15, 14, 25)",minecraft:potted_orange_tulip,{},
"(21, 14, 25)",minecraft:repeating_command_block,"{'conditional': 'false', 'facing': 'west'}","{conditionMet: 0b, auto: 0b, components: {}, powered: 0b, Command: """", id: ""minecraft:command_block"", SuccessCount: 0, TrackOutput: 1b, UpdateLastExecution: 1b}"
"(22, 14, 25)",minecraft:andesite,{},
"(24, 14, 25)",minecraft:spruce_trapdoor,"{'facing': 'north', 'half': 'bottom', 'open': 'true', 'powered': 'false', 'waterlogged': 'false'}",
"(25, 14, 25)",minecraft:spruce_fence_gate,"{'facing': 'south', 'in_wall': 'false', 'open': 'true', 'powered': 'false'}",
"(27, 14, 25)",minecraft:andesite,{},
"(28, 14, 25)",minecraft:stone_bricks,{},
"(29, 14, 25)",minecraft:gray_stained_glass,{},
"(30, 14, 25)",minecraft:gray_stained_glass,{},
"(31, 14, 25)",minecraft:stone,{},
"(32, 14, 25)",minecraft:gray_stained_glass,{},
"(33, 14, 25)",minecraft:gray_stained_glass,{},
"(34, 14, 25)",minecraft:stone_bricks,{},
"(35, 14, 25)",minecraft:stone_bricks,{},
"(43, 14, 25)",minecraft:spruce_planks,{},
"(47, 14, 25)",minecraft:spruce_planks,{},
"(4, 14, 26)",minecraft:acacia_leaves,"{'distance': '7', 'persistent': 'true', 'waterlogged': 'false'}",
"(10, 14, 26)",minecraft:spruce_planks,{},
"(12, 14, 26)",minecraft:spruce_planks,{},
"(14, 14, 26)",minecraft:andesite,{},
"(15, 14, 26)",minecraft:repeating_command_block,"{'conditional': 'false', 'facing': 'east'}","{conditionMet: 0b, auto: 0b, components: {}, powered: 0b, Command: """", id: ""minecraft:command_block"", SuccessCount: 0, TrackOutput: 1b, UpdateLastExecution: 1b}"
"(22, 14, 26)",minecraft:stone_bricks,{},
"(23, 14, 26)",minecraft:stone_bricks,{},
"(24, 14, 26)",minecraft:stone,{},
"(25, 14, 26)",minecraft:gray_stained_glass_pane,"{'east': 'true', 'north': 'false', 'south': 'false', 'waterlogged': 'false', 'west': 'true'}",
"(26, 14, 26)",minecraft:stone,{},
"(27, 14, 26)",minecraft:stone,{},
"(28, 14, 26)",minecraft:stone_bricks,{},
"(31, 14, 26)",minecraft:stone_bricks,{},
"(34, 14, 26)",minecraft:stone_bricks,{},
"(35, 14, 26)",minecraft:stone,{},
"(36, 14, 26)",minecraft:stone_bricks,{},
"(37, 14, 26)",minecraft:stone_bricks,{},
"(38, 14, 26)",minecraft:stone_bricks,{},
"(39, 14, 26)",minecraft:spruce_planks,{},
"(40, 14, 26)",minecraft:spruce_planks,{},
"(41, 14, 26)",minecraft:spruce_planks,{},
"(42, 14, 26)",minecraft:spruce_planks,{},
"(43, 14, 26)",minecraft:spruce_planks,{},
"(47, 14, 26)",minecraft:spruce_planks,{},
"(48, 14, 26)",minecraft:spruce_planks,{},
"(49, 14, 26)",minecraft:spruce_planks,{},
"(50, 14, 26)",minecraft:spruce_planks,{},
"(51, 14, 26)",minecraft:spruce_planks,{},
"(52, 14, 26)",minecraft:dark_oak_planks,{},
"(10, 14, 27)",minecraft:spruce_planks,{},
"(12, 14, 27)",minecraft:spruce_planks,{},
"(13, 14, 27)",minecraft:acacia_leaves,"{'distance': '7', 'persistent': 'true', 'waterlogged': 'false'}",
"(14, 14, 27)",minecraft:andesite,{},
"(21, 14, 27)",minecraft:ladder,"{'facing': 'west', 'waterlogged': 'false'}",
"(22, 14, 27)",minecraft:andesite,{},
"(23, 14, 27)",minecraft:stone,{},
"(27, 14, 27)",minecraft:stone,{},
"(36, 14, 27)",minecraft:stripped_spruce_wood,{'axis': 'y'},
"(37, 14, 27)",minecraft:stripped_spruce_wood,{'axis': 'y'},
"(38, 14, 27)",minecraft:stone,{},
"(45, 14, 27)",minecraft:spruce_fence,"{'east': 'false', 'north': 'false', 'south': 'true', 'waterlogged': 'false', 'west': 'false'}",
"(51, 14, 27)",minecraft:oak_planks,{},
"(10, 14, 28)",minecraft:spruce_planks,{},
"(12, 14, 28)",minecraft:spruce_planks,{},
"(14, 14, 28)",minecraft:andesite,{},
"(22, 14, 28)",minecraft:stone,{},
"(23, 14, 28)",minecraft:andesite,{},
"(25, 14, 28)",minecraft:stripped_spruce_log,{'axis': 'y'},
"(27, 14, 28)",minecraft:stone_bricks,{},
"(37, 14, 28)",minecraft:chest,"{'facing': 'west', 'type': 'right', 'waterlogged': 'false'}","{components: {}, Items: [], id: ""minecraft:chest""}"
"(38, 14, 28)",minecraft:andesite,{},
"(44, 14, 28)",minecraft:spruce_fence,"{'east': 'true', 'north': 'false', 'south': 'false', 'waterlogged': 'false', 'west': 'false'}",
"(45, 14, 28)",minecraft:spruce_fence,"{'east': 'true', 'north': 'true', 'south': 'true', 'waterlogged': 'false', 'west': 'true'}",
"(46, 14, 28)",minecraft:spruce_fence,"{'east': 'false', 'north': 'false', 'south': 'false', 'waterlogged': 'false', 'west': 'true'}",
"(51, 14, 28)",minecraft:oak_planks,{},
"(10, 14, 29)",minecraft:spruce_planks,{},
"(11, 14, 29)",minecraft:stripped_oak_wood,{'axis': 'x'},
"(12, 14, 29)",minecraft:spruce_planks,{},
"(14, 14, 29)",minecraft:andesite,{},
"(21, 14, 29)",minecraft:end_rod,{'facing': 'up'},
"(22, 14, 29)",minecraft:stone_bricks,{},
"(23, 14, 29)",minecraft:stone,{},
"(27, 14, 29)",minecraft:andesite,{},
"(37, 14, 29)",minecraft:chest,"{'facing': 'west', 'type': 'left', 'waterlogged': 'false'}","{components: {}, Items: [], id: ""minecraft:chest""}"
"(38, 14, 29)",minecraft:stone,{},
"(45, 14, 29)",minecraft:spruce_fence,"{'east': 'false', 'north': 'true', 'south': 'false', 'waterlogged': 'false', 'west': 'false'}",
"(51, 14, 29)",minecraft:stripped_oak_wood,{'axis': 'z'},
"(10, 14, 30)",minecraft:dark_oak_planks,{},
"(12, 14, 30)",minecraft:dark_oak_planks,{},
"(14, 14, 30)",minecraft:stone_bricks,{},
"(22, 14, 30)",minecraft:andesite,{},
"(23, 14, 30)",minecraft:stone_bricks,{},
"(27, 14, 30)",minecraft:stone,{},
"(35, 14, 30)",minecraft:ladder,"{'facing': 'west', 'waterlogged': 'false'}",
"(36, 14, 30)",minecraft:stripped_spruce_wood,{'axis': 'y'},
"(37, 14, 30)",minecraft:stripped_spruce_wood,{'axis': 'y'},
"(38, 14, 30)",minecraft:stone,{},
"(39, 14, 30)",minecraft:spruce_planks,{},
"(40, 14, 30)",minecraft:spruce_planks,{},
"(41, 14, 30)",minecraft:spruce_planks,{},
"(42, 14, 30)",minecraft:spruce_planks,{},
"(43, 14, 30)",minecraft:spruce_planks,{},
"(47, 14, 30)",minecraft:spruce_planks,{},
"(48, 14, 30)",minecraft:spruce_planks,{},
"(49, 14, 30)",minecraft:spruce_planks,{},
"(50, 14, 30)",minecraft:spruce_planks,{},
"(51, 14, 30)",minecraft:spruce_planks,{},
"(52, 14, 30)",minecraft:dark_oak_planks,{},
"(13, 14, 31)",minecraft:stone_bricks,{},
"(14, 14, 31)",minecraft:stone,{},
"(15, 14, 31)",minecraft:stone_bricks,{},
"(16, 14, 31)",minecraft:stone,{},
"(17, 14, 31)",minecraft:andesite,{},
"(18, 14, 31)",minecraft:stone,{},
"(19, 14, 31)",minecraft:stone_bricks,{},
"(20, 14, 31)",minecraft:andesite,{},
"(21, 14, 31)",minecraft:stone,{},
"(22, 14, 31)",minecraft:andesite,{},
"(23, 14, 31)",minecraft:stone_bricks,{},
"(27, 14, 31)",minecraft:stone,{},
"(37, 14, 31)",minecraft:chest,"{'facing': 'west', 'type': 'right', 'waterlogged': 'false'}","{components: {}, Items: [], id: ""minecraft:chest""}"
"(38, 14, 31)",minecraft:andesite,{},
"(43, 14, 31)",minecraft:spruce_planks,{},
"(47, 14, 31)",minecraft:spruce_planks,{},
"(13, 14, 32)",minecraft:stone_bricks,{},
"(14, 14, 32)",minecraft:stone,{},
"(17, 14, 32)",minecraft:spruce_stairs,"{'facing': 'north', 'half': 'top', 'shape': 'straight', 'waterlogged': 'false'}",
"(20, 14, 32)",minecraft:stone_bricks,{},
"(22, 14, 32)",minecraft:stone,{},
"(23, 14, 32)",minecraft:stone,{},
"(27, 14, 32)",minecraft:andesite_stairs,"{'facing': 'north', 'half': 'top', 'shape': 'straight', 'waterlogged': 'false'}",
"(37, 14, 32)",minecraft:chest,"{'facing': 'west', 'type': 'left', 'waterlogged': 'false'}","{components: {}, Items: [], id: ""minecraft:chest""}"
"(38, 14, 32)",minecraft:stone_bricks,{},
"(43, 14, 32)",minecraft:spruce_planks,{},
"(47, 14, 32)",minecraft:spruce_planks,{},
"(49, 14, 32)",minecraft:granite_stairs,"{'facing': 'south', 'half': 'bottom', 'shape': 'straight', 'waterlogged': 'false'}",
"(20, 14, 33)",minecraft:stone,{},
"(23, 14, 33)",minecraft:andesite,{},
"(27, 14, 33)",minecraft:stone_stairs,"{'facing': 'south', 'half': 'top', 'shape': 'straight', 'waterlogged': 'false'}",
"(35, 14, 33)",minecraft:repeating_command_block,"{'conditional': 'false', 'facing': 'west'}","{conditionMet: 0b, auto: 0b, components: {}, powered: 0b, Command: """", id: ""minecraft:command_block"", SuccessCount: 0, TrackOutput: 1b, UpdateLastExecution: 1b}"
"(36, 14, 33)",minecraft:stripped_spruce_wood,{'axis': 'y'},
"(37, 14, 33)",minecraft:stripped_spruce_wood,{'axis': 'y'},
"(38, 14, 33)",minecraft:stone,{},
"(43, 14, 33)",minecraft:spruce_planks,{},
"(44, 14, 33)",minecraft:azalea_leaves,"{'distance': '7', 'persistent': 'true', 'waterlogged': 'false'}",
"(47, 14, 33)",minecraft:spruce_planks,{},
"(49, 14, 33)",minecraft:brick_stairs,"{'facing': 'north', 'half': 'top', 'shape': 'straight', 'waterlogged': 'false'}",
"(20, 14, 34)",minecraft:stone_bricks,{},
"(21, 14, 34)",minecraft:stone,{},
"(22, 14, 34)",minecraft:andesite,{},
"(23, 14, 34)",minecraft:andesite,{},
"(24, 14, 34)",minecraft:stone,{},
"(25, 14, 34)",minecraft:gray_stained_glass_pane,"{'east': 'true', 'north': 'false', 'south': 'false', 'waterlogged': 'false', 'west': 'true'}",
"(26, 14, 34)",minecraft:andesite,{},
"(27, 14, 34)",minecraft:stone_bricks,{},
"(34, 14, 34)",minecraft:repeating_command_block,"{'conditional': 'false', 'facing': 'west'}","{conditionMet: 0b, auto: 0b, components: {}, powered: 0b, Command: """", id: ""minecraft:command_block"", SuccessCount: 0, TrackOutput: 1b, UpdateLastExecution: 1b}"
"(35, 14, 34)",minecraft:stone_bricks,{},
"(36, 14, 34)",minecraft:andesite,{},
"(37, 14, 34)",minecraft:andesite,{},
"(38, 14, 34)",minecraft:andesite,{},
"(43, 14, 34)",minecraft:spruce_planks,{},
"(44, 14, 34)",minecraft:oak_planks,{},
"(45, 14, 34)",minecraft:stripped_oak_wood,{'axis': 'x'},
"(46, 14, 34)",minecraft:oak_planks,{},
"(47, 14, 34)",minecraft:spruce_planks,{},
"(25, 14, 35)",minecraft:spruce_fence_gate,"{'facing': 'north', 'in_wall': 'false', 'open': 'true', 'powered': 'false'}",
"(26, 14, 35)",minecraft:spruce_trapdoor,"{'facing': 'south', 'half': 'bottom', 'open': 'true', 'powered': 'false', 'waterlogged': 'false'}",
"(27, 14, 35)",minecraft:stone,{},
"(34, 14, 35)",minecraft:repeating_command_block,"{'conditional': 'false', 'facing': 'west'}","{conditionMet: 0b, auto: 0b, components: {}, powered: 0b, Command: """", id: ""minecraft:command_block"", SuccessCount: 0, TrackOutput: 1b, UpdateLastExecution: 1b}"
"(35, 14, 35)",minecraft:stone_bricks,{},
"(43, 14, 35)",minecraft:dark_oak_planks,{},
"(47, 14, 35)",minecraft:dark_oak_planks,{},
"(17, 14, 36)",minecraft:iron_chain,"{'axis': 'y', 'waterlogged': 'false'}",
"(27, 14, 36)",minecraft:stone_bricks,{},
"(28, 14, 36)",minecraft:andesite,{},
"(34, 14, 36)",minecraft:stone_bricks,{},
"(35, 14, 36)",minecraft:andesite,{},
"(28, 14, 37)",minecraft:oak_planks,{},
"(34, 14, 37)",minecraft:stripped_oak_wood,{'axis': 'z'},
"(28, 14, 38)",minecraft:stripped_spruce_log,{'axis': 'y'},
"(29, 14, 38)",minecraft:gray_stained_glass_pane,"{'east': 'true', 'north': 'false', 'south': 'false', 'waterlogged': 'false', 'west': 'true'}",
"(30, 14, 38)",minecraft:oak_log,{'axis': 'y'},
"(31, 14, 38)",minecraft:gray_stained_glass_pane,"{'east': 'true', 'north': 'false', 'south': 'false', 'waterlogged': 'false', 'west': 'true'}",
"(32, 14, 38)",minecraft:stripped_spruce_log,{'axis': 'y'},
"(33, 14, 38)",minecraft:gray_stained_glass_pane,"{'east': 'true', 'north': 'false', 'south': 'false', 'waterlogged': 'false', 'west': 'true'}",
"(34, 14, 38)",minecraft:stripped_spruce_log,{'axis': 'y'},
"(21, 15, 2)",minecraft:polished_andesite_stairs,"{'facing': 'south', 'half': 'top', 'shape': 'straight', 'waterlogged': 'false'}",
"(22, 15, 2)",minecraft:polished_andesite_slab,"{'type': 'top', 'waterlogged': 'false'}",
"(23, 15, 2)",minecraft:polished_andesite_stairs,"{'facing': 'south', 'half': 'top', 'shape': 'straight', 'waterlogged': 'false'}",
"(33, 15, 2)",minecraft:polished_andesite_stairs,"{'facing': 'south', 'half': 'top', 'shape': 'straight', 'waterlogged': 'false'}",
"(34, 15, 2)",minecraft:polished_andesite_slab,"{'type': 'top', 'waterlogged': 'false'}",
"(35, 15, 2)",minecraft:polished_andesite_stairs,"{'facing': 'south', 'half': 'top', 'shape': 'straight', 'waterlogged': 'false'}",
"(20, 15, 3)",minecraft:polished_andesite_slab,"{'type': 'top', 'waterlogged': 'false'}",
"(21, 15, 3)",minecraft:andesite,{},
"(22, 15, 3)",minecraft:stone_bricks,{},
"(23, 15, 3)",minecraft:stone_bricks,{},
"(24, 15, 3)",minecraft:polished_andesite_slab,"{'type': 'top', 'waterlogged': 'false'}",
"(32, 15, 3)",minecraft:polished_andesite_slab,"{'type': 'top', 'waterlogged': 'false'}",
"(33, 15, 3)",minecraft:stone_bricks,{},
"(34, 15, 3)",minecraft:stone_bricks,{},
"(35, 15, 3)",minecraft:stone,{},
"(36, 15, 3)",minecraft:polished_andesite_slab,"{'type': 'top', 'waterlogged': 'false'}",
"(11, 15, 4)",minecraft:brick_wall,"{'east': 'none', 'north': 'none', 'south': 'none', 'up': 'true', 'waterlogged': 'false', 'west': 'none'}",
"(19, 15, 4)",minecraft:polished_andesite_stairs,"{'facing': 'east', 'half': 'top', 'shape': 'straight', 'waterlogged': 'false'}",
"(20, 15, 4)",minecraft:stone_bricks,{},
"(21, 15, 4)",minecraft:spruce_slab,"{'type': 'top', 'waterlogged': 'false'}",
"(23, 15, 4)",minecraft:spruce_slab,"{'type': 'top', 'waterlogged': 'false'}",
"(24, 15, 4)",minecraft:stone_bricks,{},
"(25, 15, 4)",minecraft:polished_andesite_stairs,"{'facing': 'west', 'half': 'top', 'shape': 'straight', 'waterlogged': 'false'}",
"(31, 15, 4)",minecraft:polished_andesite_stairs,"{'facing': 'east', 'half': 'top', 'shape': 'straight', 'waterlogged': 'false'}",
"(32, 15, 4)",minecraft:andesite,{},
"(33, 15, 4)",minecraft:spruce_slab,"{'type': 'top', 'waterlogged': 'false'}",
"(35, 15, 4)",minecraft:spruce_slab,"{'type': 'top', 'waterlogged': 'false'}",
"(36, 15, 4)",minecraft:stone_bricks,{},
"(37, 15, 4)",minecraft:polished_andesite_stairs,"{'facing': 'west', 'half': 'top', 'shape': 'straight', 'waterlogged': 'false'}",
"(19, 15, 5)",minecraft:polished_andesite_slab,"{'type': 'top', 'waterlogged': 'false'}",
"(20, 15, 5)",minecraft:stone,{},
"(21, 15, 5)",minecraft:lantern,"{'hanging': 'true', 'waterlogged': 'false'}",
"(24, 15, 5)",minecraft:andesite,{},
"(25, 15, 5)",minecraft:dark_oak_planks,{},
"(26, 15, 5)",minecraft:dark_oak_stairs,"{'facing': 'west', 'half': 'bottom', 'shape': 'straight', 'waterlogged': 'false'}",
"(27, 15, 5)",minecraft:dark_oak_slab,"{'type': 'bottom', 'waterlogged': 'false'}",
"(28, 15, 5)",minecraft:dark_oak_slab,"{'type': 'bottom', 'waterlogged': 'false'}",
"(29, 15, 5)",minecraft:dark_oak_slab,"{'type': 'bottom', 'waterlogged': 'false'}",
"(30, 15, 5)",minecraft:dark_oak_stairs,"{'facing': 'east', 'half': 'bottom', 'shape': 'straight', 'waterlogged': 'false'}",
"(31, 15, 5)",minecraft:dark_oak_planks,{},
"(32, 15, 5)",minecraft:stone,{},
"(34, 15, 5)",minecraft:iron_chain,"{'axis': 'y', 'waterlogged': 'false'}",
"(36, 15, 5)",minecraft:stone_bricks,{},
"(37, 15, 5)",minecraft:polished_andesite_slab,"{'type': 'top', 'waterlogged': 'false'}",
"(19, 15, 6)",minecraft:polished_andesite_stairs,"{'facing': 'east', 'half': 'top', 'shape': 'straight', 'waterlogged': 'false'}",
"(20, 15, 6)",minecraft:stone_bricks,{},
"(21, 15, 6)",minecraft:spruce_slab,"{'type': 'top', 'waterlogged': 'false'}",
"(23, 15, 6)",minecraft:spruce_slab,"{'type': 'top', 'waterlogged': 'false'}",
"(24, 15, 6)",minecraft:stone_bricks,{},
"(25, 15, 6)",minecraft:polished_andesite_stairs,"{'facing': 'west', 'half': 'top', 'shape': 'straight', 'waterlogged': 'false'}",
"(31, 15, 6)",minecraft:polished_andesite_stairs,"{'facing': 'east', 'half': 'top', 'shape': 'straight', 'waterlogged': 'false'}",
"(32, 15, 6)",minecraft:stone,{},
"(33, 15, 6)",minecraft:spruce_slab,"{'type': 'top', 'waterlogged': 'false'}",
"(35, 15, 6)",minecraft:spruce_slab,"{'type': 'top', 'waterlogged': 'false'}",
"(36, 15, 6)",minecraft:stone_bricks,{},
"(37, 15, 6)",minecraft:polished_andesite_stairs,"{'facing': 'west', 'half': 'top', 'shape': 'straight', 'waterlogged': 'false'}",
"(44, 15, 6)",minecraft:spruce_trapdoor,"{'facing': 'north', 'half': 'top', 'open': 'true', 'powered': 'false', 'waterlogged': 'false'}",
"(45, 15, 6)",minecraft:potted_poppy,{},
"(20, 15, 7)",minecraft:polished_andesite_slab,"{'type': 'top', 'waterlogged': 'false'}",
"(21, 15, 7)",minecraft:stone,{},
"(22, 15, 7)",minecraft:stone_bricks,{},
"(23, 15, 7)",minecraft:stone_bricks,{},
"(24, 15, 7)",minecraft:polished_andesite_slab,"{'type': 'top', 'waterlogged': 'false'}",
"(32, 15, 7)",minecraft:dark_oak_stairs,"{'facing': 'south', 'half': 'bottom', 'shape': 'straight', 'waterlogged': 'false'}",
"(33, 15, 7)",minecraft:andesite,{},
"(34, 15, 7)",minecraft:stone_bricks,{},
"(35, 15, 7)",minecraft:stone_bricks,{},
"(36, 15, 7)",minecraft:polished_andesite,{},
"(37, 15, 7)",minecraft:spruce_stairs,"{'facing': 'south', 'half': 'bottom', 'shape': 'straight', 'waterlogged': 'false'}",
"(38, 15, 7)",minecraft:spruce_stairs,"{'facing': 'south', 'half': 'bottom', 'shape': 'straight', 'waterlogged': 'false'}",
"(39, 15, 7)",minecraft:spruce_stairs,"{'facing': 'south', 'half': 'bottom', 'shape': 'straight', 'waterlogged': 'false'}",
"(40, 15, 7)",minecraft:spruce_stairs,"{'facing': 'south', 'half': 'bottom', 'shape': 'straight', 'waterlogged': 'false'}",
"(41, 15, 7)",minecraft:spruce_stairs,"{'facing': 'south', 'half': 'bottom', 'shape': 'straight', 'waterlogged': 'false'}",
"(42, 15, 7)",minecraft:spruce_stairs,"{'facing': 'south', 'half': 'bottom', 'shape': 'straight', 'waterlogged': 'false'}",
"(43, 15, 7)",minecraft:spruce_stairs,"{'facing': 'south', 'half': 'bottom', 'shape': 'straight', 'waterlogged': 'false'}",
"(44, 15, 7)",minecraft:andesite,{},
"(45, 15, 7)",minecraft:spruce_fence,"{'east': 'true', 'north': 'false', 'south': 'false', 'waterlogged': 'false', 'west': 'true'}",
"(46, 15, 7)",minecraft:andesite,{},
"(47, 15, 7)",minecraft:spruce_trapdoor,"{'facing': 'east', 'half': 'top', 'open': 'true', 'powered': 'false', 'waterlogged': 'false'}",
"(20, 15, 8)",minecraft:spruce_fence,"{'east': 'false', 'north': 'false', 'south': 'false', 'waterlogged': 'false', 'west': 'false'}",
"(21, 15, 8)",minecraft:polished_andesite_stairs,"{'facing': 'north', 'half': 'top', 'shape': 'straight', 'waterlogged': 'false'}",
"(22, 15, 8)",minecraft:polished_andesite_slab,"{'type': 'top', 'waterlogged': 'false'}",
"(23, 15, 8)",minecraft:polished_andesite_stairs,"{'facing': 'north', 'half': 'top', 'shape': 'straight', 'waterlogged': 'false'}",
"(32, 15, 8)",minecraft:dark_oak_stairs,"{'facing': 'east', 'half': 'top', 'shape': 'straight', 'waterlogged': 'false'}",
"(33, 15, 8)",minecraft:stripped_oak_wood,{'axis': 'z'},
"(34, 15, 8)",minecraft:dark_oak_slab,"{'type': 'top', 'waterlogged': 'false'}",
"(44, 15, 8)",minecraft:stone,{},
"(46, 15, 8)",minecraft:spruce_fence,"{'east': 'false', 'north': 'true', 'south': 'true', 'waterlogged': 'false', 'west': 'false'}",
"(47, 15, 8)",minecraft:potted_white_tulip,{},
"(13, 15, 9)",minecraft:stone,{},
"(14, 15, 9)",minecraft:stone_bricks,{},
"(15, 15, 9)",minecraft:stone_bricks,{},
"(32, 15, 9)",minecraft:dark_oak_stairs,"{'facing': 'north', 'half': 'bottom', 'shape': 'straight', 'waterlogged': 'false'}",
"(33, 15, 9)",minecraft:spruce_stairs,"{'facing': 'north', 'half': 'bottom', 'shape': 'straight', 'waterlogged': 'false'}",
"(34, 15, 9)",minecraft:spruce_stairs,"{'facing': 'north', 'half': 'bottom', 'shape': 'straight', 'waterlogged': 'false'}",
"(35, 15, 9)",minecraft:spruce_stairs,"{'facing': 'north', 'half': 'bottom', 'shape': 'straight', 'waterlogged': 'false'}",
"(36, 15, 9)",minecraft:spruce_stairs,"{'facing': 'north', 'half': 'bottom', 'shape': 'straight', 'waterlogged': 'false'}",
"(37, 15, 9)",minecraft:spruce_stairs,"{'facing': 'north', 'half': 'bottom', 'shape': 'straight', 'waterlogged': 'false'}",
"(38, 15, 9)",minecraft:spruce_stairs,"{'facing': 'north', 'half': 'bottom', 'shape': 'straight', 'waterlogged': 'false'}",
"(39, 15, 9)",minecraft:spruce_stairs,"{'facing': 'north', 'half': 'bottom', 'shape': 'straight', 'waterlogged': 'false'}",
"(40, 15, 9)",minecraft:spruce_stairs,"{'facing': 'north', 'half': 'bottom', 'shape': 'straight', 'waterlogged': 'false'}",
"(41, 15, 9)",minecraft:spruce_stairs,"{'facing': 'north', 'half': 'bottom', 'shape': 'straight', 'waterlogged': 'false'}",
"(42, 15, 9)",minecraft:spruce_stairs,"{'facing': 'north', 'half': 'bottom', 'shape': 'straight', 'waterlogged': 'false'}",
"(43, 15, 9)",minecraft:spruce_stairs,"{'facing': 'north', 'half': 'bottom', 'shape': 'straight', 'waterlogged': 'false'}",
"(44, 15, 9)",minecraft:andesite,{},
"(45, 15, 9)",minecraft:spruce_fence,"{'east': 'true', 'north': 'false', 'south': 'false', 'waterlogged': 'false', 'west': 'true'}",
"(46, 15, 9)",minecraft:stone_bricks,{},
"(12, 15, 10)",minecraft:campfire,"{'facing': 'east', 'lit': 'false', 'signal_fire': 'false', 'waterlogged': 'false'}","{components: {}, Items: [], CookingTimes: [I; 0, 0, 0, 0], CookingTotalTimes: [I; 0, 0, 0, 0], id: ""minecraft:campfire""}"
"(13, 15, 10)",minecraft:stone_brick_stairs,"{'facing': 'east', 'half': 'top', 'shape': 'straight', 'waterlogged': 'false'}",
"(15, 15, 10)",minecraft:andesite,{},
"(45, 15, 10)",minecraft:lantern,"{'hanging': 'false', 'waterlogged': 'false'}",
"(46, 15, 10)",minecraft:spruce_trapdoor,"{'facing': 'south', 'half': 'top', 'open': 'true', 'powered': 'false', 'waterlogged': 'false'}",
"(13, 15, 11)",minecraft:stone_bricks,{},
"(14, 15, 11)",minecraft:stone_stairs,"{'facing': 'north', 'half': 'top', 'shape': 'straight', 'waterlogged': 'false'}",
"(15, 15, 11)",minecraft:stone,{},
"(14, 15, 12)",minecraft:campfire,"{'facing': 'north', 'lit': 'false', 'signal_fire': 'false', 'waterlogged': 'false'}","{components: {}, Items: [], CookingTimes: [I; 0, 0, 0, 0], CookingTotalTimes: [I; 0, 0, 0, 0], id: ""minecraft:campfire""}"
"(16, 15, 12)",minecraft:spruce_fence,"{'east': 'true', 'north': 'false', 'south': 'false', 'waterlogged': 'false', 'west': 'false'}",
"(17, 15, 12)",minecraft:spruce_fence,"{'east': 'false', 'north': 'false', 'south': 'false', 'waterlogged': 'false', 'west': 'true'}",
"(16, 15, 13)",minecraft:black_wall_banner,{'facing': 'south'},"{components: {}, id: ""minecraft:banner""}"
"(43, 15, 15)",minecraft:dark_oak_stairs,"{'facing': 'east', 'half': 'bottom', 'shape': 'straight', 'waterlogged': 'false'}",
"(44, 15, 15)",minecraft:dark_oak_stairs,"{'facing': 'west', 'half': 'top', 'shape': 'straight', 'waterlogged': 'false'}",
"(46, 15, 15)",minecraft:dark_oak_stairs,"{'facing': 'east', 'half': 'top', 'shape': 'straight', 'waterlogged': 'false'}",
"(47, 15, 15)",minecraft:dark_oak_stairs,"{'facing': 'west', 'half': 'bottom', 'shape': 'straight', 'waterlogged': 'false'}",
"(43, 15, 16)",minecraft:spruce_stairs,"{'facing': 'east', 'half': 'bottom', 'shape': 'straight', 'waterlogged': 'false'}",
"(44, 15, 16)",minecraft:oak_planks,{},
"(45, 15, 16)",minecraft:stripped_oak_wood,{'axis': 'x'},
"(46, 15, 16)",minecraft:stripped_oak_wood,{'axis': 'x'},
"(47, 15, 16)",minecraft:spruce_stairs,"{'facing': 'west', 'half': 'bottom', 'shape': 'straight', 'waterlogged': 'false'}",
"(10, 15, 17)",minecraft:dark_oak_stairs,"{'facing': 'east', 'half': 'bottom', 'shape': 'straight', 'waterlogged': 'false'}",
"(11, 15, 17)",minecraft:dark_oak_stairs,"{'facing': 'south', 'half': 'top', 'shape': 'straight', 'waterlogged': 'false'}",
"(12, 15, 17)",minecraft:dark_oak_stairs,"{'facing': 'west', 'half': 'bottom', 'shape': 'straight', 'waterlogged': 'false'}",
"(43, 15, 17)",minecraft:spruce_stairs,"{'facing': 'east', 'half': 'bottom', 'shape': 'straight', 'waterlogged': 'false'}",
"(45, 15, 17)",minecraft:iron_chain,"{'axis': 'y', 'waterlogged': 'false'}",
"(47, 15, 17)",minecraft:spruce_stairs,"{'facing': 'west', 'half': 'bottom', 'shape': 'straight', 'waterlogged': 'false'}",
"(10, 15, 18)",minecraft:spruce_stairs,"{'facing': 'east', 'half': 'bottom', 'shape': 'straight', 'waterlogged': 'false'}",
"(12, 15, 18)",minecraft:spruce_stairs,"{'facing': 'west', 'half': 'bottom', 'shape': 'straight', 'waterlogged': 'false'}",
"(43, 15, 18)",minecraft:spruce_stairs,"{'facing': 'east', 'half': 'bottom', 'shape': 'straight', 'waterlogged': 'false'}",
"(47, 15, 18)",minecraft:spruce_stairs,"{'facing': 'west', 'half': 'bottom', 'shape': 'straight', 'waterlogged': 'false'}",
"(48, 15, 18)",minecraft:dark_oak_slab,"{'type': 'bottom', 'waterlogged': 'false'}",
"(49, 15, 18)",minecraft:dark_oak_slab,"{'type': 'bottom', 'waterlogged': 'false'}",
"(50, 15, 18)",minecraft:dark_oak_stairs,"{'facing': 'east', 'half': 'bottom', 'shape': 'straight', 'waterlogged': 'false'}",
"(51, 15, 18)",minecraft:dark_oak_stairs,"{'facing': 'west', 'half': 'top', 'shape': 'straight', 'waterlogged': 'false'}",
"(10, 15, 19)",minecraft:spruce_stairs,"{'facing': 'east', 'half': 'bottom', 'shape': 'straight', 'waterlogged': 'false'}",
"(12, 15, 19)",minecraft:spruce_stairs,"{'facing': 'west', 'half': 'bottom', 'shape': 'straight', 'waterlogged': 'false'}",
"(43, 15, 19)",minecraft:spruce_stairs,"{'facing': 'east', 'half': 'bottom', 'shape': 'straight', 'waterlogged': 'false'}",
"(47, 15, 19)",minecraft:spruce_stairs,"{'facing': 'west', 'half': 'bottom', 'shape': 'straight', 'waterlogged': 'false'}",
"(10, 15, 20)",minecraft:spruce_stairs,"{'facing': 'east', 'half': 'bottom', 'shape': 'straight', 'waterlogged': 'false'}",
"(12, 15, 20)",minecraft:spruce_stairs,"{'facing': 'west', 'half': 'bottom', 'shape': 'straight', 'waterlogged': 'false'}",
"(43, 15, 20)",minecraft:spruce_stairs,"{'facing': 'east', 'half': 'bottom', 'shape': 'straight', 'waterlogged': 'false'}",
"(47, 15, 20)",minecraft:spruce_stairs,"{'facing': 'west', 'half': 'bottom', 'shape': 'straight', 'waterlogged': 'false'}",
"(10, 15, 21)",minecraft:spruce_stairs,"{'facing': 'east', 'half': 'bottom', 'shape': 'straight', 'waterlogged': 'false'}",
"(12, 15, 21)",minecraft:spruce_stairs,"{'facing': 'west', 'half': 'bottom', 'shape': 'straight', 'waterlogged': 'false'}",
"(43, 15, 21)",minecraft:spruce_stairs,"{'facing': 'east', 'half': 'bottom', 'shape': 'straight', 'waterlogged': 'false'}",
"(47, 15, 21)",minecraft:spruce_stairs,"{'facing': 'west', 'half': 'bottom', 'shape': 'straight', 'waterlogged': 'false'}",
"(10, 15, 22)",minecraft:spruce_stairs,"{'facing': 'east', 'half': 'bottom', 'shape': 'straight', 'waterlogged': 'false'}",
"(12, 15, 22)",minecraft:spruce_stairs,"{'facing': 'west', 'half': 'bottom', 'shape': 'straight', 'waterlogged': 'false'}",
"(13, 15, 22)",minecraft:andesite,{},
"(14, 15, 22)",minecraft:stone,{},
"(16, 15, 22)",minecraft:spruce_trapdoor,"{'facing': 'north', 'half': 'bottom', 'open': 'true', 'powered': 'false', 'waterlogged': 'false'}",
"(17, 15, 22)",minecraft:spruce_fence_gate,"{'facing': 'south', 'in_wall': 'false', 'open': 'true', 'powered': 'false'}",
"(19, 15, 22)",minecraft:spruce_fence_gate,"{'facing': 'south', 'in_wall': 'false', 'open': 'true', 'powered': 'false'}",
"(20, 15, 22)",minecraft:spruce_trapdoor,"{'facing': 'north', 'half': 'bottom', 'open': 'true', 'powered': 'false', 'waterlogged': 'false'}",
"(22, 15, 22)",minecraft:stone_bricks,{},
"(23, 15, 22)",minecraft:stone_bricks,{},
"(43, 15, 22)",minecraft:spruce_stairs,"{'facing': 'east', 'half': 'bottom', 'shape': 'straight', 'waterlogged': 'false'}",
"(47, 15, 22)",minecraft:spruce_stairs,"{'facing': 'west', 'half': 'bottom', 'shape': 'straight', 'waterlogged': 'false'}",
"(48, 15, 22)",minecraft:dark_oak_slab,"{'type': 'bottom', 'waterlogged': 'false'}",
"(49, 15, 22)",minecraft:dark_oak_slab,"{'type': 'bottom', 'waterlogged': 'false'}",
"(50, 15, 22)",minecraft:dark_oak_stairs,"{'facing': 'east', 'half': 'bottom', 'shape': 'straight', 'waterlogged': 'false'}",
"(51, 15, 22)",minecraft:dark_oak_stairs,"{'facing': 'west', 'half': 'top', 'shape': 'straight', 'waterlogged': 'false'}",
"(3, 15, 23)",minecraft:dark_oak_stairs,"{'facing': 'south', 'half': 'bottom', 'shape': 'straight', 'waterlogged': 'false'}",
"(4, 15, 23)",minecraft:spruce_stairs,"{'facing': 'south', 'half': 'bottom', 'shape': 'straight', 'waterlogged': 'false'}",
"(5, 15, 23)",minecraft:spruce_stairs,"{'facing': 'south', 'half': 'bottom', 'shape': 'straight', 'waterlogged': 'false'}",
"(6, 15, 23)",minecraft:spruce_stairs,"{'facing': 'south', 'half': 'bottom', 'shape': 'straight', 'waterlogged': 'false'}",
"(7, 15, 23)",minecraft:spruce_stairs,"{'facing': 'south', 'half': 'bottom', 'shape': 'straight', 'waterlogged': 'false'}",
"(8, 15, 23)",minecraft:spruce_stairs,"{'facing': 'south', 'half': 'bottom', 'shape': 'straight', 'waterlogged': 'false'}",
"(9, 15, 23)",minecraft:spruce_stairs,"{'facing': 'south', 'half': 'bottom', 'shape': 'straight', 'waterlogged': 'false'}",
"(10, 15, 23)",minecraft:spruce_stairs,"{'facing': 'east', 'half': 'bottom', 'shape': 'inner_right', 'waterlogged': 'false'}",
"(11, 15, 23)",minecraft:white_stained_glass_pane,"{'east': 'true', 'north': 'false', 'south': 'false', 'waterlogged': 'false', 'west': 'true'}",
"(12, 15, 23)",minecraft:spruce_stairs,"{'facing': 'west', 'half': 'bottom', 'shape': 'straight', 'waterlogged': 'false'}",
"(13, 15, 23)",minecraft:andesite,{},
"(14, 15, 23)",minecraft:stone,{},
"(15, 15, 23)",minecraft:andesite,{},
"(16, 15, 23)",minecraft:stone,{},
"(17, 15, 23)",minecraft:gray_stained_glass_pane,"{'east': 'true', 'north': 'false', 'south': 'false', 'waterlogged': 'false', 'west': 'true'}",
"(18, 15, 23)",minecraft:stone_bricks,{},
"(19, 15, 23)",minecraft:gray_stained_glass_pane,"{'east': 'true', 'north': 'false', 'south': 'false', 'waterlogged': 'false', 'west': 'true'}",
"(20, 15, 23)",minecraft:andesite,{},
"(21, 15, 23)",minecraft:stone,{},
"(22, 15, 23)",minecraft:stone,{},
"(23, 15, 23)",minecraft:stone,{},
"(29, 15, 23)",minecraft:iron_chain,"{'axis': 'y', 'waterlogged': 'false'}",
"(33, 15, 23)",minecraft:iron_chain,"{'axis': 'y', 'waterlogged': 'false'}",
"(43, 15, 23)",minecraft:spruce_stairs,"{'facing': 'east', 'half': 'bottom', 'shape': 'straight', 'waterlogged': 'false'}",
"(47, 15, 23)",minecraft:spruce_stairs,"{'facing': 'west', 'half': 'bottom', 'shape': 'straight', 'waterlogged': 'false'}",
"(3, 15, 24)",minecraft:dark_oak_stairs,"{'facing': 'east', 'half': 'top', 'shape': 'straight', 'waterlogged': 'false'}",
"(4, 15, 24)",minecraft:stripped_oak_wood,{'axis': 'z'},
"(10, 15, 24)",minecraft:white_stained_glass_pane,"{'east': 'false', 'north': 'true', 'south': 'true', 'waterlogged': 'false', 'west': 'false'}",
"(11, 15, 24)",minecraft:spruce_fence,"{'east': 'true', 'north': 'false', 'south': 'false', 'waterlogged': 'false', 'west': 'false'}",
"(12, 15, 24)",minecraft:spruce_stairs,"{'facing': 'west', 'half': 'bottom', 'shape': 'straight', 'waterlogged': 'false'}",
"(14, 15, 24)",minecraft:stone_bricks,{},
"(15, 15, 24)",minecraft:spruce_slab,"{'type': 'top', 'waterlogged': 'false'}",
"(21, 15, 24)",minecraft:azalea_leaves,"{'distance': '7', 'persistent': 'true', 'waterlogged': 'false'}",
"(22, 15, 24)",minecraft:stone_bricks,{},
"(27, 15, 24)",minecraft:stone,{},
"(28, 15, 24)",minecraft:andesite,{},
"(31, 15, 24)",minecraft:stone,{},
"(34, 15, 24)",minecraft:stone,{},
"(35, 15, 24)",minecraft:stone_bricks,{},
"(43, 15, 24)",minecraft:spruce_stairs,"{'facing': 'east', 'half': 'bottom', 'shape': 'straight', 'waterlogged': 'false'}",
"(47, 15, 24)",minecraft:spruce_stairs,"{'facing': 'west', 'half': 'bottom', 'shape': 'straight', 'waterlogged': 'false'}",
"(3, 15, 25)",minecraft:dark_oak_stairs,"{'facing': 'north', 'half': 'bottom', 'shape': 'straight', 'waterlogged': 'false'}",
"(4, 15, 25)",minecraft:spruce_stairs,"{'facing': 'north', 'half': 'bottom', 'shape': 'straight', 'waterlogged': 'false'}",
"(5, 15, 25)",minecraft:spruce_stairs,"{'facing': 'north', 'half': 'bottom', 'shape': 'straight', 'waterlogged': 'false'}",
"(6, 15, 25)",minecraft:spruce_stairs,"{'facing': 'north', 'half': 'bottom', 'shape': 'straight', 'waterlogged': 'false'}",
"(7, 15, 25)",minecraft:spruce_stairs,"{'facing': 'north', 'half': 'bottom', 'shape': 'straight', 'waterlogged': 'false'}",
"(8, 15, 25)",minecraft:spruce_stairs,"{'facing': 'north', 'half': 'bottom', 'shape': 'straight', 'waterlogged': 'false'}",
"(9, 15, 25)",minecraft:spruce_stairs,"{'facing': 'north', 'half': 'bottom', 'shape': 'straight', 'waterlogged': 'false'}",
"(10, 15, 25)",minecraft:spruce_stairs,"{'facing': 'east', 'half': 'bottom', 'shape': 'inner_left', 'waterlogged': 'false'}",
"(11, 15, 25)",minecraft:white_stained_glass_pane,"{'east': 'true', 'north': 'false', 'south': 'false', 'waterlogged': 'false', 'west': 'true'}",
"(12, 15, 25)",minecraft:spruce_stairs,"{'facing': 'west', 'half': 'bottom', 'shape': 'straight', 'waterlogged': 'false'}",
"(13, 15, 25)",minecraft:acacia_leaves,"{'distance': '7', 'persistent': 'true', 'waterlogged': 'false'}",
"(14, 15, 25)",minecraft:andesite,{},
"(15, 15, 25)",minecraft:spruce_slab,"{'type': 'top', 'waterlogged': 'false'}",
"(22, 15, 25)",minecraft:stone,{},
"(25, 15, 25)",minecraft:campfire,"{'facing': 'south', 'lit': 'false', 'signal_fire': 'false', 'waterlogged': 'false'}","{components: {}, Items: [], CookingTimes: [I; 0, 0, 0, 0], CookingTotalTimes: [I; 0, 0, 0, 0], id: ""minecraft:campfire""}"
"(27, 15, 25)",minecraft:stone,{},
"(28, 15, 25)",minecraft:stone,{},
"(29, 15, 25)",minecraft:gray_stained_glass,{},
"(30, 15, 25)",minecraft:gray_stained_glass,{},
"(31, 15, 25)",minecraft:stone_bricks,{},
"(32, 15, 25)",minecraft:gray_stained_glass,{},
"(33, 15, 25)",minecraft:gray_stained_glass,{},
"(34, 15, 25)",minecraft:andesite,{},
"(35, 15, 25)",minecraft:andesite,{},
"(43, 15, 25)",minecraft:spruce_stairs,"{'facing': 'east', 'half': 'bottom', 'shape': 'straight', 'waterlogged': 'false'}",
"(47, 15, 25)",minecraft:spruce_stairs,"{'facing': 'west', 'half': 'bottom', 'shape': 'straight', 'waterlogged': 'false'}",
"(5, 15, 26)",minecraft:acacia_leaves,"{'distance': '7', 'persistent': 'true', 'waterlogged': 'false'}",
"(10, 15, 26)",minecraft:spruce_stairs,"{'facing': 'east', 'half': 'bottom', 'shape': 'straight', 'waterlogged': 'false'}",
"(12, 15, 26)",minecraft:spruce_stairs,"{'facing': 'west', 'half': 'bottom', 'shape': 'straight', 'waterlogged': 'false'}",
"(14, 15, 26)",minecraft:stone_bricks,{},
"(15, 15, 26)",minecraft:spruce_slab,"{'type': 'top', 'waterlogged': 'false'}",
"(22, 15, 26)",minecraft:andesite,{},
"(23, 15, 26)",minecraft:stone_bricks,{},
"(24, 15, 26)",minecraft:andesite,{},
"(25, 15, 26)",minecraft:stone_stairs,"{'facing': 'south', 'half': 'top', 'shape': 'straight', 'waterlogged': 'false'}",
"(26, 15, 26)",minecraft:stone_bricks,{},
"(27, 15, 26)",minecraft:stone,{},
"(28, 15, 26)",minecraft:stone_bricks,{},
"(31, 15, 26)",minecraft:andesite,{},
"(34, 15, 26)",minecraft:stone,{},
"(35, 15, 26)",minecraft:stone_bricks,{},
"(36, 15, 26)",minecraft:stone_bricks,{},
"(37, 15, 26)",minecraft:andesite,{},
"(38, 15, 26)",minecraft:stone,{},
"(39, 15, 26)",minecraft:spruce_stairs,"{'facing': 'south', 'half': 'bottom', 'shape': 'straight', 'waterlogged': 'false'}",
"(40, 15, 26)",minecraft:spruce_stairs,"{'facing': 'south', 'half': 'bottom', 'shape': 'straight', 'waterlogged': 'false'}",
"(41, 15, 26)",minecraft:spruce_stairs,"{'facing': 'south', 'half': 'bottom', 'shape': 'straight', 'waterlogged': 'false'}",
"(42, 15, 26)",minecraft:spruce_stairs,"{'facing': 'south', 'half': 'bottom', 'shape': 'straight', 'waterlogged': 'false'}",
"(43, 15, 26)",minecraft:spruce_stairs,"{'facing': 'south', 'half': 'bottom', 'shape': 'inner_left', 'waterlogged': 'false'}",
"(47, 15, 26)",minecraft:spruce_stairs,"{'facing': 'south', 'half': 'bottom', 'shape': 'inner_right', 'waterlogged': 'false'}",
"(48, 15, 26)",minecraft:spruce_stairs,"{'facing': 'south', 'half': 'bottom', 'shape': 'straight', 'waterlogged': 'false'}",
"(49, 15, 26)",minecraft:spruce_stairs,"{'facing': 'south', 'half': 'bottom', 'shape': 'straight', 'waterlogged': 'false'}",
"(50, 15, 26)",minecraft:spruce_stairs,"{'facing': 'south', 'half': 'bottom', 'shape': 'straight', 'waterlogged': 'false'}",
"(51, 15, 26)",minecraft:spruce_stairs,"{'facing': 'south', 'half': 'bottom', 'shape': 'straight', 'waterlogged': 'false'}",
"(52, 15, 26)",minecraft:dark_oak_stairs,"{'facing': 'south', 'half': 'bottom', 'shape': 'straight', 'waterlogged': 'false'}",
"(10, 15, 27)",minecraft:spruce_stairs,"{'facing': 'east', 'half': 'bottom', 'shape': 'straight', 'waterlogged': 'false'}",
"(12, 15, 27)",minecraft:spruce_stairs,"{'facing': 'west', 'half': 'bottom', 'shape': 'straight', 'waterlogged': 'false'}",
"(14, 15, 27)",minecraft:stone_bricks,{},
"(15, 15, 27)",minecraft:spruce_slab,"{'type': 'top', 'waterlogged': 'false'}",
"(21, 15, 27)",minecraft:ladder,"{'facing': 'west', 'waterlogged': 'false'}",
"(22, 15, 27)",minecraft:andesite,{},
"(23, 15, 27)",minecraft:stone,{},
"(27, 15, 27)",minecraft:stone,{},
"(35, 15, 27)",minecraft:spruce_slab,"{'type': 'top', 'waterlogged': 'false'}",
"(36, 15, 27)",minecraft:stripped_spruce_wood,{'axis': 'y'},
"(37, 15, 27)",minecraft:stripped_spruce_wood,{'axis': 'y'},
"(38, 15, 27)",minecraft:stone_bricks,{},
"(45, 15, 27)",minecraft:white_candle,"{'candles': '4', 'lit': 'true', 'waterlogged': 'false'}",
"(51, 15, 27)",minecraft:stripped_oak_wood,{'axis': 'z'},
"(52, 15, 27)",minecraft:dark_oak_stairs,"{'facing': 'north', 'half': 'top', 'shape': 'straight', 'waterlogged': 'false'}",
"(10, 15, 28)",minecraft:spruce_stairs,"{'facing': 'east', 'half': 'bottom', 'shape': 'straight', 'waterlogged': 'false'}",
"(12, 15, 28)",minecraft:spruce_stairs,"{'facing': 'west', 'half': 'bottom', 'shape': 'straight', 'waterlogged': 'false'}",
"(14, 15, 28)",minecraft:stone,{},
"(22, 15, 28)",minecraft:stone_bricks,{},
"(23, 15, 28)",minecraft:stone,{},
"(25, 15, 28)",minecraft:stripped_spruce_log,{'axis': 'y'},
"(27, 15, 28)",minecraft:stone,{},
"(35, 15, 28)",minecraft:spruce_slab,"{'type': 'top', 'waterlogged': 'false'}",
"(36, 15, 28)",minecraft:spruce_slab,"{'type': 'top', 'waterlogged': 'false'}",
"(37, 15, 28)",minecraft:spruce_stairs,"{'facing': 'east', 'half': 'top', 'shape': 'straight', 'waterlogged': 'false'}",
"(38, 15, 28)",minecraft:stone_bricks,{},
"(44, 15, 28)",minecraft:white_candle,"{'candles': '4', 'lit': 'true', 'waterlogged': 'false'}",
"(45, 15, 28)",minecraft:iron_chain,"{'axis': 'y', 'waterlogged': 'false'}",
"(46, 15, 28)",minecraft:white_candle,"{'candles': '4', 'lit': 'true', 'waterlogged': 'false'}",
"(51, 15, 28)",minecraft:stripped_oak_wood,{'axis': 'z'},
"(10, 15, 29)",minecraft:spruce_stairs,"{'facing': 'east', 'half': 'bottom', 'shape': 'straight', 'waterlogged': 'false'}",
"(11, 15, 29)",minecraft:oak_planks,{},
"(12, 15, 29)",minecraft:spruce_stairs,"{'facing': 'west', 'half': 'bottom', 'shape': 'straight', 'waterlogged': 'false'}",
"(14, 15, 29)",minecraft:stone,{},
"(21, 15, 29)",minecraft:skeleton_skull,"{'powered': 'false', 'rotation': '4'}","{components: {}, id: ""minecraft:skull""}"
"(22, 15, 29)",minecraft:stone,{},
"(23, 15, 29)",minecraft:stone,{},
"(27, 15, 29)",minecraft:stone_bricks,{},
"(35, 15, 29)",minecraft:spruce_slab,"{'type': 'top', 'waterlogged': 'false'}",
"(36, 15, 29)",minecraft:spruce_slab,"{'type': 'top', 'waterlogged': 'false'}",
"(37, 15, 29)",minecraft:spruce_stairs,"{'facing': 'east', 'half': 'top', 'shape': 'straight', 'waterlogged': 'false'}",
"(38, 15, 29)",minecraft:stone_bricks,{},
"(45, 15, 29)",minecraft:white_candle,"{'candles': '4', 'lit': 'true', 'waterlogged': 'false'}",
"(51, 15, 29)",minecraft:stripped_oak_wood,{'axis': 'z'},
"(52, 15, 29)",minecraft:dark_oak_stairs,"{'facing': 'south', 'half': 'top', 'shape': 'straight', 'waterlogged': 'false'}",
"(10, 15, 30)",minecraft:dark_oak_stairs,"{'facing': 'east', 'half': 'bottom', 'shape': 'straight', 'waterlogged': 'false'}",
"(11, 15, 30)",minecraft:dark_oak_stairs,"{'facing': 'north', 'half': 'top', 'shape': 'straight', 'waterlogged': 'false'}",
"(12, 15, 30)",minecraft:dark_oak_stairs,"{'facing': 'west', 'half': 'bottom', 'shape': 'straight', 'waterlogged': 'false'}",
"(14, 15, 30)",minecraft:andesite,{},
"(17, 15, 30)",minecraft:spruce_trapdoor,"{'facing': 'north', 'half': 'top', 'open': 'false', 'powered': 'false', 'waterlogged': 'false'}",
"(18, 15, 30)",minecraft:spruce_trapdoor,"{'facing': 'north', 'half': 'top', 'open': 'false', 'powered': 'false', 'waterlogged': 'false'}",
"(22, 15, 30)",minecraft:stone,{},
"(23, 15, 30)",minecraft:andesite,{},
"(27, 15, 30)",minecraft:stone,{},
"(35, 15, 30)",minecraft:ladder,"{'facing': 'west', 'waterlogged': 'false'}",
"(36, 15, 30)",minecraft:stripped_spruce_wood,{'axis': 'y'},
"(37, 15, 30)",minecraft:stripped_spruce_wood,{'axis': 'y'},
"(38, 15, 30)",minecraft:andesite,{},
"(39, 15, 30)",minecraft:spruce_stairs,"{'facing': 'north', 'half': 'bottom', 'shape': 'straight', 'waterlogged': 'false'}",
"(40, 15, 30)",minecraft:spruce_stairs,"{'facing': 'north', 'half': 'bottom', 'shape': 'straight', 'waterlogged': 'false'}",
"(41, 15, 30)",minecraft:spruce_stairs,"{'facing': 'north', 'half': 'bottom', 'shape': 'straight', 'waterlogged': 'false'}",
"(42, 15, 30)",minecraft:spruce_stairs,"{'facing': 'north', 'half': 'bottom', 'shape': 'straight', 'waterlogged': 'false'}",
"(43, 15, 30)",minecraft:spruce_stairs,"{'facing': 'north', 'half': 'bottom', 'shape': 'inner_right', 'waterlogged': 'false'}",
"(47, 15, 30)",minecraft:spruce_stairs,"{'facing': 'west', 'half': 'bottom', 'shape': 'inner_right', 'waterlogged': 'false'}",
"(48, 15, 30)",minecraft:spruce_stairs,"{'facing': 'north', 'half': 'bottom', 'shape': 'straight', 'waterlogged': 'false'}",
"(49, 15, 30)",minecraft:spruce_stairs,"{'facing': 'north', 'half': 'bottom', 'shape': 'straight', 'waterlogged': 'false'}",
"(50, 15, 30)",minecraft:spruce_stairs,"{'facing': 'north', 'half': 'bottom', 'shape': 'straight', 'waterlogged': 'false'}",
"(51, 15, 30)",minecraft:spruce_stairs,"{'facing': 'north', 'half': 'bottom', 'shape': 'straight', 'waterlogged': 'false'}",
"(52, 15, 30)",minecraft:dark_oak_stairs,"{'facing': 'north', 'half': 'bottom', 'shape': 'straight', 'waterlogged': 'false'}",
"(13, 15, 31)",minecraft:andesite,{},
"(14, 15, 31)",minecraft:stone,{},
"(15, 15, 31)",minecraft:stone_bricks,{},
"(16, 15, 31)",minecraft:stone,{},
"(17, 15, 31)",minecraft:stone_bricks,{},
"(18, 15, 31)",minecraft:stone,{},
"(19, 15, 31)",minecraft:stone,{},
"(20, 15, 31)",minecraft:stone_bricks,{},
"(21, 15, 31)",minecraft:stone_bricks,{},
"(22, 15, 31)",minecraft:stone,{},
"(23, 15, 31)",minecraft:stone,{},
"(27, 15, 31)",minecraft:stone,{},
"(35, 15, 31)",minecraft:spruce_slab,"{'type': 'top', 'waterlogged': 'false'}",
"(36, 15, 31)",minecraft:spruce_slab,"{'type': 'top', 'waterlogged': 'false'}",
"(37, 15, 31)",minecraft:spruce_stairs,"{'facing': 'east', 'half': 'top', 'shape': 'straight', 'waterlogged': 'false'}",
"(38, 15, 31)",minecraft:stone_bricks,{},
"(43, 15, 31)",minecraft:spruce_stairs,"{'facing': 'east', 'half': 'bottom', 'shape': 'straight', 'waterlogged': 'false'}",
"(47, 15, 31)",minecraft:spruce_stairs,"{'facing': 'west', 'half': 'bottom', 'shape': 'straight', 'waterlogged': 'false'}",
"(13, 15, 32)",minecraft:stone,{},
"(14, 15, 32)",minecraft:stone,{},
"(17, 15, 32)",minecraft:spruce_stairs,"{'facing': 'north', 'half': 'top', 'shape': 'straight', 'waterlogged': 'false'}",
"(20, 15, 32)",minecraft:stone,{},
"(22, 15, 32)",minecraft:stone,{},
"(23, 15, 32)",minecraft:stone_bricks,{},
"(27, 15, 32)",minecraft:stone_bricks,{},
"(35, 15, 32)",minecraft:spruce_slab,"{'type': 'top', 'waterlogged': 'false'}",
"(36, 15, 32)",minecraft:spruce_slab,"{'type': 'top', 'waterlogged': 'false'}",
"(37, 15, 32)",minecraft:spruce_stairs,"{'facing': 'east', 'half': 'top', 'shape': 'straight', 'waterlogged': 'false'}",
"(38, 15, 32)",minecraft:stone_bricks,{},
"(43, 15, 32)",minecraft:spruce_stairs,"{'facing': 'east', 'half': 'bottom', 'shape': 'straight', 'waterlogged': 'false'}",
"(47, 15, 32)",minecraft:spruce_stairs,"{'facing': 'west', 'half': 'bottom', 'shape': 'straight', 'waterlogged': 'false'}",
"(17, 15, 33)",minecraft:spruce_stairs,"{'facing': 'north', 'half': 'top', 'shape': 'straight', 'waterlogged': 'false'}",
"(20, 15, 33)",minecraft:stone,{},
"(23, 15, 33)",minecraft:stone,{},
"(27, 15, 33)",minecraft:stone,{},
"(35, 15, 33)",minecraft:spruce_slab,"{'type': 'top', 'waterlogged': 'false'}",
"(36, 15, 33)",minecraft:stripped_spruce_wood,{'axis': 'y'},
"(37, 15, 33)",minecraft:stripped_spruce_wood,{'axis': 'y'},
"(38, 15, 33)",minecraft:stone_bricks,{},
"(43, 15, 33)",minecraft:spruce_stairs,"{'facing': 'east', 'half': 'bottom', 'shape': 'straight', 'waterlogged': 'false'}",
"(45, 15, 33)",minecraft:flowering_azalea_leaves,"{'distance': '1', 'persistent': 'true', 'waterlogged': 'false'}",
"(47, 15, 33)",minecraft:spruce_stairs,"{'facing': 'west', 'half': 'bottom', 'shape': 'straight', 'waterlogged': 'false'}",
"(49, 15, 33)",minecraft:granite,{},
"(17, 15, 34)",minecraft:spruce_trapdoor,"{'facing': 'west', 'half': 'top', 'open': 'false', 'powered': 'false', 'waterlogged': 'false'}",
"(20, 15, 34)",minecraft:stone,{},
"(21, 15, 34)",minecraft:stone,{},
"(22, 15, 34)",minecraft:stone_bricks,{},
"(23, 15, 34)",minecraft:stone,{},
"(24, 15, 34)",minecraft:stone_bricks,{},
"(25, 15, 34)",minecraft:stone_brick_stairs,"{'facing': 'north', 'half': 'top', 'shape': 'straight', 'waterlogged': 'false'}",
"(26, 15, 34)",minecraft:stone_bricks,{},
"(27, 15, 34)",minecraft:stone_bricks,{},
"(35, 15, 34)",minecraft:stone,{},
"(36, 15, 34)",minecraft:stone_bricks,{},
"(37, 15, 34)",minecraft:andesite,{},
"(38, 15, 34)",minecraft:stone,{},
"(43, 15, 34)",minecraft:spruce_stairs,"{'facing': 'east', 'half': 'bottom', 'shape': 'straight', 'waterlogged': 'false'}",
"(44, 15, 34)",minecraft:stripped_oak_wood,{'axis': 'x'},
"(45, 15, 34)",minecraft:stripped_oak_wood,{'axis': 'x'},
"(46, 15, 34)",minecraft:oak_planks,{},
"(47, 15, 34)",minecraft:spruce_stairs,"{'facing': 'west', 'half': 'bottom', 'shape': 'straight', 'waterlogged': 'false'}",
"(17, 15, 35)",minecraft:spruce_trapdoor,"{'facing': 'west', 'half': 'top', 'open': 'false', 'powered': 'false', 'waterlogged': 'false'}",
"(25, 15, 35)",minecraft:campfire,"{'facing': 'north', 'lit': 'false', 'signal_fire': 'false', 'waterlogged': 'false'}","{components: {}, Items: [], CookingTimes: [I; 0, 0, 0, 0], CookingTotalTimes: [I; 0, 0, 0, 0], id: ""minecraft:campfire""}"
"(27, 15, 35)",minecraft:stone,{},
"(35, 15, 35)",minecraft:stone,{},
"(43, 15, 35)",minecraft:dark_oak_stairs,"{'facing': 'east', 'half': 'bottom', 'shape': 'straight', 'waterlogged': 'false'}",
"(44, 15, 35)",minecraft:dark_oak_stairs,"{'facing': 'west', 'half': 'top', 'shape': 'straight', 'waterlogged': 'false'}",
"(46, 15, 35)",minecraft:dark_oak_stairs,"{'facing': 'east', 'half': 'top', 'shape': 'straight', 'waterlogged': 'false'}",
"(47, 15, 35)",minecraft:dark_oak_stairs,"{'facing': 'west', 'half': 'bottom', 'shape': 'straight', 'waterlogged': 'false'}",
"(17, 15, 36)",minecraft:grindstone,"{'face': 'ceiling', 'facing': 'north'}",
"(27, 15, 36)",minecraft:andesite,{},
"(28, 15, 36)",minecraft:stone_bricks,{},
"(31, 15, 36)",minecraft:lantern,"{'hanging': 'true', 'waterlogged': 'false'}",
"(34, 15, 36)",minecraft:stone_bricks,{},
"(35, 15, 36)",minecraft:stone_bricks,{},
"(28, 15, 37)",minecraft:stripped_oak_wood,{'axis': 'z'},
"(34, 15, 37)",minecraft:oak_planks,{},
"(27, 15, 38)",minecraft:dark_oak_slab,"{'type': 'top', 'waterlogged': 'false'}",
"(28, 15, 38)",minecraft:oak_log,{'axis': 'y'},
"(29, 15, 38)",minecraft:oak_stairs,"{'facing': 'north', 'half': 'top', 'shape': 'straight', 'waterlogged': 'false'}",
"(30, 15, 38)",minecraft:stripped_spruce_log,{'axis': 'y'},
"(31, 15, 38)",minecraft:oak_stairs,"{'facing': 'north', 'half': 'top', 'shape': 'straight', 'waterlogged': 'false'}",
"(32, 15, 38)",minecraft:oak_log,{'axis': 'y'},
"(33, 15, 38)",minecraft:oak_stairs,"{'facing': 'north', 'half': 'top', 'shape': 'straight', 'waterlogged': 'false'}",
"(34, 15, 38)",minecraft:stripped_spruce_log,{'axis': 'y'},
"(35, 15, 38)",minecraft:dark_oak_slab,"{'type': 'top', 'waterlogged': 'false'}",
"(27, 15, 39)",minecraft:dark_oak_slab,"{'type': 'top', 'waterlogged': 'false'}",
"(28, 15, 39)",minecraft:dark_oak_slab,"{'type': 'top', 'waterlogged': 'false'}",
"(29, 15, 39)",minecraft:dark_oak_slab,"{'type': 'top', 'waterlogged': 'false'}",
"(30, 15, 39)",minecraft:dark_oak_slab,"{'type': 'top', 'waterlogged': 'false'}",
"(31, 15, 39)",minecraft:dark_oak_slab,"{'type': 'top', 'waterlogged': 'false'}",
"(32, 15, 39)",minecraft:dark_oak_slab,"{'type': 'top', 'waterlogged': 'false'}",
"(33, 15, 39)",minecraft:dark_oak_slab,"{'type': 'top', 'waterlogged': 'false'}",
"(34, 15, 39)",minecraft:dark_oak_slab,"{'type': 'top', 'waterlogged': 'false'}",
"(35, 15, 39)",minecraft:dark_oak_slab,"{'type': 'top', 'waterlogged': 'false'}",
"(21, 16, 2)",minecraft:polished_andesite,{},
"(22, 16, 2)",minecraft:cobblestone_wall,"{'east': 'low', 'north': 'none', 'south': 'low', 'up': 'true', 'waterlogged': 'false', 'west': 'low'}",
"(23, 16, 2)",minecraft:polished_andesite,{},
"(33, 16, 2)",minecraft:polished_andesite,{},
"(34, 16, 2)",minecraft:cobblestone_wall,"{'east': 'low', 'north': 'none', 'south': 'low', 'up': 'true', 'waterlogged': 'false', 'west': 'low'}",
"(35, 16, 2)",minecraft:polished_andesite,{},
"(20, 16, 3)",minecraft:polished_andesite,{},
"(21, 16, 3)",minecraft:spruce_planks,{},
"(22, 16, 3)",minecraft:spruce_planks,{},
"(23, 16, 3)",minecraft:spruce_planks,{},
"(24, 16, 3)",minecraft:polished_andesite,{},
"(32, 16, 3)",minecraft:polished_andesite,{},
"(33, 16, 3)",minecraft:spruce_planks,{},
"(34, 16, 3)",minecraft:spruce_planks,{},
"(35, 16, 3)",minecraft:spruce_planks,{},
"(36, 16, 3)",minecraft:polished_andesite,{},
"(19, 16, 4)",minecraft:polished_andesite,{},
"(20, 16, 4)",minecraft:spruce_planks,{},
"(21, 16, 4)",minecraft:spruce_planks,{},
"(22, 16, 4)",minecraft:spruce_planks,{},
"(23, 16, 4)",minecraft:spruce_planks,{},
"(24, 16, 4)",minecraft:spruce_planks,{},
"(25, 16, 4)",minecraft:polished_andesite,{},
"(31, 16, 4)",minecraft:polished_andesite,{},
"(32, 16, 4)",minecraft:spruce_planks,{},
"(33, 16, 4)",minecraft:spruce_planks,{},
"(34, 16, 4)",minecraft:spruce_planks,{},
"(35, 16, 4)",minecraft:spruce_planks,{},
"(36, 16, 4)",minecraft:spruce_planks,{},
"(37, 16, 4)",minecraft:polished_andesite,{},
"(19, 16, 5)",minecraft:cobblestone_wall,"{'east': 'low', 'north': 'low', 'south': 'low', 'up': 'true', 'waterlogged': 'false', 'west': 'none'}",
"(20, 16, 5)",minecraft:spruce_planks,{},
"(21, 16, 5)",minecraft:spruce_planks,{},
"(22, 16, 5)",minecraft:spruce_slab,"{'type': 'top', 'waterlogged': 'false'}",
"(23, 16, 5)",minecraft:spruce_planks,{},
"(24, 16, 5)",minecraft:spruce_planks,{},
"(25, 16, 5)",minecraft:cobblestone_wall,"{'east': 'none', 'north': 'low', 'south': 'low', 'up': 'true', 'waterlogged': 'false', 'west': 'low'}",
"(31, 16, 5)",minecraft:cobblestone_wall,"{'east': 'low', 'north': 'low', 'south': 'low', 'up': 'true', 'waterlogged': 'false', 'west': 'none'}",
"(32, 16, 5)",minecraft:spruce_planks,{},
"(33, 16, 5)",minecraft:spruce_planks,{},
"(34, 16, 5)",minecraft:spruce_slab,"{'type': 'top', 'waterlogged': 'false'}",
"(35, 16, 5)",minecraft:spruce_planks,{},
"(36, 16, 5)",minecraft:spruce_planks,{},
"(37, 16, 5)",minecraft:cobblestone_wall,"{'east': 'none', 'north': 'low', 'south': 'low', 'up': 'true', 'waterlogged': 'false', 'west': 'low'}",
"(19, 16, 6)",minecraft:polished_andesite,{},
"(20, 16, 6)",minecraft:spruce_planks,{},
"(21, 16, 6)",minecraft:spruce_planks,{},
"(22, 16, 6)",minecraft:spruce_planks,{},
"(23, 16, 6)",minecraft:spruce_planks,{},
"(24, 16, 6)",minecraft:spruce_planks,{},
"(25, 16, 6)",minecraft:polished_andesite,{},
"(31, 16, 6)",minecraft:polished_andesite,{},
"(32, 16, 6)",minecraft:spruce_planks,{},
"(33, 16, 6)",minecraft:spruce_planks,{},
"(34, 16, 6)",minecraft:spruce_planks,{},
"(35, 16, 6)",minecraft:spruce_planks,{},
"(36, 16, 6)",minecraft:spruce_planks,{},
"(37, 16, 6)",minecraft:polished_andesite,{},
"(44, 16, 6)",minecraft:spruce_trapdoor,"{'facing': 'north', 'half': 'bottom', 'open': 'true', 'powered': 'false', 'waterlogged': 'false'}",
"(45, 16, 6)",minecraft:spruce_fence_gate,"{'facing': 'south', 'in_wall': 'false', 'open': 'true', 'powered': 'false'}",
"(20, 16, 7)",minecraft:polished_andesite,{},
"(21, 16, 7)",minecraft:spruce_planks,{},
"(22, 16, 7)",minecraft:spruce_planks,{},
"(23, 16, 7)",minecraft:spruce_planks,{},
"(24, 16, 7)",minecraft:polished_andesite,{},
"(32, 16, 7)",minecraft:polished_andesite,{},
"(33, 16, 7)",minecraft:spruce_planks,{},
"(34, 16, 7)",minecraft:spruce_planks,{},
"(35, 16, 7)",minecraft:spruce_planks,{},
"(36, 16, 7)",minecraft:polished_andesite,{},
"(44, 16, 7)",minecraft:stone,{},
"(45, 16, 7)",minecraft:spruce_fence,"{'east': 'true', 'north': 'false', 'south': 'false', 'waterlogged': 'false', 'west': 'true'}",
"(46, 16, 7)",minecraft:stone_bricks,{},
"(47, 16, 7)",minecraft:spruce_trapdoor,"{'facing': 'east', 'half': 'bottom', 'open': 'true', 'powered': 'false', 'waterlogged': 'false'}",
"(13, 16, 8)",minecraft:polished_andesite_stairs,"{'facing': 'south', 'half': 'top', 'shape': 'straight', 'waterlogged': 'false'}",
"(14, 16, 8)",minecraft:polished_andesite_slab,"{'type': 'top', 'waterlogged': 'false'}",
"(15, 16, 8)",minecraft:polished_andesite_stairs,"{'facing': 'south', 'half': 'top', 'shape': 'straight', 'waterlogged': 'false'}",
"(20, 16, 8)",minecraft:spruce_fence,"{'east': 'true', 'north': 'true', 'south': 'false', 'waterlogged': 'false', 'west': 'false'}",
"(21, 16, 8)",minecraft:polished_andesite,{},
"(22, 16, 8)",minecraft:cobblestone_wall,"{'east': 'low', 'north': 'low', 'south': 'none', 'up': 'true', 'waterlogged': 'false', 'west': 'low'}",
"(23, 16, 8)",minecraft:polished_andesite,{},
"(31, 16, 8)",minecraft:dark_oak_stairs,"{'facing': 'east', 'half': 'top', 'shape': 'straight', 'waterlogged': 'false'}",
"(32, 16, 8)",minecraft:dark_oak_stairs,"{'facing': 'west', 'half': 'bottom', 'shape': 'straight', 'waterlogged': 'false'}",
"(33, 16, 8)",minecraft:polished_andesite,{},
"(34, 16, 8)",minecraft:cobblestone_wall,"{'east': 'low', 'north': 'low', 'south': 'none', 'up': 'true', 'waterlogged': 'false', 'west': 'low'}",
"(35, 16, 8)",minecraft:polished_andesite,{},
"(36, 16, 8)",minecraft:dark_oak_slab,"{'type': 'bottom', 'waterlogged': 'false'}",
"(37, 16, 8)",minecraft:dark_oak_slab,"{'type': 'bottom', 'waterlogged': 'false'}",
"(38, 16, 8)",minecraft:dark_oak_slab,"{'type': 'bottom', 'waterlogged': 'false'}",
"(39, 16, 8)",minecraft:dark_oak_slab,"{'type': 'bottom', 'waterlogged': 'false'}",
"(40, 16, 8)",minecraft:dark_oak_slab,"{'type': 'bottom', 'waterlogged': 'false'}",
"(41, 16, 8)",minecraft:dark_oak_slab,"{'type': 'bottom', 'waterlogged': 'false'}",
"(42, 16, 8)",minecraft:dark_oak_slab,"{'type': 'bottom', 'waterlogged': 'false'}",
"(43, 16, 8)",minecraft:dark_oak_slab,"{'type': 'bottom', 'waterlogged': 'false'}",
"(44, 16, 8)",minecraft:stone_bricks,{},
"(46, 16, 8)",minecraft:spruce_fence,"{'east': 'false', 'north': 'true', 'south': 'true', 'waterlogged': 'false', 'west': 'false'}",
"(47, 16, 8)",minecraft:spruce_fence_gate,"{'facing': 'west', 'in_wall': 'false', 'open': 'true', 'powered': 'false'}",
"(12, 16, 9)",minecraft:polished_andesite_stairs,"{'facing': 'east', 'half': 'top', 'shape': 'straight', 'waterlogged': 'false'}",
"(13, 16, 9)",minecraft:stone_bricks,{},
"(14, 16, 9)",minecraft:stone,{},
"(15, 16, 9)",minecraft:andesite,{},
"(16, 16, 9)",minecraft:polished_andesite_stairs,"{'facing': 'west', 'half': 'top', 'shape': 'straight', 'waterlogged': 'false'}",
"(44, 16, 9)",minecraft:stone,{},
"(45, 16, 9)",minecraft:spruce_fence,"{'east': 'true', 'north': 'false', 'south': 'false', 'waterlogged': 'false', 'west': 'true'}",
"(46, 16, 9)",minecraft:stone,{},
"(12, 16, 10)",minecraft:polished_andesite_slab,"{'type': 'top', 'waterlogged': 'false'}",
"(13, 16, 10)",minecraft:andesite,{},
"(15, 16, 10)",minecraft:stone_bricks,{},
"(16, 16, 10)",minecraft:polished_andesite_slab,"{'type': 'top', 'waterlogged': 'false'}",
"(45, 16, 10)",minecraft:spruce_fence_gate,"{'facing': 'north', 'in_wall': 'false', 'open': 'true', 'powered': 'false'}",
"(46, 16, 10)",minecraft:spruce_trapdoor,"{'facing': 'south', 'half': 'bottom', 'open': 'true', 'powered': 'false', 'waterlogged': 'false'}",
"(12, 16, 11)",minecraft:polished_andesite_stairs,"{'facing': 'east', 'half': 'top', 'shape': 'straight', 'waterlogged': 'false'}",
"(13, 16, 11)",minecraft:stone,{},
"(14, 16, 11)",minecraft:stone_bricks,{},
"(15, 16, 11)",minecraft:andesite,{},
"(16, 16, 11)",minecraft:polished_andesite_stairs,"{'facing': 'west', 'half': 'top', 'shape': 'straight', 'waterlogged': 'false'}",
"(13, 16, 12)",minecraft:polished_andesite_stairs,"{'facing': 'north', 'half': 'top', 'shape': 'straight', 'waterlogged': 'false'}",
"(14, 16, 12)",minecraft:polished_andesite_slab,"{'type': 'top', 'waterlogged': 'false'}",
"(15, 16, 12)",minecraft:polished_andesite_stairs,"{'facing': 'north', 'half': 'top', 'shape': 'straight', 'waterlogged': 'false'}",
"(16, 16, 12)",minecraft:spruce_fence,"{'east': 'false', 'north': 'false', 'south': 'false', 'waterlogged': 'false', 'west': 'false'}",
"(44, 16, 15)",minecraft:dark_oak_planks,{},
"(46, 16, 15)",minecraft:dark_oak_planks,{},
"(11, 16, 16)",minecraft:dark_oak_stairs,"{'facing': 'south', 'half': 'top', 'shape': 'straight', 'waterlogged': 'false'}",
"(44, 16, 16)",minecraft:spruce_planks,{},
"(45, 16, 16)",minecraft:stripped_oak_wood,{'axis': 'x'},
"(46, 16, 16)",minecraft:spruce_planks,{},
"(11, 16, 17)",minecraft:dark_oak_stairs,"{'facing': 'north', 'half': 'bottom', 'shape': 'straight', 'waterlogged': 'false'}",
"(44, 16, 17)",minecraft:spruce_planks,{},
"(45, 16, 17)",minecraft:iron_chain,"{'axis': 'y', 'waterlogged': 'false'}",
"(46, 16, 17)",minecraft:spruce_planks,{},
"(11, 16, 18)",minecraft:dark_oak_slab,"{'type': 'bottom', 'waterlogged': 'false'}",
"(44, 16, 18)",minecraft:spruce_planks,{},
"(46, 16, 18)",minecraft:spruce_planks,{},
"(11, 16, 19)",minecraft:dark_oak_slab,"{'type': 'bottom', 'waterlogged': 'false'}",
"(44, 16, 19)",minecraft:spruce_planks,{},
"(46, 16, 19)",minecraft:spruce_planks,{},
"(11, 16, 20)",minecraft:dark_oak_slab,"{'type': 'bottom', 'waterlogged': 'false'}",
"(44, 16, 20)",minecraft:spruce_planks,{},
"(46, 16, 20)",minecraft:spruce_planks,{},
"(11, 16, 21)",minecraft:dark_oak_slab,"{'type': 'bottom', 'waterlogged': 'false'}",
"(12, 16, 21)",minecraft:acacia_leaves,"{'distance': '7', 'persistent': 'true', 'waterlogged': 'false'}",
"(13, 16, 21)",minecraft:acacia_leaves,"{'distance': '7', 'persistent': 'true', 'waterlogged': 'false'}",
"(21, 16, 21)",minecraft:acacia_leaves,"{'distance': '7', 'persistent': 'true', 'waterlogged': 'false'}",
"(44, 16, 21)",minecraft:spruce_planks,{},
"(46, 16, 21)",minecraft:spruce_planks,{},
"(11, 16, 22)",minecraft:dark_oak_slab,"{'type': 'bottom', 'waterlogged': 'false'}",
"(12, 16, 22)",minecraft:acacia_leaves,"{'distance': '7', 'persistent': 'true', 'waterlogged': 'false'}",
"(13, 16, 22)",minecraft:stone,{},
"(14, 16, 22)",minecraft:stone_bricks,{},
"(16, 16, 22)",minecraft:spruce_trapdoor,"{'facing': 'north', 'half': 'top', 'open': 'false', 'powered': 'false', 'waterlogged': 'false'}",
"(17, 16, 22)",minecraft:campfire,"{'facing': 'south', 'lit': 'false', 'signal_fire': 'false', 'waterlogged': 'false'}","{components: {}, Items: [], CookingTimes: [I; 0, 0, 0, 0], CookingTotalTimes: [I; 0, 0, 0, 0], id: ""minecraft:campfire""}"
"(18, 16, 22)",minecraft:spruce_trapdoor,"{'facing': 'north', 'half': 'top', 'open': 'false', 'powered': 'false', 'waterlogged': 'false'}",
"(19, 16, 22)",minecraft:campfire,"{'facing': 'south', 'lit': 'false', 'signal_fire': 'false', 'waterlogged': 'false'}","{components: {}, Items: [], CookingTimes: [I; 0, 0, 0, 0], CookingTotalTimes: [I; 0, 0, 0, 0], id: ""minecraft:campfire""}"
"(20, 16, 22)",minecraft:spruce_trapdoor,"{'facing': 'north', 'half': 'top', 'open': 'false', 'powered': 'false', 'waterlogged': 'false'}",
"(22, 16, 22)",minecraft:stone,{},
"(23, 16, 22)",minecraft:stone,{},
"(44, 16, 22)",minecraft:spruce_planks,{},
"(46, 16, 22)",minecraft:spruce_planks,{},
"(11, 16, 23)",minecraft:dark_oak_slab,"{'type': 'bottom', 'waterlogged': 'false'}",
"(13, 16, 23)",minecraft:andesite,{},
"(14, 16, 23)",minecraft:andesite,{},
"(15, 16, 23)",minecraft:stone,{},
"(16, 16, 23)",minecraft:stone_bricks,{},
"(17, 16, 23)",minecraft:stone_stairs,"{'facing': 'south', 'half': 'top', 'shape': 'straight', 'waterlogged': 'false'}",
"(18, 16, 23)",minecraft:andesite,{},
"(19, 16, 23)",minecraft:stone_brick_stairs,"{'facing': 'south', 'half': 'top', 'shape': 'straight', 'waterlogged': 'false'}",
"(20, 16, 23)",minecraft:andesite,{},
"(21, 16, 23)",minecraft:stone_bricks,{},
"(22, 16, 23)",minecraft:andesite,{},
"(23, 16, 23)",minecraft:andesite,{},
"(28, 16, 23)",minecraft:spruce_trapdoor,"{'facing': 'west', 'half': 'top', 'open': 'true', 'powered': 'false', 'waterlogged': 'false'}",
"(29, 16, 23)",minecraft:spruce_fence,"{'east': 'false', 'north': 'false', 'south': 'false', 'waterlogged': 'false', 'west': 'true'}",
"(33, 16, 23)",minecraft:spruce_fence,"{'east': 'true', 'north': 'false', 'south': 'false', 'waterlogged': 'false', 'west': 'false'}",
"(34, 16, 23)",minecraft:spruce_trapdoor,"{'facing': 'east', 'half': 'top', 'open': 'true', 'powered': 'false', 'waterlogged': 'false'}",
"(44, 16, 23)",minecraft:spruce_planks,{},
"(46, 16, 23)",minecraft:spruce_planks,{},
"(2, 16, 24)",minecraft:dark_oak_stairs,"{'facing': 'east', 'half': 'top', 'shape': 'straight', 'waterlogged': 'false'}",
"(3, 16, 24)",minecraft:dark_oak_stairs,"{'facing': 'west', 'half': 'bottom', 'shape': 'straight', 'waterlogged': 'false'}",
"(4, 16, 24)",minecraft:dark_oak_slab,"{'type': 'bottom', 'waterlogged': 'false'}",
"(5, 16, 24)",minecraft:dark_oak_slab,"{'type': 'bottom', 'waterlogged': 'false'}",
"(6, 16, 24)",minecraft:dark_oak_slab,"{'type': 'bottom', 'waterlogged': 'false'}",
"(7, 16, 24)",minecraft:dark_oak_slab,"{'type': 'bottom', 'waterlogged': 'false'}",
"(8, 16, 24)",minecraft:dark_oak_slab,"{'type': 'bottom', 'waterlogged': 'false'}",
"(9, 16, 24)",minecraft:dark_oak_slab,"{'type': 'bottom', 'waterlogged': 'false'}",
"(10, 16, 24)",minecraft:dark_oak_slab,"{'type': 'bottom', 'waterlogged': 'false'}",
"(11, 16, 24)",minecraft:dark_oak_slab,"{'type': 'bottom', 'waterlogged': 'false'}",
"(12, 16, 24)",minecraft:acacia_leaves,"{'distance': '7', 'persistent': 'true', 'waterlogged': 'false'}",
"(14, 16, 24)",minecraft:stone,{},
"(15, 16, 24)",minecraft:turtle_egg,"{'eggs': '2', 'hatch': '0'}",
"(21, 16, 24)",minecraft:flowering_azalea_leaves,"{'distance': '7', 'persistent': 'true', 'waterlogged': 'false'}",
"(22, 16, 24)",minecraft:andesite,{},
"(26, 16, 24)",minecraft:polished_andesite_stairs,"{'facing': 'east', 'half': 'top', 'shape': 'straight', 'waterlogged': 'false'}",
"(27, 16, 24)",minecraft:stone,{},
"(28, 16, 24)",minecraft:stone,{},
"(31, 16, 24)",minecraft:stone_bricks,{},
"(34, 16, 24)",minecraft:stone,{},
"(35, 16, 24)",minecraft:stone_bricks,{},
"(36, 16, 24)",minecraft:polished_andesite_stairs,"{'facing': 'west', 'half': 'top', 'shape': 'straight', 'waterlogged': 'false'}",
"(44, 16, 24)",minecraft:spruce_planks,{},
"(46, 16, 24)",minecraft:spruce_planks,{},
"(11, 16, 25)",minecraft:dark_oak_slab,"{'type': 'bottom', 'waterlogged': 'false'}",
"(12, 16, 25)",minecraft:acacia_leaves,"{'distance': '7', 'persistent': 'true', 'waterlogged': 'false'}",
"(14, 16, 25)",minecraft:andesite,{},
"(22, 16, 25)",minecraft:stone,{},
"(23, 16, 25)",minecraft:polished_andesite_slab,"{'type': 'top', 'waterlogged': 'false'}",
"(24, 16, 25)",minecraft:polished_andesite_stairs,"{'facing': 'south', 'half': 'top', 'shape': 'straight', 'waterlogged': 'false'}",
"(25, 16, 25)",minecraft:polished_andesite_slab,"{'type': 'top', 'waterlogged': 'false'}",
"(26, 16, 25)",minecraft:polished_andesite_slab,"{'type': 'top', 'waterlogged': 'false'}",
"(27, 16, 25)",minecraft:stone_bricks,{},
"(28, 16, 25)",minecraft:stone_bricks,{},
"(29, 16, 25)",minecraft:gray_stained_glass,{},
"(30, 16, 25)",minecraft:gray_stained_glass,{},
"(31, 16, 25)",minecraft:stone_bricks,{},
"(32, 16, 25)",minecraft:gray_stained_glass,{},
"(33, 16, 25)",minecraft:gray_stained_glass,{},
"(34, 16, 25)",minecraft:stone,{},
"(35, 16, 25)",minecraft:stone,{},
"(36, 16, 25)",minecraft:polished_andesite_slab,"{'type': 'top', 'waterlogged': 'false'}",
"(37, 16, 25)",minecraft:polished_andesite_slab,"{'type': 'top', 'waterlogged': 'false'}",
"(38, 16, 25)",minecraft:polished_andesite_stairs,"{'facing': 'south', 'half': 'top', 'shape': 'straight', 'waterlogged': 'false'}",
"(44, 16, 25)",minecraft:spruce_planks,{},
"(46, 16, 25)",minecraft:spruce_planks,{},
"(11, 16, 26)",minecraft:dark_oak_slab,"{'type': 'bottom', 'waterlogged': 'false'}",
"(12, 16, 26)",minecraft:acacia_leaves,"{'distance': '7', 'persistent': 'true', 'waterlogged': 'false'}",
"(14, 16, 26)",minecraft:stone,{},
"(15, 16, 26)",minecraft:potted_azure_bluet,{},
"(22, 16, 26)",minecraft:stone_bricks,{},
"(23, 16, 26)",minecraft:stone_bricks,{},
"(24, 16, 26)",minecraft:stone,{},
"(25, 16, 26)",minecraft:stone_bricks,{},
"(26, 16, 26)",minecraft:stone,{},
"(27, 16, 26)",minecraft:stone,{},
"(28, 16, 26)",minecraft:stone,{},
"(31, 16, 26)",minecraft:stone_bricks,{},
"(34, 16, 26)",minecraft:andesite,{},
"(35, 16, 26)",minecraft:andesite,{},
"(36, 16, 26)",minecraft:stone,{},
"(37, 16, 26)",minecraft:andesite,{},
"(38, 16, 26)",minecraft:stone_bricks,{},
"(44, 16, 26)",minecraft:spruce_planks,{},
"(46, 16, 26)",minecraft:spruce_planks,{},
"(11, 16, 27)",minecraft:dark_oak_slab,"{'type': 'bottom', 'waterlogged': 'false'}",
"(14, 16, 27)",minecraft:stone,{},
"(15, 16, 27)",minecraft:iron_chain,"{'axis': 'y', 'waterlogged': 'false'}",
"(21, 16, 27)",minecraft:ladder,"{'facing': 'west', 'waterlogged': 'false'}",
"(22, 16, 27)",minecraft:stone,{},
"(23, 16, 27)",minecraft:stone,{},
"(27, 16, 27)",minecraft:stone,{},
"(34, 16, 27)",minecraft:spruce_trapdoor,"{'facing': 'west', 'half': 'bottom', 'open': 'true', 'powered': 'false', 'waterlogged': 'false'}",
"(35, 16, 27)",minecraft:spruce_stairs,"{'facing': 'north', 'half': 'top', 'shape': 'straight', 'waterlogged': 'false'}",
"(36, 16, 27)",minecraft:stripped_spruce_wood,{'axis': 'y'},
"(37, 16, 27)",minecraft:stripped_spruce_wood,{'axis': 'y'},
"(38, 16, 27)",minecraft:stone,{},
"(39, 16, 27)",minecraft:spruce_planks,{},
"(40, 16, 27)",minecraft:spruce_planks,{},
"(41, 16, 27)",minecraft:spruce_planks,{},
"(42, 16, 27)",minecraft:spruce_planks,{},
"(43, 16, 27)",minecraft:spruce_planks,{},
"(44, 16, 27)",minecraft:spruce_planks,{},
"(46, 16, 27)",minecraft:spruce_planks,{},
"(47, 16, 27)",minecraft:spruce_planks,{},
"(48, 16, 27)",minecraft:spruce_planks,{},
"(49, 16, 27)",minecraft:spruce_planks,{},
"(50, 16, 27)",minecraft:spruce_planks,{},
"(51, 16, 27)",minecraft:spruce_planks,{},
"(52, 16, 27)",minecraft:dark_oak_planks,{},
"(11, 16, 28)",minecraft:dark_oak_slab,"{'type': 'bottom', 'waterlogged': 'false'}",
"(14, 16, 28)",minecraft:stone,{},
"(22, 16, 28)",minecraft:stone_bricks,{},
"(23, 16, 28)",minecraft:stone,{},
"(25, 16, 28)",minecraft:oak_log,{'axis': 'y'},
"(27, 16, 28)",minecraft:andesite,{},
"(34, 16, 28)",minecraft:spruce_trapdoor,"{'facing': 'west', 'half': 'bottom', 'open': 'true', 'powered': 'false', 'waterlogged': 'false'}",
"(37, 16, 28)",minecraft:chest,"{'facing': 'west', 'type': 'right', 'waterlogged': 'false'}","{components: {}, Items: [], id: ""minecraft:chest""}"
"(38, 16, 28)",minecraft:stone_bricks,{},
"(45, 16, 28)",minecraft:iron_chain,"{'axis': 'y', 'waterlogged': 'false'}",
"(51, 16, 28)",minecraft:stripped_oak_wood,{'axis': 'z'},
"(11, 16, 29)",minecraft:dark_oak_slab,"{'type': 'bottom', 'waterlogged': 'false'}",
"(14, 16, 29)",minecraft:stone,{},
"(22, 16, 29)",minecraft:stone_bricks,{},
"(23, 16, 29)",minecraft:andesite,{},
"(27, 16, 29)",minecraft:stone_bricks,{},
"(34, 16, 29)",minecraft:spruce_trapdoor,"{'facing': 'west', 'half': 'bottom', 'open': 'true', 'powered': 'false', 'waterlogged': 'false'}",
"(37, 16, 29)",minecraft:chest,"{'facing': 'west', 'type': 'left', 'waterlogged': 'false'}","{components: {}, Items: [], id: ""minecraft:chest""}"
"(38, 16, 29)",minecraft:stone,{},
"(39, 16, 29)",minecraft:spruce_planks,{},
"(40, 16, 29)",minecraft:spruce_planks,{},
"(41, 16, 29)",minecraft:spruce_planks,{},
"(42, 16, 29)",minecraft:spruce_planks,{},
"(43, 16, 29)",minecraft:spruce_planks,{},
"(44, 16, 29)",minecraft:spruce_planks,{},
"(46, 16, 29)",minecraft:spruce_planks,{},
"(47, 16, 29)",minecraft:spruce_planks,{},
"(48, 16, 29)",minecraft:spruce_planks,{},
"(49, 16, 29)",minecraft:spruce_planks,{},
"(50, 16, 29)",minecraft:spruce_planks,{},
"(51, 16, 29)",minecraft:spruce_planks,{},
"(52, 16, 29)",minecraft:dark_oak_planks,{},
"(11, 16, 30)",minecraft:dark_oak_stairs,"{'facing': 'south', 'half': 'bottom', 'shape': 'straight', 'waterlogged': 'false'}",
"(14, 16, 30)",minecraft:andesite,{},
"(15, 16, 30)",minecraft:spruce_trapdoor,"{'facing': 'north', 'half': 'top', 'open': 'false', 'powered': 'false', 'waterlogged': 'false'}",
"(16, 16, 30)",minecraft:spruce_trapdoor,"{'facing': 'north', 'half': 'top', 'open': 'false', 'powered': 'false', 'waterlogged': 'false'}",
"(17, 16, 30)",minecraft:bookshelf,{},
"(18, 16, 30)",minecraft:bookshelf,{},
"(22, 16, 30)",minecraft:stone_bricks,{},
"(23, 16, 30)",minecraft:stone,{},
"(27, 16, 30)",minecraft:stone_bricks,{},
"(34, 16, 30)",minecraft:spruce_trapdoor,"{'facing': 'west', 'half': 'bottom', 'open': 'true', 'powered': 'false', 'waterlogged': 'false'}",
"(36, 16, 30)",minecraft:stripped_spruce_wood,{'axis': 'y'},
"(37, 16, 30)",minecraft:stripped_spruce_wood,{'axis': 'y'},
"(38, 16, 30)",minecraft:stone,{},
"(44, 16, 30)",minecraft:spruce_planks,{},
"(46, 16, 30)",minecraft:spruce_planks,{},
"(11, 16, 31)",minecraft:dark_oak_stairs,"{'facing': 'north', 'half': 'top', 'shape': 'straight', 'waterlogged': 'false'}",
"(13, 16, 31)",minecraft:stone,{},
"(14, 16, 31)",minecraft:stone_bricks,{},
"(15, 16, 31)",minecraft:stone,{},
"(16, 16, 31)",minecraft:stone_bricks,{},
"(17, 16, 31)",minecraft:stone,{},
"(18, 16, 31)",minecraft:stone_bricks,{},
"(19, 16, 31)",minecraft:stone,{},
"(20, 16, 31)",minecraft:stone_bricks,{},
"(21, 16, 31)",minecraft:stone_bricks,{},
"(22, 16, 31)",minecraft:andesite,{},
"(23, 16, 31)",minecraft:stone_bricks,{},
"(27, 16, 31)",minecraft:andesite,{},
"(34, 16, 31)",minecraft:spruce_trapdoor,"{'facing': 'west', 'half': 'bottom', 'open': 'true', 'powered': 'false', 'waterlogged': 'false'}",
"(37, 16, 31)",minecraft:chest,"{'facing': 'west', 'type': 'right', 'waterlogged': 'false'}","{components: {}, Items: [], id: ""minecraft:chest""}"
"(38, 16, 31)",minecraft:stone_bricks,{},
"(44, 16, 31)",minecraft:spruce_planks,{},
"(46, 16, 31)",minecraft:spruce_planks,{},
"(13, 16, 32)",minecraft:stone_bricks,{},
"(14, 16, 32)",minecraft:stone_bricks,{},
"(16, 16, 32)",minecraft:spruce_trapdoor,"{'facing': 'west', 'half': 'top', 'open': 'true', 'powered': 'false', 'waterlogged': 'false'}",
"(17, 16, 32)",minecraft:stripped_spruce_log,{'axis': 'z'},
"(18, 16, 32)",minecraft:spruce_trapdoor,"{'facing': 'east', 'half': 'top', 'open': 'true', 'powered': 'false', 'waterlogged': 'false'}",
"(20, 16, 32)",minecraft:andesite,{},
"(22, 16, 32)",minecraft:stone,{},
"(23, 16, 32)",minecraft:stone,{},
"(27, 16, 32)",minecraft:andesite,{},
"(34, 16, 32)",minecraft:spruce_trapdoor,"{'facing': 'west', 'half': 'bottom', 'open': 'true', 'powered': 'false', 'waterlogged': 'false'}",
"(37, 16, 32)",minecraft:chest,"{'facing': 'west', 'type': 'left', 'waterlogged': 'false'}","{components: {}, Items: [], id: ""minecraft:chest""}"
"(38, 16, 32)",minecraft:stone,{},
"(44, 16, 32)",minecraft:spruce_planks,{},
"(46, 16, 32)",minecraft:spruce_planks,{},
"(17, 16, 33)",minecraft:stripped_spruce_log,{'axis': 'z'},
"(20, 16, 33)",minecraft:stone_bricks,{},
"(23, 16, 33)",minecraft:andesite,{},
"(27, 16, 33)",minecraft:stone_bricks,{},
"(34, 16, 33)",minecraft:spruce_trapdoor,"{'facing': 'west', 'half': 'bottom', 'open': 'true', 'powered': 'false', 'waterlogged': 'false'}",
"(35, 16, 33)",minecraft:spruce_stairs,"{'facing': 'south', 'half': 'top', 'shape': 'straight', 'waterlogged': 'false'}",
"(36, 16, 33)",minecraft:stripped_spruce_wood,{'axis': 'y'},
"(37, 16, 33)",minecraft:stripped_spruce_wood,{'axis': 'y'},
"(38, 16, 33)",minecraft:stone_bricks,{},
"(44, 16, 33)",minecraft:spruce_planks,{},
"(45, 16, 33)",minecraft:flowering_azalea_leaves,"{'distance': '2', 'persistent': 'true', 'waterlogged': 'false'}",
"(46, 16, 33)",minecraft:spruce_planks,{},
"(49, 16, 33)",minecraft:bricks,{},
"(17, 16, 34)",minecraft:oak_log,{'axis': 'z'},
"(20, 16, 34)",minecraft:stone,{},
"(21, 16, 34)",minecraft:stone_bricks,{},
"(22, 16, 34)",minecraft:stone,{},
"(23, 16, 34)",minecraft:andesite,{},
"(24, 16, 34)",minecraft:stone_bricks,{},
"(25, 16, 34)",minecraft:andesite,{},
"(26, 16, 34)",minecraft:stone,{},
"(27, 16, 34)",minecraft:stone_bricks,{},
"(35, 16, 34)",minecraft:stone,{},
"(36, 16, 34)",minecraft:andesite,{},
"(37, 16, 34)",minecraft:stone_bricks,{},
"(38, 16, 34)",minecraft:andesite,{},
"(44, 16, 34)",minecraft:spruce_planks,{},
"(45, 16, 34)",minecraft:oak_planks,{},
"(46, 16, 34)",minecraft:spruce_planks,{},
"(17, 16, 35)",minecraft:stripped_spruce_log,{'axis': 'z'},
"(20, 16, 35)",minecraft:polished_andesite_stairs,"{'facing': 'north', 'half': 'top', 'shape': 'straight', 'waterlogged': 'false'}",
"(21, 16, 35)",minecraft:polished_andesite_slab,"{'type': 'top', 'waterlogged': 'false'}",
"(22, 16, 35)",minecraft:polished_andesite_stairs,"{'facing': 'north', 'half': 'top', 'shape': 'straight', 'waterlogged': 'false'}",
"(23, 16, 35)",minecraft:polished_andesite_slab,"{'type': 'top', 'waterlogged': 'false'}",
"(24, 16, 35)",minecraft:polished_andesite_stairs,"{'facing': 'north', 'half': 'top', 'shape': 'straight', 'waterlogged': 'false'}",
"(25, 16, 35)",minecraft:polished_andesite_slab,"{'type': 'top', 'waterlogged': 'false'}",
"(26, 16, 35)",minecraft:polished_andesite_slab,"{'type': 'top', 'waterlogged': 'false'}",
"(27, 16, 35)",minecraft:andesite,{},
"(35, 16, 35)",minecraft:stone,{},
"(36, 16, 35)",minecraft:polished_andesite_slab,"{'type': 'top', 'waterlogged': 'false'}",
"(37, 16, 35)",minecraft:polished_andesite_slab,"{'type': 'top', 'waterlogged': 'false'}",
"(38, 16, 35)",minecraft:polished_andesite_stairs,"{'facing': 'north', 'half': 'top', 'shape': 'straight', 'waterlogged': 'false'}",
"(44, 16, 35)",minecraft:dark_oak_planks,{},
"(46, 16, 35)",minecraft:dark_oak_planks,{},
"(17, 16, 36)",minecraft:oak_log,{'axis': 'z'},
"(26, 16, 36)",minecraft:polished_andesite_stairs,"{'facing': 'east', 'half': 'top', 'shape': 'straight', 'waterlogged': 'false'}",
"(27, 16, 36)",minecraft:stone,{},
"(28, 16, 36)",minecraft:stone_bricks,{},
"(29, 16, 36)",minecraft:andesite,{},
"(30, 16, 36)",minecraft:stone_bricks,{},
"(31, 16, 36)",minecraft:stone_bricks,{},
"(32, 16, 36)",minecraft:stone,{},
"(33, 16, 36)",minecraft:stone_bricks,{},
"(34, 16, 36)",minecraft:andesite,{},
"(35, 16, 36)",minecraft:stone,{},
"(36, 16, 36)",minecraft:polished_andesite_stairs,"{'facing': 'west', 'half': 'top', 'shape': 'straight', 'waterlogged': 'false'}",
"(17, 16, 37)",minecraft:spruce_button,"{'face': 'wall', 'facing': 'south', 'powered': 'false'}",
"(27, 16, 37)",minecraft:dark_oak_slab,"{'type': 'double', 'waterlogged': 'false'}",
"(28, 16, 37)",minecraft:spruce_planks,{},
"(29, 16, 37)",minecraft:spruce_planks,{},
"(30, 16, 37)",minecraft:spruce_planks,{},
"(31, 16, 37)",minecraft:spruce_planks,{},
"(32, 16, 37)",minecraft:spruce_planks,{},
"(33, 16, 37)",minecraft:spruce_planks,{},
"(34, 16, 37)",minecraft:spruce_planks,{},
"(35, 16, 37)",minecraft:dark_oak_slab,"{'type': 'double', 'waterlogged': 'false'}",
"(27, 16, 38)",minecraft:dark_oak_slab,"{'type': 'bottom', 'waterlogged': 'false'}",
"(28, 16, 38)",minecraft:spruce_slab,"{'type': 'bottom', 'waterlogged': 'false'}",
"(29, 16, 38)",minecraft:spruce_slab,"{'type': 'bottom', 'waterlogged': 'false'}",
"(30, 16, 38)",minecraft:spruce_slab,"{'type': 'bottom', 'waterlogged': 'false'}",
"(31, 16, 38)",minecraft:spruce_slab,"{'type': 'bottom', 'waterlogged': 'false'}",
"(32, 16, 38)",minecraft:spruce_slab,"{'type': 'bottom', 'waterlogged': 'false'}",
"(33, 16, 38)",minecraft:spruce_slab,"{'type': 'bottom', 'waterlogged': 'false'}",
"(34, 16, 38)",minecraft:spruce_slab,"{'type': 'bottom', 'waterlogged': 'false'}",
"(35, 16, 38)",minecraft:dark_oak_slab,"{'type': 'bottom', 'waterlogged': 'false'}",
"(21, 17, 2)",minecraft:polished_andesite_slab,"{'type': 'bottom', 'waterlogged': 'false'}",
"(23, 17, 2)",minecraft:polished_andesite_slab,"{'type': 'bottom', 'waterlogged': 'false'}",
"(33, 17, 2)",minecraft:polished_andesite_slab,"{'type': 'bottom', 'waterlogged': 'false'}",
"(35, 17, 2)",minecraft:polished_andesite_slab,"{'type': 'bottom', 'waterlogged': 'false'}",
"(21, 17, 3)",minecraft:spruce_planks,{},
"(22, 17, 3)",minecraft:spruce_planks,{},
"(23, 17, 3)",minecraft:spruce_planks,{},
"(33, 17, 3)",minecraft:spruce_planks,{},
"(34, 17, 3)",minecraft:spruce_planks,{},
"(35, 17, 3)",minecraft:spruce_planks,{},
"(19, 17, 4)",minecraft:polished_andesite_slab,"{'type': 'bottom', 'waterlogged': 'false'}",
"(20, 17, 4)",minecraft:spruce_planks,{},
"(21, 17, 4)",minecraft:spruce_planks,{},
"(22, 17, 4)",minecraft:spruce_planks,{},
"(23, 17, 4)",minecraft:spruce_planks,{},
"(24, 17, 4)",minecraft:spruce_planks,{},
"(25, 17, 4)",minecraft:polished_andesite_slab,"{'type': 'bottom', 'waterlogged': 'false'}",
"(31, 17, 4)",minecraft:polished_andesite_slab,"{'type': 'bottom', 'waterlogged': 'false'}",
"(32, 17, 4)",minecraft:spruce_planks,{},
"(33, 17, 4)",minecraft:spruce_planks,{},
"(34, 17, 4)",minecraft:spruce_planks,{},
"(35, 17, 4)",minecraft:spruce_planks,{},
"(36, 17, 4)",minecraft:spruce_planks,{},
"(37, 17, 4)",minecraft:polished_andesite_slab,"{'type': 'bottom', 'waterlogged': 'false'}",
"(20, 17, 5)",minecraft:spruce_planks,{},
"(21, 17, 5)",minecraft:spruce_planks,{},
"(22, 17, 5)",minecraft:spruce_planks,{},
"(23, 17, 5)",minecraft:spruce_planks,{},
"(24, 17, 5)",minecraft:spruce_planks,{},
"(32, 17, 5)",minecraft:spruce_planks,{},
"(33, 17, 5)",minecraft:spruce_planks,{},
"(34, 17, 5)",minecraft:spruce_planks,{},
"(35, 17, 5)",minecraft:spruce_planks,{},
"(36, 17, 5)",minecraft:spruce_planks,{},
"(19, 17, 6)",minecraft:polished_andesite_slab,"{'type': 'bottom', 'waterlogged': 'false'}",
"(20, 17, 6)",minecraft:spruce_planks,{},
"(21, 17, 6)",minecraft:spruce_planks,{},
"(22, 17, 6)",minecraft:spruce_planks,{},
"(23, 17, 6)",minecraft:spruce_planks,{},
"(24, 17, 6)",minecraft:spruce_planks,{},
"(31, 17, 6)",minecraft:polished_andesite_slab,"{'type': 'bottom', 'waterlogged': 'false'}",
"(32, 17, 6)",minecraft:spruce_planks,{},
"(33, 17, 6)",minecraft:spruce_planks,{},
"(34, 17, 6)",minecraft:spruce_planks,{},
"(35, 17, 6)",minecraft:spruce_planks,{},
"(36, 17, 6)",minecraft:spruce_planks,{},
"(37, 17, 6)",minecraft:polished_andesite_slab,"{'type': 'bottom', 'waterlogged': 'false'}",
"(45, 17, 6)",minecraft:campfire,"{'facing': 'south', 'lit': 'false', 'signal_fire': 'false', 'waterlogged': 'false'}","{components: {}, Items: [], CookingTimes: [I; 0, 0, 0, 0], CookingTotalTimes: [I; 0, 0, 0, 0], id: ""minecraft:campfire""}"
"(21, 17, 7)",minecraft:spruce_planks,{},
"(22, 17, 7)",minecraft:spruce_planks,{},
"(23, 17, 7)",minecraft:spruce_planks,{},
"(33, 17, 7)",minecraft:spruce_planks,{},
"(34, 17, 7)",minecraft:spruce_planks,{},
"(35, 17, 7)",minecraft:spruce_planks,{},
"(44, 17, 7)",minecraft:stone_bricks,{},
"(45, 17, 7)",minecraft:stone_brick_stairs,"{'facing': 'south', 'half': 'top', 'shape': 'straight', 'waterlogged': 'false'}",
"(46, 17, 7)",minecraft:andesite,{},
"(13, 17, 8)",minecraft:polished_andesite,{},
"(14, 17, 8)",minecraft:cobblestone_wall,"{'east': 'low', 'north': 'none', 'south': 'low', 'up': 'true', 'waterlogged': 'false', 'west': 'low'}",
"(15, 17, 8)",minecraft:polished_andesite,{},
"(21, 17, 8)",minecraft:polished_andesite_slab,"{'type': 'bottom', 'waterlogged': 'false'}",
"(23, 17, 8)",minecraft:polished_andesite_slab,"{'type': 'bottom', 'waterlogged': 'false'}",
"(33, 17, 8)",minecraft:polished_andesite_slab,"{'type': 'bottom', 'waterlogged': 'false'}",
"(35, 17, 8)",minecraft:polished_andesite_slab,"{'type': 'bottom', 'waterlogged': 'false'}",
"(44, 17, 8)",minecraft:stone,{},
"(46, 17, 8)",minecraft:stone_stairs,"{'facing': 'west', 'half': 'top', 'shape': 'straight', 'waterlogged': 'false'}",
"(47, 17, 8)",minecraft:campfire,"{'facing': 'west', 'lit': 'false', 'signal_fire': 'false', 'waterlogged': 'false'}","{components: {}, Items: [], CookingTimes: [I; 0, 0, 0, 0], CookingTotalTimes: [I; 0, 0, 0, 0], id: ""minecraft:campfire""}"
"(12, 17, 9)",minecraft:polished_andesite,{},
"(13, 17, 9)",minecraft:spruce_planks,{},
"(14, 17, 9)",minecraft:spruce_planks,{},
"(15, 17, 9)",minecraft:spruce_planks,{},
"(16, 17, 9)",minecraft:polished_andesite,{},
"(44, 17, 9)",minecraft:stone,{},
"(45, 17, 9)",minecraft:andesite_stairs,"{'facing': 'north', 'half': 'top', 'shape': 'straight', 'waterlogged': 'false'}",
"(46, 17, 9)",minecraft:stone_bricks,{},
"(12, 17, 10)",minecraft:cobblestone_wall,"{'east': 'low', 'north': 'low', 'south': 'low', 'up': 'true', 'waterlogged': 'false', 'west': 'none'}",
"(13, 17, 10)",minecraft:spruce_planks,{},
"(15, 17, 10)",minecraft:spruce_planks,{},
"(16, 17, 10)",minecraft:cobblestone_wall,"{'east': 'none', 'north': 'low', 'south': 'low', 'up': 'true', 'waterlogged': 'false', 'west': 'low'}",
"(45, 17, 10)",minecraft:campfire,"{'facing': 'north', 'lit': 'false', 'signal_fire': 'false', 'waterlogged': 'false'}","{components: {}, Items: [], CookingTimes: [I; 0, 0, 0, 0], CookingTotalTimes: [I; 0, 0, 0, 0], id: ""minecraft:campfire""}"
"(12, 17, 11)",minecraft:polished_andesite,{},
"(13, 17, 11)",minecraft:spruce_planks,{},
"(14, 17, 11)",minecraft:spruce_planks,{},
"(15, 17, 11)",minecraft:spruce_planks,{},
"(16, 17, 11)",minecraft:polished_andesite,{},
"(13, 17, 12)",minecraft:polished_andesite,{},
"(14, 17, 12)",minecraft:cobblestone_wall,"{'east': 'low', 'north': 'low', 'south': 'none', 'up': 'true', 'waterlogged': 'false', 'west': 'low'}",
"(15, 17, 12)",minecraft:polished_andesite,{},
"(16, 17, 12)",minecraft:spruce_fence,"{'east': 'false', 'north': 'true', 'south': 'false', 'waterlogged': 'false', 'west': 'true'}",
"(44, 17, 15)",minecraft:dark_oak_stairs,"{'facing': 'east', 'half': 'bottom', 'shape': 'straight', 'waterlogged': 'false'}",
"(45, 17, 15)",minecraft:dark_oak_stairs,"{'facing': 'south', 'half': 'top', 'shape': 'straight', 'waterlogged': 'false'}",
"(46, 17, 15)",minecraft:dark_oak_stairs,"{'facing': 'west', 'half': 'bottom', 'shape': 'straight', 'waterlogged': 'false'}",
"(44, 17, 16)",minecraft:spruce_stairs,"{'facing': 'east', 'half': 'bottom', 'shape': 'straight', 'waterlogged': 'false'}",
"(45, 17, 16)",minecraft:oak_planks,{},
"(46, 17, 16)",minecraft:spruce_stairs,"{'facing': 'west', 'half': 'bottom', 'shape': 'straight', 'waterlogged': 'false'}",
"(44, 17, 17)",minecraft:spruce_stairs,"{'facing': 'east', 'half': 'bottom', 'shape': 'straight', 'waterlogged': 'false'}",
"(45, 17, 17)",minecraft:iron_chain,"{'axis': 'y', 'waterlogged': 'false'}",
"(46, 17, 17)",minecraft:spruce_stairs,"{'facing': 'west', 'half': 'bottom', 'shape': 'straight', 'waterlogged': 'false'}",
"(44, 17, 18)",minecraft:spruce_stairs,"{'facing': 'east', 'half': 'bottom', 'shape': 'straight', 'waterlogged': 'false'}",
"(46, 17, 18)",minecraft:spruce_stairs,"{'facing': 'west', 'half': 'bottom', 'shape': 'straight', 'waterlogged': 'false'}",
"(44, 17, 19)",minecraft:spruce_stairs,"{'facing': 'east', 'half': 'bottom', 'shape': 'straight', 'waterlogged': 'false'}",
"(46, 17, 19)",minecraft:spruce_stairs,"{'facing': 'west', 'half': 'bottom', 'shape': 'straight', 'waterlogged': 'false'}",
"(44, 17, 20)",minecraft:spruce_stairs,"{'facing': 'east', 'half': 'bottom', 'shape': 'straight', 'waterlogged': 'false'}",
"(46, 17, 20)",minecraft:spruce_stairs,"{'facing': 'west', 'half': 'bottom', 'shape': 'straight', 'waterlogged': 'false'}",
"(13, 17, 21)",minecraft:acacia_leaves,"{'distance': '7', 'persistent': 'true', 'waterlogged': 'false'}",
"(15, 17, 21)",minecraft:acacia_leaves,"{'distance': '7', 'persistent': 'true', 'waterlogged': 'false'}",
"(16, 17, 21)",minecraft:spruce_trapdoor,"{'facing': 'north', 'half': 'bottom', 'open': 'true', 'powered': 'false', 'waterlogged': 'false'}",
"(17, 17, 21)",minecraft:oak_trapdoor,"{'facing': 'north', 'half': 'top', 'open': 'true', 'powered': 'false', 'waterlogged': 'false'}",
"(18, 17, 21)",minecraft:oak_trapdoor,"{'facing': 'north', 'half': 'top', 'open': 'true', 'powered': 'false', 'waterlogged': 'false'}",
"(19, 17, 21)",minecraft:oak_trapdoor,"{'facing': 'north', 'half': 'top', 'open': 'true', 'powered': 'false', 'waterlogged': 'false'}",
"(20, 17, 21)",minecraft:spruce_trapdoor,"{'facing': 'north', 'half': 'bottom', 'open': 'true', 'powered': 'false', 'waterlogged': 'false'}",
"(21, 17, 21)",minecraft:acacia_leaves,"{'distance': '7', 'persistent': 'true', 'waterlogged': 'false'}",
"(44, 17, 21)",minecraft:spruce_stairs,"{'facing': 'east', 'half': 'bottom', 'shape': 'straight', 'waterlogged': 'false'}",
"(46, 17, 21)",minecraft:spruce_stairs,"{'facing': 'west', 'half': 'bottom', 'shape': 'straight', 'waterlogged': 'false'}",
"(13, 17, 22)",minecraft:andesite,{},
"(14, 17, 22)",minecraft:stone_bricks,{},
"(15, 17, 22)",minecraft:spruce_trapdoor,"{'facing': 'west', 'half': 'bottom', 'open': 'true', 'powered': 'false', 'waterlogged': 'false'}",
"(16, 17, 22)",minecraft:coarse_dirt,{},
"(17, 17, 22)",minecraft:spruce_planks,{},
"(18, 17, 22)",minecraft:coarse_dirt,{},
"(19, 17, 22)",minecraft:spruce_planks,{},
"(20, 17, 22)",minecraft:coarse_dirt,{},
"(21, 17, 22)",minecraft:spruce_trapdoor,"{'facing': 'east', 'half': 'bottom', 'open': 'true', 'powered': 'false', 'waterlogged': 'false'}",
"(22, 17, 22)",minecraft:stone,{},
"(23, 17, 22)",minecraft:stone,{},
"(44, 17, 22)",minecraft:spruce_stairs,"{'facing': 'east', 'half': 'bottom', 'shape': 'straight', 'waterlogged': 'false'}",
"(46, 17, 22)",minecraft:spruce_stairs,"{'facing': 'west', 'half': 'bottom', 'shape': 'straight', 'waterlogged': 'false'}",
"(11, 17, 23)",minecraft:acacia_leaves,"{'distance': '7', 'persistent': 'true', 'waterlogged': 'false'}",
"(13, 17, 23)",minecraft:stone_bricks,{},
"(14, 17, 23)",minecraft:stone,{},
"(15, 17, 23)",minecraft:stone_bricks,{},
"(16, 17, 23)",minecraft:stone,{},
"(17, 17, 23)",minecraft:stone,{},
"(18, 17, 23)",minecraft:stone_bricks,{},
"(19, 17, 23)",minecraft:stone,{},
"(20, 17, 23)",minecraft:stone_bricks,{},
"(21, 17, 23)",minecraft:stone,{},
"(22, 17, 23)",minecraft:stone,{},
"(23, 17, 23)",minecraft:andesite,{},
"(29, 17, 23)",minecraft:spruce_stairs,"{'facing': 'east', 'half': 'bottom', 'shape': 'straight', 'waterlogged': 'false'}",
"(30, 17, 23)",minecraft:spruce_slab,"{'type': 'top', 'waterlogged': 'false'}",
"(31, 17, 23)",minecraft:spruce_trapdoor,"{'facing': 'north', 'half': 'top', 'open': 'false', 'powered': 'false', 'waterlogged': 'false'}",
"(32, 17, 23)",minecraft:spruce_slab,"{'type': 'top', 'waterlogged': 'false'}",
"(33, 17, 23)",minecraft:spruce_stairs,"{'facing': 'west', 'half': 'bottom', 'shape': 'straight', 'waterlogged': 'false'}",
"(44, 17, 23)",minecraft:spruce_stairs,"{'facing': 'east', 'half': 'bottom', 'shape': 'straight', 'waterlogged': 'false'}",
"(46, 17, 23)",minecraft:spruce_stairs,"{'facing': 'west', 'half': 'bottom', 'shape': 'straight', 'waterlogged': 'false'}",
"(14, 17, 24)",minecraft:stone,{},
"(22, 17, 24)",minecraft:stone_bricks,{},
"(26, 17, 24)",minecraft:cobblestone_wall,"{'east': 'tall', 'north': 'none', 'south': 'none', 'up': 'true', 'waterlogged': 'false', 'west': 'none'}",
"(27, 17, 24)",minecraft:andesite,{},
"(28, 17, 24)",minecraft:stone_bricks,{},
"(29, 17, 24)",minecraft:stone_brick_stairs,"{'facing': 'west', 'half': 'top', 'shape': 'straight', 'waterlogged': 'false'}",
"(30, 17, 24)",minecraft:stone_stairs,"{'facing': 'east', 'half': 'top', 'shape': 'straight', 'waterlogged': 'false'}",
"(31, 17, 24)",minecraft:stone_bricks,{},
"(32, 17, 24)",minecraft:andesite_stairs,"{'facing': 'west', 'half': 'top', 'shape': 'straight', 'waterlogged': 'false'}",
"(33, 17, 24)",minecraft:stone_stairs,"{'facing': 'east', 'half': 'top', 'shape': 'straight', 'waterlogged': 'false'}",
"(34, 17, 24)",minecraft:stone,{},
"(35, 17, 24)",minecraft:stone,{},
"(36, 17, 24)",minecraft:cobblestone_wall,"{'east': 'none', 'north': 'none', 'south': 'none', 'up': 'true', 'waterlogged': 'false', 'west': 'tall'}",
"(44, 17, 24)",minecraft:spruce_stairs,"{'facing': 'east', 'half': 'bottom', 'shape': 'straight', 'waterlogged': 'false'}",
"(46, 17, 24)",minecraft:spruce_stairs,"{'facing': 'west', 'half': 'bottom', 'shape': 'straight', 'waterlogged': 'false'}",
"(12, 17, 25)",minecraft:acacia_leaves,"{'distance': '7', 'persistent': 'true', 'waterlogged': 'false'}",
"(14, 17, 25)",minecraft:stone_bricks,{},
"(22, 17, 25)",minecraft:stone_bricks,{},
"(23, 17, 25)",minecraft:polished_andesite_slab,"{'type': 'bottom', 'waterlogged': 'false'}",
"(24, 17, 25)",minecraft:cobblestone_wall,"{'east': 'none', 'north': 'none', 'south': 'low', 'up': 'true', 'waterlogged': 'false', 'west': 'none'}",
"(25, 17, 25)",minecraft:polished_andesite_slab,"{'type': 'bottom', 'waterlogged': 'false'}",
"(26, 17, 25)",minecraft:polished_andesite_slab,"{'type': 'bottom', 'waterlogged': 'false'}",
"(27, 17, 25)",minecraft:spruce_planks,{},
"(28, 17, 25)",minecraft:stone,{},
"(29, 17, 25)",minecraft:gray_stained_glass,{},
"(30, 17, 25)",minecraft:gray_stained_glass,{},
"(31, 17, 25)",minecraft:stone_bricks,{},
"(32, 17, 25)",minecraft:gray_stained_glass,{},
"(33, 17, 25)",minecraft:gray_stained_glass,{},
"(34, 17, 25)",minecraft:andesite,{},
"(35, 17, 25)",minecraft:spruce_planks,{},
"(36, 17, 25)",minecraft:polished_andesite_slab,"{'type': 'bottom', 'waterlogged': 'false'}",
"(37, 17, 25)",minecraft:polished_andesite_slab,"{'type': 'bottom', 'waterlogged': 'false'}",
"(38, 17, 25)",minecraft:cobblestone_wall,"{'east': 'none', 'north': 'none', 'south': 'tall', 'up': 'true', 'waterlogged': 'false', 'west': 'none'}",
"(44, 17, 25)",minecraft:spruce_stairs,"{'facing': 'east', 'half': 'bottom', 'shape': 'straight', 'waterlogged': 'false'}",
"(46, 17, 25)",minecraft:spruce_stairs,"{'facing': 'west', 'half': 'bottom', 'shape': 'straight', 'waterlogged': 'false'}",
"(14, 17, 26)",minecraft:andesite,{},
"(22, 17, 26)",minecraft:stone,{},
"(23, 17, 26)",minecraft:spruce_planks,{},
"(24, 17, 26)",minecraft:spruce_planks,{},
"(25, 17, 26)",minecraft:spruce_planks,{},
"(26, 17, 26)",minecraft:spruce_planks,{},
"(27, 17, 26)",minecraft:spruce_planks,{},
"(28, 17, 26)",minecraft:stone,{},
"(29, 17, 26)",minecraft:stone_brick_stairs,"{'facing': 'west', 'half': 'top', 'shape': 'straight', 'waterlogged': 'false'}",
"(30, 17, 26)",minecraft:stone_stairs,"{'facing': 'east', 'half': 'top', 'shape': 'straight', 'waterlogged': 'false'}",
"(31, 17, 26)",minecraft:stone,{},
"(32, 17, 26)",minecraft:stone_brick_stairs,"{'facing': 'west', 'half': 'top', 'shape': 'straight', 'waterlogged': 'false'}",
"(33, 17, 26)",minecraft:andesite_stairs,"{'facing': 'east', 'half': 'top', 'shape': 'straight', 'waterlogged': 'false'}",
"(34, 17, 26)",minecraft:andesite,{},
"(35, 17, 26)",minecraft:spruce_planks,{},
"(36, 17, 26)",minecraft:spruce_planks,{},
"(37, 17, 26)",minecraft:spruce_planks,{},
"(38, 17, 26)",minecraft:stone,{},
"(44, 17, 26)",minecraft:spruce_stairs,"{'facing': 'east', 'half': 'bottom', 'shape': 'straight', 'waterlogged': 'false'}",
"(46, 17, 26)",minecraft:spruce_stairs,"{'facing': 'west', 'half': 'bottom', 'shape': 'straight', 'waterlogged': 'false'}",
"(14, 17, 27)",minecraft:andesite,{},
"(15, 17, 27)",minecraft:iron_chain,"{'axis': 'y', 'waterlogged': 'false'}",
"(21, 17, 27)",minecraft:ladder,"{'facing': 'west', 'waterlogged': 'false'}",
"(22, 17, 27)",minecraft:stone,{},
"(23, 17, 27)",minecraft:andesite,{},
"(27, 17, 27)",minecraft:stone_bricks,{},
"(35, 17, 27)",minecraft:potted_blue_orchid,{},
"(36, 17, 27)",minecraft:stripped_spruce_wood,{'axis': 'y'},
"(37, 17, 27)",minecraft:stripped_spruce_wood,{'axis': 'y'},
"(38, 17, 27)",minecraft:stone_bricks,{},
"(39, 17, 27)",minecraft:spruce_stairs,"{'facing': 'south', 'half': 'bottom', 'shape': 'straight', 'waterlogged': 'false'}",
"(40, 17, 27)",minecraft:spruce_stairs,"{'facing': 'south', 'half': 'bottom', 'shape': 'straight', 'waterlogged': 'false'}",
"(41, 17, 27)",minecraft:spruce_stairs,"{'facing': 'south', 'half': 'bottom', 'shape': 'straight', 'waterlogged': 'false'}",
"(42, 17, 27)",minecraft:spruce_stairs,"{'facing': 'south', 'half': 'bottom', 'shape': 'straight', 'waterlogged': 'false'}",
"(43, 17, 27)",minecraft:spruce_stairs,"{'facing': 'south', 'half': 'bottom', 'shape': 'straight', 'waterlogged': 'false'}",
"(44, 17, 27)",minecraft:spruce_stairs,"{'facing': 'east', 'half': 'bottom', 'shape': 'inner_right', 'waterlogged': 'false'}",
"(46, 17, 27)",minecraft:spruce_stairs,"{'facing': 'west', 'half': 'bottom', 'shape': 'inner_left', 'waterlogged': 'false'}",
"(47, 17, 27)",minecraft:spruce_stairs,"{'facing': 'south', 'half': 'bottom', 'shape': 'straight', 'waterlogged': 'false'}",
"(48, 17, 27)",minecraft:spruce_stairs,"{'facing': 'south', 'half': 'bottom', 'shape': 'straight', 'waterlogged': 'false'}",
"(49, 17, 27)",minecraft:spruce_stairs,"{'facing': 'south', 'half': 'bottom', 'shape': 'straight', 'waterlogged': 'false'}",
"(50, 17, 27)",minecraft:spruce_stairs,"{'facing': 'south', 'half': 'bottom', 'shape': 'straight', 'waterlogged': 'false'}",
"(51, 17, 27)",minecraft:spruce_stairs,"{'facing': 'south', 'half': 'bottom', 'shape': 'straight', 'waterlogged': 'false'}",
"(52, 17, 27)",minecraft:dark_oak_stairs,"{'facing': 'south', 'half': 'bottom', 'shape': 'straight', 'waterlogged': 'false'}",
"(14, 17, 28)",minecraft:stone,{},
"(22, 17, 28)",minecraft:stone_bricks,{},
"(23, 17, 28)",minecraft:stone_bricks,{},
"(25, 17, 28)",minecraft:stripped_spruce_log,{'axis': 'y'},
"(27, 17, 28)",minecraft:stone,{},
"(37, 17, 28)",minecraft:chest,"{'facing': 'west', 'type': 'right', 'waterlogged': 'false'}","{components: {}, Items: [], id: ""minecraft:chest""}"
"(38, 17, 28)",minecraft:andesite,{},
"(45, 17, 28)",minecraft:spruce_fence,"{'east': 'false', 'north': 'false', 'south': 'false', 'waterlogged': 'false', 'west': 'false'}",
"(51, 17, 28)",minecraft:stripped_oak_wood,{'axis': 'z'},
"(52, 17, 28)",minecraft:dark_oak_stairs,"{'facing': 'west', 'half': 'top', 'shape': 'straight', 'waterlogged': 'false'}",
"(14, 17, 29)",minecraft:stone_bricks,{},
"(17, 17, 29)",minecraft:lantern,"{'hanging': 'true', 'waterlogged': 'false'}",
"(22, 17, 29)",minecraft:stone_bricks,{},
"(23, 17, 29)",minecraft:andesite,{},
"(27, 17, 29)",minecraft:stone,{},
"(37, 17, 29)",minecraft:chest,"{'facing': 'west', 'type': 'left', 'waterlogged': 'false'}","{components: {}, Items: [], id: ""minecraft:chest""}"
"(38, 17, 29)",minecraft:stone,{},
"(39, 17, 29)",minecraft:spruce_stairs,"{'facing': 'north', 'half': 'bottom', 'shape': 'straight', 'waterlogged': 'false'}",
"(40, 17, 29)",minecraft:spruce_stairs,"{'facing': 'north', 'half': 'bottom', 'shape': 'straight', 'waterlogged': 'false'}",
"(41, 17, 29)",minecraft:spruce_stairs,"{'facing': 'north', 'half': 'bottom', 'shape': 'straight', 'waterlogged': 'false'}",
"(42, 17, 29)",minecraft:spruce_stairs,"{'facing': 'north', 'half': 'bottom', 'shape': 'straight', 'waterlogged': 'false'}",
"(43, 17, 29)",minecraft:spruce_stairs,"{'facing': 'north', 'half': 'bottom', 'shape': 'straight', 'waterlogged': 'false'}",
"(44, 17, 29)",minecraft:spruce_stairs,"{'facing': 'east', 'half': 'bottom', 'shape': 'inner_left', 'waterlogged': 'false'}",
"(46, 17, 29)",minecraft:spruce_stairs,"{'facing': 'north', 'half': 'bottom', 'shape': 'inner_left', 'waterlogged': 'false'}",
"(47, 17, 29)",minecraft:spruce_stairs,"{'facing': 'north', 'half': 'bottom', 'shape': 'straight', 'waterlogged': 'false'}",
"(48, 17, 29)",minecraft:spruce_stairs,"{'facing': 'north', 'half': 'bottom', 'shape': 'straight', 'waterlogged': 'false'}",
"(49, 17, 29)",minecraft:spruce_stairs,"{'facing': 'north', 'half': 'bottom', 'shape': 'straight', 'waterlogged': 'false'}",
"(50, 17, 29)",minecraft:spruce_stairs,"{'facing': 'north', 'half': 'bottom', 'shape': 'straight', 'waterlogged': 'false'}",
"(51, 17, 29)",minecraft:spruce_stairs,"{'facing': 'north', 'half': 'bottom', 'shape': 'straight', 'waterlogged': 'false'}",
"(52, 17, 29)",minecraft:dark_oak_stairs,"{'facing': 'north', 'half': 'bottom', 'shape': 'straight', 'waterlogged': 'false'}",
"(14, 17, 30)",minecraft:stone,{},
"(15, 17, 30)",minecraft:bookshelf,{},
"(16, 17, 30)",minecraft:bookshelf,{},
"(17, 17, 30)",minecraft:bookshelf,{},
"(18, 17, 30)",minecraft:bookshelf,{},
"(22, 17, 30)",minecraft:stone_bricks,{},
"(23, 17, 30)",minecraft:andesite,{},
"(27, 17, 30)",minecraft:stone_bricks,{},
"(36, 17, 30)",minecraft:stripped_spruce_wood,{'axis': 'y'},
"(37, 17, 30)",minecraft:stripped_spruce_wood,{'axis': 'y'},
"(38, 17, 30)",minecraft:stone_bricks,{},
"(44, 17, 30)",minecraft:spruce_stairs,"{'facing': 'east', 'half': 'bottom', 'shape': 'straight', 'waterlogged': 'false'}",
"(46, 17, 30)",minecraft:spruce_stairs,"{'facing': 'west', 'half': 'bottom', 'shape': 'straight', 'waterlogged': 'false'}",
"(13, 17, 31)",minecraft:stone_bricks,{},
"(14, 17, 31)",minecraft:stone_bricks,{},
"(15, 17, 31)",minecraft:stone_bricks,{},
"(16, 17, 31)",minecraft:stone_bricks,{},
"(17, 17, 31)",minecraft:stone,{},
"(18, 17, 31)",minecraft:andesite,{},
"(19, 17, 31)",minecraft:stone_bricks,{},
"(20, 17, 31)",minecraft:stone_bricks,{},
"(21, 17, 31)",minecraft:stone,{},
"(22, 17, 31)",minecraft:stone,{},
"(23, 17, 31)",minecraft:andesite,{},
"(27, 17, 31)",minecraft:stone_bricks,{},
"(37, 17, 31)",minecraft:chest,"{'facing': 'west', 'type': 'right', 'waterlogged': 'false'}","{components: {}, Items: [], id: ""minecraft:chest""}"
"(38, 17, 31)",minecraft:stone_bricks,{},
"(44, 17, 31)",minecraft:spruce_stairs,"{'facing': 'east', 'half': 'bottom', 'shape': 'straight', 'waterlogged': 'false'}",
"(46, 17, 31)",minecraft:spruce_stairs,"{'facing': 'west', 'half': 'bottom', 'shape': 'straight', 'waterlogged': 'false'}",
"(13, 17, 32)",minecraft:stone_bricks,{},
"(14, 17, 32)",minecraft:stone_bricks,{},
"(17, 17, 32)",minecraft:spruce_stairs,"{'facing': 'north', 'half': 'bottom', 'shape': 'straight', 'waterlogged': 'false'}",
"(20, 17, 32)",minecraft:stone_bricks,{},
"(22, 17, 32)",minecraft:stone,{},
"(23, 17, 32)",minecraft:stone_bricks,{},
"(27, 17, 32)",minecraft:stone_bricks,{},
"(37, 17, 32)",minecraft:chest,"{'facing': 'west', 'type': 'left', 'waterlogged': 'false'}","{components: {}, Items: [], id: ""minecraft:chest""}"
"(38, 17, 32)",minecraft:stone,{},
"(44, 17, 32)",minecraft:spruce_stairs,"{'facing': 'east', 'half': 'bottom', 'shape': 'straight', 'waterlogged': 'false'}",
"(46, 17, 32)",minecraft:spruce_stairs,"{'facing': 'west', 'half': 'bottom', 'shape': 'straight', 'waterlogged': 'false'}",
"(49, 17, 32)",minecraft:spruce_trapdoor,"{'facing': 'north', 'half': 'bottom', 'open': 'true', 'powered': 'false', 'waterlogged': 'false'}",
"(17, 17, 33)",minecraft:spruce_trapdoor,"{'facing': 'west', 'half': 'bottom', 'open': 'false', 'powered': 'false', 'waterlogged': 'false'}",
"(20, 17, 33)",minecraft:andesite,{},
"(23, 17, 33)",minecraft:stone_bricks,{},
"(27, 17, 33)",minecraft:andesite,{},
"(35, 17, 33)",minecraft:lantern,"{'hanging': 'false', 'waterlogged': 'false'}",
"(36, 17, 33)",minecraft:stripped_spruce_wood,{'axis': 'y'},
"(37, 17, 33)",minecraft:stripped_spruce_wood,{'axis': 'y'},
"(38, 17, 33)",minecraft:andesite,{},
"(44, 17, 33)",minecraft:spruce_stairs,"{'facing': 'east', 'half': 'bottom', 'shape': 'straight', 'waterlogged': 'false'}",
"(45, 17, 33)",minecraft:azalea_leaves,"{'distance': '3', 'persistent': 'true', 'waterlogged': 'false'}",
"(46, 17, 33)",minecraft:spruce_stairs,"{'facing': 'west', 'half': 'bottom', 'shape': 'straight', 'waterlogged': 'false'}",
"(48, 17, 33)",minecraft:spruce_trapdoor,"{'facing': 'west', 'half': 'bottom', 'open': 'true', 'powered': 'false', 'waterlogged': 'false'}",
"(49, 17, 33)",minecraft:campfire,"{'facing': 'north', 'lit': 'false', 'signal_fire': 'false', 'waterlogged': 'false'}","{components: {}, Items: [], CookingTimes: [I; 0, 0, 0, 0], CookingTotalTimes: [I; 0, 0, 0, 0], id: ""minecraft:campfire""}"
"(50, 17, 33)",minecraft:spruce_trapdoor,"{'facing': 'east', 'half': 'bottom', 'open': 'true', 'powered': 'false', 'waterlogged': 'false'}",
"(17, 17, 34)",minecraft:spruce_trapdoor,"{'facing': 'west', 'half': 'bottom', 'open': 'false', 'powered': 'false', 'waterlogged': 'false'}",
"(20, 17, 34)",minecraft:stone,{},
"(21, 17, 34)",minecraft:spruce_planks,{},
"(22, 17, 34)",minecraft:spruce_planks,{},
"(23, 17, 34)",minecraft:spruce_planks,{},
"(24, 17, 34)",minecraft:spruce_planks,{},
"(25, 17, 34)",minecraft:spruce_planks,{},
"(26, 17, 34)",minecraft:spruce_planks,{},
"(27, 17, 34)",minecraft:spruce_planks,{},
"(35, 17, 34)",minecraft:spruce_planks,{},
"(36, 17, 34)",minecraft:spruce_planks,{},
"(37, 17, 34)",minecraft:spruce_planks,{},
"(38, 17, 34)",minecraft:stone,{},
"(44, 17, 34)",minecraft:spruce_stairs,"{'facing': 'east', 'half': 'bottom', 'shape': 'straight', 'waterlogged': 'false'}",
"(45, 17, 34)",minecraft:oak_planks,{},
"(46, 17, 34)",minecraft:spruce_stairs,"{'facing': 'west', 'half': 'bottom', 'shape': 'straight', 'waterlogged': 'false'}",
"(49, 17, 34)",minecraft:spruce_trapdoor,"{'facing': 'south', 'half': 'bottom', 'open': 'true', 'powered': 'false', 'waterlogged': 'false'}",
"(17, 17, 35)",minecraft:spruce_trapdoor,"{'facing': 'west', 'half': 'bottom', 'open': 'false', 'powered': 'false', 'waterlogged': 'false'}",
"(20, 17, 35)",minecraft:cobblestone_wall,"{'east': 'none', 'north': 'tall', 'south': 'none', 'up': 'true', 'waterlogged': 'false', 'west': 'none'}",
"(21, 17, 35)",minecraft:polished_andesite_slab,"{'type': 'bottom', 'waterlogged': 'false'}",
"(22, 17, 35)",minecraft:cobblestone_wall,"{'east': 'none', 'north': 'low', 'south': 'none', 'up': 'true', 'waterlogged': 'false', 'west': 'none'}",
"(23, 17, 35)",minecraft:polished_andesite_slab,"{'type': 'bottom', 'waterlogged': 'false'}",
"(24, 17, 35)",minecraft:cobblestone_wall,"{'east': 'none', 'north': 'low', 'south': 'none', 'up': 'true', 'waterlogged': 'false', 'west': 'none'}",
"(25, 17, 35)",minecraft:polished_andesite_slab,"{'type': 'bottom', 'waterlogged': 'false'}",
"(26, 17, 35)",minecraft:polished_andesite_slab,"{'type': 'bottom', 'waterlogged': 'false'}",
"(27, 17, 35)",minecraft:spruce_planks,{},
"(31, 17, 35)",minecraft:spruce_trapdoor,"{'facing': 'north', 'half': 'top', 'open': 'false', 'powered': 'false', 'waterlogged': 'false'}",
"(32, 17, 35)",minecraft:spruce_trapdoor,"{'facing': 'north', 'half': 'top', 'open': 'false', 'powered': 'false', 'waterlogged': 'false'}",
"(33, 17, 35)",minecraft:spruce_slab,"{'type': 'top', 'waterlogged': 'false'}",
"(35, 17, 35)",minecraft:spruce_planks,{},
"(36, 17, 35)",minecraft:polished_andesite_slab,"{'type': 'bottom', 'waterlogged': 'false'}",
"(37, 17, 35)",minecraft:polished_andesite_slab,"{'type': 'bottom', 'waterlogged': 'false'}",
"(38, 17, 35)",minecraft:cobblestone_wall,"{'east': 'none', 'north': 'tall', 'south': 'none', 'up': 'true', 'waterlogged': 'false', 'west': 'none'}",
"(44, 17, 35)",minecraft:dark_oak_stairs,"{'facing': 'east', 'half': 'bottom', 'shape': 'straight', 'waterlogged': 'false'}",
"(45, 17, 35)",minecraft:dark_oak_stairs,"{'facing': 'north', 'half': 'top', 'shape': 'straight', 'waterlogged': 'false'}",
"(46, 17, 35)",minecraft:dark_oak_stairs,"{'facing': 'west', 'half': 'bottom', 'shape': 'straight', 'waterlogged': 'false'}",
"(17, 17, 36)",minecraft:spruce_trapdoor,"{'facing': 'west', 'half': 'bottom', 'open': 'false', 'powered': 'false', 'waterlogged': 'false'}",
"(26, 17, 36)",minecraft:cobblestone_wall,"{'east': 'tall', 'north': 'none', 'south': 'none', 'up': 'true', 'waterlogged': 'false', 'west': 'none'}",
"(27, 17, 36)",minecraft:andesite,{},
"(28, 17, 36)",minecraft:stone_bricks,{},
"(29, 17, 36)",minecraft:andesite,{},
"(30, 17, 36)",minecraft:stone,{},
"(31, 17, 36)",minecraft:stone,{},
"(32, 17, 36)",minecraft:stone_bricks,{},
"(33, 17, 36)",minecraft:stone_bricks,{},
"(34, 17, 36)",minecraft:andesite,{},
"(35, 17, 36)",minecraft:stone_bricks,{},
"(36, 17, 36)",minecraft:cobblestone_wall,"{'east': 'none', 'north': 'none', 'south': 'none', 'up': 'true', 'waterlogged': 'false', 'west': 'tall'}",
"(17, 17, 37)",minecraft:spruce_trapdoor,"{'facing': 'south', 'half': 'bottom', 'open': 'false', 'powered': 'false', 'waterlogged': 'false'}",
"(21, 18, 3)",minecraft:spruce_slab,"{'type': 'bottom', 'waterlogged': 'false'}",
"(22, 18, 3)",minecraft:spruce_planks,{},
"(23, 18, 3)",minecraft:spruce_slab,"{'type': 'bottom', 'waterlogged': 'false'}",
"(33, 18, 3)",minecraft:spruce_slab,"{'type': 'bottom', 'waterlogged': 'false'}",
"(34, 18, 3)",minecraft:spruce_planks,{},
"(35, 18, 3)",minecraft:spruce_slab,"{'type': 'bottom', 'waterlogged': 'false'}",
"(20, 18, 4)",minecraft:spruce_slab,"{'type': 'bottom', 'waterlogged': 'false'}",
"(21, 18, 4)",minecraft:spruce_planks,{},
"(22, 18, 4)",minecraft:spruce_planks,{},
"(23, 18, 4)",minecraft:spruce_planks,{},
"(24, 18, 4)",minecraft:spruce_slab,"{'type': 'bottom', 'waterlogged': 'false'}",
"(32, 18, 4)",minecraft:spruce_slab,"{'type': 'bottom', 'waterlogged': 'false'}",
"(33, 18, 4)",minecraft:spruce_planks,{},
"(34, 18, 4)",minecraft:spruce_planks,{},
"(35, 18, 4)",minecraft:spruce_planks,{},
"(36, 18, 4)",minecraft:spruce_slab,"{'type': 'bottom', 'waterlogged': 'false'}",
"(20, 18, 5)",minecraft:spruce_planks,{},
"(21, 18, 5)",minecraft:spruce_planks,{},
"(22, 18, 5)",minecraft:spruce_planks,{},
"(23, 18, 5)",minecraft:spruce_planks,{},
"(24, 18, 5)",minecraft:spruce_planks,{},
"(32, 18, 5)",minecraft:spruce_planks,{},
"(33, 18, 5)",minecraft:spruce_planks,{},
"(34, 18, 5)",minecraft:spruce_planks,{},
"(35, 18, 5)",minecraft:spruce_planks,{},
"(36, 18, 5)",minecraft:spruce_planks,{},
"(20, 18, 6)",minecraft:spruce_slab,"{'type': 'bottom', 'waterlogged': 'false'}",
"(21, 18, 6)",minecraft:spruce_planks,{},
"(22, 18, 6)",minecraft:spruce_planks,{},
"(23, 18, 6)",minecraft:spruce_planks,{},
"(24, 18, 6)",minecraft:spruce_slab,"{'type': 'bottom', 'waterlogged': 'false'}",
"(32, 18, 6)",minecraft:spruce_slab,"{'type': 'bottom', 'waterlogged': 'false'}",
"(33, 18, 6)",minecraft:spruce_planks,{},
"(34, 18, 6)",minecraft:spruce_planks,{},
"(35, 18, 6)",minecraft:spruce_planks,{},
"(36, 18, 6)",minecraft:spruce_slab,"{'type': 'bottom', 'waterlogged': 'false'}",
"(44, 18, 6)",minecraft:polished_andesite_stairs,"{'facing': 'south', 'half': 'top', 'shape': 'straight', 'waterlogged': 'false'}",
"(45, 18, 6)",minecraft:polished_andesite_slab,"{'type': 'top', 'waterlogged': 'false'}",
"(46, 18, 6)",minecraft:polished_andesite_stairs,"{'facing': 'south', 'half': 'top', 'shape': 'straight', 'waterlogged': 'false'}",
"(21, 18, 7)",minecraft:spruce_slab,"{'type': 'bottom', 'waterlogged': 'false'}",
"(22, 18, 7)",minecraft:spruce_planks,{},
"(23, 18, 7)",minecraft:spruce_slab,"{'type': 'bottom', 'waterlogged': 'false'}",
"(33, 18, 7)",minecraft:spruce_slab,"{'type': 'bottom', 'waterlogged': 'false'}",
"(34, 18, 7)",minecraft:spruce_planks,{},
"(35, 18, 7)",minecraft:spruce_slab,"{'type': 'bottom', 'waterlogged': 'false'}",
"(43, 18, 7)",minecraft:polished_andesite_stairs,"{'facing': 'east', 'half': 'top', 'shape': 'straight', 'waterlogged': 'false'}",
"(44, 18, 7)",minecraft:stone_bricks,{},
"(45, 18, 7)",minecraft:stone_bricks,{},
"(46, 18, 7)",minecraft:andesite,{},
"(47, 18, 7)",minecraft:polished_andesite_stairs,"{'facing': 'west', 'half': 'top', 'shape': 'straight', 'waterlogged': 'false'}",
"(13, 18, 8)",minecraft:polished_andesite_slab,"{'type': 'bottom', 'waterlogged': 'false'}",
"(15, 18, 8)",minecraft:polished_andesite_slab,"{'type': 'bottom', 'waterlogged': 'false'}",
"(43, 18, 8)",minecraft:polished_andesite_slab,"{'type': 'top', 'waterlogged': 'false'}",
"(44, 18, 8)",minecraft:stone,{},
"(46, 18, 8)",minecraft:stone,{},
"(47, 18, 8)",minecraft:polished_andesite_slab,"{'type': 'top', 'waterlogged': 'false'}",
"(12, 18, 9)",minecraft:polished_andesite_slab,"{'type': 'bottom', 'waterlogged': 'false'}",
"(13, 18, 9)",minecraft:spruce_planks,{},
"(14, 18, 9)",minecraft:spruce_planks,{},
"(15, 18, 9)",minecraft:spruce_planks,{},
"(16, 18, 9)",minecraft:polished_andesite_slab,"{'type': 'bottom', 'waterlogged': 'false'}",
"(43, 18, 9)",minecraft:polished_andesite_stairs,"{'facing': 'east', 'half': 'top', 'shape': 'straight', 'waterlogged': 'false'}",
"(44, 18, 9)",minecraft:stone_bricks,{},
"(45, 18, 9)",minecraft:stone_bricks,{},
"(46, 18, 9)",minecraft:stone,{},
"(47, 18, 9)",minecraft:polished_andesite_stairs,"{'facing': 'west', 'half': 'top', 'shape': 'straight', 'waterlogged': 'false'}",
"(13, 18, 10)",minecraft:spruce_planks,{},
"(15, 18, 10)",minecraft:spruce_planks,{},
"(44, 18, 10)",minecraft:polished_andesite_stairs,"{'facing': 'north', 'half': 'top', 'shape': 'straight', 'waterlogged': 'false'}",
"(45, 18, 10)",minecraft:polished_andesite_slab,"{'type': 'top', 'waterlogged': 'false'}",
"(46, 18, 10)",minecraft:polished_andesite_stairs,"{'facing': 'north', 'half': 'top', 'shape': 'straight', 'waterlogged': 'false'}",
"(12, 18, 11)",minecraft:polished_andesite_slab,"{'type': 'bottom', 'waterlogged': 'false'}",
"(13, 18, 11)",minecraft:spruce_planks,{},
"(14, 18, 11)",minecraft:spruce_planks,{},
"(15, 18, 11)",minecraft:spruce_planks,{},
"(16, 18, 11)",minecraft:polished_andesite_slab,"{'type': 'bottom', 'waterlogged': 'false'}",
"(13, 18, 12)",minecraft:polished_andesite_slab,"{'type': 'bottom', 'waterlogged': 'false'}",
"(15, 18, 12)",minecraft:polished_andesite_slab,"{'type': 'bottom', 'waterlogged': 'false'}",
"(45, 18, 14)",minecraft:dark_oak_stairs,"{'facing': 'south', 'half': 'top', 'shape': 'straight', 'waterlogged': 'false'}",
"(45, 18, 15)",minecraft:dark_oak_stairs,"{'facing': 'north', 'half': 'bottom', 'shape': 'straight', 'waterlogged': 'false'}",
"(45, 18, 16)",minecraft:dark_oak_slab,"{'type': 'bottom', 'waterlogged': 'false'}",
"(45, 18, 17)",minecraft:dark_oak_slab,"{'type': 'bottom', 'waterlogged': 'false'}",
"(45, 18, 18)",minecraft:dark_oak_slab,"{'type': 'bottom', 'waterlogged': 'false'}",
"(45, 18, 19)",minecraft:dark_oak_slab,"{'type': 'bottom', 'waterlogged': 'false'}",
"(45, 18, 20)",minecraft:dark_oak_slab,"{'type': 'bottom', 'waterlogged': 'false'}",
"(14, 18, 21)",minecraft:acacia_leaves,"{'distance': '7', 'persistent': 'true', 'waterlogged': 'false'}",
"(45, 18, 21)",minecraft:dark_oak_slab,"{'type': 'bottom', 'waterlogged': 'false'}",
"(13, 18, 22)",minecraft:stone_bricks,{},
"(14, 18, 22)",minecraft:stone_bricks,{},
"(16, 18, 22)",minecraft:iron_chain,"{'axis': 'y', 'waterlogged': 'false'}",
"(17, 18, 22)",minecraft:acacia_leaves,"{'distance': '7', 'persistent': 'true', 'waterlogged': 'false'}",
"(18, 18, 22)",minecraft:acacia_leaves,"{'distance': '7', 'persistent': 'true', 'waterlogged': 'false'}",
"(20, 18, 22)",minecraft:acacia_leaves,"{'distance': '7', 'persistent': 'true', 'waterlogged': 'false'}",
"(22, 18, 22)",minecraft:andesite,{},
"(23, 18, 22)",minecraft:stone,{},
"(45, 18, 22)",minecraft:dark_oak_slab,"{'type': 'bottom', 'waterlogged': 'false'}",
"(13, 18, 23)",minecraft:stone,{},
"(14, 18, 23)",minecraft:stone,{},
"(15, 18, 23)",minecraft:stone_bricks,{},
"(16, 18, 23)",minecraft:andesite_stairs,"{'facing': 'south', 'half': 'bottom', 'shape': 'straight', 'waterlogged': 'false'}",
"(17, 18, 23)",minecraft:stone_bricks,{},
"(18, 18, 23)",minecraft:stone,{},
"(19, 18, 23)",minecraft:stone,{},
"(20, 18, 23)",minecraft:andesite_stairs,"{'facing': 'south', 'half': 'bottom', 'shape': 'straight', 'waterlogged': 'false'}",
"(21, 18, 23)",minecraft:stone_bricks,{},
"(22, 18, 23)",minecraft:stone_bricks,{},
"(23, 18, 23)",minecraft:andesite,{},
"(30, 18, 23)",minecraft:spruce_trapdoor,"{'facing': 'north', 'half': 'bottom', 'open': 'false', 'powered': 'false', 'waterlogged': 'false'}",
"(31, 18, 23)",minecraft:spruce_trapdoor,"{'facing': 'north', 'half': 'bottom', 'open': 'false', 'powered': 'false', 'waterlogged': 'false'}",
"(32, 18, 23)",minecraft:spruce_trapdoor,"{'facing': 'north', 'half': 'bottom', 'open': 'false', 'powered': 'false', 'waterlogged': 'false'}",
"(45, 18, 23)",minecraft:dark_oak_slab,"{'type': 'bottom', 'waterlogged': 'false'}",
"(14, 18, 24)",minecraft:andesite,{},
"(15, 18, 24)",minecraft:spruce_planks,{},
"(16, 18, 24)",minecraft:spruce_planks,{},
"(17, 18, 24)",minecraft:spruce_planks,{},
"(18, 18, 24)",minecraft:spruce_planks,{},
"(19, 18, 24)",minecraft:spruce_planks,{},
"(20, 18, 24)",minecraft:spruce_planks,{},
"(21, 18, 24)",minecraft:spruce_planks,{},
"(22, 18, 24)",minecraft:stone_bricks,{},
"(26, 18, 24)",minecraft:iron_bars,"{'east': 'true', 'north': 'false', 'south': 'false', 'waterlogged': 'false', 'west': 'false'}",
"(27, 18, 24)",minecraft:stone,{},
"(28, 18, 24)",minecraft:stone_bricks,{},
"(29, 18, 24)",minecraft:stone_bricks,{},
"(30, 18, 24)",minecraft:stone,{},
"(31, 18, 24)",minecraft:stone_bricks,{},
"(32, 18, 24)",minecraft:stone_bricks,{},
"(33, 18, 24)",minecraft:andesite,{},
"(34, 18, 24)",minecraft:stone_bricks,{},
"(35, 18, 24)",minecraft:stone_bricks,{},
"(36, 18, 24)",minecraft:iron_bars,"{'east': 'false', 'north': 'false', 'south': 'false', 'waterlogged': 'false', 'west': 'true'}",
"(45, 18, 24)",minecraft:dark_oak_slab,"{'type': 'bottom', 'waterlogged': 'false'}",
"(12, 18, 25)",minecraft:spruce_slab,"{'type': 'top', 'waterlogged': 'false'}",
"(13, 18, 25)",minecraft:spruce_stairs,"{'facing': 'east', 'half': 'top', 'shape': 'straight', 'waterlogged': 'false'}",
"(14, 18, 25)",minecraft:stone,{},
"(15, 18, 25)",minecraft:spruce_planks,{},
"(16, 18, 25)",minecraft:spruce_planks,{},
"(17, 18, 25)",minecraft:spruce_planks,{},
"(18, 18, 25)",minecraft:spruce_planks,{},
"(19, 18, 25)",minecraft:spruce_planks,{},
"(20, 18, 25)",minecraft:spruce_planks,{},
"(21, 18, 25)",minecraft:spruce_planks,{},
"(22, 18, 25)",minecraft:andesite,{},
"(27, 18, 25)",minecraft:spruce_stairs,"{'facing': 'east', 'half': 'bottom', 'shape': 'straight', 'waterlogged': 'false'}",
"(28, 18, 25)",minecraft:stone_bricks,{},
"(29, 18, 25)",minecraft:stone_bricks,{},
"(30, 18, 25)",minecraft:stone,{},
"(31, 18, 25)",minecraft:andesite,{},
"(32, 18, 25)",minecraft:stone,{},
"(33, 18, 25)",minecraft:andesite,{},
"(34, 18, 25)",minecraft:stone,{},
"(35, 18, 25)",minecraft:spruce_stairs,"{'facing': 'west', 'half': 'bottom', 'shape': 'straight', 'waterlogged': 'false'}",
"(38, 18, 25)",minecraft:iron_bars,"{'east': 'false', 'north': 'false', 'south': 'true', 'waterlogged': 'false', 'west': 'false'}",
"(45, 18, 25)",minecraft:dark_oak_slab,"{'type': 'bottom', 'waterlogged': 'false'}",
"(12, 18, 26)",minecraft:spruce_trapdoor,"{'facing': 'north', 'half': 'top', 'open': 'false', 'powered': 'false', 'waterlogged': 'false'}",
"(13, 18, 26)",minecraft:spruce_stairs,"{'facing': 'east', 'half': 'top', 'shape': 'straight', 'waterlogged': 'false'}",
"(14, 18, 26)",minecraft:stone,{},
"(15, 18, 26)",minecraft:spruce_planks,{},
"(16, 18, 26)",minecraft:spruce_planks,{},
"(17, 18, 26)",minecraft:spruce_planks,{},
"(18, 18, 26)",minecraft:spruce_planks,{},
"(19, 18, 26)",minecraft:spruce_planks,{},
"(20, 18, 26)",minecraft:spruce_planks,{},
"(21, 18, 26)",minecraft:spruce_planks,{},
"(22, 18, 26)",minecraft:stone_bricks,{},
"(23, 18, 26)",minecraft:spruce_stairs,"{'facing': 'south', 'half': 'bottom', 'shape': 'straight', 'waterlogged': 'false'}",
"(24, 18, 26)",minecraft:spruce_stairs,"{'facing': 'south', 'half': 'bottom', 'shape': 'straight', 'waterlogged': 'false'}",
"(25, 18, 26)",minecraft:spruce_stairs,"{'facing': 'south', 'half': 'bottom', 'shape': 'straight', 'waterlogged': 'false'}",
"(26, 18, 26)",minecraft:spruce_stairs,"{'facing': 'south', 'half': 'bottom', 'shape': 'straight', 'waterlogged': 'false'}",
"(27, 18, 26)",minecraft:spruce_stairs,"{'facing': 'east', 'half': 'bottom', 'shape': 'inner_right', 'waterlogged': 'false'}",
"(28, 18, 26)",minecraft:stone_bricks,{},
"(29, 18, 26)",minecraft:stone_bricks,{},
"(30, 18, 26)",minecraft:stone,{},
"(31, 18, 26)",minecraft:stone,{},
"(32, 18, 26)",minecraft:stone_bricks,{},
"(33, 18, 26)",minecraft:stone_bricks,{},
"(34, 18, 26)",minecraft:stone_bricks,{},
"(35, 18, 26)",minecraft:spruce_stairs,"{'facing': 'south', 'half': 'bottom', 'shape': 'inner_right', 'waterlogged': 'false'}",
"(36, 18, 26)",minecraft:spruce_stairs,"{'facing': 'south', 'half': 'bottom', 'shape': 'straight', 'waterlogged': 'false'}",
"(37, 18, 26)",minecraft:spruce_stairs,"{'facing': 'south', 'half': 'bottom', 'shape': 'straight', 'waterlogged': 'false'}",
"(38, 18, 26)",minecraft:stone_bricks,{},
"(45, 18, 26)",minecraft:dark_oak_slab,"{'type': 'bottom', 'waterlogged': 'false'}",
"(12, 18, 27)",minecraft:spruce_slab,"{'type': 'top', 'waterlogged': 'false'}",
"(13, 18, 27)",minecraft:spruce_stairs,"{'facing': 'east', 'half': 'top', 'shape': 'straight', 'waterlogged': 'false'}",
"(14, 18, 27)",minecraft:andesite,{},
"(15, 18, 27)",minecraft:spruce_planks,{},
"(16, 18, 27)",minecraft:spruce_planks,{},
"(17, 18, 27)",minecraft:spruce_planks,{},
"(18, 18, 27)",minecraft:spruce_planks,{},
"(19, 18, 27)",minecraft:spruce_planks,{},
"(20, 18, 27)",minecraft:spruce_planks,{},
"(21, 18, 27)",minecraft:ladder,"{'facing': 'west', 'waterlogged': 'false'}",
"(22, 18, 27)",minecraft:stone,{},
"(23, 18, 27)",minecraft:stone,{},
"(27, 18, 27)",minecraft:stone,{},
"(36, 18, 27)",minecraft:stripped_spruce_wood,{'axis': 'y'},
"(37, 18, 27)",minecraft:stripped_spruce_wood,{'axis': 'y'},
"(38, 18, 27)",minecraft:stone_bricks,{},
"(45, 18, 27)",minecraft:dark_oak_slab,"{'type': 'bottom', 'waterlogged': 'false'}",
"(12, 18, 28)",minecraft:spruce_trapdoor,"{'facing': 'north', 'half': 'top', 'open': 'false', 'powered': 'false', 'waterlogged': 'false'}",
"(13, 18, 28)",minecraft:spruce_stairs,"{'facing': 'east', 'half': 'top', 'shape': 'straight', 'waterlogged': 'false'}",
"(14, 18, 28)",minecraft:spruce_planks,{},
"(15, 18, 28)",minecraft:spruce_planks,{},
"(16, 18, 28)",minecraft:spruce_planks,{},
"(17, 18, 28)",minecraft:spruce_planks,{},
"(18, 18, 28)",minecraft:spruce_planks,{},
"(19, 18, 28)",minecraft:spruce_planks,{},
"(20, 18, 28)",minecraft:spruce_planks,{},
"(21, 18, 28)",minecraft:spruce_planks,{},
"(22, 18, 28)",minecraft:andesite,{},
"(23, 18, 28)",minecraft:andesite,{},
"(25, 18, 28)",minecraft:oak_log,{'axis': 'y'},
"(27, 18, 28)",minecraft:stone,{},
"(37, 18, 28)",minecraft:chest,"{'facing': 'west', 'type': 'right', 'waterlogged': 'false'}","{components: {}, Items: [], id: ""minecraft:chest""}"
"(38, 18, 28)",minecraft:stone,{},
"(39, 18, 28)",minecraft:dark_oak_slab,"{'type': 'bottom', 'waterlogged': 'false'}",
"(40, 18, 28)",minecraft:dark_oak_slab,"{'type': 'bottom', 'waterlogged': 'false'}",
"(41, 18, 28)",minecraft:dark_oak_slab,"{'type': 'bottom', 'waterlogged': 'false'}",
"(42, 18, 28)",minecraft:dark_oak_slab,"{'type': 'bottom', 'waterlogged': 'false'}",
"(43, 18, 28)",minecraft:dark_oak_slab,"{'type': 'bottom', 'waterlogged': 'false'}",
"(44, 18, 28)",minecraft:dark_oak_slab,"{'type': 'bottom', 'waterlogged': 'false'}",
"(45, 18, 28)",minecraft:dark_oak_slab,"{'type': 'bottom', 'waterlogged': 'false'}",
"(46, 18, 28)",minecraft:dark_oak_slab,"{'type': 'bottom', 'waterlogged': 'false'}",
"(47, 18, 28)",minecraft:dark_oak_slab,"{'type': 'bottom', 'waterlogged': 'false'}",
"(48, 18, 28)",minecraft:dark_oak_slab,"{'type': 'bottom', 'waterlogged': 'false'}",
"(49, 18, 28)",minecraft:dark_oak_slab,"{'type': 'bottom', 'waterlogged': 'false'}",
"(50, 18, 28)",minecraft:dark_oak_slab,"{'type': 'bottom', 'waterlogged': 'false'}",
"(51, 18, 28)",minecraft:dark_oak_slab,"{'type': 'bottom', 'waterlogged': 'false'}",
"(52, 18, 28)",minecraft:dark_oak_stairs,"{'facing': 'east', 'half': 'bottom', 'shape': 'straight', 'waterlogged': 'false'}",
"(12, 18, 29)",minecraft:spruce_slab,"{'type': 'top', 'waterlogged': 'false'}",
"(13, 18, 29)",minecraft:spruce_stairs,"{'facing': 'east', 'half': 'top', 'shape': 'straight', 'waterlogged': 'false'}",
"(14, 18, 29)",minecraft:spruce_planks,{},
"(15, 18, 29)",minecraft:spruce_planks,{},
"(16, 18, 29)",minecraft:spruce_planks,{},
"(17, 18, 29)",minecraft:spruce_planks,{},
"(18, 18, 29)",minecraft:spruce_planks,{},
"(19, 18, 29)",minecraft:spruce_planks,{},
"(20, 18, 29)",minecraft:spruce_planks,{},
"(21, 18, 29)",minecraft:spruce_planks,{},
"(22, 18, 29)",minecraft:stone_bricks,{},
"(23, 18, 29)",minecraft:stone,{},
"(27, 18, 29)",minecraft:stone_bricks,{},
"(37, 18, 29)",minecraft:chest,"{'facing': 'west', 'type': 'left', 'waterlogged': 'false'}","{components: {}, Items: [], id: ""minecraft:chest""}"
"(38, 18, 29)",minecraft:stone_bricks,{},
"(45, 18, 29)",minecraft:dark_oak_slab,"{'type': 'bottom', 'waterlogged': 'false'}",
"(14, 18, 30)",minecraft:stone_bricks,{},
"(15, 18, 30)",minecraft:spruce_planks,{},
"(16, 18, 30)",minecraft:spruce_planks,{},
"(17, 18, 30)",minecraft:spruce_planks,{},
"(18, 18, 30)",minecraft:spruce_planks,{},
"(19, 18, 30)",minecraft:spruce_planks,{},
"(20, 18, 30)",minecraft:spruce_planks,{},
"(21, 18, 30)",minecraft:spruce_planks,{},
"(22, 18, 30)",minecraft:stone,{},
"(23, 18, 30)",minecraft:stone_bricks,{},
"(27, 18, 30)",minecraft:stone,{},
"(36, 18, 30)",minecraft:stripped_spruce_wood,{'axis': 'y'},
"(37, 18, 30)",minecraft:stripped_spruce_wood,{'axis': 'y'},
"(38, 18, 30)",minecraft:stone,{},
"(45, 18, 30)",minecraft:dark_oak_slab,"{'type': 'bottom', 'waterlogged': 'false'}",
"(13, 18, 31)",minecraft:andesite,{},
"(14, 18, 31)",minecraft:stone_bricks,{},
"(15, 18, 31)",minecraft:andesite,{},
"(16, 18, 31)",minecraft:stone_bricks,{},
"(17, 18, 31)",minecraft:stone_bricks,{},
"(18, 18, 31)",minecraft:stone,{},
"(19, 18, 31)",minecraft:stone_bricks,{},
"(20, 18, 31)",minecraft:andesite,{},
"(21, 18, 31)",minecraft:andesite,{},
"(22, 18, 31)",minecraft:stone_bricks,{},
"(23, 18, 31)",minecraft:stone_bricks,{},
"(27, 18, 31)",minecraft:stone,{},
"(37, 18, 31)",minecraft:chest,"{'facing': 'west', 'type': 'right', 'waterlogged': 'false'}","{components: {}, Items: [], id: ""minecraft:chest""}"
"(38, 18, 31)",minecraft:stone,{},
"(45, 18, 31)",minecraft:dark_oak_slab,"{'type': 'bottom', 'waterlogged': 'false'}",
"(13, 18, 32)",minecraft:stone_bricks,{},
"(14, 18, 32)",minecraft:stone_bricks,{},
"(17, 18, 32)",minecraft:acacia_leaves,"{'distance': '7', 'persistent': 'true', 'waterlogged': 'false'}",
"(20, 18, 32)",minecraft:stone,{},
"(22, 18, 32)",minecraft:stone,{},
"(23, 18, 32)",minecraft:stone,{},
"(27, 18, 32)",minecraft:stone,{},
"(37, 18, 32)",minecraft:chest,"{'facing': 'west', 'type': 'left', 'waterlogged': 'false'}","{components: {}, Items: [], id: ""minecraft:chest""}"
"(38, 18, 32)",minecraft:stone,{},
"(45, 18, 32)",minecraft:dark_oak_slab,"{'type': 'bottom', 'waterlogged': 'false'}",
"(20, 18, 33)",minecraft:stone_bricks,{},
"(23, 18, 33)",minecraft:stone_bricks,{},
"(27, 18, 33)",minecraft:stone_bricks,{},
"(36, 18, 33)",minecraft:stripped_spruce_wood,{'axis': 'y'},
"(37, 18, 33)",minecraft:stripped_spruce_wood,{'axis': 'y'},
"(38, 18, 33)",minecraft:stone_bricks,{},
"(45, 18, 33)",minecraft:dark_oak_slab,"{'type': 'bottom', 'waterlogged': 'false'}",
"(49, 18, 33)",minecraft:granite_wall,"{'east': 'none', 'north': 'none', 'south': 'none', 'up': 'true', 'waterlogged': 'false', 'west': 'none'}",
"(20, 18, 34)",minecraft:stone,{},
"(21, 18, 34)",minecraft:spruce_stairs,"{'facing': 'north', 'half': 'bottom', 'shape': 'straight', 'waterlogged': 'false'}",
"(22, 18, 34)",minecraft:spruce_stairs,"{'facing': 'north', 'half': 'bottom', 'shape': 'straight', 'waterlogged': 'false'}",
"(23, 18, 34)",minecraft:spruce_stairs,"{'facing': 'north', 'half': 'bottom', 'shape': 'straight', 'waterlogged': 'false'}",
"(24, 18, 34)",minecraft:spruce_stairs,"{'facing': 'north', 'half': 'bottom', 'shape': 'straight', 'waterlogged': 'false'}",
"(25, 18, 34)",minecraft:spruce_stairs,"{'facing': 'north', 'half': 'bottom', 'shape': 'straight', 'waterlogged': 'false'}",
"(26, 18, 34)",minecraft:spruce_stairs,"{'facing': 'north', 'half': 'bottom', 'shape': 'straight', 'waterlogged': 'false'}",
"(27, 18, 34)",minecraft:spruce_stairs,"{'facing': 'east', 'half': 'bottom', 'shape': 'inner_left', 'waterlogged': 'false'}",
"(35, 18, 34)",minecraft:spruce_stairs,"{'facing': 'north', 'half': 'bottom', 'shape': 'inner_left', 'waterlogged': 'false'}",
"(36, 18, 34)",minecraft:spruce_stairs,"{'facing': 'north', 'half': 'bottom', 'shape': 'straight', 'waterlogged': 'false'}",
"(37, 18, 34)",minecraft:spruce_stairs,"{'facing': 'north', 'half': 'bottom', 'shape': 'straight', 'waterlogged': 'false'}",
"(38, 18, 34)",minecraft:stone_bricks,{},
"(45, 18, 34)",minecraft:dark_oak_slab,"{'type': 'bottom', 'waterlogged': 'false'}",
"(20, 18, 35)",minecraft:iron_bars,"{'east': 'false', 'north': 'true', 'south': 'false', 'waterlogged': 'false', 'west': 'false'}",
"(27, 18, 35)",minecraft:spruce_stairs,"{'facing': 'east', 'half': 'bottom', 'shape': 'straight', 'waterlogged': 'false'}",
"(30, 18, 35)",minecraft:spruce_slab,"{'type': 'top', 'waterlogged': 'false'}",
"(31, 18, 35)",minecraft:spruce_trapdoor,"{'facing': 'north', 'half': 'top', 'open': 'false', 'powered': 'false', 'waterlogged': 'false'}",
"(32, 18, 35)",minecraft:chest,"{'facing': 'north', 'type': 'single', 'waterlogged': 'false'}","{components: {}, Items: [], id: ""minecraft:chest""}"
"(33, 18, 35)",minecraft:potted_pink_tulip,{},
"(35, 18, 35)",minecraft:spruce_stairs,"{'facing': 'west', 'half': 'bottom', 'shape': 'straight', 'waterlogged': 'false'}",
"(38, 18, 35)",minecraft:iron_bars,"{'east': 'false', 'north': 'true', 'south': 'false', 'waterlogged': 'false', 'west': 'false'}",
"(45, 18, 35)",minecraft:dark_oak_stairs,"{'facing': 'south', 'half': 'bottom', 'shape': 'straight', 'waterlogged': 'false'}",
"(26, 18, 36)",minecraft:iron_bars,"{'east': 'true', 'north': 'false', 'south': 'false', 'waterlogged': 'false', 'west': 'false'}",
"(27, 18, 36)",minecraft:andesite,{},
"(28, 18, 36)",minecraft:andesite,{},
"(29, 18, 36)",minecraft:andesite,{},
"(30, 18, 36)",minecraft:stone,{},
"(31, 18, 36)",minecraft:stone_bricks,{},
"(32, 18, 36)",minecraft:andesite,{},
"(33, 18, 36)",minecraft:stone,{},
"(34, 18, 36)",minecraft:stone,{},
"(35, 18, 36)",minecraft:andesite,{},
"(36, 18, 36)",minecraft:iron_bars,"{'east': 'false', 'north': 'false', 'south': 'false', 'waterlogged': 'false', 'west': 'true'}",
"(45, 18, 36)",minecraft:dark_oak_stairs,"{'facing': 'north', 'half': 'top', 'shape': 'straight', 'waterlogged': 'false'}",
"(22, 19, 3)",minecraft:spruce_stairs,"{'facing': 'south', 'half': 'bottom', 'shape': 'straight', 'waterlogged': 'false'}",
"(34, 19, 3)",minecraft:spruce_stairs,"{'facing': 'south', 'half': 'bottom', 'shape': 'straight', 'waterlogged': 'false'}",
"(21, 19, 4)",minecraft:spruce_planks,{},
"(22, 19, 4)",minecraft:spruce_planks,{},
"(23, 19, 4)",minecraft:spruce_planks,{},
"(33, 19, 4)",minecraft:spruce_planks,{},
"(34, 19, 4)",minecraft:spruce_planks,{},
"(35, 19, 4)",minecraft:spruce_planks,{},
"(20, 19, 5)",minecraft:spruce_stairs,"{'facing': 'east', 'half': 'bottom', 'shape': 'straight', 'waterlogged': 'false'}",
"(21, 19, 5)",minecraft:spruce_planks,{},
"(22, 19, 5)",minecraft:spruce_planks,{},
"(23, 19, 5)",minecraft:spruce_planks,{},
"(24, 19, 5)",minecraft:spruce_stairs,"{'facing': 'west', 'half': 'bottom', 'shape': 'straight', 'waterlogged': 'false'}",
"(32, 19, 5)",minecraft:spruce_stairs,"{'facing': 'east', 'half': 'bottom', 'shape': 'straight', 'waterlogged': 'false'}",
"(33, 19, 5)",minecraft:spruce_planks,{},
"(34, 19, 5)",minecraft:spruce_planks,{},
"(35, 19, 5)",minecraft:spruce_planks,{},
"(36, 19, 5)",minecraft:spruce_stairs,"{'facing': 'west', 'half': 'bottom', 'shape': 'straight', 'waterlogged': 'false'}",
"(21, 19, 6)",minecraft:spruce_planks,{},
"(22, 19, 6)",minecraft:spruce_planks,{},
"(23, 19, 6)",minecraft:spruce_planks,{},
"(33, 19, 6)",minecraft:spruce_planks,{},
"(34, 19, 6)",minecraft:spruce_planks,{},
"(35, 19, 6)",minecraft:spruce_planks,{},
"(44, 19, 6)",minecraft:polished_andesite,{},
"(45, 19, 6)",minecraft:cobblestone_wall,"{'east': 'low', 'north': 'none', 'south': 'low', 'up': 'true', 'waterlogged': 'false', 'west': 'low'}",
"(46, 19, 6)",minecraft:polished_andesite,{},
"(22, 19, 7)",minecraft:spruce_stairs,"{'facing': 'north', 'half': 'bottom', 'shape': 'straight', 'waterlogged': 'false'}",
"(34, 19, 7)",minecraft:spruce_stairs,"{'facing': 'north', 'half': 'bottom', 'shape': 'straight', 'waterlogged': 'false'}",
"(43, 19, 7)",minecraft:polished_andesite,{},
"(44, 19, 7)",minecraft:spruce_planks,{},
"(45, 19, 7)",minecraft:spruce_planks,{},
"(46, 19, 7)",minecraft:spruce_planks,{},
"(47, 19, 7)",minecraft:polished_andesite,{},
"(43, 19, 8)",minecraft:cobblestone_wall,"{'east': 'low', 'north': 'low', 'south': 'low', 'up': 'true', 'waterlogged': 'false', 'west': 'none'}",
"(44, 19, 8)",minecraft:spruce_planks,{},
"(46, 19, 8)",minecraft:spruce_planks,{},
"(47, 19, 8)",minecraft:cobblestone_wall,"{'east': 'none', 'north': 'low', 'south': 'low', 'up': 'true', 'waterlogged': 'false', 'west': 'low'}",
"(13, 19, 9)",minecraft:spruce_slab,"{'type': 'bottom', 'waterlogged': 'false'}",
"(14, 19, 9)",minecraft:spruce_planks,{},
"(15, 19, 9)",minecraft:spruce_slab,"{'type': 'bottom', 'waterlogged': 'false'}",
"(43, 19, 9)",minecraft:polished_andesite,{},
"(44, 19, 9)",minecraft:spruce_planks,{},
"(45, 19, 9)",minecraft:spruce_planks,{},
"(46, 19, 9)",minecraft:spruce_planks,{},
"(47, 19, 9)",minecraft:polished_andesite,{},
"(13, 19, 10)",minecraft:spruce_planks,{},
"(14, 19, 10)",minecraft:spruce_planks,{},
"(15, 19, 10)",minecraft:spruce_planks,{},
"(44, 19, 10)",minecraft:polished_andesite,{},
"(45, 19, 10)",minecraft:cobblestone_wall,"{'east': 'low', 'north': 'low', 'south': 'none', 'up': 'true', 'waterlogged': 'false', 'west': 'low'}",
"(46, 19, 10)",minecraft:polished_andesite,{},
"(13, 19, 11)",minecraft:spruce_slab,"{'type': 'bottom', 'waterlogged': 'false'}",
"(14, 19, 11)",minecraft:spruce_planks,{},
"(15, 19, 11)",minecraft:spruce_slab,"{'type': 'bottom', 'waterlogged': 'false'}",
"(14, 19, 21)",minecraft:acacia_leaves,"{'distance': '7', 'persistent': 'true', 'waterlogged': 'false'}",
"(16, 19, 21)",minecraft:acacia_leaves,"{'distance': '7', 'persistent': 'true', 'waterlogged': 'false'}",
"(13, 19, 22)",minecraft:andesite,{},
"(14, 19, 22)",minecraft:stone_bricks,{},
"(16, 19, 22)",minecraft:iron_chain,"{'axis': 'y', 'waterlogged': 'false'}",
"(19, 19, 22)",minecraft:acacia_leaves,"{'distance': '7', 'persistent': 'true', 'waterlogged': 'false'}",
"(20, 19, 22)",minecraft:iron_chain,"{'axis': 'y', 'waterlogged': 'false'}",
"(22, 19, 22)",minecraft:andesite,{},
"(23, 19, 22)",minecraft:stone,{},
"(13, 19, 23)",minecraft:stone,{},
"(14, 19, 23)",minecraft:stone_bricks,{},
"(15, 19, 23)",minecraft:stone_bricks,{},
"(16, 19, 23)",minecraft:white_stained_glass_pane,"{'east': 'true', 'north': 'false', 'south': 'false', 'waterlogged': 'false', 'west': 'true'}",
"(17, 19, 23)",minecraft:stone_bricks,{},
"(18, 19, 23)",minecraft:stone_brick_stairs,"{'facing': 'south', 'half': 'bottom', 'shape': 'straight', 'waterlogged': 'false'}",
"(19, 19, 23)",minecraft:stone,{},
"(20, 19, 23)",minecraft:white_stained_glass_pane,"{'east': 'true', 'north': 'false', 'south': 'false', 'waterlogged': 'false', 'west': 'true'}",
"(21, 19, 23)",minecraft:stone,{},
"(22, 19, 23)",minecraft:stone_bricks,{},
"(23, 19, 23)",minecraft:stone,{},
"(12, 19, 24)",minecraft:spruce_trapdoor,"{'facing': 'north', 'half': 'bottom', 'open': 'true', 'powered': 'false', 'waterlogged': 'false'}",
"(13, 19, 24)",minecraft:oak_trapdoor,"{'facing': 'north', 'half': 'bottom', 'open': 'true', 'powered': 'false', 'waterlogged': 'false'}",
"(14, 19, 24)",minecraft:stone,{},
"(15, 19, 24)",minecraft:repeating_command_block,"{'conditional': 'false', 'facing': 'east'}","{conditionMet: 0b, auto: 0b, components: {}, powered: 0b, Command: """", id: ""minecraft:command_block"", SuccessCount: 0, TrackOutput: 1b, UpdateLastExecution: 1b}"
"(17, 19, 24)",minecraft:spruce_slab,"{'type': 'bottom', 'waterlogged': 'false'}",
"(18, 19, 24)",minecraft:red_bed,"{'facing': 'north', 'occupied': 'false', 'part': 'head'}","{components: {}, id: ""minecraft:bed""}"
"(19, 19, 24)",minecraft:spruce_slab,"{'type': 'bottom', 'waterlogged': 'false'}",
"(21, 19, 24)",minecraft:repeating_command_block,"{'conditional': 'false', 'facing': 'west'}","{conditionMet: 0b, auto: 0b, components: {}, powered: 0b, Command: """", id: ""minecraft:command_block"", SuccessCount: 0, TrackOutput: 1b, UpdateLastExecution: 1b}"
"(22, 19, 24)",minecraft:andesite,{},
"(27, 19, 24)",minecraft:polished_andesite_stairs,"{'facing': 'east', 'half': 'top', 'shape': 'straight', 'waterlogged': 'false'}",
"(28, 19, 24)",minecraft:stone,{},
"(29, 19, 24)",minecraft:stone,{},
"(30, 19, 24)",minecraft:stone_bricks,{},
"(31, 19, 24)",minecraft:stone,{},
"(32, 19, 24)",minecraft:stone,{},
"(33, 19, 24)",minecraft:stone,{},
"(34, 19, 24)",minecraft:andesite,{},
"(35, 19, 24)",minecraft:polished_andesite_stairs,"{'facing': 'west', 'half': 'top', 'shape': 'straight', 'waterlogged': 'false'}",
"(11, 19, 25)",minecraft:spruce_trapdoor,"{'facing': 'west', 'half': 'bottom', 'open': 'true', 'powered': 'false', 'waterlogged': 'false'}",
"(12, 19, 25)",minecraft:dark_oak_trapdoor,"{'facing': 'south', 'half': 'top', 'open': 'false', 'powered': 'false', 'waterlogged': 'false'}",
"(13, 19, 25)",minecraft:composter,{'level': '0'},
"(14, 19, 25)",minecraft:andesite,{},
"(15, 19, 25)",minecraft:repeating_command_block,"{'conditional': 'false', 'facing': 'east'}","{conditionMet: 0b, auto: 0b, components: {}, powered: 0b, Command: """", id: ""minecraft:command_block"", SuccessCount: 0, TrackOutput: 1b, UpdateLastExecution: 1b}"
"(17, 19, 25)",minecraft:spruce_slab,"{'type': 'bottom', 'waterlogged': 'false'}",
"(18, 19, 25)",minecraft:red_bed,"{'facing': 'north', 'occupied': 'false', 'part': 'foot'}","{components: {}, id: ""minecraft:bed""}"
"(19, 19, 25)",minecraft:spruce_slab,"{'type': 'bottom', 'waterlogged': 'false'}",
"(21, 19, 25)",minecraft:repeating_command_block,"{'conditional': 'false', 'facing': 'west'}","{conditionMet: 0b, auto: 0b, components: {}, powered: 0b, Command: """", id: ""minecraft:command_block"", SuccessCount: 0, TrackOutput: 1b, UpdateLastExecution: 1b}"
"(22, 19, 25)",minecraft:stone,{},
"(28, 19, 25)",minecraft:spruce_planks,{},
"(29, 19, 25)",minecraft:stone_brick_stairs,"{'facing': 'north', 'half': 'bottom', 'shape': 'straight', 'waterlogged': 'false'}",
"(30, 19, 25)",minecraft:stone_brick_stairs,"{'facing': 'north', 'half': 'bottom', 'shape': 'straight', 'waterlogged': 'false'}",
"(31, 19, 25)",minecraft:stone_brick_stairs,"{'facing': 'north', 'half': 'bottom', 'shape': 'straight', 'waterlogged': 'false'}",
"(32, 19, 25)",minecraft:stone_brick_stairs,"{'facing': 'north', 'half': 'bottom', 'shape': 'straight', 'waterlogged': 'false'}",
"(33, 19, 25)",minecraft:stone_brick_stairs,"{'facing': 'north', 'half': 'bottom', 'shape': 'straight', 'waterlogged': 'false'}",
"(34, 19, 25)",minecraft:spruce_planks,{},
"(11, 19, 26)",minecraft:oak_trapdoor,"{'facing': 'west', 'half': 'bottom', 'open': 'true', 'powered': 'false', 'waterlogged': 'false'}",
"(13, 19, 26)",minecraft:lantern,"{'hanging': 'false', 'waterlogged': 'false'}",
"(14, 19, 26)",minecraft:stone_bricks,{},
"(15, 19, 26)",minecraft:repeating_command_block,"{'conditional': 'false', 'facing': 'east'}","{conditionMet: 0b, auto: 0b, components: {}, powered: 0b, Command: """", id: ""minecraft:command_block"", SuccessCount: 0, TrackOutput: 1b, UpdateLastExecution: 1b}"
"(17, 19, 26)",minecraft:spruce_slab,"{'type': 'bottom', 'waterlogged': 'false'}",
"(18, 19, 26)",minecraft:spruce_slab,"{'type': 'bottom', 'waterlogged': 'false'}",
"(19, 19, 26)",minecraft:spruce_slab,"{'type': 'bottom', 'waterlogged': 'false'}",
"(21, 19, 26)",minecraft:repeating_command_block,"{'conditional': 'false', 'facing': 'west'}","{conditionMet: 0b, auto: 0b, components: {}, powered: 0b, Command: """", id: ""minecraft:command_block"", SuccessCount: 0, TrackOutput: 1b, UpdateLastExecution: 1b}"
"(22, 19, 26)",minecraft:stone,{},
"(28, 19, 26)",minecraft:spruce_planks,{},
"(29, 19, 26)",minecraft:stone_brick_stairs,"{'facing': 'north', 'half': 'bottom', 'shape': 'straight', 'waterlogged': 'false'}",
"(30, 19, 26)",minecraft:stone_stairs,"{'facing': 'north', 'half': 'bottom', 'shape': 'straight', 'waterlogged': 'false'}",
"(31, 19, 26)",minecraft:stone_stairs,"{'facing': 'north', 'half': 'bottom', 'shape': 'straight', 'waterlogged': 'false'}",
"(32, 19, 26)",minecraft:stone_brick_stairs,"{'facing': 'north', 'half': 'bottom', 'shape': 'straight', 'waterlogged': 'false'}",
"(33, 19, 26)",minecraft:andesite_stairs,"{'facing': 'north', 'half': 'bottom', 'shape': 'straight', 'waterlogged': 'false'}",
"(34, 19, 26)",minecraft:spruce_planks,{},
"(38, 19, 26)",minecraft:polished_andesite_stairs,"{'facing': 'south', 'half': 'top', 'shape': 'straight', 'waterlogged': 'false'}",
"(11, 19, 27)",minecraft:oak_trapdoor,"{'facing': 'west', 'half': 'bottom', 'open': 'true', 'powered': 'false', 'waterlogged': 'false'}",
"(12, 19, 27)",minecraft:dark_oak_stairs,"{'facing': 'south', 'half': 'bottom', 'shape': 'straight', 'waterlogged': 'false'}",
"(13, 19, 27)",minecraft:dark_oak_wall_sign,"{'facing': 'east', 'waterlogged': 'false'}","{back_text: {has_glowing_text: 0b, color: ""black"", messages: ["""", """", """", """"]}, components: {}, is_waxed: 0b, id: ""minecraft:sign"", front_text: {has_glowing_text: 0b, color: ""black"", messages: ["""", """", """", """"]}}"
"(14, 19, 27)",minecraft:stone,{},
"(21, 19, 27)",minecraft:ladder,"{'facing': 'west', 'waterlogged': 'false'}",
"(22, 19, 27)",minecraft:stone_bricks,{},
"(23, 19, 27)",minecraft:spruce_planks,{},
"(24, 19, 27)",minecraft:spruce_planks,{},
"(25, 19, 27)",minecraft:spruce_planks,{},
"(26, 19, 27)",minecraft:spruce_planks,{},
"(27, 19, 27)",minecraft:spruce_planks,{},
"(28, 19, 27)",minecraft:spruce_planks,{},
"(34, 19, 27)",minecraft:spruce_planks,{},
"(35, 19, 27)",minecraft:spruce_planks,{},
"(36, 19, 27)",minecraft:spruce_planks,{},
"(37, 19, 27)",minecraft:spruce_planks,{},
"(38, 19, 27)",minecraft:stone_bricks,{},
"(11, 19, 28)",minecraft:oak_trapdoor,"{'facing': 'west', 'half': 'bottom', 'open': 'true', 'powered': 'false', 'waterlogged': 'false'}",
"(15, 19, 28)",minecraft:spruce_door,"{'facing': 'east', 'half': 'lower', 'hinge': 'left', 'open': 'false', 'powered': 'false'}",
"(22, 19, 28)",minecraft:andesite,{},
"(23, 19, 28)",minecraft:stone_bricks,{},
"(25, 19, 28)",minecraft:oak_log,{'axis': 'y'},
"(27, 19, 28)",minecraft:stone,{},
"(37, 19, 28)",minecraft:spruce_trapdoor,"{'facing': 'west', 'half': 'top', 'open': 'false', 'powered': 'false', 'waterlogged': 'false'}",
"(38, 19, 28)",minecraft:andesite,{},
"(11, 19, 29)",minecraft:spruce_trapdoor,"{'facing': 'west', 'half': 'bottom', 'open': 'true', 'powered': 'false', 'waterlogged': 'false'}",
"(12, 19, 29)",minecraft:dark_oak_slab,"{'type': 'top', 'waterlogged': 'false'}",
"(13, 19, 29)",minecraft:dark_oak_trapdoor,"{'facing': 'east', 'half': 'top', 'open': 'true', 'powered': 'false', 'waterlogged': 'false'}",
"(15, 19, 29)",minecraft:spruce_door,"{'facing': 'east', 'half': 'lower', 'hinge': 'right', 'open': 'false', 'powered': 'false'}",
"(22, 19, 29)",minecraft:stone_bricks,{},
"(23, 19, 29)",minecraft:stone,{},
"(27, 19, 29)",minecraft:stone,{},
"(37, 19, 29)",minecraft:spruce_trapdoor,"{'facing': 'west', 'half': 'top', 'open': 'false', 'powered': 'false', 'waterlogged': 'false'}",
"(38, 19, 29)",minecraft:stone,{},
"(12, 19, 30)",minecraft:spruce_trapdoor,"{'facing': 'south', 'half': 'bottom', 'open': 'true', 'powered': 'false', 'waterlogged': 'false'}",
"(13, 19, 30)",minecraft:oak_trapdoor,"{'facing': 'south', 'half': 'bottom', 'open': 'true', 'powered': 'false', 'waterlogged': 'false'}",
"(14, 19, 30)",minecraft:stone_bricks,{},
"(15, 19, 30)",minecraft:repeating_command_block,"{'conditional': 'false', 'facing': 'north'}","{conditionMet: 0b, auto: 0b, components: {}, powered: 0b, Command: """", id: ""minecraft:command_block"", SuccessCount: 0, TrackOutput: 1b, UpdateLastExecution: 1b}"
"(16, 19, 30)",minecraft:repeating_command_block,"{'conditional': 'false', 'facing': 'north'}","{conditionMet: 0b, auto: 0b, components: {}, powered: 0b, Command: """", id: ""minecraft:command_block"", SuccessCount: 0, TrackOutput: 1b, UpdateLastExecution: 1b}"
"(17, 19, 30)",minecraft:spruce_stairs,"{'facing': 'west', 'half': 'top', 'shape': 'straight', 'waterlogged': 'false'}",
"(18, 19, 30)",minecraft:spruce_slab,"{'type': 'top', 'waterlogged': 'false'}",
"(19, 19, 30)",minecraft:spruce_slab,"{'type': 'top', 'waterlogged': 'false'}",
"(20, 19, 30)",minecraft:spruce_stairs,"{'facing': 'east', 'half': 'top', 'shape': 'straight', 'waterlogged': 'false'}",
"(21, 19, 30)",minecraft:repeating_command_block,"{'conditional': 'false', 'facing': 'north'}","{conditionMet: 0b, auto: 0b, components: {}, powered: 0b, Command: """", id: ""minecraft:command_block"", SuccessCount: 0, TrackOutput: 1b, UpdateLastExecution: 1b}"
"(22, 19, 30)",minecraft:stone,{},
"(23, 19, 30)",minecraft:andesite,{},
"(27, 19, 30)",minecraft:stone,{},
"(36, 19, 30)",minecraft:stripped_spruce_wood,{'axis': 'y'},
"(37, 19, 30)",minecraft:stripped_spruce_wood,{'axis': 'y'},
"(38, 19, 30)",minecraft:andesite,{},
"(13, 19, 31)",minecraft:andesite,{},
"(14, 19, 31)",minecraft:stone,{},
"(15, 19, 31)",minecraft:stone_bricks,{},
"(16, 19, 31)",minecraft:stone,{},
"(17, 19, 31)",minecraft:stone_bricks,{},
"(18, 19, 31)",minecraft:stone,{},
"(19, 19, 31)",minecraft:stone,{},
"(20, 19, 31)",minecraft:stone,{},
"(21, 19, 31)",minecraft:stone,{},
"(22, 19, 31)",minecraft:stone,{},
"(23, 19, 31)",minecraft:andesite,{},
"(27, 19, 31)",minecraft:stone,{},
"(37, 19, 31)",minecraft:spruce_trapdoor,"{'facing': 'west', 'half': 'top', 'open': 'false', 'powered': 'false', 'waterlogged': 'false'}",
"(38, 19, 31)",minecraft:stone,{},
"(13, 19, 32)",minecraft:stone_bricks,{},
"(14, 19, 32)",minecraft:andesite,{},
"(20, 19, 32)",minecraft:stone_bricks,{},
"(22, 19, 32)",minecraft:andesite,{},
"(23, 19, 32)",minecraft:andesite,{},
"(27, 19, 32)",minecraft:stone_bricks,{},
"(37, 19, 32)",minecraft:spruce_trapdoor,"{'facing': 'west', 'half': 'top', 'open': 'false', 'powered': 'false', 'waterlogged': 'false'}",
"(38, 19, 32)",minecraft:stone,{},
"(16, 19, 33)",minecraft:acacia_leaves,"{'distance': '7', 'persistent': 'true', 'waterlogged': 'false'}",
"(20, 19, 33)",minecraft:stone,{},
"(21, 19, 33)",minecraft:spruce_planks,{},
"(22, 19, 33)",minecraft:spruce_planks,{},
"(23, 19, 33)",minecraft:spruce_planks,{},
"(24, 19, 33)",minecraft:spruce_planks,{},
"(25, 19, 33)",minecraft:spruce_planks,{},
"(26, 19, 33)",minecraft:spruce_planks,{},
"(27, 19, 33)",minecraft:spruce_planks,{},
"(28, 19, 33)",minecraft:spruce_planks,{},
"(34, 19, 33)",minecraft:spruce_planks,{},
"(35, 19, 33)",minecraft:spruce_planks,{},
"(36, 19, 33)",minecraft:spruce_planks,{},
"(37, 19, 33)",minecraft:spruce_planks,{},
"(38, 19, 33)",minecraft:stone_bricks,{},
"(20, 19, 34)",minecraft:polished_andesite_stairs,"{'facing': 'north', 'half': 'top', 'shape': 'straight', 'waterlogged': 'false'}",
"(28, 19, 34)",minecraft:spruce_planks,{},
"(34, 19, 34)",minecraft:spruce_planks,{},
"(38, 19, 34)",minecraft:polished_andesite_stairs,"{'facing': 'north', 'half': 'top', 'shape': 'straight', 'waterlogged': 'false'}",
"(28, 19, 35)",minecraft:spruce_planks,{},
"(30, 19, 35)",minecraft:lantern,"{'hanging': 'false', 'waterlogged': 'false'}",
"(31, 19, 35)",minecraft:ladder,"{'facing': 'north', 'waterlogged': 'false'}",
"(34, 19, 35)",minecraft:spruce_planks,{},
"(27, 19, 36)",minecraft:polished_andesite_stairs,"{'facing': 'east', 'half': 'top', 'shape': 'straight', 'waterlogged': 'false'}",
"(28, 19, 36)",minecraft:stone_bricks,{},
"(29, 19, 36)",minecraft:stone_bricks,{},
"(30, 19, 36)",minecraft:andesite,{},
"(31, 19, 36)",minecraft:stone,{},
"(32, 19, 36)",minecraft:stone,{},
"(33, 19, 36)",minecraft:stone_bricks,{},
"(34, 19, 36)",minecraft:stone_bricks,{},
"(35, 19, 36)",minecraft:polished_andesite_stairs,"{'facing': 'west', 'half': 'top', 'shape': 'straight', 'waterlogged': 'false'}",
"(21, 20, 4)",minecraft:spruce_slab,"{'type': 'bottom', 'waterlogged': 'false'}",
"(22, 20, 4)",minecraft:spruce_planks,{},
"(23, 20, 4)",minecraft:spruce_slab,"{'type': 'bottom', 'waterlogged': 'false'}",
"(33, 20, 4)",minecraft:spruce_slab,"{'type': 'bottom', 'waterlogged': 'false'}",
"(34, 20, 4)",minecraft:spruce_planks,{},
"(35, 20, 4)",minecraft:spruce_slab,"{'type': 'bottom', 'waterlogged': 'false'}",
"(21, 20, 5)",minecraft:spruce_planks,{},
"(22, 20, 5)",minecraft:spruce_planks,{},
"(23, 20, 5)",minecraft:spruce_planks,{},
"(33, 20, 5)",minecraft:spruce_planks,{},
"(34, 20, 5)",minecraft:spruce_planks,{},
"(35, 20, 5)",minecraft:spruce_planks,{},
"(21, 20, 6)",minecraft:spruce_slab,"{'type': 'bottom', 'waterlogged': 'false'}",
"(22, 20, 6)",minecraft:spruce_planks,{},
"(23, 20, 6)",minecraft:spruce_slab,"{'type': 'bottom', 'waterlogged': 'false'}",
"(33, 20, 6)",minecraft:spruce_slab,"{'type': 'bottom', 'waterlogged': 'false'}",
"(34, 20, 6)",minecraft:spruce_planks,{},
"(35, 20, 6)",minecraft:spruce_slab,"{'type': 'bottom', 'waterlogged': 'false'}",
"(44, 20, 6)",minecraft:polished_andesite_slab,"{'type': 'bottom', 'waterlogged': 'false'}",
"(46, 20, 6)",minecraft:polished_andesite_slab,"{'type': 'bottom', 'waterlogged': 'false'}",
"(43, 20, 7)",minecraft:polished_andesite_slab,"{'type': 'bottom', 'waterlogged': 'false'}",
"(44, 20, 7)",minecraft:spruce_planks,{},
"(45, 20, 7)",minecraft:spruce_planks,{},
"(46, 20, 7)",minecraft:spruce_planks,{},
"(47, 20, 7)",minecraft:polished_andesite_slab,"{'type': 'bottom', 'waterlogged': 'false'}",
"(44, 20, 8)",minecraft:spruce_planks,{},
"(46, 20, 8)",minecraft:spruce_planks,{},
"(14, 20, 9)",minecraft:spruce_stairs,"{'facing': 'south', 'half': 'bottom', 'shape': 'straight', 'waterlogged': 'false'}",
"(43, 20, 9)",minecraft:polished_andesite_slab,"{'type': 'bottom', 'waterlogged': 'false'}",
"(44, 20, 9)",minecraft:spruce_planks,{},
"(45, 20, 9)",minecraft:spruce_planks,{},
"(46, 20, 9)",minecraft:spruce_planks,{},
"(47, 20, 9)",minecraft:polished_andesite_slab,"{'type': 'bottom', 'waterlogged': 'false'}",
"(13, 20, 10)",minecraft:spruce_stairs,"{'facing': 'east', 'half': 'bottom', 'shape': 'straight', 'waterlogged': 'false'}",
"(14, 20, 10)",minecraft:spruce_planks,{},
"(15, 20, 10)",minecraft:spruce_stairs,"{'facing': 'west', 'half': 'bottom', 'shape': 'straight', 'waterlogged': 'false'}",
"(44, 20, 10)",minecraft:polished_andesite_slab,"{'type': 'bottom', 'waterlogged': 'false'}",
"(46, 20, 10)",minecraft:polished_andesite_slab,"{'type': 'bottom', 'waterlogged': 'false'}",
"(14, 20, 11)",minecraft:spruce_stairs,"{'facing': 'north', 'half': 'bottom', 'shape': 'straight', 'waterlogged': 'false'}",
"(13, 20, 22)",minecraft:stone_bricks,{},
"(14, 20, 22)",minecraft:stone_bricks,{},
"(15, 20, 22)",minecraft:acacia_leaves,"{'distance': '7', 'persistent': 'true', 'waterlogged': 'false'}",
"(16, 20, 22)",minecraft:iron_chain,"{'axis': 'y', 'waterlogged': 'false'}",
"(18, 20, 22)",minecraft:acacia_leaves,"{'distance': '7', 'persistent': 'true', 'waterlogged': 'false'}",
"(20, 20, 22)",minecraft:iron_chain,"{'axis': 'y', 'waterlogged': 'false'}",
"(22, 20, 22)",minecraft:stone,{},
"(23, 20, 22)",minecraft:andesite,{},
"(13, 20, 23)",minecraft:stone_bricks,{},
"(14, 20, 23)",minecraft:stone_bricks,{},
"(15, 20, 23)",minecraft:stone_bricks,{},
"(16, 20, 23)",minecraft:light_blue_stained_glass_pane,"{'east': 'true', 'north': 'false', 'south': 'false', 'waterlogged': 'false', 'west': 'true'}",
"(17, 20, 23)",minecraft:stone,{},
"(18, 20, 23)",minecraft:white_stained_glass_pane,"{'east': 'true', 'north': 'false', 'south': 'false', 'waterlogged': 'false', 'west': 'true'}",
"(19, 20, 23)",minecraft:stone_bricks,{},
"(20, 20, 23)",minecraft:light_blue_stained_glass_pane,"{'east': 'true', 'north': 'false', 'south': 'false', 'waterlogged': 'false', 'west': 'true'}",
"(21, 20, 23)",minecraft:stone_bricks,{},
"(22, 20, 23)",minecraft:stone_bricks,{},
"(23, 20, 23)",minecraft:andesite,{},
"(31, 20, 23)",minecraft:spruce_slab,"{'type': 'top', 'waterlogged': 'false'}",
"(14, 20, 24)",minecraft:stone,{},
"(15, 20, 24)",minecraft:repeating_command_block,"{'conditional': 'false', 'facing': 'east'}","{conditionMet: 0b, auto: 0b, components: {}, powered: 0b, Command: """", id: ""minecraft:command_block"", SuccessCount: 0, TrackOutput: 1b, UpdateLastExecution: 1b}"
"(21, 20, 24)",minecraft:repeating_command_block,"{'conditional': 'false', 'facing': 'west'}","{conditionMet: 0b, auto: 0b, components: {}, powered: 0b, Command: """", id: ""minecraft:command_block"", SuccessCount: 0, TrackOutput: 1b, UpdateLastExecution: 1b}"
"(22, 20, 24)",minecraft:stone,{},
"(27, 20, 24)",minecraft:cobblestone_wall,"{'east': 'low', 'north': 'none', 'south': 'none', 'up': 'true', 'waterlogged': 'false', 'west': 'none'}",
"(28, 20, 24)",minecraft:stone,{},
"(29, 20, 24)",minecraft:stone_bricks,{},
"(30, 20, 24)",minecraft:stone_bricks,{},
"(31, 20, 24)",minecraft:andesite,{},
"(32, 20, 24)",minecraft:stone_bricks,{},
"(33, 20, 24)",minecraft:stone_bricks,{},
"(34, 20, 24)",minecraft:stone,{},
"(35, 20, 24)",minecraft:cobblestone_wall,"{'east': 'none', 'north': 'none', 'south': 'none', 'up': 'true', 'waterlogged': 'false', 'west': 'low'}",
"(13, 20, 25)",minecraft:acacia_leaves,"{'distance': '7', 'persistent': 'true', 'waterlogged': 'false'}",
"(14, 20, 25)",minecraft:stone,{},
"(15, 20, 25)",minecraft:repeating_command_block,"{'conditional': 'false', 'facing': 'east'}","{conditionMet: 0b, auto: 0b, components: {}, powered: 0b, Command: """", id: ""minecraft:command_block"", SuccessCount: 0, TrackOutput: 1b, UpdateLastExecution: 1b}"
"(21, 20, 25)",minecraft:repeating_command_block,"{'conditional': 'false', 'facing': 'west'}","{conditionMet: 0b, auto: 0b, components: {}, powered: 0b, Command: """", id: ""minecraft:command_block"", SuccessCount: 0, TrackOutput: 1b, UpdateLastExecution: 1b}"
"(22, 20, 25)",minecraft:andesite,{},
"(28, 20, 25)",minecraft:spruce_stairs,"{'facing': 'east', 'half': 'bottom', 'shape': 'straight', 'waterlogged': 'false'}",
"(29, 20, 25)",minecraft:stone_stairs,"{'facing': 'north', 'half': 'bottom', 'shape': 'straight', 'waterlogged': 'false'}",
"(30, 20, 25)",minecraft:andesite_stairs,"{'facing': 'north', 'half': 'bottom', 'shape': 'straight', 'waterlogged': 'false'}",
"(31, 20, 25)",minecraft:stone_brick_stairs,"{'facing': 'north', 'half': 'bottom', 'shape': 'straight', 'waterlogged': 'false'}",
"(32, 20, 25)",minecraft:stone_stairs,"{'facing': 'north', 'half': 'bottom', 'shape': 'straight', 'waterlogged': 'false'}",
"(33, 20, 25)",minecraft:stone_brick_stairs,"{'facing': 'north', 'half': 'bottom', 'shape': 'straight', 'waterlogged': 'false'}",
"(34, 20, 25)",minecraft:spruce_stairs,"{'facing': 'west', 'half': 'bottom', 'shape': 'straight', 'waterlogged': 'false'}",
"(14, 20, 26)",minecraft:andesite,{},
"(15, 20, 26)",minecraft:repeating_command_block,"{'conditional': 'false', 'facing': 'east'}","{conditionMet: 0b, auto: 0b, components: {}, powered: 0b, Command: """", id: ""minecraft:command_block"", SuccessCount: 0, TrackOutput: 1b, UpdateLastExecution: 1b}"
"(21, 20, 26)",minecraft:spruce_trapdoor,"{'facing': 'west', 'half': 'top', 'open': 'false', 'powered': 'false', 'waterlogged': 'false'}",
"(22, 20, 26)",minecraft:stone_bricks,{},
"(28, 20, 26)",minecraft:spruce_stairs,"{'facing': 'east', 'half': 'bottom', 'shape': 'straight', 'waterlogged': 'false'}",
"(34, 20, 26)",minecraft:spruce_stairs,"{'facing': 'west', 'half': 'bottom', 'shape': 'straight', 'waterlogged': 'false'}",
"(38, 20, 26)",minecraft:cobblestone_wall,"{'east': 'none', 'north': 'none', 'south': 'low', 'up': 'true', 'waterlogged': 'false', 'west': 'none'}",
"(14, 20, 27)",minecraft:stone,{},
"(22, 20, 27)",minecraft:andesite,{},
"(23, 20, 27)",minecraft:spruce_stairs,"{'facing': 'south', 'half': 'bottom', 'shape': 'straight', 'waterlogged': 'false'}",
"(24, 20, 27)",minecraft:spruce_stairs,"{'facing': 'south', 'half': 'bottom', 'shape': 'straight', 'waterlogged': 'false'}",
"(25, 20, 27)",minecraft:spruce_stairs,"{'facing': 'south', 'half': 'bottom', 'shape': 'straight', 'waterlogged': 'false'}",
"(26, 20, 27)",minecraft:spruce_stairs,"{'facing': 'south', 'half': 'bottom', 'shape': 'straight', 'waterlogged': 'false'}",
"(27, 20, 27)",minecraft:spruce_stairs,"{'facing': 'south', 'half': 'bottom', 'shape': 'straight', 'waterlogged': 'false'}",
"(28, 20, 27)",minecraft:spruce_stairs,"{'facing': 'east', 'half': 'bottom', 'shape': 'inner_right', 'waterlogged': 'false'}",
"(34, 20, 27)",minecraft:spruce_stairs,"{'facing': 'west', 'half': 'bottom', 'shape': 'inner_left', 'waterlogged': 'false'}",
"(35, 20, 27)",minecraft:spruce_stairs,"{'facing': 'south', 'half': 'bottom', 'shape': 'straight', 'waterlogged': 'false'}",
"(36, 20, 27)",minecraft:spruce_stairs,"{'facing': 'south', 'half': 'bottom', 'shape': 'straight', 'waterlogged': 'false'}",
"(37, 20, 27)",minecraft:spruce_stairs,"{'facing': 'south', 'half': 'bottom', 'shape': 'straight', 'waterlogged': 'false'}",
"(38, 20, 27)",minecraft:andesite,{},
"(15, 20, 28)",minecraft:spruce_door,"{'facing': 'east', 'half': 'upper', 'hinge': 'left', 'open': 'false', 'powered': 'false'}",
"(22, 20, 28)",minecraft:stone,{},
"(23, 20, 28)",minecraft:stone,{},
"(25, 20, 28)",minecraft:stripped_spruce_log,{'axis': 'y'},
"(27, 20, 28)",minecraft:stone_bricks,{},
"(38, 20, 28)",minecraft:stone_bricks,{},
"(12, 20, 29)",minecraft:potted_flowering_azalea_bush,{},
"(15, 20, 29)",minecraft:spruce_door,"{'facing': 'east', 'half': 'upper', 'hinge': 'right', 'open': 'false', 'powered': 'false'}",
"(22, 20, 29)",minecraft:stone_bricks,{},
"(23, 20, 29)",minecraft:stone_bricks,{},
"(27, 20, 29)",minecraft:andesite,{},
"(37, 20, 29)",minecraft:lantern,"{'hanging': 'false', 'waterlogged': 'false'}",
"(38, 20, 29)",minecraft:stone_bricks,{},
"(14, 20, 30)",minecraft:andesite,{},
"(15, 20, 30)",minecraft:repeating_command_block,"{'conditional': 'false', 'facing': 'north'}","{conditionMet: 0b, auto: 0b, components: {}, powered: 0b, Command: """", id: ""minecraft:command_block"", SuccessCount: 0, TrackOutput: 1b, UpdateLastExecution: 1b}"
"(16, 20, 30)",minecraft:repeating_command_block,"{'conditional': 'false', 'facing': 'north'}","{conditionMet: 0b, auto: 0b, components: {}, powered: 0b, Command: """", id: ""minecraft:command_block"", SuccessCount: 0, TrackOutput: 1b, UpdateLastExecution: 1b}"
"(17, 20, 30)",minecraft:lantern,"{'hanging': 'false', 'waterlogged': 'false'}",
"(18, 20, 30)",minecraft:potted_bamboo,{},
"(20, 20, 30)",minecraft:end_rod,{'facing': 'up'},
"(21, 20, 30)",minecraft:repeating_command_block,"{'conditional': 'false', 'facing': 'north'}","{conditionMet: 0b, auto: 0b, components: {}, powered: 0b, Command: """", id: ""minecraft:command_block"", SuccessCount: 0, TrackOutput: 1b, UpdateLastExecution: 1b}"
"(22, 20, 30)",minecraft:stone,{},
"(23, 20, 30)",minecraft:stone_bricks,{},
"(27, 20, 30)",minecraft:stone,{},
"(36, 20, 30)",minecraft:stripped_spruce_wood,{'axis': 'y'},
"(37, 20, 30)",minecraft:stripped_spruce_wood,{'axis': 'y'},
"(38, 20, 30)",minecraft:andesite,{},
"(13, 20, 31)",minecraft:stone,{},
"(14, 20, 31)",minecraft:stone,{},
"(15, 20, 31)",minecraft:stone_bricks,{},
"(16, 20, 31)",minecraft:stone_bricks,{},
"(17, 20, 31)",minecraft:stone,{},
"(18, 20, 31)",minecraft:stone_bricks,{},
"(19, 20, 31)",minecraft:stone_bricks,{},
"(20, 20, 31)",minecraft:andesite,{},
"(21, 20, 31)",minecraft:stone,{},
"(22, 20, 31)",minecraft:stone,{},
"(23, 20, 31)",minecraft:stone,{},
"(27, 20, 31)",minecraft:stone_bricks,{},
"(38, 20, 31)",minecraft:stone_bricks,{},
"(13, 20, 32)",minecraft:stone,{},
"(14, 20, 32)",minecraft:stone,{},
"(17, 20, 32)",minecraft:spruce_slab,"{'type': 'top', 'waterlogged': 'false'}",
"(18, 20, 32)",minecraft:spruce_trapdoor,"{'facing': 'south', 'half': 'top', 'open': 'false', 'powered': 'false', 'waterlogged': 'false'}",
"(19, 20, 32)",minecraft:spruce_slab,"{'type': 'top', 'waterlogged': 'false'}",
"(20, 20, 32)",minecraft:stone,{},
"(22, 20, 32)",minecraft:stone_bricks,{},
"(23, 20, 32)",minecraft:andesite,{},
"(27, 20, 32)",minecraft:stone_bricks,{},
"(37, 20, 32)",minecraft:potted_lily_of_the_valley,{},
"(38, 20, 32)",minecraft:andesite,{},
"(16, 20, 33)",minecraft:acacia_leaves,"{'distance': '7', 'persistent': 'true', 'waterlogged': 'false'}",
"(19, 20, 33)",minecraft:acacia_leaves,"{'distance': '7', 'persistent': 'true', 'waterlogged': 'false'}",
"(20, 20, 33)",minecraft:stone_bricks,{},
"(21, 20, 33)",minecraft:spruce_stairs,"{'facing': 'north', 'half': 'bottom', 'shape': 'straight', 'waterlogged': 'false'}",
"(22, 20, 33)",minecraft:spruce_stairs,"{'facing': 'north', 'half': 'bottom', 'shape': 'straight', 'waterlogged': 'false'}",
"(23, 20, 33)",minecraft:spruce_stairs,"{'facing': 'north', 'half': 'bottom', 'shape': 'straight', 'waterlogged': 'false'}",
"(24, 20, 33)",minecraft:spruce_stairs,"{'facing': 'north', 'half': 'bottom', 'shape': 'straight', 'waterlogged': 'false'}",
"(25, 20, 33)",minecraft:spruce_stairs,"{'facing': 'north', 'half': 'bottom', 'shape': 'straight', 'waterlogged': 'false'}",
"(26, 20, 33)",minecraft:spruce_stairs,"{'facing': 'north', 'half': 'bottom', 'shape': 'straight', 'waterlogged': 'false'}",
"(27, 20, 33)",minecraft:spruce_stairs,"{'facing': 'north', 'half': 'bottom', 'shape': 'straight', 'waterlogged': 'false'}",
"(28, 20, 33)",minecraft:spruce_stairs,"{'facing': 'north', 'half': 'bottom', 'shape': 'inner_right', 'waterlogged': 'false'}",
"(34, 20, 33)",minecraft:spruce_stairs,"{'facing': 'west', 'half': 'bottom', 'shape': 'inner_right', 'waterlogged': 'false'}",
"(35, 20, 33)",minecraft:spruce_stairs,"{'facing': 'north', 'half': 'bottom', 'shape': 'straight', 'waterlogged': 'false'}",
"(36, 20, 33)",minecraft:spruce_stairs,"{'facing': 'north', 'half': 'bottom', 'shape': 'straight', 'waterlogged': 'false'}",
"(37, 20, 33)",minecraft:spruce_stairs,"{'facing': 'north', 'half': 'bottom', 'shape': 'straight', 'waterlogged': 'false'}",
"(38, 20, 33)",minecraft:stone,{},
"(20, 20, 34)",minecraft:cobblestone_wall,"{'east': 'none', 'north': 'low', 'south': 'none', 'up': 'true', 'waterlogged': 'false', 'west': 'none'}",
"(28, 20, 34)",minecraft:spruce_stairs,"{'facing': 'east', 'half': 'bottom', 'shape': 'straight', 'waterlogged': 'false'}",
"(34, 20, 34)",minecraft:spruce_stairs,"{'facing': 'west', 'half': 'bottom', 'shape': 'straight', 'waterlogged': 'false'}",
"(38, 20, 34)",minecraft:cobblestone_wall,"{'east': 'none', 'north': 'low', 'south': 'none', 'up': 'true', 'waterlogged': 'false', 'west': 'none'}",
"(28, 20, 35)",minecraft:spruce_stairs,"{'facing': 'east', 'half': 'bottom', 'shape': 'straight', 'waterlogged': 'false'}",
"(34, 20, 35)",minecraft:spruce_stairs,"{'facing': 'west', 'half': 'bottom', 'shape': 'straight', 'waterlogged': 'false'}",
"(27, 20, 36)",minecraft:cobblestone_wall,"{'east': 'low', 'north': 'none', 'south': 'none', 'up': 'true', 'waterlogged': 'false', 'west': 'none'}",
"(28, 20, 36)",minecraft:stone_bricks,{},
"(29, 20, 36)",minecraft:stone,{},
"(30, 20, 36)",minecraft:stone,{},
"(31, 20, 36)",minecraft:stone,{},
"(32, 20, 36)",minecraft:andesite,{},
"(33, 20, 36)",minecraft:stone,{},
"(34, 20, 36)",minecraft:andesite,{},
"(35, 20, 36)",minecraft:cobblestone_wall,"{'east': 'none', 'north': 'none', 'south': 'none', 'up': 'true', 'waterlogged': 'false', 'west': 'low'}",
"(31, 20, 37)",minecraft:spruce_slab,"{'type': 'top', 'waterlogged': 'false'}",
"(22, 21, 4)",minecraft:spruce_planks,{},
"(34, 21, 4)",minecraft:spruce_planks,{},
"(21, 21, 5)",minecraft:spruce_planks,{},
"(22, 21, 5)",minecraft:spruce_planks,{},
"(23, 21, 5)",minecraft:spruce_planks,{},
"(33, 21, 5)",minecraft:spruce_planks,{},
"(34, 21, 5)",minecraft:spruce_planks,{},
"(35, 21, 5)",minecraft:spruce_planks,{},
"(22, 21, 6)",minecraft:spruce_planks,{},
"(34, 21, 6)",minecraft:spruce_planks,{},
"(44, 21, 7)",minecraft:spruce_slab,"{'type': 'bottom', 'waterlogged': 'false'}",
"(45, 21, 7)",minecraft:spruce_planks,{},
"(46, 21, 7)",minecraft:spruce_slab,"{'type': 'bottom', 'waterlogged': 'false'}",
"(44, 21, 8)",minecraft:spruce_planks,{},
"(46, 21, 8)",minecraft:spruce_planks,{},
"(44, 21, 9)",minecraft:spruce_slab,"{'type': 'bottom', 'waterlogged': 'false'}",
"(45, 21, 9)",minecraft:spruce_planks,{},
"(46, 21, 9)",minecraft:spruce_slab,"{'type': 'bottom', 'waterlogged': 'false'}",
"(14, 21, 10)",minecraft:spruce_planks,{},
"(13, 21, 22)",minecraft:stone_bricks,{},
"(14, 21, 22)",minecraft:stone,{},
"(16, 21, 22)",minecraft:iron_chain,"{'axis': 'y', 'waterlogged': 'false'}",
"(20, 21, 22)",minecraft:iron_chain,"{'axis': 'y', 'waterlogged': 'false'}",
"(22, 21, 22)",minecraft:stone_bricks,{},
"(23, 21, 22)",minecraft:andesite,{},
"(13, 21, 23)",minecraft:stone_bricks,{},
"(14, 21, 23)",minecraft:stone,{},
"(15, 21, 23)",minecraft:stone,{},
"(16, 21, 23)",minecraft:white_stained_glass_pane,"{'east': 'true', 'north': 'false', 'south': 'false', 'waterlogged': 'false', 'west': 'true'}",
"(17, 21, 23)",minecraft:stone_bricks,{},
"(18, 21, 23)",minecraft:light_blue_stained_glass_pane,"{'east': 'true', 'north': 'false', 'south': 'false', 'waterlogged': 'false', 'west': 'true'}",
"(19, 21, 23)",minecraft:stone_bricks,{},
"(20, 21, 23)",minecraft:white_stained_glass_pane,"{'east': 'true', 'north': 'false', 'south': 'false', 'waterlogged': 'false', 'west': 'true'}",
"(21, 21, 23)",minecraft:stone_bricks,{},
"(22, 21, 23)",minecraft:stone,{},
"(23, 21, 23)",minecraft:stone_bricks,{},
"(30, 21, 23)",minecraft:spruce_trapdoor,"{'facing': 'north', 'half': 'top', 'open': 'true', 'powered': 'false', 'waterlogged': 'false'}",
"(31, 21, 23)",minecraft:potted_white_tulip,{},
"(14, 21, 24)",minecraft:stone,{},
"(15, 21, 24)",minecraft:spruce_trapdoor,"{'facing': 'east', 'half': 'top', 'open': 'false', 'powered': 'false', 'waterlogged': 'false'}",
"(21, 21, 24)",minecraft:repeating_command_block,"{'conditional': 'false', 'facing': 'west'}","{conditionMet: 0b, auto: 0b, components: {}, powered: 0b, Command: """", id: ""minecraft:command_block"", SuccessCount: 0, TrackOutput: 1b, UpdateLastExecution: 1b}"
"(22, 21, 24)",minecraft:andesite,{},
"(27, 21, 24)",minecraft:iron_bars,"{'east': 'false', 'north': 'false', 'south': 'false', 'waterlogged': 'false', 'west': 'false'}",
"(28, 21, 24)",minecraft:polished_andesite_stairs,"{'facing': 'east', 'half': 'top', 'shape': 'straight', 'waterlogged': 'false'}",
"(29, 21, 24)",minecraft:stone,{},
"(30, 21, 24)",minecraft:stone,{},
"(31, 21, 24)",minecraft:gray_stained_glass_pane,"{'east': 'true', 'north': 'false', 'south': 'false', 'waterlogged': 'false', 'west': 'true'}",
"(32, 21, 24)",minecraft:stone,{},
"(33, 21, 24)",minecraft:andesite,{},
"(34, 21, 24)",minecraft:polished_andesite_stairs,"{'facing': 'west', 'half': 'top', 'shape': 'straight', 'waterlogged': 'false'}",
"(35, 21, 24)",minecraft:iron_bars,"{'east': 'false', 'north': 'false', 'south': 'false', 'waterlogged': 'false', 'west': 'false'}",
"(13, 21, 25)",minecraft:acacia_leaves,"{'distance': '7', 'persistent': 'true', 'waterlogged': 'false'}",
"(14, 21, 25)",minecraft:stone,{},
"(15, 21, 25)",minecraft:spruce_trapdoor,"{'facing': 'east', 'half': 'top', 'open': 'false', 'powered': 'false', 'waterlogged': 'false'}",
"(21, 21, 25)",minecraft:spruce_stairs,"{'facing': 'south', 'half': 'top', 'shape': 'straight', 'waterlogged': 'false'}",
"(22, 21, 25)",minecraft:stone,{},
"(29, 21, 25)",minecraft:spruce_planks,{},
"(33, 21, 25)",minecraft:spruce_planks,{},
"(14, 21, 26)",minecraft:stone,{},
"(15, 21, 26)",minecraft:spruce_slab,"{'type': 'top', 'waterlogged': 'false'}",
"(21, 21, 26)",minecraft:brown_mushroom_block,"{'down': 'true', 'east': 'true', 'north': 'true', 'south': 'true', 'up': 'false', 'west': 'true'}",
"(22, 21, 26)",minecraft:stone,{},
"(29, 21, 26)",minecraft:spruce_planks,{},
"(33, 21, 26)",minecraft:spruce_planks,{},
"(38, 21, 26)",minecraft:iron_bars,"{'east': 'false', 'north': 'false', 'south': 'false', 'waterlogged': 'false', 'west': 'false'}",
"(14, 21, 27)",minecraft:stone_bricks,{},
"(21, 21, 27)",minecraft:spruce_trapdoor,"{'facing': 'south', 'half': 'top', 'open': 'true', 'powered': 'false', 'waterlogged': 'false'}",
"(22, 21, 27)",minecraft:andesite,{},
"(29, 21, 27)",minecraft:spruce_planks,{},
"(33, 21, 27)",minecraft:spruce_planks,{},
"(38, 21, 27)",minecraft:polished_andesite_stairs,"{'facing': 'south', 'half': 'top', 'shape': 'straight', 'waterlogged': 'false'}",
"(14, 21, 28)",minecraft:andesite_stairs,"{'facing': 'north', 'half': 'top', 'shape': 'straight', 'waterlogged': 'false'}",
"(15, 21, 28)",minecraft:spruce_trapdoor,"{'facing': 'east', 'half': 'top', 'open': 'true', 'powered': 'false', 'waterlogged': 'false'}",
"(22, 21, 28)",minecraft:andesite,{},
"(23, 21, 28)",minecraft:spruce_planks,{},
"(24, 21, 28)",minecraft:spruce_planks,{},
"(25, 21, 28)",minecraft:spruce_planks,{},
"(26, 21, 28)",minecraft:spruce_planks,{},
"(27, 21, 28)",minecraft:spruce_planks,{},
"(28, 21, 28)",minecraft:spruce_planks,{},
"(29, 21, 28)",minecraft:spruce_planks,{},
"(33, 21, 28)",minecraft:spruce_planks,{},
"(34, 21, 28)",minecraft:spruce_planks,{},
"(35, 21, 28)",minecraft:spruce_planks,{},
"(36, 21, 28)",minecraft:spruce_planks,{},
"(37, 21, 28)",minecraft:spruce_planks,{},
"(38, 21, 28)",minecraft:stone,{},
"(14, 21, 29)",minecraft:stone_brick_stairs,"{'facing': 'south', 'half': 'top', 'shape': 'straight', 'waterlogged': 'false'}",
"(15, 21, 29)",minecraft:spruce_trapdoor,"{'facing': 'east', 'half': 'top', 'open': 'true', 'powered': 'false', 'waterlogged': 'false'}",
"(22, 21, 29)",minecraft:stone_bricks,{},
"(23, 21, 29)",minecraft:stone_bricks,{},
"(27, 21, 29)",minecraft:stone_bricks,{},
"(38, 21, 29)",minecraft:stone_bricks,{},
"(14, 21, 30)",minecraft:andesite,{},
"(15, 21, 30)",minecraft:repeating_command_block,"{'conditional': 'false', 'facing': 'north'}","{conditionMet: 0b, auto: 0b, components: {}, powered: 0b, Command: """", id: ""minecraft:command_block"", SuccessCount: 0, TrackOutput: 1b, UpdateLastExecution: 1b}"
"(16, 21, 30)",minecraft:repeating_command_block,"{'conditional': 'false', 'facing': 'north'}","{conditionMet: 0b, auto: 0b, components: {}, powered: 0b, Command: """", id: ""minecraft:command_block"", SuccessCount: 0, TrackOutput: 1b, UpdateLastExecution: 1b}"
"(20, 21, 30)",minecraft:wither_skeleton_skull,"{'powered': 'false', 'rotation': '8'}","{components: {}, id: ""minecraft:skull""}"
"(22, 21, 30)",minecraft:stone,{},
"(23, 21, 30)",minecraft:andesite,{},
"(27, 21, 30)",minecraft:stone,{},
"(36, 21, 30)",minecraft:stripped_spruce_wood,{'axis': 'y'},
"(37, 21, 30)",minecraft:stripped_spruce_wood,{'axis': 'y'},
"(38, 21, 30)",minecraft:andesite,{},
"(13, 21, 31)",minecraft:andesite,{},
"(14, 21, 31)",minecraft:stone_bricks,{},
"(15, 21, 31)",minecraft:stone_bricks,{},
"(16, 21, 31)",minecraft:stone_bricks,{},
"(17, 21, 31)",minecraft:stone,{},
"(18, 21, 31)",minecraft:stone,{},
"(19, 21, 31)",minecraft:andesite,{},
"(20, 21, 31)",minecraft:stone_bricks,{},
"(21, 21, 31)",minecraft:stone_bricks,{},
"(22, 21, 31)",minecraft:stone_bricks,{},
"(23, 21, 31)",minecraft:stone,{},
"(27, 21, 31)",minecraft:andesite,{},
"(38, 21, 31)",minecraft:stone,{},
"(13, 21, 32)",minecraft:andesite,{},
"(14, 21, 32)",minecraft:andesite,{},
"(16, 21, 32)",minecraft:spruce_trapdoor,"{'facing': 'west', 'half': 'bottom', 'open': 'true', 'powered': 'false', 'waterlogged': 'false'}",
"(17, 21, 32)",minecraft:acacia_leaves,"{'distance': '7', 'persistent': 'true', 'waterlogged': 'false'}",
"(18, 21, 32)",minecraft:acacia_leaves,"{'distance': '7', 'persistent': 'true', 'waterlogged': 'false'}",
"(19, 21, 32)",minecraft:acacia_leaves,"{'distance': '7', 'persistent': 'true', 'waterlogged': 'false'}",
"(20, 21, 32)",minecraft:andesite,{},
"(21, 21, 32)",minecraft:spruce_planks,{},
"(22, 21, 32)",minecraft:stone_bricks,{},
"(23, 21, 32)",minecraft:stone_bricks,{},
"(24, 21, 32)",minecraft:spruce_planks,{},
"(25, 21, 32)",minecraft:spruce_planks,{},
"(26, 21, 32)",minecraft:spruce_planks,{},
"(27, 21, 32)",minecraft:spruce_planks,{},
"(28, 21, 32)",minecraft:spruce_planks,{},
"(29, 21, 32)",minecraft:spruce_planks,{},
"(33, 21, 32)",minecraft:spruce_planks,{},
"(34, 21, 32)",minecraft:spruce_planks,{},
"(35, 21, 32)",minecraft:spruce_planks,{},
"(36, 21, 32)",minecraft:spruce_planks,{},
"(37, 21, 32)",minecraft:spruce_planks,{},
"(38, 21, 32)",minecraft:stone_bricks,{},
"(17, 21, 33)",minecraft:spruce_trapdoor,"{'facing': 'south', 'half': 'bottom', 'open': 'true', 'powered': 'false', 'waterlogged': 'false'}",
"(18, 21, 33)",minecraft:oak_trapdoor,"{'facing': 'south', 'half': 'bottom', 'open': 'true', 'powered': 'false', 'waterlogged': 'false'}",
"(19, 21, 33)",minecraft:spruce_trapdoor,"{'facing': 'south', 'half': 'bottom', 'open': 'true', 'powered': 'false', 'waterlogged': 'false'}",
"(20, 21, 33)",minecraft:polished_andesite_stairs,"{'facing': 'north', 'half': 'top', 'shape': 'straight', 'waterlogged': 'false'}",
"(29, 21, 33)",minecraft:spruce_planks,{},
"(33, 21, 33)",minecraft:spruce_planks,{},
"(38, 21, 33)",minecraft:polished_andesite_stairs,"{'facing': 'north', 'half': 'top', 'shape': 'straight', 'waterlogged': 'false'}",
"(20, 21, 34)",minecraft:iron_bars,"{'east': 'false', 'north': 'false', 'south': 'false', 'waterlogged': 'false', 'west': 'false'}",
"(29, 21, 34)",minecraft:spruce_planks,{},
"(33, 21, 34)",minecraft:spruce_planks,{},
"(38, 21, 34)",minecraft:iron_bars,"{'east': 'false', 'north': 'false', 'south': 'false', 'waterlogged': 'false', 'west': 'false'}",
"(29, 21, 35)",minecraft:spruce_planks,{},
"(33, 21, 35)",minecraft:spruce_planks,{},
"(27, 21, 36)",minecraft:iron_bars,"{'east': 'false', 'north': 'false', 'south': 'false', 'waterlogged': 'false', 'west': 'false'}",
"(28, 21, 36)",minecraft:polished_andesite_stairs,"{'facing': 'east', 'half': 'top', 'shape': 'straight', 'waterlogged': 'false'}",
"(29, 21, 36)",minecraft:andesite,{},
"(30, 21, 36)",minecraft:stone,{},
"(31, 21, 36)",minecraft:gray_stained_glass_pane,"{'east': 'true', 'north': 'false', 'south': 'false', 'waterlogged': 'false', 'west': 'true'}",
"(32, 21, 36)",minecraft:stone,{},
"(33, 21, 36)",minecraft:stone_bricks,{},
"(34, 21, 36)",minecraft:polished_andesite_stairs,"{'facing': 'west', 'half': 'top', 'shape': 'straight', 'waterlogged': 'false'}",
"(35, 21, 36)",minecraft:iron_bars,"{'east': 'false', 'north': 'false', 'south': 'false', 'waterlogged': 'false', 'west': 'false'}",
"(31, 21, 37)",minecraft:lantern,"{'hanging': 'false', 'waterlogged': 'false'}",
"(32, 21, 37)",minecraft:spruce_trapdoor,"{'facing': 'south', 'half': 'top', 'open': 'true', 'powered': 'false', 'waterlogged': 'false'}",
"(22, 22, 4)",minecraft:spruce_stairs,"{'facing': 'south', 'half': 'bottom', 'shape': 'straight', 'waterlogged': 'false'}",
"(34, 22, 4)",minecraft:spruce_stairs,"{'facing': 'south', 'half': 'bottom', 'shape': 'straight', 'waterlogged': 'false'}",
"(21, 22, 5)",minecraft:spruce_stairs,"{'facing': 'east', 'half': 'bottom', 'shape': 'straight', 'waterlogged': 'false'}",
"(22, 22, 5)",minecraft:spruce_planks,{},
"(23, 22, 5)",minecraft:spruce_stairs,"{'facing': 'west', 'half': 'bottom', 'shape': 'straight', 'waterlogged': 'false'}",
"(33, 22, 5)",minecraft:spruce_stairs,"{'facing': 'east', 'half': 'bottom', 'shape': 'straight', 'waterlogged': 'false'}",
"(34, 22, 5)",minecraft:spruce_planks,{},
"(35, 22, 5)",minecraft:spruce_stairs,"{'facing': 'west', 'half': 'bottom', 'shape': 'straight', 'waterlogged': 'false'}",
"(22, 22, 6)",minecraft:spruce_stairs,"{'facing': 'north', 'half': 'bottom', 'shape': 'straight', 'waterlogged': 'false'}",
"(34, 22, 6)",minecraft:spruce_stairs,"{'facing': 'north', 'half': 'bottom', 'shape': 'straight', 'waterlogged': 'false'}",
"(45, 22, 7)",minecraft:spruce_stairs,"{'facing': 'south', 'half': 'bottom', 'shape': 'straight', 'waterlogged': 'false'}",
"(44, 22, 8)",minecraft:spruce_stairs,"{'facing': 'east', 'half': 'bottom', 'shape': 'straight', 'waterlogged': 'false'}",
"(45, 22, 8)",minecraft:spruce_planks,{},
"(46, 22, 8)",minecraft:spruce_stairs,"{'facing': 'west', 'half': 'bottom', 'shape': 'straight', 'waterlogged': 'false'}",
"(45, 22, 9)",minecraft:spruce_stairs,"{'facing': 'north', 'half': 'bottom', 'shape': 'straight', 'waterlogged': 'false'}",
"(14, 22, 10)",minecraft:spruce_planks,{},
"(13, 22, 22)",minecraft:stone_bricks,{},
"(14, 22, 22)",minecraft:stone,{},
"(15, 22, 22)",minecraft:spruce_trapdoor,"{'facing': 'west', 'half': 'top', 'open': 'true', 'powered': 'false', 'waterlogged': 'false'}",
"(16, 22, 22)",minecraft:spruce_fence,"{'east': 'false', 'north': 'false', 'south': 'false', 'waterlogged': 'false', 'west': 'true'}",
"(20, 22, 22)",minecraft:spruce_fence,"{'east': 'true', 'north': 'false', 'south': 'false', 'waterlogged': 'false', 'west': 'false'}",
"(21, 22, 22)",minecraft:spruce_trapdoor,"{'facing': 'east', 'half': 'top', 'open': 'true', 'powered': 'false', 'waterlogged': 'false'}",
"(22, 22, 22)",minecraft:stone,{},
"(23, 22, 22)",minecraft:andesite,{},
"(13, 22, 23)",minecraft:andesite,{},
"(14, 22, 23)",minecraft:stone,{},
"(15, 22, 23)",minecraft:stone_bricks,{},
"(16, 22, 23)",minecraft:stone_brick_stairs,"{'facing': 'south', 'half': 'top', 'shape': 'straight', 'waterlogged': 'false'}",
"(17, 22, 23)",minecraft:stone,{},
"(18, 22, 23)",minecraft:white_stained_glass_pane,"{'east': 'true', 'north': 'false', 'south': 'false', 'waterlogged': 'false', 'west': 'true'}",
"(19, 22, 23)",minecraft:stone,{},
"(20, 22, 23)",minecraft:stone_stairs,"{'facing': 'south', 'half': 'top', 'shape': 'straight', 'waterlogged': 'false'}",
"(21, 22, 23)",minecraft:andesite,{},
"(22, 22, 23)",minecraft:stone,{},
"(23, 22, 23)",minecraft:stone_bricks,{},
"(30, 22, 23)",minecraft:spruce_trapdoor,"{'facing': 'north', 'half': 'bottom', 'open': 'true', 'powered': 'false', 'waterlogged': 'false'}",
"(14, 22, 24)",minecraft:stone_bricks,{},
"(15, 22, 24)",minecraft:potted_orange_tulip,{},
"(21, 22, 24)",minecraft:spruce_trapdoor,"{'facing': 'north', 'half': 'bottom', 'open': 'true', 'powered': 'false', 'waterlogged': 'false'}",
"(22, 22, 24)",minecraft:stone,{},
"(28, 22, 24)",minecraft:cobblestone_wall,"{'east': 'low', 'north': 'none', 'south': 'none', 'up': 'true', 'waterlogged': 'false', 'west': 'none'}",
"(29, 22, 24)",minecraft:stone,{},
"(30, 22, 24)",minecraft:andesite,{},
"(31, 22, 24)",minecraft:gray_stained_glass_pane,"{'east': 'true', 'north': 'false', 'south': 'false', 'waterlogged': 'false', 'west': 'true'}",
"(32, 22, 24)",minecraft:stone_bricks,{},
"(33, 22, 24)",minecraft:stone_bricks,{},
"(34, 22, 24)",minecraft:cobblestone_wall,"{'east': 'none', 'north': 'none', 'south': 'none', 'up': 'true', 'waterlogged': 'false', 'west': 'low'}",
"(14, 22, 25)",minecraft:andesite,{},
"(15, 22, 25)",minecraft:lantern,"{'hanging': 'false', 'waterlogged': 'false'}",
"(21, 22, 25)",minecraft:brown_mushroom_block,"{'down': 'true', 'east': 'true', 'north': 'true', 'south': 'false', 'up': 'true', 'west': 'true'}",
"(22, 22, 25)",minecraft:stone,{},
"(29, 22, 25)",minecraft:spruce_stairs,"{'facing': 'east', 'half': 'bottom', 'shape': 'straight', 'waterlogged': 'false'}",
"(33, 22, 25)",minecraft:spruce_stairs,"{'facing': 'west', 'half': 'bottom', 'shape': 'straight', 'waterlogged': 'false'}",
"(14, 22, 26)",minecraft:stone,{},
"(15, 22, 26)",minecraft:iron_chain,"{'axis': 'y', 'waterlogged': 'false'}",
"(21, 22, 26)",minecraft:brown_mushroom_block,"{'down': 'false', 'east': 'true', 'north': 'false', 'south': 'true', 'up': 'true', 'west': 'true'}",
"(22, 22, 26)",minecraft:stone,{},
"(29, 22, 26)",minecraft:spruce_stairs,"{'facing': 'east', 'half': 'bottom', 'shape': 'straight', 'waterlogged': 'false'}",
"(30, 22, 26)",minecraft:lantern,"{'hanging': 'true', 'waterlogged': 'false'}",
"(33, 22, 26)",minecraft:spruce_stairs,"{'facing': 'west', 'half': 'bottom', 'shape': 'straight', 'waterlogged': 'false'}",
"(14, 22, 27)",minecraft:stone,{},
"(21, 22, 27)",minecraft:spruce_trapdoor,"{'facing': 'south', 'half': 'bottom', 'open': 'true', 'powered': 'false', 'waterlogged': 'false'}",
"(22, 22, 27)",minecraft:andesite,{},
"(29, 22, 27)",minecraft:spruce_stairs,"{'facing': 'east', 'half': 'bottom', 'shape': 'straight', 'waterlogged': 'false'}",
"(33, 22, 27)",minecraft:spruce_stairs,"{'facing': 'west', 'half': 'bottom', 'shape': 'straight', 'waterlogged': 'false'}",
"(38, 22, 27)",minecraft:cobblestone_wall,"{'east': 'none', 'north': 'none', 'south': 'low', 'up': 'true', 'waterlogged': 'false', 'west': 'none'}",
"(14, 22, 28)",minecraft:stone_bricks,{},
"(21, 22, 28)",minecraft:spruce_slab,"{'type': 'top', 'waterlogged': 'false'}",
"(22, 22, 28)",minecraft:stone,{},
"(23, 22, 28)",minecraft:spruce_stairs,"{'facing': 'south', 'half': 'bottom', 'shape': 'straight', 'waterlogged': 'false'}",
"(24, 22, 28)",minecraft:spruce_stairs,"{'facing': 'south', 'half': 'bottom', 'shape': 'straight', 'waterlogged': 'false'}",
"(25, 22, 28)",minecraft:spruce_stairs,"{'facing': 'south', 'half': 'bottom', 'shape': 'straight', 'waterlogged': 'false'}",
"(26, 22, 28)",minecraft:spruce_stairs,"{'facing': 'south', 'half': 'bottom', 'shape': 'straight', 'waterlogged': 'false'}",
"(27, 22, 28)",minecraft:spruce_stairs,"{'facing': 'south', 'half': 'bottom', 'shape': 'straight', 'waterlogged': 'false'}",
"(28, 22, 28)",minecraft:spruce_stairs,"{'facing': 'south', 'half': 'bottom', 'shape': 'straight', 'waterlogged': 'false'}",
"(29, 22, 28)",minecraft:spruce_stairs,"{'facing': 'south', 'half': 'bottom', 'shape': 'inner_left', 'waterlogged': 'false'}",
"(33, 22, 28)",minecraft:spruce_stairs,"{'facing': 'south', 'half': 'bottom', 'shape': 'inner_right', 'waterlogged': 'false'}",
"(34, 22, 28)",minecraft:spruce_stairs,"{'facing': 'south', 'half': 'bottom', 'shape': 'straight', 'waterlogged': 'false'}",
"(35, 22, 28)",minecraft:spruce_stairs,"{'facing': 'south', 'half': 'bottom', 'shape': 'straight', 'waterlogged': 'false'}",
"(36, 22, 28)",minecraft:spruce_stairs,"{'facing': 'south', 'half': 'bottom', 'shape': 'straight', 'waterlogged': 'false'}",
"(37, 22, 28)",minecraft:spruce_stairs,"{'facing': 'south', 'half': 'bottom', 'shape': 'straight', 'waterlogged': 'false'}",
"(38, 22, 28)",minecraft:stone_bricks,{},
"(14, 22, 29)",minecraft:stone,{},
"(21, 22, 29)",minecraft:lantern,"{'hanging': 'true', 'waterlogged': 'false'}",
"(22, 22, 29)",minecraft:stone_bricks,{},
"(23, 22, 29)",minecraft:stone,{},
"(27, 22, 29)",minecraft:stone_bricks,{},
"(38, 22, 29)",minecraft:andesite,{},
"(14, 22, 30)",minecraft:stone_bricks,{},
"(21, 22, 30)",minecraft:spruce_slab,"{'type': 'top', 'waterlogged': 'false'}",
"(22, 22, 30)",minecraft:stone_bricks,{},
"(23, 22, 30)",minecraft:stone,{},
"(27, 22, 30)",minecraft:stone,{},
"(36, 22, 30)",minecraft:stripped_spruce_wood,{'axis': 'y'},
"(37, 22, 30)",minecraft:stripped_spruce_wood,{'axis': 'y'},
"(38, 22, 30)",minecraft:stone_bricks,{},
"(13, 22, 31)",minecraft:stone,{},
"(14, 22, 31)",minecraft:stone,{},
"(15, 22, 31)",minecraft:andesite,{},
"(16, 22, 31)",minecraft:stone,{},
"(17, 22, 31)",minecraft:gray_stained_glass_pane,"{'east': 'true', 'north': 'false', 'south': 'false', 'waterlogged': 'false', 'west': 'true'}",
"(18, 22, 31)",minecraft:andesite,{},
"(19, 22, 31)",minecraft:gray_stained_glass_pane,"{'east': 'true', 'north': 'false', 'south': 'false', 'waterlogged': 'false', 'west': 'true'}",
"(20, 22, 31)",minecraft:stone,{},
"(21, 22, 31)",minecraft:andesite,{},
"(22, 22, 31)",minecraft:stone,{},
"(23, 22, 31)",minecraft:stone,{},
"(27, 22, 31)",minecraft:stone_bricks,{},
"(38, 22, 31)",minecraft:stone_bricks,{},
"(13, 22, 32)",minecraft:andesite,{},
"(14, 22, 32)",minecraft:andesite,{},
"(16, 22, 32)",minecraft:spruce_wall_sign,"{'facing': 'west', 'waterlogged': 'false'}","{back_text: {has_glowing_text: 0b, color: ""black"", messages: ["""", """", """", """"]}, components: {}, is_waxed: 0b, id: ""minecraft:sign"", front_text: {has_glowing_text: 0b, color: ""black"", messages: ["""", """", """", """"]}}"
"(17, 22, 32)",minecraft:spruce_trapdoor,"{'facing': 'east', 'half': 'top', 'open': 'true', 'powered': 'false', 'waterlogged': 'false'}",
"(18, 22, 32)",minecraft:acacia_leaves,"{'distance': '7', 'persistent': 'true', 'waterlogged': 'false'}",
"(19, 22, 32)",minecraft:spruce_trapdoor,"{'facing': 'west', 'half': 'top', 'open': 'true', 'powered': 'false', 'waterlogged': 'false'}",
"(20, 22, 32)",minecraft:stone,{},
"(21, 22, 32)",minecraft:spruce_stairs,"{'facing': 'north', 'half': 'bottom', 'shape': 'straight', 'waterlogged': 'false'}",
"(22, 22, 32)",minecraft:stone,{},
"(23, 22, 32)",minecraft:stone_bricks,{},
"(24, 22, 32)",minecraft:spruce_stairs,"{'facing': 'north', 'half': 'bottom', 'shape': 'straight', 'waterlogged': 'false'}",
"(25, 22, 32)",minecraft:spruce_stairs,"{'facing': 'north', 'half': 'bottom', 'shape': 'straight', 'waterlogged': 'false'}",
"(26, 22, 32)",minecraft:spruce_stairs,"{'facing': 'north', 'half': 'bottom', 'shape': 'straight', 'waterlogged': 'false'}",
"(27, 22, 32)",minecraft:spruce_stairs,"{'facing': 'north', 'half': 'bottom', 'shape': 'straight', 'waterlogged': 'false'}",
"(28, 22, 32)",minecraft:spruce_stairs,"{'facing': 'north', 'half': 'bottom', 'shape': 'straight', 'waterlogged': 'false'}",
"(29, 22, 32)",minecraft:spruce_stairs,"{'facing': 'north', 'half': 'bottom', 'shape': 'inner_right', 'waterlogged': 'false'}",
"(33, 22, 32)",minecraft:spruce_stairs,"{'facing': 'north', 'half': 'bottom', 'shape': 'inner_left', 'waterlogged': 'false'}",
"(34, 22, 32)",minecraft:spruce_stairs,"{'facing': 'north', 'half': 'bottom', 'shape': 'straight', 'waterlogged': 'false'}",
"(35, 22, 32)",minecraft:spruce_stairs,"{'facing': 'north', 'half': 'bottom', 'shape': 'straight', 'waterlogged': 'false'}",
"(36, 22, 32)",minecraft:spruce_stairs,"{'facing': 'north', 'half': 'bottom', 'shape': 'straight', 'waterlogged': 'false'}",
"(37, 22, 32)",minecraft:spruce_stairs,"{'facing': 'north', 'half': 'bottom', 'shape': 'straight', 'waterlogged': 'false'}",
"(38, 22, 32)",minecraft:andesite,{},
"(20, 22, 33)",minecraft:cobblestone_wall,"{'east': 'none', 'north': 'low', 'south': 'none', 'up': 'true', 'waterlogged': 'false', 'west': 'none'}",
"(29, 22, 33)",minecraft:spruce_stairs,"{'facing': 'east', 'half': 'bottom', 'shape': 'straight', 'waterlogged': 'false'}",
"(33, 22, 33)",minecraft:spruce_stairs,"{'facing': 'west', 'half': 'bottom', 'shape': 'straight', 'waterlogged': 'false'}",
"(38, 22, 33)",minecraft:cobblestone_wall,"{'east': 'none', 'north': 'low', 'south': 'none', 'up': 'true', 'waterlogged': 'false', 'west': 'none'}",
"(29, 22, 34)",minecraft:spruce_stairs,"{'facing': 'east', 'half': 'bottom', 'shape': 'straight', 'waterlogged': 'false'}",
"(33, 22, 34)",minecraft:spruce_stairs,"{'facing': 'west', 'half': 'bottom', 'shape': 'straight', 'waterlogged': 'false'}",
"(29, 22, 35)",minecraft:spruce_stairs,"{'facing': 'east', 'half': 'bottom', 'shape': 'straight', 'waterlogged': 'false'}",
"(33, 22, 35)",minecraft:spruce_stairs,"{'facing': 'west', 'half': 'bottom', 'shape': 'straight', 'waterlogged': 'false'}",
"(28, 22, 36)",minecraft:cobblestone_wall,"{'east': 'low', 'north': 'none', 'south': 'none', 'up': 'true', 'waterlogged': 'false', 'west': 'none'}",
"(29, 22, 36)",minecraft:stone_bricks,{},
"(30, 22, 36)",minecraft:stone_bricks,{},
"(31, 22, 36)",minecraft:gray_stained_glass_pane,"{'east': 'true', 'north': 'false', 'south': 'false', 'waterlogged': 'false', 'west': 'true'}",
"(32, 22, 36)",minecraft:stone,{},
"(33, 22, 36)",minecraft:stone_bricks,{},
"(34, 22, 36)",minecraft:cobblestone_wall,"{'east': 'none', 'north': 'none', 'south': 'none', 'up': 'true', 'waterlogged': 'false', 'west': 'low'}",
"(32, 22, 37)",minecraft:spruce_trapdoor,"{'facing': 'south', 'half': 'bottom', 'open': 'true', 'powered': 'false', 'waterlogged': 'false'}",
"(22, 23, 5)",minecraft:spruce_planks,{},
"(34, 23, 5)",minecraft:spruce_planks,{},
"(45, 23, 8)",minecraft:spruce_planks,{},
"(9, 23, 10)",minecraft:light_blue_wool,{},
"(10, 23, 10)",minecraft:blue_wool,{},
"(14, 23, 10)",minecraft:cobblestone_wall,"{'east': 'none', 'north': 'none', 'south': 'none', 'up': 'true', 'waterlogged': 'false', 'west': 'none'}",
"(11, 23, 11)",minecraft:light_blue_wool,{},
"(13, 23, 22)",minecraft:stone,{},
"(14, 23, 22)",minecraft:stone,{},
"(15, 23, 22)",minecraft:stone_brick_stairs,"{'facing': 'west', 'half': 'top', 'shape': 'straight', 'waterlogged': 'false'}",
"(16, 23, 22)",minecraft:spruce_stairs,"{'facing': 'east', 'half': 'bottom', 'shape': 'straight', 'waterlogged': 'false'}",
"(17, 23, 22)",minecraft:spruce_slab,"{'type': 'top', 'waterlogged': 'false'}",
"(18, 23, 22)",minecraft:spruce_trapdoor,"{'facing': 'north', 'half': 'top', 'open': 'false', 'powered': 'false', 'waterlogged': 'false'}",
"(19, 23, 22)",minecraft:spruce_slab,"{'type': 'top', 'waterlogged': 'false'}",
"(20, 23, 22)",minecraft:spruce_stairs,"{'facing': 'west', 'half': 'bottom', 'shape': 'straight', 'waterlogged': 'false'}",
"(21, 23, 22)",minecraft:andesite_stairs,"{'facing': 'east', 'half': 'top', 'shape': 'straight', 'waterlogged': 'false'}",
"(22, 23, 22)",minecraft:stone_bricks,{},
"(23, 23, 22)",minecraft:stone_bricks,{},
"(13, 23, 23)",minecraft:andesite,{},
"(14, 23, 23)",minecraft:stone,{},
"(15, 23, 23)",minecraft:stone_bricks,{},
"(16, 23, 23)",minecraft:andesite,{},
"(17, 23, 23)",minecraft:stone,{},
"(18, 23, 23)",minecraft:stone_stairs,"{'facing': 'south', 'half': 'top', 'shape': 'straight', 'waterlogged': 'false'}",
"(19, 23, 23)",minecraft:stone,{},
"(20, 23, 23)",minecraft:stone_bricks,{},
"(21, 23, 23)",minecraft:stone,{},
"(22, 23, 23)",minecraft:stone,{},
"(23, 23, 23)",minecraft:stone_bricks,{},
"(30, 23, 23)",minecraft:spruce_trapdoor,"{'facing': 'north', 'half': 'bottom', 'open': 'true', 'powered': 'false', 'waterlogged': 'false'}",
"(13, 23, 24)",minecraft:stone_stairs,"{'facing': 'north', 'half': 'top', 'shape': 'straight', 'waterlogged': 'false'}",
"(14, 23, 24)",minecraft:andesite,{},
"(22, 23, 24)",minecraft:stone_bricks,{},
"(23, 23, 24)",minecraft:stone_stairs,"{'facing': 'north', 'half': 'top', 'shape': 'straight', 'waterlogged': 'false'}",
"(28, 23, 24)",minecraft:iron_bars,"{'east': 'false', 'north': 'false', 'south': 'false', 'waterlogged': 'false', 'west': 'false'}",
"(29, 23, 24)",minecraft:polished_andesite_stairs,"{'facing': 'east', 'half': 'top', 'shape': 'straight', 'waterlogged': 'false'}",
"(30, 23, 24)",minecraft:stone,{},
"(31, 23, 24)",minecraft:gray_stained_glass_pane,"{'east': 'true', 'north': 'false', 'south': 'false', 'waterlogged': 'false', 'west': 'true'}",
"(32, 23, 24)",minecraft:stone,{},
"(33, 23, 24)",minecraft:polished_andesite_stairs,"{'facing': 'west', 'half': 'top', 'shape': 'straight', 'waterlogged': 'false'}",
"(34, 23, 24)",minecraft:iron_bars,"{'east': 'false', 'north': 'false', 'south': 'false', 'waterlogged': 'false', 'west': 'false'}",
"(14, 23, 25)",minecraft:stone_bricks,{},
"(21, 23, 25)",minecraft:spruce_trapdoor,"{'facing': 'west', 'half': 'bottom', 'open': 'false', 'powered': 'false', 'waterlogged': 'false'}",
"(22, 23, 25)",minecraft:stone,{},
"(30, 23, 25)",minecraft:spruce_planks,{},
"(32, 23, 25)",minecraft:spruce_planks,{},
"(14, 23, 26)",minecraft:stone,{},
"(15, 23, 26)",minecraft:iron_chain,"{'axis': 'y', 'waterlogged': 'false'}",
"(21, 23, 26)",minecraft:spruce_trapdoor,"{'facing': 'west', 'half': 'bottom', 'open': 'false', 'powered': 'false', 'waterlogged': 'false'}",
"(22, 23, 26)",minecraft:stone_bricks,{},
"(30, 23, 26)",minecraft:spruce_planks,{},
"(32, 23, 26)",minecraft:spruce_planks,{},
"(14, 23, 27)",minecraft:stone,{},
"(22, 23, 27)",minecraft:stone,{},
"(30, 23, 27)",minecraft:spruce_planks,{},
"(32, 23, 27)",minecraft:spruce_planks,{},
"(38, 23, 27)",minecraft:iron_bars,"{'east': 'false', 'north': 'false', 'south': 'false', 'waterlogged': 'false', 'west': 'false'}",
"(14, 23, 28)",minecraft:andesite,{},
"(21, 23, 28)",minecraft:bookshelf,{},
"(22, 23, 28)",minecraft:stone,{},
"(30, 23, 28)",minecraft:spruce_planks,{},
"(32, 23, 28)",minecraft:spruce_planks,{},
"(38, 23, 28)",minecraft:polished_andesite_stairs,"{'facing': 'south', 'half': 'top', 'shape': 'straight', 'waterlogged': 'false'}",
"(14, 23, 29)",minecraft:stone,{},
"(21, 23, 29)",minecraft:bookshelf,{},
"(22, 23, 29)",minecraft:stone,{},
"(23, 23, 29)",minecraft:spruce_planks,{},
"(24, 23, 29)",minecraft:spruce_planks,{},
"(25, 23, 29)",minecraft:spruce_planks,{},
"(26, 23, 29)",minecraft:spruce_planks,{},
"(27, 23, 29)",minecraft:spruce_planks,{},
"(28, 23, 29)",minecraft:spruce_planks,{},
"(29, 23, 29)",minecraft:spruce_planks,{},
"(30, 23, 29)",minecraft:spruce_planks,{},
"(32, 23, 29)",minecraft:spruce_planks,{},
"(33, 23, 29)",minecraft:spruce_planks,{},
"(34, 23, 29)",minecraft:spruce_planks,{},
"(35, 23, 29)",minecraft:spruce_planks,{},
"(36, 23, 29)",minecraft:spruce_planks,{},
"(37, 23, 29)",minecraft:spruce_planks,{},
"(38, 23, 29)",minecraft:stone_bricks,{},
"(13, 23, 30)",minecraft:stone_brick_stairs,"{'facing': 'south', 'half': 'top', 'shape': 'straight', 'waterlogged': 'false'}",
"(14, 23, 30)",minecraft:andesite,{},
"(21, 23, 30)",minecraft:bookshelf,{},
"(22, 23, 30)",minecraft:stone_bricks,{},
"(23, 23, 30)",minecraft:stone_bricks,{},
"(27, 23, 30)",minecraft:stone_bricks,{},
"(36, 23, 30)",minecraft:stripped_spruce_wood,{'axis': 'y'},
"(37, 23, 30)",minecraft:stripped_spruce_wood,{'axis': 'y'},
"(38, 23, 30)",minecraft:stone_bricks,{},
"(13, 23, 31)",minecraft:andesite,{},
"(14, 23, 31)",minecraft:stone,{},
"(15, 23, 31)",minecraft:stone_bricks,{},
"(16, 23, 31)",minecraft:andesite,{},
"(17, 23, 31)",minecraft:gray_stained_glass_pane,"{'east': 'true', 'north': 'false', 'south': 'false', 'waterlogged': 'false', 'west': 'true'}",
"(18, 23, 31)",minecraft:stone_bricks,{},
"(19, 23, 31)",minecraft:gray_stained_glass_pane,"{'east': 'true', 'north': 'false', 'south': 'false', 'waterlogged': 'false', 'west': 'true'}",
"(20, 23, 31)",minecraft:stone,{},
"(21, 23, 31)",minecraft:stone,{},
"(22, 23, 31)",minecraft:stone,{},
"(23, 23, 31)",minecraft:stone,{},
"(24, 23, 31)",minecraft:spruce_planks,{},
"(25, 23, 31)",minecraft:spruce_planks,{},
"(26, 23, 31)",minecraft:spruce_planks,{},
"(27, 23, 31)",minecraft:spruce_planks,{},
"(28, 23, 31)",minecraft:spruce_planks,{},
"(29, 23, 31)",minecraft:spruce_planks,{},
"(30, 23, 31)",minecraft:spruce_planks,{},
"(32, 23, 31)",minecraft:spruce_planks,{},
"(33, 23, 31)",minecraft:spruce_planks,{},
"(34, 23, 31)",minecraft:spruce_planks,{},
"(35, 23, 31)",minecraft:spruce_planks,{},
"(36, 23, 31)",minecraft:spruce_planks,{},
"(37, 23, 31)",minecraft:spruce_planks,{},
"(38, 23, 31)",minecraft:stone,{},
"(13, 23, 32)",minecraft:stone,{},
"(14, 23, 32)",minecraft:stone_bricks,{},
"(15, 23, 32)",minecraft:stone_stairs,"{'facing': 'west', 'half': 'top', 'shape': 'straight', 'waterlogged': 'false'}",
"(16, 23, 32)",minecraft:spruce_wall_sign,"{'facing': 'west', 'waterlogged': 'false'}","{back_text: {has_glowing_text: 0b, color: ""black"", messages: ["""", """", """", """"]}, components: {}, is_waxed: 0b, id: ""minecraft:sign"", front_text: {has_glowing_text: 0b, color: ""black"", messages: ["""", """", """", """"]}}"
"(17, 23, 32)",minecraft:spruce_trapdoor,"{'facing': 'east', 'half': 'bottom', 'open': 'true', 'powered': 'false', 'waterlogged': 'false'}",
"(19, 23, 32)",minecraft:spruce_trapdoor,"{'facing': 'west', 'half': 'bottom', 'open': 'true', 'powered': 'false', 'waterlogged': 'false'}",
"(20, 23, 32)",minecraft:polished_andesite_stairs,"{'facing': 'north', 'half': 'top', 'shape': 'straight', 'waterlogged': 'false'}",
"(21, 23, 32)",minecraft:stone_brick_stairs,"{'facing': 'east', 'half': 'top', 'shape': 'inner_left', 'waterlogged': 'false'}",
"(22, 23, 32)",minecraft:stone_bricks,{},
"(23, 23, 32)",minecraft:stone,{},
"(30, 23, 32)",minecraft:spruce_planks,{},
"(32, 23, 32)",minecraft:spruce_planks,{},
"(38, 23, 32)",minecraft:polished_andesite_stairs,"{'facing': 'north', 'half': 'top', 'shape': 'straight', 'waterlogged': 'false'}",
"(20, 23, 33)",minecraft:iron_bars,"{'east': 'false', 'north': 'false', 'south': 'false', 'waterlogged': 'false', 'west': 'false'}",
"(30, 23, 33)",minecraft:spruce_planks,{},
"(32, 23, 33)",minecraft:spruce_planks,{},
"(38, 23, 33)",minecraft:iron_bars,"{'east': 'false', 'north': 'false', 'south': 'false', 'waterlogged': 'false', 'west': 'false'}",
"(30, 23, 34)",minecraft:spruce_planks,{},
"(32, 23, 34)",minecraft:spruce_planks,{},
"(30, 23, 35)",minecraft:spruce_planks,{},
"(32, 23, 35)",minecraft:spruce_planks,{},
"(28, 23, 36)",minecraft:iron_bars,"{'east': 'false', 'north': 'false', 'south': 'false', 'waterlogged': 'false', 'west': 'false'}",
"(29, 23, 36)",minecraft:polished_andesite_stairs,"{'facing': 'east', 'half': 'top', 'shape': 'straight', 'waterlogged': 'false'}",
"(30, 23, 36)",minecraft:stone_bricks,{},
"(31, 23, 36)",minecraft:gray_stained_glass_pane,"{'east': 'true', 'north': 'false', 'south': 'false', 'waterlogged': 'false', 'west': 'true'}",
"(32, 23, 36)",minecraft:stone_bricks,{},
"(33, 23, 36)",minecraft:polished_andesite_stairs,"{'facing': 'west', 'half': 'top', 'shape': 'straight', 'waterlogged': 'false'}",
"(34, 23, 36)",minecraft:iron_bars,"{'east': 'false', 'north': 'false', 'south': 'false', 'waterlogged': 'false', 'west': 'false'}",
"(31, 23, 37)",minecraft:spruce_fence_gate,"{'facing': 'north', 'in_wall': 'false', 'open': 'true', 'powered': 'false'}",
"(32, 23, 37)",minecraft:spruce_trapdoor,"{'facing': 'south', 'half': 'bottom', 'open': 'true', 'powered': 'false', 'waterlogged': 'false'}",
"(22, 24, 5)",minecraft:spruce_planks,{},
"(34, 24, 5)",minecraft:spruce_planks,{},
"(45, 24, 8)",minecraft:spruce_planks,{},
"(12, 24, 10)",minecraft:light_blue_wool,{},
"(13, 24, 10)",minecraft:blue_wool,{},
"(14, 24, 10)",minecraft:spruce_fence,"{'east': 'false', 'north': 'false', 'south': 'false', 'waterlogged': 'false', 'west': 'true'}",
"(11, 24, 11)",minecraft:blue_wool,{},
"(13, 24, 21)",minecraft:stone_brick_stairs,"{'facing': 'south', 'half': 'top', 'shape': 'straight', 'waterlogged': 'false'}",
"(15, 24, 21)",minecraft:polished_andesite_stairs,"{'facing': 'south', 'half': 'top', 'shape': 'straight', 'waterlogged': 'false'}",
"(17, 24, 21)",minecraft:polished_andesite_slab,"{'type': 'top', 'waterlogged': 'false'}",
"(19, 24, 21)",minecraft:polished_andesite_slab,"{'type': 'top', 'waterlogged': 'false'}",
"(21, 24, 21)",minecraft:polished_andesite_stairs,"{'facing': 'south', 'half': 'top', 'shape': 'straight', 'waterlogged': 'false'}",
"(23, 24, 21)",minecraft:stone_brick_stairs,"{'facing': 'south', 'half': 'top', 'shape': 'straight', 'waterlogged': 'false'}",
"(12, 24, 22)",minecraft:andesite_stairs,"{'facing': 'east', 'half': 'top', 'shape': 'straight', 'waterlogged': 'false'}",
"(13, 24, 22)",minecraft:stone,{},
"(14, 24, 22)",minecraft:andesite,{},
"(15, 24, 22)",minecraft:stone,{},
"(16, 24, 22)",minecraft:andesite,{},
"(17, 24, 22)",minecraft:stone_slab,"{'type': 'top', 'waterlogged': 'false'}",
"(18, 24, 22)",minecraft:stone_slab,"{'type': 'top', 'waterlogged': 'false'}",
"(19, 24, 22)",minecraft:stone_brick_slab,"{'type': 'top', 'waterlogged': 'false'}",
"(20, 24, 22)",minecraft:stone,{},
"(21, 24, 22)",minecraft:stone,{},
"(22, 24, 22)",minecraft:stone,{},
"(23, 24, 22)",minecraft:andesite,{},
"(24, 24, 22)",minecraft:andesite_stairs,"{'facing': 'west', 'half': 'top', 'shape': 'straight', 'waterlogged': 'false'}",
"(13, 24, 23)",minecraft:stone_bricks,{},
"(14, 24, 23)",minecraft:stone_bricks,{},
"(15, 24, 23)",minecraft:andesite,{},
"(16, 24, 23)",minecraft:andesite,{},
"(17, 24, 23)",minecraft:andesite,{},
"(18, 24, 23)",minecraft:stone_bricks,{},
"(19, 24, 23)",minecraft:stone,{},
"(20, 24, 23)",minecraft:stone,{},
"(21, 24, 23)",minecraft:stone,{},
"(22, 24, 23)",minecraft:stone_bricks,{},
"(23, 24, 23)",minecraft:stone_bricks,{},
"(31, 24, 23)",minecraft:campfire,"{'facing': 'south', 'lit': 'false', 'signal_fire': 'false', 'waterlogged': 'false'}","{components: {}, Items: [], CookingTimes: [I; 0, 0, 0, 0], CookingTotalTimes: [I; 0, 0, 0, 0], id: ""minecraft:campfire""}"
"(12, 24, 24)",minecraft:polished_andesite_stairs,"{'facing': 'east', 'half': 'top', 'shape': 'straight', 'waterlogged': 'false'}",
"(13, 24, 24)",minecraft:stone_bricks,{},
"(14, 24, 24)",minecraft:stone_bricks,{},
"(15, 24, 24)",minecraft:spruce_slab,"{'type': 'top', 'waterlogged': 'false'}",
"(16, 24, 24)",minecraft:spruce_slab,"{'type': 'top', 'waterlogged': 'false'}",
"(17, 24, 24)",minecraft:spruce_slab,"{'type': 'top', 'waterlogged': 'false'}",
"(18, 24, 24)",minecraft:spruce_slab,"{'type': 'top', 'waterlogged': 'false'}",
"(19, 24, 24)",minecraft:spruce_slab,"{'type': 'top', 'waterlogged': 'false'}",
"(20, 24, 24)",minecraft:spruce_slab,"{'type': 'top', 'waterlogged': 'false'}",
"(21, 24, 24)",minecraft:spruce_slab,"{'type': 'top', 'waterlogged': 'false'}",
"(22, 24, 24)",minecraft:stone_bricks,{},
"(23, 24, 24)",minecraft:stone_bricks,{},
"(24, 24, 24)",minecraft:polished_andesite_stairs,"{'facing': 'west', 'half': 'top', 'shape': 'straight', 'waterlogged': 'false'}",
"(29, 24, 24)",minecraft:cobblestone_wall,"{'east': 'low', 'north': 'none', 'south': 'none', 'up': 'true', 'waterlogged': 'false', 'west': 'none'}",
"(30, 24, 24)",minecraft:stone,{},
"(31, 24, 24)",minecraft:stone_stairs,"{'facing': 'south', 'half': 'top', 'shape': 'straight', 'waterlogged': 'false'}",
"(32, 24, 24)",minecraft:stone_bricks,{},
"(33, 24, 24)",minecraft:cobblestone_wall,"{'east': 'none', 'north': 'none', 'south': 'none', 'up': 'true', 'waterlogged': 'false', 'west': 'low'}",
"(13, 24, 25)",minecraft:stone_bricks,{},
"(14, 24, 25)",minecraft:stone_bricks,{},
"(15, 24, 25)",minecraft:spruce_slab,"{'type': 'top', 'waterlogged': 'false'}",
"(16, 24, 25)",minecraft:spruce_slab,"{'type': 'top', 'waterlogged': 'false'}",
"(17, 24, 25)",minecraft:spruce_slab,"{'type': 'top', 'waterlogged': 'false'}",
"(18, 24, 25)",minecraft:spruce_slab,"{'type': 'top', 'waterlogged': 'false'}",
"(19, 24, 25)",minecraft:spruce_slab,"{'type': 'top', 'waterlogged': 'false'}",
"(20, 24, 25)",minecraft:spruce_slab,"{'type': 'top', 'waterlogged': 'false'}",
"(21, 24, 25)",minecraft:spruce_slab,"{'type': 'top', 'waterlogged': 'false'}",
"(22, 24, 25)",minecraft:stone_bricks,{},
"(23, 24, 25)",minecraft:stone_bricks,{},
"(30, 24, 25)",minecraft:spruce_stairs,"{'facing': 'east', 'half': 'bottom', 'shape': 'straight', 'waterlogged': 'false'}",
"(32, 24, 25)",minecraft:spruce_stairs,"{'facing': 'west', 'half': 'bottom', 'shape': 'straight', 'waterlogged': 'false'}",
"(12, 24, 26)",minecraft:polished_andesite_slab,"{'type': 'top', 'waterlogged': 'false'}",
"(13, 24, 26)",minecraft:andesite_slab,"{'type': 'top', 'waterlogged': 'false'}",
"(14, 24, 26)",minecraft:stone_bricks,{},
"(15, 24, 26)",minecraft:spruce_slab,"{'type': 'top', 'waterlogged': 'false'}",
"(16, 24, 26)",minecraft:spruce_slab,"{'type': 'top', 'waterlogged': 'false'}",
"(17, 24, 26)",minecraft:spruce_slab,"{'type': 'top', 'waterlogged': 'false'}",
"(18, 24, 26)",minecraft:spruce_slab,"{'type': 'top', 'waterlogged': 'false'}",
"(19, 24, 26)",minecraft:spruce_slab,"{'type': 'top', 'waterlogged': 'false'}",
"(20, 24, 26)",minecraft:spruce_slab,"{'type': 'top', 'waterlogged': 'false'}",
"(21, 24, 26)",minecraft:spruce_slab,"{'type': 'top', 'waterlogged': 'false'}",
"(22, 24, 26)",minecraft:stone,{},
"(23, 24, 26)",minecraft:stone_slab,"{'type': 'top', 'waterlogged': 'false'}",
"(24, 24, 26)",minecraft:polished_andesite_slab,"{'type': 'top', 'waterlogged': 'false'}",
"(30, 24, 26)",minecraft:spruce_stairs,"{'facing': 'east', 'half': 'bottom', 'shape': 'straight', 'waterlogged': 'false'}",
"(32, 24, 26)",minecraft:spruce_stairs,"{'facing': 'west', 'half': 'bottom', 'shape': 'straight', 'waterlogged': 'false'}",
"(13, 24, 27)",minecraft:stone_slab,"{'type': 'top', 'waterlogged': 'false'}",
"(14, 24, 27)",minecraft:stone,{},
"(15, 24, 27)",minecraft:spruce_slab,"{'type': 'top', 'waterlogged': 'false'}",
"(16, 24, 27)",minecraft:spruce_slab,"{'type': 'top', 'waterlogged': 'false'}",
"(17, 24, 27)",minecraft:spruce_slab,"{'type': 'top', 'waterlogged': 'false'}",
"(18, 24, 27)",minecraft:spruce_slab,"{'type': 'top', 'waterlogged': 'false'}",
"(19, 24, 27)",minecraft:spruce_slab,"{'type': 'top', 'waterlogged': 'false'}",
"(20, 24, 27)",minecraft:spruce_slab,"{'type': 'top', 'waterlogged': 'false'}",
"(21, 24, 27)",minecraft:spruce_slab,"{'type': 'top', 'waterlogged': 'false'}",
"(22, 24, 27)",minecraft:stone_bricks,{},
"(23, 24, 27)",minecraft:stone_slab,"{'type': 'top', 'waterlogged': 'false'}",
"(30, 24, 27)",minecraft:spruce_stairs,"{'facing': 'east', 'half': 'bottom', 'shape': 'straight', 'waterlogged': 'false'}",
"(32, 24, 27)",minecraft:spruce_stairs,"{'facing': 'west', 'half': 'bottom', 'shape': 'straight', 'waterlogged': 'false'}",
"(12, 24, 28)",minecraft:polished_andesite_slab,"{'type': 'top', 'waterlogged': 'false'}",
"(13, 24, 28)",minecraft:stone_brick_slab,"{'type': 'top', 'waterlogged': 'false'}",
"(14, 24, 28)",minecraft:stone_bricks,{},
"(15, 24, 28)",minecraft:spruce_slab,"{'type': 'top', 'waterlogged': 'false'}",
"(16, 24, 28)",minecraft:spruce_slab,"{'type': 'top', 'waterlogged': 'false'}",
"(17, 24, 28)",minecraft:spruce_slab,"{'type': 'top', 'waterlogged': 'false'}",
"(18, 24, 28)",minecraft:spruce_slab,"{'type': 'top', 'waterlogged': 'false'}",
"(19, 24, 28)",minecraft:spruce_slab,"{'type': 'top', 'waterlogged': 'false'}",
"(20, 24, 28)",minecraft:spruce_slab,"{'type': 'top', 'waterlogged': 'false'}",
"(21, 24, 28)",minecraft:spruce_slab,"{'type': 'top', 'waterlogged': 'false'}",
"(22, 24, 28)",minecraft:stone,{},
"(23, 24, 28)",minecraft:andesite_slab,"{'type': 'top', 'waterlogged': 'false'}",
"(24, 24, 28)",minecraft:polished_andesite_slab,"{'type': 'top', 'waterlogged': 'false'}",
"(30, 24, 28)",minecraft:spruce_stairs,"{'facing': 'east', 'half': 'bottom', 'shape': 'straight', 'waterlogged': 'false'}",
"(32, 24, 28)",minecraft:spruce_stairs,"{'facing': 'west', 'half': 'bottom', 'shape': 'straight', 'waterlogged': 'false'}",
"(38, 24, 28)",minecraft:cobblestone_wall,"{'east': 'none', 'north': 'none', 'south': 'low', 'up': 'true', 'waterlogged': 'false', 'west': 'none'}",
"(13, 24, 29)",minecraft:stone,{},
"(14, 24, 29)",minecraft:stone,{},
"(15, 24, 29)",minecraft:spruce_slab,"{'type': 'top', 'waterlogged': 'false'}",
"(16, 24, 29)",minecraft:spruce_slab,"{'type': 'top', 'waterlogged': 'false'}",
"(17, 24, 29)",minecraft:spruce_slab,"{'type': 'top', 'waterlogged': 'false'}",
"(18, 24, 29)",minecraft:spruce_slab,"{'type': 'top', 'waterlogged': 'false'}",
"(19, 24, 29)",minecraft:spruce_slab,"{'type': 'top', 'waterlogged': 'false'}",
"(20, 24, 29)",minecraft:spruce_slab,"{'type': 'top', 'waterlogged': 'false'}",
"(21, 24, 29)",minecraft:bookshelf,{},
"(22, 24, 29)",minecraft:stone_bricks,{},
"(23, 24, 29)",minecraft:stone_bricks,{},
"(24, 24, 29)",minecraft:spruce_stairs,"{'facing': 'south', 'half': 'bottom', 'shape': 'straight', 'waterlogged': 'false'}",
"(25, 24, 29)",minecraft:spruce_stairs,"{'facing': 'south', 'half': 'bottom', 'shape': 'straight', 'waterlogged': 'false'}",
"(26, 24, 29)",minecraft:spruce_stairs,"{'facing': 'south', 'half': 'bottom', 'shape': 'straight', 'waterlogged': 'false'}",
"(27, 24, 29)",minecraft:spruce_stairs,"{'facing': 'south', 'half': 'bottom', 'shape': 'straight', 'waterlogged': 'false'}",
"(28, 24, 29)",minecraft:spruce_stairs,"{'facing': 'south', 'half': 'bottom', 'shape': 'straight', 'waterlogged': 'false'}",
"(29, 24, 29)",minecraft:spruce_stairs,"{'facing': 'south', 'half': 'bottom', 'shape': 'straight', 'waterlogged': 'false'}",
"(30, 24, 29)",minecraft:spruce_stairs,"{'facing': 'south', 'half': 'bottom', 'shape': 'inner_left', 'waterlogged': 'false'}",
"(32, 24, 29)",minecraft:spruce_stairs,"{'facing': 'west', 'half': 'bottom', 'shape': 'inner_left', 'waterlogged': 'false'}",
"(33, 24, 29)",minecraft:spruce_stairs,"{'facing': 'south', 'half': 'bottom', 'shape': 'straight', 'waterlogged': 'false'}",
"(34, 24, 29)",minecraft:spruce_stairs,"{'facing': 'south', 'half': 'bottom', 'shape': 'straight', 'waterlogged': 'false'}",
"(35, 24, 29)",minecraft:spruce_stairs,"{'facing': 'south', 'half': 'bottom', 'shape': 'straight', 'waterlogged': 'false'}",
"(36, 24, 29)",minecraft:spruce_stairs,"{'facing': 'south', 'half': 'bottom', 'shape': 'straight', 'waterlogged': 'false'}",
"(37, 24, 29)",minecraft:spruce_stairs,"{'facing': 'south', 'half': 'bottom', 'shape': 'straight', 'waterlogged': 'false'}",
"(38, 24, 29)",minecraft:stone_bricks,{},
"(12, 24, 30)",minecraft:polished_andesite_stairs,"{'facing': 'east', 'half': 'top', 'shape': 'straight', 'waterlogged': 'false'}",
"(13, 24, 30)",minecraft:stone_bricks,{},
"(14, 24, 30)",minecraft:stone_bricks,{},
"(15, 24, 30)",minecraft:spruce_slab,"{'type': 'top', 'waterlogged': 'false'}",
"(16, 24, 30)",minecraft:spruce_slab,"{'type': 'top', 'waterlogged': 'false'}",
"(17, 24, 30)",minecraft:spruce_slab,"{'type': 'top', 'waterlogged': 'false'}",
"(18, 24, 30)",minecraft:spruce_slab,"{'type': 'top', 'waterlogged': 'false'}",
"(19, 24, 30)",minecraft:spruce_slab,"{'type': 'top', 'waterlogged': 'false'}",
"(20, 24, 30)",minecraft:spruce_slab,"{'type': 'top', 'waterlogged': 'false'}",
"(21, 24, 30)",minecraft:bookshelf,{},
"(22, 24, 30)",minecraft:andesite,{},
"(23, 24, 30)",minecraft:stone_bricks,{},
"(27, 24, 30)",minecraft:andesite,{},
"(36, 24, 30)",minecraft:stripped_spruce_wood,{'axis': 'y'},
"(37, 24, 30)",minecraft:stripped_spruce_wood,{'axis': 'y'},
"(38, 24, 30)",minecraft:stone,{},
"(13, 24, 31)",minecraft:stone_bricks,{},
"(14, 24, 31)",minecraft:stone,{},
"(15, 24, 31)",minecraft:stone,{},
"(16, 24, 31)",minecraft:stone_bricks,{},
"(17, 24, 31)",minecraft:andesite_stairs,"{'facing': 'north', 'half': 'top', 'shape': 'straight', 'waterlogged': 'false'}",
"(18, 24, 31)",minecraft:stone_bricks,{},
"(19, 24, 31)",minecraft:stone_brick_stairs,"{'facing': 'north', 'half': 'top', 'shape': 'straight', 'waterlogged': 'false'}",
"(20, 24, 31)",minecraft:stone_bricks,{},
"(21, 24, 31)",minecraft:andesite,{},
"(22, 24, 31)",minecraft:stone,{},
"(23, 24, 31)",minecraft:stone_bricks,{},
"(24, 24, 31)",minecraft:spruce_stairs,"{'facing': 'north', 'half': 'bottom', 'shape': 'straight', 'waterlogged': 'false'}",
"(25, 24, 31)",minecraft:spruce_stairs,"{'facing': 'north', 'half': 'bottom', 'shape': 'straight', 'waterlogged': 'false'}",
"(26, 24, 31)",minecraft:spruce_stairs,"{'facing': 'north', 'half': 'bottom', 'shape': 'straight', 'waterlogged': 'false'}",
"(27, 24, 31)",minecraft:spruce_stairs,"{'facing': 'north', 'half': 'bottom', 'shape': 'straight', 'waterlogged': 'false'}",
"(28, 24, 31)",minecraft:spruce_stairs,"{'facing': 'north', 'half': 'bottom', 'shape': 'straight', 'waterlogged': 'false'}",
"(29, 24, 31)",minecraft:spruce_stairs,"{'facing': 'north', 'half': 'bottom', 'shape': 'straight', 'waterlogged': 'false'}",
"(30, 24, 31)",minecraft:spruce_stairs,"{'facing': 'east', 'half': 'bottom', 'shape': 'inner_left', 'waterlogged': 'false'}",
"(32, 24, 31)",minecraft:spruce_stairs,"{'facing': 'west', 'half': 'bottom', 'shape': 'inner_right', 'waterlogged': 'false'}",
"(33, 24, 31)",minecraft:spruce_stairs,"{'facing': 'north', 'half': 'bottom', 'shape': 'straight', 'waterlogged': 'false'}",
"(34, 24, 31)",minecraft:spruce_stairs,"{'facing': 'north', 'half': 'bottom', 'shape': 'straight', 'waterlogged': 'false'}",
"(35, 24, 31)",minecraft:spruce_stairs,"{'facing': 'north', 'half': 'bottom', 'shape': 'straight', 'waterlogged': 'false'}",
"(36, 24, 31)",minecraft:spruce_stairs,"{'facing': 'north', 'half': 'bottom', 'shape': 'straight', 'waterlogged': 'false'}",
"(37, 24, 31)",minecraft:spruce_stairs,"{'facing': 'north', 'half': 'bottom', 'shape': 'straight', 'waterlogged': 'false'}",
"(38, 24, 31)",minecraft:stone,{},
"(12, 24, 32)",minecraft:stone_brick_stairs,"{'facing': 'east', 'half': 'top', 'shape': 'straight', 'waterlogged': 'false'}",
"(13, 24, 32)",minecraft:stone,{},
"(14, 24, 32)",minecraft:andesite,{},
"(15, 24, 32)",minecraft:stone_bricks,{},
"(16, 24, 32)",minecraft:stone_bricks,{},
"(17, 24, 32)",minecraft:stone_slab,"{'type': 'top', 'waterlogged': 'false'}",
"(18, 24, 32)",minecraft:andesite_slab,"{'type': 'top', 'waterlogged': 'false'}",
"(19, 24, 32)",minecraft:stone_brick_slab,"{'type': 'top', 'waterlogged': 'false'}",
"(20, 24, 32)",minecraft:stone,{},
"(21, 24, 32)",minecraft:stone_bricks,{},
"(22, 24, 32)",minecraft:stone,{},
"(23, 24, 32)",minecraft:stone,{},
"(24, 24, 32)",minecraft:stone_brick_stairs,"{'facing': 'west', 'half': 'top', 'shape': 'straight', 'waterlogged': 'false'}",
"(30, 24, 32)",minecraft:spruce_stairs,"{'facing': 'east', 'half': 'bottom', 'shape': 'straight', 'waterlogged': 'false'}",
"(32, 24, 32)",minecraft:spruce_stairs,"{'facing': 'west', 'half': 'bottom', 'shape': 'straight', 'waterlogged': 'false'}",
"(38, 24, 32)",minecraft:cobblestone_wall,"{'east': 'none', 'north': 'low', 'south': 'none', 'up': 'true', 'waterlogged': 'false', 'west': 'none'}",
"(13, 24, 33)",minecraft:stone_stairs,"{'facing': 'north', 'half': 'top', 'shape': 'straight', 'waterlogged': 'false'}",
"(15, 24, 33)",minecraft:polished_andesite_stairs,"{'facing': 'north', 'half': 'top', 'shape': 'straight', 'waterlogged': 'false'}",
"(17, 24, 33)",minecraft:polished_andesite_slab,"{'type': 'top', 'waterlogged': 'false'}",
"(19, 24, 33)",minecraft:polished_andesite_slab,"{'type': 'top', 'waterlogged': 'false'}",
"(21, 24, 33)",minecraft:polished_andesite_stairs,"{'facing': 'north', 'half': 'top', 'shape': 'straight', 'waterlogged': 'false'}",
"(23, 24, 33)",minecraft:andesite_stairs,"{'facing': 'north', 'half': 'top', 'shape': 'straight', 'waterlogged': 'false'}",
"(30, 24, 33)",minecraft:spruce_stairs,"{'facing': 'east', 'half': 'bottom', 'shape': 'straight', 'waterlogged': 'false'}",
"(32, 24, 33)",minecraft:spruce_stairs,"{'facing': 'west', 'half': 'bottom', 'shape': 'straight', 'waterlogged': 'false'}",
"(30, 24, 34)",minecraft:spruce_stairs,"{'facing': 'east', 'half': 'bottom', 'shape': 'straight', 'waterlogged': 'false'}",
"(32, 24, 34)",minecraft:spruce_stairs,"{'facing': 'west', 'half': 'bottom', 'shape': 'straight', 'waterlogged': 'false'}",
"(30, 24, 35)",minecraft:spruce_stairs,"{'facing': 'east', 'half': 'bottom', 'shape': 'straight', 'waterlogged': 'false'}",
"(32, 24, 35)",minecraft:spruce_stairs,"{'facing': 'west', 'half': 'bottom', 'shape': 'straight', 'waterlogged': 'false'}",
"(29, 24, 36)",minecraft:cobblestone_wall,"{'east': 'low', 'north': 'none', 'south': 'none', 'up': 'true', 'waterlogged': 'false', 'west': 'none'}",
"(30, 24, 36)",minecraft:andesite,{},
"(31, 24, 36)",minecraft:stone_stairs,"{'facing': 'north', 'half': 'top', 'shape': 'straight', 'waterlogged': 'false'}",
"(32, 24, 36)",minecraft:andesite,{},
"(33, 24, 36)",minecraft:cobblestone_wall,"{'east': 'none', 'north': 'none', 'south': 'none', 'up': 'true', 'waterlogged': 'false', 'west': 'low'}",
"(31, 24, 37)",minecraft:campfire,"{'facing': 'north', 'lit': 'false', 'signal_fire': 'false', 'waterlogged': 'false'}","{components: {}, Items: [], CookingTimes: [I; 0, 0, 0, 0], CookingTotalTimes: [I; 0, 0, 0, 0], id: ""minecraft:campfire""}"
"(22, 25, 5)",minecraft:cobblestone_wall,"{'east': 'none', 'north': 'none', 'south': 'none', 'up': 'true', 'waterlogged': 'false', 'west': 'none'}",
"(34, 25, 5)",minecraft:cobblestone_wall,"{'east': 'none', 'north': 'none', 'south': 'none', 'up': 'true', 'waterlogged': 'false', 'west': 'none'}",
"(40, 25, 7)",minecraft:light_blue_wool,{},
"(41, 25, 7)",minecraft:blue_wool,{},
"(42, 25, 8)",minecraft:light_blue_wool,{},
"(45, 25, 8)",minecraft:cobblestone_wall,"{'east': 'none', 'north': 'none', 'south': 'none', 'up': 'true', 'waterlogged': 'false', 'west': 'none'}",
"(43, 25, 9)",minecraft:blue_wool,{},
"(13, 25, 10)",minecraft:light_blue_wool,{},
"(14, 25, 10)",minecraft:spruce_fence,"{'east': 'false', 'north': 'false', 'south': 'false', 'waterlogged': 'false', 'west': 'true'}",
"(12, 25, 11)",minecraft:blue_wool,{},
"(12, 25, 21)",minecraft:stone_bricks,{},
"(13, 25, 21)",minecraft:andesite,{},
"(14, 25, 21)",minecraft:stone_bricks,{},
"(15, 25, 21)",minecraft:polished_andesite,{},
"(16, 25, 21)",minecraft:polished_andesite_stairs,"{'facing': 'south', 'half': 'top', 'shape': 'straight', 'waterlogged': 'false'}",
"(17, 25, 21)",minecraft:polished_andesite,{},
"(18, 25, 21)",minecraft:polished_andesite_stairs,"{'facing': 'south', 'half': 'top', 'shape': 'straight', 'waterlogged': 'false'}",
"(19, 25, 21)",minecraft:polished_andesite,{},
"(20, 25, 21)",minecraft:polished_andesite_stairs,"{'facing': 'south', 'half': 'top', 'shape': 'straight', 'waterlogged': 'false'}",
"(21, 25, 21)",minecraft:polished_andesite,{},
"(22, 25, 21)",minecraft:andesite,{},
"(23, 25, 21)",minecraft:stone_bricks,{},
"(24, 25, 21)",minecraft:stone,{},
"(12, 25, 22)",minecraft:andesite,{},
"(13, 25, 22)",minecraft:spruce_planks,{},
"(14, 25, 22)",minecraft:spruce_planks,{},
"(15, 25, 22)",minecraft:spruce_planks,{},
"(16, 25, 22)",minecraft:spruce_planks,{},
"(17, 25, 22)",minecraft:spruce_planks,{},
"(18, 25, 22)",minecraft:spruce_planks,{},
"(19, 25, 22)",minecraft:spruce_planks,{},
"(20, 25, 22)",minecraft:spruce_planks,{},
"(21, 25, 22)",minecraft:spruce_planks,{},
"(22, 25, 22)",minecraft:spruce_planks,{},
"(23, 25, 22)",minecraft:spruce_planks,{},
"(24, 25, 22)",minecraft:stone_bricks,{},
"(12, 25, 23)",minecraft:stone_bricks,{},
"(13, 25, 23)",minecraft:spruce_planks,{},
"(14, 25, 23)",minecraft:stone,{},
"(15, 25, 23)",minecraft:stone,{},
"(16, 25, 23)",minecraft:polished_andesite,{},
"(17, 25, 23)",minecraft:andesite,{},
"(18, 25, 23)",minecraft:polished_andesite,{},
"(19, 25, 23)",minecraft:stone_bricks,{},
"(20, 25, 23)",minecraft:polished_andesite,{},
"(21, 25, 23)",minecraft:stone,{},
"(22, 25, 23)",minecraft:andesite,{},
"(23, 25, 23)",minecraft:spruce_planks,{},
"(24, 25, 23)",minecraft:stone_bricks,{},
"(12, 25, 24)",minecraft:polished_andesite,{},
"(13, 25, 24)",minecraft:spruce_planks,{},
"(14, 25, 24)",minecraft:stone,{},
"(15, 25, 24)",minecraft:glowstone,{},
"(16, 25, 24)",minecraft:coarse_dirt,{},
"(17, 25, 24)",minecraft:grass_block,{'snowy': 'false'},
"(18, 25, 24)",minecraft:grass_block,{'snowy': 'false'},
"(19, 25, 24)",minecraft:grass_block,{'snowy': 'false'},
"(20, 25, 24)",minecraft:moss_block,{},
"(21, 25, 24)",minecraft:coarse_dirt,{},
"(22, 25, 24)",minecraft:stone,{},
"(23, 25, 24)",minecraft:spruce_planks,{},
"(24, 25, 24)",minecraft:polished_andesite,{},
"(29, 25, 24)",minecraft:iron_bars,"{'east': 'false', 'north': 'false', 'south': 'false', 'waterlogged': 'false', 'west': 'false'}",
"(30, 25, 24)",minecraft:polished_andesite_stairs,"{'facing': 'east', 'half': 'top', 'shape': 'straight', 'waterlogged': 'false'}",
"(31, 25, 24)",minecraft:andesite,{},
"(32, 25, 24)",minecraft:polished_andesite_stairs,"{'facing': 'west', 'half': 'top', 'shape': 'straight', 'waterlogged': 'false'}",
"(33, 25, 24)",minecraft:iron_bars,"{'east': 'false', 'north': 'false', 'south': 'false', 'waterlogged': 'false', 'west': 'false'}",
"(12, 25, 25)",minecraft:polished_andesite_stairs,"{'facing': 'east', 'half': 'top', 'shape': 'straight', 'waterlogged': 'false'}",
"(13, 25, 25)",minecraft:spruce_planks,{},
"(14, 25, 25)",minecraft:polished_andesite,{},
"(15, 25, 25)",minecraft:coarse_dirt,{},
"(16, 25, 25)",minecraft:moss_block,{},
"(17, 25, 25)",minecraft:moss_block,{},
"(18, 25, 25)",minecraft:coarse_dirt,{},
"(19, 25, 25)",minecraft:moss_block,{},
"(20, 25, 25)",minecraft:coarse_dirt,{},
"(21, 25, 25)",minecraft:coarse_dirt,{},
"(22, 25, 25)",minecraft:polished_andesite,{},
"(23, 25, 25)",minecraft:spruce_planks,{},
"(24, 25, 25)",minecraft:polished_andesite_stairs,"{'facing': 'west', 'half': 'top', 'shape': 'straight', 'waterlogged': 'false'}",
"(31, 25, 25)",minecraft:spruce_planks,{},
"(12, 25, 26)",minecraft:polished_andesite,{},
"(13, 25, 26)",minecraft:spruce_planks,{},
"(14, 25, 26)",minecraft:stone,{},
"(15, 25, 26)",minecraft:moss_block,{},
"(16, 25, 26)",minecraft:moss_block,{},
"(17, 25, 26)",minecraft:moss_block,{},
"(18, 25, 26)",minecraft:coarse_dirt,{},
"(19, 25, 26)",minecraft:grass_block,{'snowy': 'false'},
"(20, 25, 26)",minecraft:grass_block,{'snowy': 'false'},
"(21, 25, 26)",minecraft:glowstone,{},
"(22, 25, 26)",minecraft:stone,{},
"(23, 25, 26)",minecraft:spruce_planks,{},
"(24, 25, 26)",minecraft:polished_andesite,{},
"(31, 25, 26)",minecraft:spruce_planks,{},
"(12, 25, 27)",minecraft:polished_andesite_stairs,"{'facing': 'east', 'half': 'top', 'shape': 'straight', 'waterlogged': 'false'}",
"(13, 25, 27)",minecraft:spruce_planks,{},
"(14, 25, 27)",minecraft:polished_andesite,{},
"(15, 25, 27)",minecraft:grass_block,{'snowy': 'false'},
"(16, 25, 27)",minecraft:moss_block,{},
"(17, 25, 27)",minecraft:coarse_dirt,{},
"(18, 25, 27)",minecraft:grass_block,{'snowy': 'false'},
"(19, 25, 27)",minecraft:grass_block,{'snowy': 'false'},
"(20, 25, 27)",minecraft:moss_block,{},
"(21, 25, 27)",minecraft:coarse_dirt,{},
"(22, 25, 27)",minecraft:polished_andesite,{},
"(23, 25, 27)",minecraft:spruce_planks,{},
"(24, 25, 27)",minecraft:polished_andesite_stairs,"{'facing': 'west', 'half': 'top', 'shape': 'straight', 'waterlogged': 'false'}",
"(31, 25, 27)",minecraft:spruce_planks,{},
"(12, 25, 28)",minecraft:polished_andesite,{},
"(13, 25, 28)",minecraft:spruce_planks,{},
"(14, 25, 28)",minecraft:andesite,{},
"(15, 25, 28)",minecraft:grass_block,{'snowy': 'false'},
"(16, 25, 28)",minecraft:grass_block,{'snowy': 'false'},
"(17, 25, 28)",minecraft:grass_block,{'snowy': 'false'},
"(18, 25, 28)",minecraft:moss_block,{},
"(19, 25, 28)",minecraft:grass_block,{'snowy': 'false'},
"(20, 25, 28)",minecraft:coarse_dirt,{},
"(21, 25, 28)",minecraft:coarse_dirt,{},
"(22, 25, 28)",minecraft:stone_bricks,{},
"(23, 25, 28)",minecraft:spruce_planks,{},
"(24, 25, 28)",minecraft:polished_andesite,{},
"(31, 25, 28)",minecraft:spruce_planks,{},
"(38, 25, 28)",minecraft:iron_bars,"{'east': 'false', 'north': 'false', 'south': 'false', 'waterlogged': 'false', 'west': 'false'}",
"(12, 25, 29)",minecraft:polished_andesite_stairs,"{'facing': 'east', 'half': 'top', 'shape': 'straight', 'waterlogged': 'false'}",
"(13, 25, 29)",minecraft:spruce_planks,{},
"(14, 25, 29)",minecraft:polished_andesite,{},
"(15, 25, 29)",minecraft:grass_block,{'snowy': 'false'},
"(16, 25, 29)",minecraft:coarse_dirt,{},
"(17, 25, 29)",minecraft:glowstone,{},
"(18, 25, 29)",minecraft:grass_block,{'snowy': 'false'},
"(19, 25, 29)",minecraft:coarse_dirt,{},
"(20, 25, 29)",minecraft:coarse_dirt,{},
"(21, 25, 29)",minecraft:coarse_dirt,{},
"(22, 25, 29)",minecraft:polished_andesite,{},
"(23, 25, 29)",minecraft:spruce_planks,{},
"(24, 25, 29)",minecraft:polished_andesite_stairs,"{'facing': 'west', 'half': 'top', 'shape': 'straight', 'waterlogged': 'false'}",
"(31, 25, 29)",minecraft:spruce_planks,{},
"(38, 25, 29)",minecraft:polished_andesite_stairs,"{'facing': 'south', 'half': 'top', 'shape': 'straight', 'waterlogged': 'false'}",
"(12, 25, 30)",minecraft:polished_andesite,{},
"(13, 25, 30)",minecraft:spruce_planks,{},
"(14, 25, 30)",minecraft:stone_bricks,{},
"(15, 25, 30)",minecraft:grass_block,{'snowy': 'false'},
"(16, 25, 30)",minecraft:moss_block,{},
"(17, 25, 30)",minecraft:moss_block,{},
"(18, 25, 30)",minecraft:grass_block,{'snowy': 'false'},
"(19, 25, 30)",minecraft:coarse_dirt,{},
"(20, 25, 30)",minecraft:moss_block,{},
"(21, 25, 30)",minecraft:coarse_dirt,{},
"(22, 25, 30)",minecraft:stone_bricks,{},
"(23, 25, 30)",minecraft:spruce_planks,{},
"(24, 25, 30)",minecraft:spruce_planks,{},
"(25, 25, 30)",minecraft:spruce_planks,{},
"(26, 25, 30)",minecraft:spruce_planks,{},
"(27, 25, 30)",minecraft:spruce_planks,{},
"(28, 25, 30)",minecraft:spruce_planks,{},
"(29, 25, 30)",minecraft:spruce_planks,{},
"(30, 25, 30)",minecraft:spruce_planks,{},
"(31, 25, 30)",minecraft:spruce_planks,{},
"(32, 25, 30)",minecraft:spruce_planks,{},
"(33, 25, 30)",minecraft:spruce_planks,{},
"(34, 25, 30)",minecraft:spruce_planks,{},
"(35, 25, 30)",minecraft:spruce_planks,{},
"(36, 25, 30)",minecraft:spruce_planks,{},
"(37, 25, 30)",minecraft:spruce_planks,{},
"(38, 25, 30)",minecraft:andesite,{},
"(12, 25, 31)",minecraft:stone_bricks,{},
"(13, 25, 31)",minecraft:spruce_planks,{},
"(14, 25, 31)",minecraft:stone_bricks,{},
"(15, 25, 31)",minecraft:andesite,{},
"(16, 25, 31)",minecraft:polished_andesite,{},
"(17, 25, 31)",minecraft:stone,{},
"(18, 25, 31)",minecraft:polished_andesite,{},
"(19, 25, 31)",minecraft:andesite,{},
"(20, 25, 31)",minecraft:polished_andesite,{},
"(21, 25, 31)",minecraft:andesite,{},
"(22, 25, 31)",minecraft:stone,{},
"(23, 25, 31)",minecraft:spruce_planks,{},
"(24, 25, 31)",minecraft:stone_bricks,{},
"(31, 25, 31)",minecraft:spruce_planks,{},
"(38, 25, 31)",minecraft:polished_andesite_stairs,"{'facing': 'north', 'half': 'top', 'shape': 'straight', 'waterlogged': 'false'}",
"(12, 25, 32)",minecraft:andesite,{},
"(13, 25, 32)",minecraft:spruce_planks,{},
"(14, 25, 32)",minecraft:spruce_planks,{},
"(15, 25, 32)",minecraft:spruce_planks,{},
"(16, 25, 32)",minecraft:spruce_planks,{},
"(17, 25, 32)",minecraft:spruce_planks,{},
"(18, 25, 32)",minecraft:spruce_planks,{},
"(19, 25, 32)",minecraft:spruce_planks,{},
"(20, 25, 32)",minecraft:spruce_planks,{},
"(21, 25, 32)",minecraft:spruce_planks,{},
"(22, 25, 32)",minecraft:spruce_planks,{},
"(23, 25, 32)",minecraft:spruce_planks,{},
"(24, 25, 32)",minecraft:stone,{},
"(31, 25, 32)",minecraft:spruce_planks,{},
"(38, 25, 32)",minecraft:iron_bars,"{'east': 'false', 'north': 'false', 'south': 'false', 'waterlogged': 'false', 'west': 'false'}",
"(12, 25, 33)",minecraft:stone_bricks,{},
"(13, 25, 33)",minecraft:stone,{},
"(14, 25, 33)",minecraft:stone_bricks,{},
"(15, 25, 33)",minecraft:polished_andesite,{},
"(16, 25, 33)",minecraft:polished_andesite_stairs,"{'facing': 'north', 'half': 'top', 'shape': 'straight', 'waterlogged': 'false'}",
"(17, 25, 33)",minecraft:polished_andesite,{},
"(18, 25, 33)",minecraft:polished_andesite_stairs,"{'facing': 'north', 'half': 'top', 'shape': 'straight', 'waterlogged': 'false'}",
"(19, 25, 33)",minecraft:polished_andesite,{},
"(20, 25, 33)",minecraft:polished_andesite_stairs,"{'facing': 'north', 'half': 'top', 'shape': 'straight', 'waterlogged': 'false'}",
"(21, 25, 33)",minecraft:polished_andesite,{},
"(22, 25, 33)",minecraft:andesite,{},
"(23, 25, 33)",minecraft:andesite,{},
"(24, 25, 33)",minecraft:stone_bricks,{},
"(31, 25, 33)",minecraft:spruce_planks,{},
"(31, 25, 34)",minecraft:spruce_planks,{},
"(31, 25, 35)",minecraft:spruce_planks,{},
"(29, 25, 36)",minecraft:iron_bars,"{'east': 'false', 'north': 'false', 'south': 'false', 'waterlogged': 'false', 'west': 'false'}",
"(30, 25, 36)",minecraft:polished_andesite_stairs,"{'facing': 'east', 'half': 'top', 'shape': 'straight', 'waterlogged': 'false'}",
"(31, 25, 36)",minecraft:stone_bricks,{},
"(32, 25, 36)",minecraft:polished_andesite_stairs,"{'facing': 'west', 'half': 'top', 'shape': 'straight', 'waterlogged': 'false'}",
"(33, 25, 36)",minecraft:iron_bars,"{'east': 'false', 'north': 'false', 'south': 'false', 'waterlogged': 'false', 'west': 'false'}",
"(22, 26, 5)",minecraft:spruce_fence,"{'east': 'false', 'north': 'false', 'south': 'false', 'waterlogged': 'false', 'west': 'false'}",
"(34, 26, 5)",minecraft:spruce_fence,"{'east': 'false', 'north': 'false', 'south': 'false', 'waterlogged': 'false', 'west': 'false'}",
"(42, 26, 8)",minecraft:blue_wool,{},
"(44, 26, 8)",minecraft:blue_wool,{},
"(45, 26, 8)",minecraft:spruce_fence,"{'east': 'false', 'north': 'false', 'south': 'false', 'waterlogged': 'false', 'west': 'true'}",
"(43, 26, 9)",minecraft:light_blue_wool,{},
"(12, 26, 21)",minecraft:andesite,{},
"(13, 26, 21)",minecraft:gray_stained_glass,{},
"(14, 26, 21)",minecraft:stone,{},
"(15, 26, 21)",minecraft:polished_andesite,{},
"(16, 26, 21)",minecraft:cobblestone_wall,"{'east': 'low', 'north': 'none', 'south': 'none', 'up': 'false', 'waterlogged': 'false', 'west': 'low'}",
"(17, 26, 21)",minecraft:polished_andesite,{},
"(18, 26, 21)",minecraft:cobblestone_wall,"{'east': 'low', 'north': 'none', 'south': 'none', 'up': 'false', 'waterlogged': 'false', 'west': 'low'}",
"(19, 26, 21)",minecraft:polished_andesite,{},
"(20, 26, 21)",minecraft:cobblestone_wall,"{'east': 'low', 'north': 'none', 'south': 'none', 'up': 'false', 'waterlogged': 'false', 'west': 'low'}",
"(21, 26, 21)",minecraft:polished_andesite,{},
"(22, 26, 21)",minecraft:stone_bricks,{},
"(23, 26, 21)",minecraft:gray_stained_glass,{},
"(24, 26, 21)",minecraft:stone_bricks,{},
"(12, 26, 22)",minecraft:gray_stained_glass,{},
"(24, 26, 22)",minecraft:gray_stained_glass,{},
"(12, 26, 23)",minecraft:stone_bricks,{},
"(14, 26, 23)",minecraft:stone_bricks,{},
"(15, 26, 23)",minecraft:polished_andesite,{},
"(16, 26, 23)",minecraft:cobblestone_wall,"{'east': 'low', 'north': 'none', 'south': 'none', 'up': 'false', 'waterlogged': 'false', 'west': 'low'}",
"(17, 26, 23)",minecraft:polished_andesite,{},
"(18, 26, 23)",minecraft:cobblestone_wall,"{'east': 'low', 'north': 'none', 'south': 'none', 'up': 'false', 'waterlogged': 'false', 'west': 'low'}",
"(19, 26, 23)",minecraft:polished_andesite,{},
"(20, 26, 23)",minecraft:cobblestone_wall,"{'east': 'low', 'north': 'none', 'south': 'none', 'up': 'false', 'waterlogged': 'false', 'west': 'low'}",
"(21, 26, 23)",minecraft:polished_andesite,{},
"(22, 26, 23)",minecraft:stone_bricks,{},
"(24, 26, 23)",minecraft:stone,{},
"(12, 26, 24)",minecraft:polished_andesite,{},
"(14, 26, 24)",minecraft:polished_andesite,{},
"(16, 26, 24)",minecraft:acacia_leaves,"{'distance': '7', 'persistent': 'true', 'waterlogged': 'false'}",
"(17, 26, 24)",minecraft:short_grass,{},
"(18, 26, 24)",minecraft:orange_tulip,{},
"(19, 26, 24)",minecraft:acacia_leaves,"{'distance': '7', 'persistent': 'true', 'waterlogged': 'false'}",
"(21, 26, 24)",minecraft:rose_bush,{'half': 'lower'},
"(22, 26, 24)",minecraft:polished_andesite,{},
"(24, 26, 24)",minecraft:polished_andesite,{},
"(30, 26, 24)",minecraft:cobblestone_wall,"{'east': 'tall', 'north': 'none', 'south': 'none', 'up': 'true', 'waterlogged': 'false', 'west': 'none'}",
"(31, 26, 24)",minecraft:andesite,{},
"(32, 26, 24)",minecraft:cobblestone_wall,"{'east': 'none', 'north': 'none', 'south': 'none', 'up': 'true', 'waterlogged': 'false', 'west': 'tall'}",
"(12, 26, 25)",minecraft:cobblestone_wall,"{'east': 'none', 'north': 'low', 'south': 'low', 'up': 'false', 'waterlogged': 'false', 'west': 'none'}",
"(14, 26, 25)",minecraft:cobblestone_wall,"{'east': 'none', 'north': 'low', 'south': 'low', 'up': 'false', 'waterlogged': 'false', 'west': 'none'}",
"(15, 26, 25)",minecraft:short_grass,{},
"(18, 26, 25)",minecraft:large_fern,{'half': 'lower'},
"(21, 26, 25)",minecraft:acacia_leaves,"{'distance': '7', 'persistent': 'true', 'waterlogged': 'false'}",
"(22, 26, 25)",minecraft:cobblestone_wall,"{'east': 'none', 'north': 'low', 'south': 'low', 'up': 'false', 'waterlogged': 'false', 'west': 'none'}",
"(24, 26, 25)",minecraft:cobblestone_wall,"{'east': 'none', 'north': 'low', 'south': 'low', 'up': 'false', 'waterlogged': 'false', 'west': 'none'}",
"(31, 26, 25)",minecraft:spruce_stairs,"{'facing': 'north', 'half': 'bottom', 'shape': 'straight', 'waterlogged': 'false'}",
"(12, 26, 26)",minecraft:polished_andesite,{},
"(14, 26, 26)",minecraft:polished_andesite,{},
"(16, 26, 26)",minecraft:acacia_leaves,"{'distance': '7', 'persistent': 'true', 'waterlogged': 'false'}",
"(17, 26, 26)",minecraft:orange_tulip,{},
"(18, 26, 26)",minecraft:short_grass,{},
"(19, 26, 26)",minecraft:tall_grass,{'half': 'lower'},
"(20, 26, 26)",minecraft:short_grass,{},
"(21, 26, 26)",minecraft:moss_carpet,{},
"(22, 26, 26)",minecraft:polished_andesite,{},
"(24, 26, 26)",minecraft:polished_andesite,{},
"(31, 26, 26)",minecraft:spruce_stairs,"{'facing': 'north', 'half': 'bottom', 'shape': 'straight', 'waterlogged': 'false'}",
"(12, 26, 27)",minecraft:cobblestone_wall,"{'east': 'none', 'north': 'low', 'south': 'low', 'up': 'false', 'waterlogged': 'false', 'west': 'none'}",
"(14, 26, 27)",minecraft:cobblestone_wall,"{'east': 'none', 'north': 'low', 'south': 'low', 'up': 'false', 'waterlogged': 'false', 'west': 'none'}",
"(17, 26, 27)",minecraft:acacia_leaves,"{'distance': '7', 'persistent': 'true', 'waterlogged': 'false'}",
"(20, 26, 27)",minecraft:acacia_leaves,"{'distance': '7', 'persistent': 'true', 'waterlogged': 'false'}",
"(21, 26, 27)",minecraft:orange_tulip,{},
"(22, 26, 27)",minecraft:cobblestone_wall,"{'east': 'none', 'north': 'low', 'south': 'low', 'up': 'false', 'waterlogged': 'false', 'west': 'none'}",
"(24, 26, 27)",minecraft:cobblestone_wall,"{'east': 'none', 'north': 'low', 'south': 'low', 'up': 'false', 'waterlogged': 'false', 'west': 'none'}",
"(31, 26, 27)",minecraft:spruce_stairs,"{'facing': 'north', 'half': 'bottom', 'shape': 'straight', 'waterlogged': 'false'}",
"(12, 26, 28)",minecraft:polished_andesite,{},
"(14, 26, 28)",minecraft:polished_andesite,{},
"(15, 26, 28)",minecraft:acacia_leaves,"{'distance': '7', 'persistent': 'true', 'waterlogged': 'false'}",
"(16, 26, 28)",minecraft:orange_tulip,{},
"(17, 26, 28)",minecraft:tall_grass,{'half': 'lower'},
"(19, 26, 28)",minecraft:large_fern,{'half': 'lower'},
"(20, 26, 28)",minecraft:acacia_leaves,"{'distance': '7', 'persistent': 'true', 'waterlogged': 'false'}",
"(21, 26, 28)",minecraft:short_grass,{},
"(22, 26, 28)",minecraft:polished_andesite,{},
"(24, 26, 28)",minecraft:polished_andesite,{},
"(31, 26, 28)",minecraft:spruce_stairs,"{'facing': 'north', 'half': 'bottom', 'shape': 'straight', 'waterlogged': 'false'}",
"(12, 26, 29)",minecraft:cobblestone_wall,"{'east': 'none', 'north': 'low', 'south': 'low', 'up': 'false', 'waterlogged': 'false', 'west': 'none'}",
"(14, 26, 29)",minecraft:cobblestone_wall,"{'east': 'none', 'north': 'low', 'south': 'low', 'up': 'false', 'waterlogged': 'false', 'west': 'none'}",
"(15, 26, 29)",minecraft:acacia_leaves,"{'distance': '7', 'persistent': 'true', 'waterlogged': 'false'}",
"(16, 26, 29)",minecraft:short_grass,{},
"(17, 26, 29)",minecraft:moss_carpet,{},
"(18, 26, 29)",minecraft:acacia_leaves,"{'distance': '7', 'persistent': 'true', 'waterlogged': 'false'}",
"(20, 26, 29)",minecraft:short_grass,{},
"(22, 26, 29)",minecraft:cobblestone_wall,"{'east': 'none', 'north': 'low', 'south': 'low', 'up': 'false', 'waterlogged': 'false', 'west': 'none'}",
"(24, 26, 29)",minecraft:cobblestone_wall,"{'east': 'none', 'north': 'low', 'south': 'low', 'up': 'false', 'waterlogged': 'false', 'west': 'none'}",
"(31, 26, 29)",minecraft:spruce_planks,{},
"(38, 26, 29)",minecraft:cobblestone_wall,"{'east': 'none', 'north': 'none', 'south': 'tall', 'up': 'true', 'waterlogged': 'false', 'west': 'none'}",
"(12, 26, 30)",minecraft:polished_andesite,{},
"(14, 26, 30)",minecraft:polished_andesite,{},
"(15, 26, 30)",minecraft:acacia_leaves,"{'distance': '7', 'persistent': 'true', 'waterlogged': 'false'}",
"(16, 26, 30)",minecraft:acacia_leaves,"{'distance': '7', 'persistent': 'true', 'waterlogged': 'false'}",
"(19, 26, 30)",minecraft:rose_bush,{'half': 'lower'},
"(21, 26, 30)",minecraft:acacia_leaves,"{'distance': '7', 'persistent': 'true', 'waterlogged': 'false'}",
"(22, 26, 30)",minecraft:polished_andesite,{},
"(24, 26, 30)",minecraft:polished_andesite,{},
"(25, 26, 30)",minecraft:spruce_stairs,"{'facing': 'west', 'half': 'bottom', 'shape': 'straight', 'waterlogged': 'false'}",
"(26, 26, 30)",minecraft:spruce_stairs,"{'facing': 'west', 'half': 'bottom', 'shape': 'straight', 'waterlogged': 'false'}",
"(27, 26, 30)",minecraft:spruce_stairs,"{'facing': 'west', 'half': 'bottom', 'shape': 'straight', 'waterlogged': 'false'}",
"(28, 26, 30)",minecraft:spruce_stairs,"{'facing': 'west', 'half': 'bottom', 'shape': 'straight', 'waterlogged': 'false'}",
"(29, 26, 30)",minecraft:spruce_stairs,"{'facing': 'west', 'half': 'bottom', 'shape': 'straight', 'waterlogged': 'false'}",
"(30, 26, 30)",minecraft:spruce_planks,{},
"(31, 26, 30)",minecraft:spruce_planks,{},
"(32, 26, 30)",minecraft:spruce_planks,{},
"(33, 26, 30)",minecraft:spruce_stairs,"{'facing': 'east', 'half': 'bottom', 'shape': 'straight', 'waterlogged': 'false'}",
"(34, 26, 30)",minecraft:spruce_stairs,"{'facing': 'east', 'half': 'bottom', 'shape': 'straight', 'waterlogged': 'false'}",
"(35, 26, 30)",minecraft:spruce_stairs,"{'facing': 'east', 'half': 'bottom', 'shape': 'straight', 'waterlogged': 'false'}",
"(36, 26, 30)",minecraft:spruce_stairs,"{'facing': 'east', 'half': 'bottom', 'shape': 'straight', 'waterlogged': 'false'}",
"(37, 26, 30)",minecraft:spruce_stairs,"{'facing': 'east', 'half': 'bottom', 'shape': 'straight', 'waterlogged': 'false'}",
"(38, 26, 30)",minecraft:stone_bricks,{},
"(12, 26, 31)",minecraft:stone_bricks,{},
"(14, 26, 31)",minecraft:stone_bricks,{},
"(15, 26, 31)",minecraft:polished_andesite,{},
"(16, 26, 31)",minecraft:cobblestone_wall,"{'east': 'low', 'north': 'none', 'south': 'none', 'up': 'false', 'waterlogged': 'false', 'west': 'low'}",
"(17, 26, 31)",minecraft:polished_andesite,{},
"(18, 26, 31)",minecraft:cobblestone_wall,"{'east': 'low', 'north': 'none', 'south': 'none', 'up': 'false', 'waterlogged': 'false', 'west': 'low'}",
"(19, 26, 31)",minecraft:polished_andesite,{},
"(20, 26, 31)",minecraft:cobblestone_wall,"{'east': 'low', 'north': 'none', 'south': 'none', 'up': 'false', 'waterlogged': 'false', 'west': 'low'}",
"(21, 26, 31)",minecraft:polished_andesite,{},
"(22, 26, 31)",minecraft:stone_bricks,{},
"(24, 26, 31)",minecraft:stone_bricks,{},
"(31, 26, 31)",minecraft:spruce_planks,{},
"(38, 26, 31)",minecraft:cobblestone_wall,"{'east': 'none', 'north': 'tall', 'south': 'none', 'up': 'true', 'waterlogged': 'false', 'west': 'none'}",
"(12, 26, 32)",minecraft:gray_stained_glass,{},
"(24, 26, 32)",minecraft:gray_stained_glass,{},
"(31, 26, 32)",minecraft:spruce_stairs,"{'facing': 'south', 'half': 'bottom', 'shape': 'straight', 'waterlogged': 'false'}",
"(12, 26, 33)",minecraft:stone,{},
"(13, 26, 33)",minecraft:gray_stained_glass,{},
"(14, 26, 33)",minecraft:stone_bricks,{},
"(15, 26, 33)",minecraft:polished_andesite,{},
"(16, 26, 33)",minecraft:cobblestone_wall,"{'east': 'low', 'north': 'none', 'south': 'none', 'up': 'false', 'waterlogged': 'false', 'west': 'low'}",
"(17, 26, 33)",minecraft:polished_andesite,{},
"(18, 26, 33)",minecraft:cobblestone_wall,"{'east': 'low', 'north': 'none', 'south': 'none', 'up': 'false', 'waterlogged': 'false', 'west': 'low'}",
"(19, 26, 33)",minecraft:polished_andesite,{},
"(20, 26, 33)",minecraft:cobblestone_wall,"{'east': 'low', 'north': 'none', 'south': 'none', 'up': 'false', 'waterlogged': 'false', 'west': 'low'}",
"(21, 26, 33)",minecraft:polished_andesite,{},
"(22, 26, 33)",minecraft:andesite,{},
"(23, 26, 33)",minecraft:gray_stained_glass,{},
"(24, 26, 33)",minecraft:stone,{},
"(31, 26, 33)",minecraft:spruce_stairs,"{'facing': 'south', 'half': 'bottom', 'shape': 'straight', 'waterlogged': 'false'}",
"(31, 26, 34)",minecraft:spruce_stairs,"{'facing': 'south', 'half': 'bottom', 'shape': 'straight', 'waterlogged': 'false'}",
"(31, 26, 35)",minecraft:spruce_stairs,"{'facing': 'south', 'half': 'bottom', 'shape': 'straight', 'waterlogged': 'false'}",
"(30, 26, 36)",minecraft:cobblestone_wall,"{'east': 'tall', 'north': 'none', 'south': 'none', 'up': 'true', 'waterlogged': 'false', 'west': 'none'}",
"(31, 26, 36)",minecraft:stone,{},
"(32, 26, 36)",minecraft:cobblestone_wall,"{'east': 'none', 'north': 'none', 'south': 'none', 'up': 'true', 'waterlogged': 'false', 'west': 'tall'}",
"(22, 27, 5)",minecraft:spruce_fence,"{'east': 'false', 'north': 'false', 'south': 'false', 'waterlogged': 'false', 'west': 'false'}",
"(34, 27, 5)",minecraft:spruce_fence,"{'east': 'false', 'north': 'false', 'south': 'false', 'waterlogged': 'false', 'west': 'false'}",
"(44, 27, 8)",minecraft:light_blue_wool,{},
"(45, 27, 8)",minecraft:spruce_fence,"{'east': 'false', 'north': 'false', 'south': 'false', 'waterlogged': 'false', 'west': 'true'}",
"(12, 27, 21)",minecraft:stone_bricks,{},
"(13, 27, 21)",minecraft:gray_stained_glass,{},
"(14, 27, 21)",minecraft:stone,{},
"(17, 27, 21)",minecraft:polished_andesite_slab,"{'type': 'bottom', 'waterlogged': 'false'}",
"(19, 27, 21)",minecraft:polished_andesite_slab,"{'type': 'bottom', 'waterlogged': 'false'}",
"(22, 27, 21)",minecraft:stone,{},
"(23, 27, 21)",minecraft:gray_stained_glass,{},
"(24, 27, 21)",minecraft:andesite,{},
"(12, 27, 22)",minecraft:gray_stained_glass,{},
"(24, 27, 22)",minecraft:gray_stained_glass,{},
"(12, 27, 23)",minecraft:stone,{},
"(14, 27, 23)",minecraft:stone_bricks,{},
"(17, 27, 23)",minecraft:polished_andesite_slab,"{'type': 'bottom', 'waterlogged': 'false'}",
"(19, 27, 23)",minecraft:polished_andesite_slab,"{'type': 'bottom', 'waterlogged': 'false'}",
"(22, 27, 23)",minecraft:stone_bricks,{},
"(24, 27, 23)",minecraft:stone,{},
"(15, 27, 24)",minecraft:acacia_leaves,"{'distance': '7', 'persistent': 'true', 'waterlogged': 'false'}",
"(20, 27, 24)",minecraft:acacia_leaves,"{'distance': '7', 'persistent': 'true', 'waterlogged': 'false'}",
"(21, 27, 24)",minecraft:rose_bush,{'half': 'upper'},
"(30, 27, 24)",minecraft:iron_bars,"{'east': 'true', 'north': 'false', 'south': 'false', 'waterlogged': 'false', 'west': 'false'}",
"(31, 27, 24)",minecraft:stone_bricks,{},
"(32, 27, 24)",minecraft:iron_bars,"{'east': 'false', 'north': 'false', 'south': 'false', 'waterlogged': 'false', 'west': 'true'}",
"(18, 27, 25)",minecraft:large_fern,{'half': 'upper'},
"(12, 27, 26)",minecraft:polished_andesite_slab,"{'type': 'bottom', 'waterlogged': 'false'}",
"(14, 27, 26)",minecraft:polished_andesite_slab,"{'type': 'bottom', 'waterlogged': 'false'}",
"(15, 27, 26)",minecraft:acacia_leaves,"{'distance': '7', 'persistent': 'true', 'waterlogged': 'false'}",
"(19, 27, 26)",minecraft:tall_grass,{'half': 'upper'},
"(22, 27, 26)",minecraft:polished_andesite_slab,"{'type': 'bottom', 'waterlogged': 'false'}",
"(24, 27, 26)",minecraft:polished_andesite_slab,"{'type': 'bottom', 'waterlogged': 'false'}",
"(12, 27, 28)",minecraft:polished_andesite_slab,"{'type': 'bottom', 'waterlogged': 'false'}",
"(14, 27, 28)",minecraft:polished_andesite_slab,"{'type': 'bottom', 'waterlogged': 'false'}",
"(17, 27, 28)",minecraft:tall_grass,{'half': 'upper'},
"(19, 27, 28)",minecraft:large_fern,{'half': 'upper'},
"(21, 27, 28)",minecraft:acacia_leaves,"{'distance': '7', 'persistent': 'true', 'waterlogged': 'false'}",
"(22, 27, 28)",minecraft:polished_andesite_slab,"{'type': 'bottom', 'waterlogged': 'false'}",
"(24, 27, 28)",minecraft:polished_andesite_slab,"{'type': 'bottom', 'waterlogged': 'false'}",
"(15, 27, 29)",minecraft:acacia_leaves,"{'distance': '7', 'persistent': 'true', 'waterlogged': 'false'}",
"(31, 27, 29)",minecraft:spruce_stairs,"{'facing': 'south', 'half': 'bottom', 'shape': 'straight', 'waterlogged': 'false'}",
"(38, 27, 29)",minecraft:iron_bars,"{'east': 'false', 'north': 'false', 'south': 'true', 'waterlogged': 'false', 'west': 'false'}",
"(14, 27, 30)",minecraft:acacia_leaves,"{'distance': '7', 'persistent': 'true', 'waterlogged': 'false'}",
"(19, 27, 30)",minecraft:rose_bush,{'half': 'upper'},
"(30, 27, 30)",minecraft:spruce_stairs,"{'facing': 'east', 'half': 'bottom', 'shape': 'straight', 'waterlogged': 'false'}",
"(31, 27, 30)",minecraft:spruce_planks,{},
"(32, 27, 30)",minecraft:spruce_stairs,"{'facing': 'west', 'half': 'bottom', 'shape': 'straight', 'waterlogged': 'false'}",
"(38, 27, 30)",minecraft:stone,{},
"(12, 27, 31)",minecraft:andesite,{},
"(14, 27, 31)",minecraft:stone_bricks,{},
"(17, 27, 31)",minecraft:polished_andesite_slab,"{'type': 'bottom', 'waterlogged': 'false'}",
"(19, 27, 31)",minecraft:polished_andesite_slab,"{'type': 'bottom', 'waterlogged': 'false'}",
"(22, 27, 31)",minecraft:stone_bricks,{},
"(24, 27, 31)",minecraft:stone,{},
"(31, 27, 31)",minecraft:spruce_stairs,"{'facing': 'north', 'half': 'bottom', 'shape': 'straight', 'waterlogged': 'false'}",
"(38, 27, 31)",minecraft:iron_bars,"{'east': 'false', 'north': 'true', 'south': 'false', 'waterlogged': 'false', 'west': 'false'}",
"(12, 27, 32)",minecraft:gray_stained_glass,{},
"(24, 27, 32)",minecraft:gray_stained_glass,{},
"(12, 27, 33)",minecraft:stone_bricks,{},
"(13, 27, 33)",minecraft:gray_stained_glass,{},
"(14, 27, 33)",minecraft:andesite,{},
"(17, 27, 33)",minecraft:polished_andesite_slab,"{'type': 'bottom', 'waterlogged': 'false'}",
"(19, 27, 33)",minecraft:polished_andesite_slab,"{'type': 'bottom', 'waterlogged': 'false'}",
"(22, 27, 33)",minecraft:stone_bricks,{},
"(23, 27, 33)",minecraft:gray_stained_glass,{},
"(24, 27, 33)",minecraft:andesite,{},
"(30, 27, 36)",minecraft:iron_bars,"{'east': 'true', 'north': 'false', 'south': 'false', 'waterlogged': 'false', 'west': 'false'}",
"(31, 27, 36)",minecraft:andesite,{},
"(32, 27, 36)",minecraft:iron_bars,"{'east': 'false', 'north': 'false', 'south': 'false', 'waterlogged': 'false', 'west': 'true'}",
"(12, 28, 20)",minecraft:polished_andesite_stairs,"{'facing': 'south', 'half': 'top', 'shape': 'straight', 'waterlogged': 'false'}",
"(13, 28, 20)",minecraft:polished_andesite_slab,"{'type': 'top', 'waterlogged': 'false'}",
"(14, 28, 20)",minecraft:polished_andesite_stairs,"{'facing': 'south', 'half': 'top', 'shape': 'straight', 'waterlogged': 'false'}",
"(22, 28, 20)",minecraft:polished_andesite_stairs,"{'facing': 'south', 'half': 'top', 'shape': 'straight', 'waterlogged': 'false'}",
"(23, 28, 20)",minecraft:polished_andesite_slab,"{'type': 'top', 'waterlogged': 'false'}",
"(24, 28, 20)",minecraft:polished_andesite_stairs,"{'facing': 'south', 'half': 'top', 'shape': 'straight', 'waterlogged': 'false'}",
"(11, 28, 21)",minecraft:polished_andesite_stairs,"{'facing': 'east', 'half': 'top', 'shape': 'straight', 'waterlogged': 'false'}",
"(12, 28, 21)",minecraft:stone_bricks,{},
"(13, 28, 21)",minecraft:gray_stained_glass,{},
"(14, 28, 21)",minecraft:stone_bricks,{},
"(15, 28, 21)",minecraft:polished_andesite_stairs,"{'facing': 'west', 'half': 'top', 'shape': 'straight', 'waterlogged': 'false'}",
"(21, 28, 21)",minecraft:polished_andesite_stairs,"{'facing': 'east', 'half': 'top', 'shape': 'straight', 'waterlogged': 'false'}",
"(22, 28, 21)",minecraft:stone_bricks,{},
"(23, 28, 21)",minecraft:gray_stained_glass,{},
"(24, 28, 21)",minecraft:stone_bricks,{},
"(25, 28, 21)",minecraft:polished_andesite_stairs,"{'facing': 'west', 'half': 'top', 'shape': 'straight', 'waterlogged': 'false'}",
"(11, 28, 22)",minecraft:polished_andesite_slab,"{'type': 'top', 'waterlogged': 'false'}",
"(12, 28, 22)",minecraft:gray_stained_glass,{},
"(14, 28, 22)",minecraft:spruce_trapdoor,"{'facing': 'west', 'half': 'top', 'open': 'true', 'powered': 'false', 'waterlogged': 'false'}",
"(15, 28, 22)",minecraft:polished_andesite_slab,"{'type': 'top', 'waterlogged': 'false'}",
"(21, 28, 22)",minecraft:polished_andesite_slab,"{'type': 'top', 'waterlogged': 'false'}",
"(22, 28, 22)",minecraft:spruce_trapdoor,"{'facing': 'east', 'half': 'top', 'open': 'true', 'powered': 'false', 'waterlogged': 'false'}",
"(24, 28, 22)",minecraft:gray_stained_glass,{},
"(25, 28, 22)",minecraft:polished_andesite_slab,"{'type': 'top', 'waterlogged': 'false'}",
"(11, 28, 23)",minecraft:polished_andesite_stairs,"{'facing': 'east', 'half': 'top', 'shape': 'straight', 'waterlogged': 'false'}",
"(12, 28, 23)",minecraft:stone_bricks,{},
"(13, 28, 23)",minecraft:spruce_trapdoor,"{'facing': 'north', 'half': 'top', 'open': 'true', 'powered': 'false', 'waterlogged': 'false'}",
"(14, 28, 23)",minecraft:stone_bricks,{},
"(15, 28, 23)",minecraft:polished_andesite_stairs,"{'facing': 'west', 'half': 'top', 'shape': 'straight', 'waterlogged': 'false'}",
"(21, 28, 23)",minecraft:polished_andesite_stairs,"{'facing': 'east', 'half': 'top', 'shape': 'straight', 'waterlogged': 'false'}",
"(22, 28, 23)",minecraft:stone_bricks,{},
"(23, 28, 23)",minecraft:spruce_trapdoor,"{'facing': 'north', 'half': 'top', 'open': 'true', 'powered': 'false', 'waterlogged': 'false'}",
"(24, 28, 23)",minecraft:stone_bricks,{},
"(25, 28, 23)",minecraft:polished_andesite_stairs,"{'facing': 'west', 'half': 'top', 'shape': 'straight', 'waterlogged': 'false'}",
"(12, 28, 24)",minecraft:polished_andesite_stairs,"{'facing': 'north', 'half': 'top', 'shape': 'straight', 'waterlogged': 'false'}",
"(13, 28, 24)",minecraft:polished_andesite_slab,"{'type': 'top', 'waterlogged': 'false'}",
"(14, 28, 24)",minecraft:polished_andesite_stairs,"{'facing': 'north', 'half': 'top', 'shape': 'straight', 'waterlogged': 'false'}",
"(22, 28, 24)",minecraft:polished_andesite_stairs,"{'facing': 'north', 'half': 'top', 'shape': 'straight', 'waterlogged': 'false'}",
"(23, 28, 24)",minecraft:polished_andesite_slab,"{'type': 'top', 'waterlogged': 'false'}",
"(24, 28, 24)",minecraft:polished_andesite_stairs,"{'facing': 'north', 'half': 'top', 'shape': 'straight', 'waterlogged': 'false'}",
"(31, 28, 24)",minecraft:cobblestone_wall,"{'east': 'none', 'north': 'none', 'south': 'none', 'up': 'true', 'waterlogged': 'false', 'west': 'none'}",
"(12, 28, 30)",minecraft:polished_andesite_stairs,"{'facing': 'south', 'half': 'top', 'shape': 'straight', 'waterlogged': 'false'}",
"(13, 28, 30)",minecraft:polished_andesite_slab,"{'type': 'top', 'waterlogged': 'false'}",
"(14, 28, 30)",minecraft:polished_andesite_stairs,"{'facing': 'south', 'half': 'top', 'shape': 'straight', 'waterlogged': 'false'}",
"(15, 28, 30)",minecraft:acacia_leaves,"{'distance': '7', 'persistent': 'true', 'waterlogged': 'false'}",
"(22, 28, 30)",minecraft:polished_andesite_stairs,"{'facing': 'south', 'half': 'top', 'shape': 'straight', 'waterlogged': 'false'}",
"(23, 28, 30)",minecraft:polished_andesite_slab,"{'type': 'top', 'waterlogged': 'false'}",
"(24, 28, 30)",minecraft:polished_andesite_stairs,"{'facing': 'south', 'half': 'top', 'shape': 'straight', 'waterlogged': 'false'}",
"(31, 28, 30)",minecraft:spruce_planks,{},
"(38, 28, 30)",minecraft:cobblestone_wall,"{'east': 'none', 'north': 'none', 'south': 'none', 'up': 'true', 'waterlogged': 'false', 'west': 'none'}",
"(11, 28, 31)",minecraft:polished_andesite_stairs,"{'facing': 'east', 'half': 'top', 'shape': 'straight', 'waterlogged': 'false'}",
"(12, 28, 31)",minecraft:stone_bricks,{},
"(13, 28, 31)",minecraft:spruce_trapdoor,"{'facing': 'south', 'half': 'top', 'open': 'true', 'powered': 'false', 'waterlogged': 'false'}",
"(14, 28, 31)",minecraft:stone_bricks,{},
"(15, 28, 31)",minecraft:polished_andesite_stairs,"{'facing': 'west', 'half': 'top', 'shape': 'straight', 'waterlogged': 'false'}",
"(21, 28, 31)",minecraft:polished_andesite_stairs,"{'facing': 'east', 'half': 'top', 'shape': 'straight', 'waterlogged': 'false'}",
"(22, 28, 31)",minecraft:stone_bricks,{},
"(23, 28, 31)",minecraft:spruce_trapdoor,"{'facing': 'south', 'half': 'top', 'open': 'true', 'powered': 'false', 'waterlogged': 'false'}",
"(24, 28, 31)",minecraft:stone_bricks,{},
"(25, 28, 31)",minecraft:polished_andesite_stairs,"{'facing': 'west', 'half': 'top', 'shape': 'straight', 'waterlogged': 'false'}",
"(11, 28, 32)",minecraft:polished_andesite_slab,"{'type': 'top', 'waterlogged': 'false'}",
"(12, 28, 32)",minecraft:gray_stained_glass,{},
"(14, 28, 32)",minecraft:spruce_trapdoor,"{'facing': 'west', 'half': 'top', 'open': 'true', 'powered': 'false', 'waterlogged': 'false'}",
"(15, 28, 32)",minecraft:polished_andesite_slab,"{'type': 'top', 'waterlogged': 'false'}",
"(21, 28, 32)",minecraft:polished_andesite_slab,"{'type': 'top', 'waterlogged': 'false'}",
"(22, 28, 32)",minecraft:spruce_trapdoor,"{'facing': 'east', 'half': 'top', 'open': 'true', 'powered': 'false', 'waterlogged': 'false'}",
"(24, 28, 32)",minecraft:gray_stained_glass,{},
"(25, 28, 32)",minecraft:polished_andesite_slab,"{'type': 'top', 'waterlogged': 'false'}",
"(11, 28, 33)",minecraft:polished_andesite_stairs,"{'facing': 'east', 'half': 'top', 'shape': 'straight', 'waterlogged': 'false'}",
"(12, 28, 33)",minecraft:stone_bricks,{},
"(13, 28, 33)",minecraft:gray_stained_glass,{},
"(14, 28, 33)",minecraft:stone_bricks,{},
"(15, 28, 33)",minecraft:polished_andesite_stairs,"{'facing': 'west', 'half': 'top', 'shape': 'straight', 'waterlogged': 'false'}",
"(21, 28, 33)",minecraft:polished_andesite_stairs,"{'facing': 'east', 'half': 'top', 'shape': 'straight', 'waterlogged': 'false'}",
"(22, 28, 33)",minecraft:stone_bricks,{},
"(23, 28, 33)",minecraft:gray_stained_glass,{},
"(24, 28, 33)",minecraft:stone_bricks,{},
"(25, 28, 33)",minecraft:polished_andesite_stairs,"{'facing': 'west', 'half': 'top', 'shape': 'straight', 'waterlogged': 'false'}",
"(12, 28, 34)",minecraft:polished_andesite_stairs,"{'facing': 'north', 'half': 'top', 'shape': 'straight', 'waterlogged': 'false'}",
"(13, 28, 34)",minecraft:polished_andesite_slab,"{'type': 'top', 'waterlogged': 'false'}",
"(14, 28, 34)",minecraft:polished_andesite_stairs,"{'facing': 'north', 'half': 'top', 'shape': 'straight', 'waterlogged': 'false'}",
"(22, 28, 34)",minecraft:polished_andesite_stairs,"{'facing': 'north', 'half': 'top', 'shape': 'straight', 'waterlogged': 'false'}",
"(23, 28, 34)",minecraft:polished_andesite_slab,"{'type': 'top', 'waterlogged': 'false'}",
"(24, 28, 34)",minecraft:polished_andesite_stairs,"{'facing': 'north', 'half': 'top', 'shape': 'straight', 'waterlogged': 'false'}",
"(31, 28, 36)",minecraft:cobblestone_wall,"{'east': 'none', 'north': 'none', 'south': 'none', 'up': 'true', 'waterlogged': 'false', 'west': 'none'}",
"(12, 29, 20)",minecraft:polished_andesite,{},
"(13, 29, 20)",minecraft:cobblestone_wall,"{'east': 'low', 'north': 'none', 'south': 'low', 'up': 'true', 'waterlogged': 'false', 'west': 'low'}",
"(14, 29, 20)",minecraft:polished_andesite,{},
"(22, 29, 20)",minecraft:polished_andesite,{},
"(23, 29, 20)",minecraft:cobblestone_wall,"{'east': 'low', 'north': 'none', 'south': 'low', 'up': 'true', 'waterlogged': 'false', 'west': 'low'}",
"(24, 29, 20)",minecraft:polished_andesite,{},
"(11, 29, 21)",minecraft:polished_andesite,{},
"(12, 29, 21)",minecraft:spruce_planks,{},
"(13, 29, 21)",minecraft:spruce_planks,{},
"(14, 29, 21)",minecraft:spruce_planks,{},
"(15, 29, 21)",minecraft:polished_andesite,{},
"(21, 29, 21)",minecraft:polished_andesite,{},
"(22, 29, 21)",minecraft:spruce_planks,{},
"(23, 29, 21)",minecraft:spruce_planks,{},
"(24, 29, 21)",minecraft:spruce_planks,{},
"(25, 29, 21)",minecraft:polished_andesite,{},
"(11, 29, 22)",minecraft:cobblestone_wall,"{'east': 'low', 'north': 'low', 'south': 'low', 'up': 'true', 'waterlogged': 'false', 'west': 'none'}",
"(12, 29, 22)",minecraft:spruce_planks,{},
"(13, 29, 22)",minecraft:lantern,"{'hanging': 'true', 'waterlogged': 'false'}",
"(14, 29, 22)",minecraft:spruce_planks,{},
"(15, 29, 22)",minecraft:cobblestone_wall,"{'east': 'none', 'north': 'low', 'south': 'low', 'up': 'true', 'waterlogged': 'false', 'west': 'low'}",
"(21, 29, 22)",minecraft:cobblestone_wall,"{'east': 'low', 'north': 'low', 'south': 'low', 'up': 'true', 'waterlogged': 'false', 'west': 'none'}",
"(22, 29, 22)",minecraft:spruce_planks,{},
"(23, 29, 22)",minecraft:lantern,"{'hanging': 'true', 'waterlogged': 'false'}",
"(24, 29, 22)",minecraft:spruce_planks,{},
"(25, 29, 22)",minecraft:cobblestone_wall,"{'east': 'none', 'north': 'low', 'south': 'low', 'up': 'true', 'waterlogged': 'false', 'west': 'low'}",
"(11, 29, 23)",minecraft:polished_andesite,{},
"(12, 29, 23)",minecraft:spruce_planks,{},
"(13, 29, 23)",minecraft:spruce_planks,{},
"(14, 29, 23)",minecraft:spruce_planks,{},
"(15, 29, 23)",minecraft:polished_andesite,{},
"(21, 29, 23)",minecraft:polished_andesite,{},
"(22, 29, 23)",minecraft:spruce_planks,{},
"(23, 29, 23)",minecraft:spruce_planks,{},
"(24, 29, 23)",minecraft:spruce_planks,{},
"(25, 29, 23)",minecraft:polished_andesite,{},
"(12, 29, 24)",minecraft:polished_andesite,{},
"(13, 29, 24)",minecraft:cobblestone_wall,"{'east': 'low', 'north': 'low', 'south': 'none', 'up': 'true', 'waterlogged': 'false', 'west': 'low'}",
"(14, 29, 24)",minecraft:polished_andesite,{},
"(22, 29, 24)",minecraft:polished_andesite,{},
"(23, 29, 24)",minecraft:cobblestone_wall,"{'east': 'low', 'north': 'low', 'south': 'none', 'up': 'true', 'waterlogged': 'false', 'west': 'low'}",
"(24, 29, 24)",minecraft:polished_andesite,{},
"(31, 29, 24)",minecraft:iron_bars,"{'east': 'false', 'north': 'false', 'south': 'false', 'waterlogged': 'false', 'west': 'false'}",
"(13, 29, 29)",minecraft:acacia_leaves,"{'distance': '7', 'persistent': 'true', 'waterlogged': 'false'}",
"(12, 29, 30)",minecraft:polished_andesite,{},
"(13, 29, 30)",minecraft:cobblestone_wall,"{'east': 'low', 'north': 'none', 'south': 'low', 'up': 'true', 'waterlogged': 'false', 'west': 'low'}",
"(14, 29, 30)",minecraft:polished_andesite,{},
"(15, 29, 30)",minecraft:acacia_leaves,"{'distance': '7', 'persistent': 'true', 'waterlogged': 'false'}",
"(22, 29, 30)",minecraft:polished_andesite,{},
"(23, 29, 30)",minecraft:cobblestone_wall,"{'east': 'low', 'north': 'none', 'south': 'low', 'up': 'true', 'waterlogged': 'false', 'west': 'low'}",
"(24, 29, 30)",minecraft:polished_andesite,{},
"(31, 29, 30)",minecraft:cobblestone_wall,"{'east': 'none', 'north': 'none', 'south': 'none', 'up': 'true', 'waterlogged': 'false', 'west': 'none'}",
"(38, 29, 30)",minecraft:iron_bars,"{'east': 'false', 'north': 'false', 'south': 'false', 'waterlogged': 'false', 'west': 'false'}",
"(11, 29, 31)",minecraft:polished_andesite,{},
"(12, 29, 31)",minecraft:spruce_planks,{},
"(13, 29, 31)",minecraft:spruce_planks,{},
"(14, 29, 31)",minecraft:spruce_planks,{},
"(15, 29, 31)",minecraft:polished_andesite,{},
"(21, 29, 31)",minecraft:polished_andesite,{},
"(22, 29, 31)",minecraft:spruce_planks,{},
"(23, 29, 31)",minecraft:spruce_planks,{},
"(24, 29, 31)",minecraft:spruce_planks,{},
"(25, 29, 31)",minecraft:polished_andesite,{},
"(11, 29, 32)",minecraft:cobblestone_wall,"{'east': 'low', 'north': 'low', 'south': 'low', 'up': 'true', 'waterlogged': 'false', 'west': 'none'}",
"(12, 29, 32)",minecraft:spruce_planks,{},
"(13, 29, 32)",minecraft:lantern,"{'hanging': 'true', 'waterlogged': 'false'}",
"(14, 29, 32)",minecraft:spruce_planks,{},
"(15, 29, 32)",minecraft:cobblestone_wall,"{'east': 'none', 'north': 'low', 'south': 'low', 'up': 'true', 'waterlogged': 'false', 'west': 'low'}",
"(21, 29, 32)",minecraft:cobblestone_wall,"{'east': 'low', 'north': 'low', 'south': 'low', 'up': 'true', 'waterlogged': 'false', 'west': 'none'}",
"(22, 29, 32)",minecraft:spruce_planks,{},
"(23, 29, 32)",minecraft:lantern,"{'hanging': 'true', 'waterlogged': 'false'}",
"(24, 29, 32)",minecraft:spruce_planks,{},
"(25, 29, 32)",minecraft:cobblestone_wall,"{'east': 'none', 'north': 'low', 'south': 'low', 'up': 'true', 'waterlogged': 'false', 'west': 'low'}",
"(11, 29, 33)",minecraft:polished_andesite,{},
"(12, 29, 33)",minecraft:spruce_planks,{},
"(13, 29, 33)",minecraft:spruce_planks,{},
"(14, 29, 33)",minecraft:spruce_planks,{},
"(15, 29, 33)",minecraft:polished_andesite,{},
"(21, 29, 33)",minecraft:polished_andesite,{},
"(22, 29, 33)",minecraft:spruce_planks,{},
"(23, 29, 33)",minecraft:spruce_planks,{},
"(24, 29, 33)",minecraft:spruce_planks,{},
"(25, 29, 33)",minecraft:polished_andesite,{},
"(12, 29, 34)",minecraft:polished_andesite,{},
"(13, 29, 34)",minecraft:cobblestone_wall,"{'east': 'low', 'north': 'low', 'south': 'none', 'up': 'true', 'waterlogged': 'false', 'west': 'low'}",
"(14, 29, 34)",minecraft:polished_andesite,{},
"(22, 29, 34)",minecraft:polished_andesite,{},
"(23, 29, 34)",minecraft:cobblestone_wall,"{'east': 'low', 'north': 'low', 'south': 'none', 'up': 'true', 'waterlogged': 'false', 'west': 'low'}",
"(24, 29, 34)",minecraft:polished_andesite,{},
"(31, 29, 36)",minecraft:iron_bars,"{'east': 'false', 'north': 'false', 'south': 'false', 'waterlogged': 'false', 'west': 'false'}",
"(12, 30, 20)",minecraft:polished_andesite_slab,"{'type': 'bottom', 'waterlogged': 'false'}",
"(14, 30, 20)",minecraft:polished_andesite_slab,"{'type': 'bottom', 'waterlogged': 'false'}",
"(22, 30, 20)",minecraft:polished_andesite_slab,"{'type': 'bottom', 'waterlogged': 'false'}",
"(24, 30, 20)",minecraft:polished_andesite_slab,"{'type': 'bottom', 'waterlogged': 'false'}",
"(11, 30, 21)",minecraft:polished_andesite_slab,"{'type': 'bottom', 'waterlogged': 'false'}",
"(12, 30, 21)",minecraft:spruce_planks,{},
"(13, 30, 21)",minecraft:spruce_planks,{},
"(14, 30, 21)",minecraft:spruce_planks,{},
"(15, 30, 21)",minecraft:polished_andesite_slab,"{'type': 'bottom', 'waterlogged': 'false'}",
"(21, 30, 21)",minecraft:polished_andesite_slab,"{'type': 'bottom', 'waterlogged': 'false'}",
"(22, 30, 21)",minecraft:spruce_planks,{},
"(23, 30, 21)",minecraft:spruce_planks,{},
"(24, 30, 21)",minecraft:spruce_planks,{},
"(25, 30, 21)",minecraft:polished_andesite_slab,"{'type': 'bottom', 'waterlogged': 'false'}",
"(12, 30, 22)",minecraft:spruce_planks,{},
"(13, 30, 22)",minecraft:spruce_planks,{},
"(14, 30, 22)",minecraft:spruce_planks,{},
"(22, 30, 22)",minecraft:spruce_planks,{},
"(23, 30, 22)",minecraft:spruce_planks,{},
"(24, 30, 22)",minecraft:spruce_planks,{},
"(11, 30, 23)",minecraft:polished_andesite_slab,"{'type': 'bottom', 'waterlogged': 'false'}",
"(12, 30, 23)",minecraft:spruce_planks,{},
"(13, 30, 23)",minecraft:spruce_planks,{},
"(14, 30, 23)",minecraft:spruce_planks,{},
"(15, 30, 23)",minecraft:polished_andesite_slab,"{'type': 'bottom', 'waterlogged': 'false'}",
"(21, 30, 23)",minecraft:polished_andesite_slab,"{'type': 'bottom', 'waterlogged': 'false'}",
"(22, 30, 23)",minecraft:spruce_planks,{},
"(23, 30, 23)",minecraft:spruce_planks,{},
"(24, 30, 23)",minecraft:spruce_planks,{},
"(25, 30, 23)",minecraft:polished_andesite_slab,"{'type': 'bottom', 'waterlogged': 'false'}",
"(12, 30, 24)",minecraft:polished_andesite_slab,"{'type': 'bottom', 'waterlogged': 'false'}",
"(14, 30, 24)",minecraft:polished_andesite_slab,"{'type': 'bottom', 'waterlogged': 'false'}",
"(22, 30, 24)",minecraft:polished_andesite_slab,"{'type': 'bottom', 'waterlogged': 'false'}",
"(24, 30, 24)",minecraft:polished_andesite_slab,"{'type': 'bottom', 'waterlogged': 'false'}",
"(14, 30, 29)",minecraft:acacia_leaves,"{'distance': '7', 'persistent': 'true', 'waterlogged': 'false'}",
"(12, 30, 30)",minecraft:polished_andesite_slab,"{'type': 'bottom', 'waterlogged': 'false'}",
"(14, 30, 30)",minecraft:polished_andesite_slab,"{'type': 'bottom', 'waterlogged': 'false'}",
"(22, 30, 30)",minecraft:polished_andesite_slab,"{'type': 'bottom', 'waterlogged': 'false'}",
"(24, 30, 30)",minecraft:polished_andesite_slab,"{'type': 'bottom', 'waterlogged': 'false'}",
"(31, 30, 30)",minecraft:spruce_fence,"{'east': 'false', 'north': 'false', 'south': 'false', 'waterlogged': 'false', 'west': 'false'}",
"(11, 30, 31)",minecraft:polished_andesite_slab,"{'type': 'bottom', 'waterlogged': 'false'}",
"(12, 30, 31)",minecraft:spruce_planks,{},
"(13, 30, 31)",minecraft:spruce_planks,{},
"(14, 30, 31)",minecraft:spruce_planks,{},
"(15, 30, 31)",minecraft:polished_andesite_slab,"{'type': 'bottom', 'waterlogged': 'false'}",
"(21, 30, 31)",minecraft:polished_andesite_slab,"{'type': 'bottom', 'waterlogged': 'false'}",
"(22, 30, 31)",minecraft:spruce_planks,{},
"(23, 30, 31)",minecraft:spruce_planks,{},
"(24, 30, 31)",minecraft:spruce_planks,{},
"(25, 30, 31)",minecraft:polished_andesite_slab,"{'type': 'bottom', 'waterlogged': 'false'}",
"(12, 30, 32)",minecraft:spruce_planks,{},
"(13, 30, 32)",minecraft:spruce_planks,{},
"(14, 30, 32)",minecraft:spruce_planks,{},
"(22, 30, 32)",minecraft:spruce_planks,{},
"(23, 30, 32)",minecraft:spruce_planks,{},
"(24, 30, 32)",minecraft:spruce_planks,{},
"(11, 30, 33)",minecraft:polished_andesite_slab,"{'type': 'bottom', 'waterlogged': 'false'}",
"(12, 30, 33)",minecraft:spruce_planks,{},
"(13, 30, 33)",minecraft:spruce_planks,{},
"(14, 30, 33)",minecraft:spruce_planks,{},
"(15, 30, 33)",minecraft:polished_andesite_slab,"{'type': 'bottom', 'waterlogged': 'false'}",
"(21, 30, 33)",minecraft:polished_andesite_slab,"{'type': 'bottom', 'waterlogged': 'false'}",
"(22, 30, 33)",minecraft:spruce_planks,{},
"(23, 30, 33)",minecraft:spruce_planks,{},
"(24, 30, 33)",minecraft:spruce_planks,{},
"(25, 30, 33)",minecraft:polished_andesite_slab,"{'type': 'bottom', 'waterlogged': 'false'}",
"(12, 30, 34)",minecraft:polished_andesite_slab,"{'type': 'bottom', 'waterlogged': 'false'}",
"(14, 30, 34)",minecraft:polished_andesite_slab,"{'type': 'bottom', 'waterlogged': 'false'}",
"(22, 30, 34)",minecraft:polished_andesite_slab,"{'type': 'bottom', 'waterlogged': 'false'}",
"(24, 30, 34)",minecraft:polished_andesite_slab,"{'type': 'bottom', 'waterlogged': 'false'}",
"(12, 31, 21)",minecraft:spruce_slab,"{'type': 'bottom', 'waterlogged': 'false'}",
"(13, 31, 21)",minecraft:spruce_planks,{},
"(14, 31, 21)",minecraft:spruce_slab,"{'type': 'bottom', 'waterlogged': 'false'}",
"(22, 31, 21)",minecraft:spruce_slab,"{'type': 'bottom', 'waterlogged': 'false'}",
"(23, 31, 21)",minecraft:spruce_planks,{},
"(24, 31, 21)",minecraft:spruce_slab,"{'type': 'bottom', 'waterlogged': 'false'}",
"(12, 31, 22)",minecraft:spruce_planks,{},
"(13, 31, 22)",minecraft:spruce_planks,{},
"(14, 31, 22)",minecraft:spruce_planks,{},
"(22, 31, 22)",minecraft:spruce_planks,{},
"(23, 31, 22)",minecraft:spruce_planks,{},
"(24, 31, 22)",minecraft:spruce_planks,{},
"(12, 31, 23)",minecraft:spruce_slab,"{'type': 'bottom', 'waterlogged': 'false'}",
"(13, 31, 23)",minecraft:spruce_planks,{},
"(14, 31, 23)",minecraft:spruce_slab,"{'type': 'bottom', 'waterlogged': 'false'}",
"(22, 31, 23)",minecraft:spruce_slab,"{'type': 'bottom', 'waterlogged': 'false'}",
"(23, 31, 23)",minecraft:spruce_planks,{},
"(24, 31, 23)",minecraft:spruce_slab,"{'type': 'bottom', 'waterlogged': 'false'}",
"(14, 31, 30)",minecraft:acacia_leaves,"{'distance': '7', 'persistent': 'true', 'waterlogged': 'false'}",
"(31, 31, 30)",minecraft:spruce_fence,"{'east': 'false', 'north': 'false', 'south': 'false', 'waterlogged': 'false', 'west': 'false'}",
"(12, 31, 31)",minecraft:spruce_slab,"{'type': 'bottom', 'waterlogged': 'false'}",
"(13, 31, 31)",minecraft:spruce_planks,{},
"(14, 31, 31)",minecraft:spruce_slab,"{'type': 'bottom', 'waterlogged': 'false'}",
"(15, 31, 31)",minecraft:acacia_leaves,"{'distance': '7', 'persistent': 'true', 'waterlogged': 'false'}",
"(22, 31, 31)",minecraft:spruce_slab,"{'type': 'bottom', 'waterlogged': 'false'}",
"(23, 31, 31)",minecraft:spruce_planks,{},
"(24, 31, 31)",minecraft:spruce_slab,"{'type': 'bottom', 'waterlogged': 'false'}",
"(12, 31, 32)",minecraft:spruce_planks,{},
"(13, 31, 32)",minecraft:spore_blossom,{},
"(14, 31, 32)",minecraft:spruce_planks,{},
"(22, 31, 32)",minecraft:spruce_planks,{},
"(23, 31, 32)",minecraft:spruce_planks,{},
"(24, 31, 32)",minecraft:spruce_planks,{},
"(12, 31, 33)",minecraft:spruce_slab,"{'type': 'bottom', 'waterlogged': 'false'}",
"(13, 31, 33)",minecraft:spruce_planks,{},
"(14, 31, 33)",minecraft:spruce_slab,"{'type': 'bottom', 'waterlogged': 'false'}",
"(22, 31, 33)",minecraft:spruce_slab,"{'type': 'bottom', 'waterlogged': 'false'}",
"(23, 31, 33)",minecraft:spruce_planks,{},
"(24, 31, 33)",minecraft:spruce_slab,"{'type': 'bottom', 'waterlogged': 'false'}",
"(13, 32, 21)",minecraft:spruce_stairs,"{'facing': 'south', 'half': 'bottom', 'shape': 'straight', 'waterlogged': 'false'}",
"(23, 32, 21)",minecraft:spruce_stairs,"{'facing': 'south', 'half': 'bottom', 'shape': 'straight', 'waterlogged': 'false'}",
"(12, 32, 22)",minecraft:spruce_stairs,"{'facing': 'east', 'half': 'bottom', 'shape': 'straight', 'waterlogged': 'false'}",
"(13, 32, 22)",minecraft:spruce_planks,{},
"(14, 32, 22)",minecraft:spruce_stairs,"{'facing': 'west', 'half': 'bottom', 'shape': 'straight', 'waterlogged': 'false'}",
"(22, 32, 22)",minecraft:spruce_stairs,"{'facing': 'east', 'half': 'bottom', 'shape': 'straight', 'waterlogged': 'false'}",
"(23, 32, 22)",minecraft:spruce_planks,{},
"(24, 32, 22)",minecraft:spruce_stairs,"{'facing': 'west', 'half': 'bottom', 'shape': 'straight', 'waterlogged': 'false'}",
"(13, 32, 23)",minecraft:spruce_stairs,"{'facing': 'north', 'half': 'bottom', 'shape': 'straight', 'waterlogged': 'false'}",
"(23, 32, 23)",minecraft:spruce_stairs,"{'facing': 'north', 'half': 'bottom', 'shape': 'straight', 'waterlogged': 'false'}",
"(13, 32, 31)",minecraft:spruce_stairs,"{'facing': 'south', 'half': 'bottom', 'shape': 'straight', 'waterlogged': 'false'}",
"(23, 32, 31)",minecraft:spruce_stairs,"{'facing': 'south', 'half': 'bottom', 'shape': 'straight', 'waterlogged': 'false'}",
"(12, 32, 32)",minecraft:spruce_stairs,"{'facing': 'east', 'half': 'bottom', 'shape': 'straight', 'waterlogged': 'false'}",
"(13, 32, 32)",minecraft:spruce_planks,{},
"(14, 32, 32)",minecraft:spruce_stairs,"{'facing': 'west', 'half': 'bottom', 'shape': 'straight', 'waterlogged': 'false'}",
"(15, 32, 32)",minecraft:acacia_leaves,"{'distance': '7', 'persistent': 'true', 'waterlogged': 'false'}",
"(22, 32, 32)",minecraft:spruce_stairs,"{'facing': 'east', 'half': 'bottom', 'shape': 'straight', 'waterlogged': 'false'}",
"(23, 32, 32)",minecraft:spruce_planks,{},
"(24, 32, 32)",minecraft:spruce_stairs,"{'facing': 'west', 'half': 'bottom', 'shape': 'straight', 'waterlogged': 'false'}",
"(13, 32, 33)",minecraft:spruce_stairs,"{'facing': 'north', 'half': 'bottom', 'shape': 'straight', 'waterlogged': 'false'}",
"(23, 32, 33)",minecraft:spruce_stairs,"{'facing': 'north', 'half': 'bottom', 'shape': 'straight', 'waterlogged': 'false'}",
"(13, 33, 22)",minecraft:spruce_planks,{},
"(23, 33, 22)",minecraft:spruce_planks,{},
"(13, 33, 32)",minecraft:spruce_planks,{},
"(14, 33, 32)",minecraft:acacia_leaves,"{'distance': '7', 'persistent': 'true', 'waterlogged': 'false'}",
"(15, 33, 32)",minecraft:snow,{'layers': '1'},
"(23, 33, 32)",minecraft:spruce_planks,{},
"(13, 34, 22)",minecraft:spruce_planks,{},
"(23, 34, 22)",minecraft:spruce_planks,{},
"(13, 34, 32)",minecraft:spruce_planks,{},
"(23, 34, 32)",minecraft:spruce_planks,{},
"(13, 35, 22)",minecraft:cobblestone_wall,"{'east': 'none', 'north': 'none', 'south': 'none', 'up': 'true', 'waterlogged': 'false', 'west': 'none'}",
"(23, 35, 22)",minecraft:cobblestone_wall,"{'east': 'none', 'north': 'none', 'south': 'none', 'up': 'true', 'waterlogged': 'false', 'west': 'none'}",
"(13, 35, 32)",minecraft:cobblestone_wall,"{'east': 'none', 'north': 'none', 'south': 'none', 'up': 'true', 'waterlogged': 'false', 'west': 'none'}",
"(23, 35, 32)",minecraft:cobblestone_wall,"{'east': 'none', 'north': 'none', 'south': 'none', 'up': 'true', 'waterlogged': 'false', 'west': 'none'}",
"(13, 36, 22)",minecraft:spruce_fence,"{'east': 'false', 'north': 'false', 'south': 'false', 'waterlogged': 'false', 'west': 'false'}",
"(23, 36, 22)",minecraft:spruce_fence,"{'east': 'false', 'north': 'false', 'south': 'false', 'waterlogged': 'false', 'west': 'false'}",
"(13, 36, 32)",minecraft:spruce_fence,"{'east': 'false', 'north': 'false', 'south': 'false', 'waterlogged': 'false', 'west': 'false'}",
"(23, 36, 32)",minecraft:spruce_fence,"{'east': 'false', 'north': 'false', 'south': 'false', 'waterlogged': 'false', 'west': 'false'}",
"(13, 37, 22)",minecraft:spruce_fence,"{'east': 'false', 'north': 'false', 'south': 'false', 'waterlogged': 'false', 'west': 'false'}",
"(23, 37, 22)",minecraft:spruce_fence,"{'east': 'false', 'north': 'false', 'south': 'false', 'waterlogged': 'false', 'west': 'false'}",
"(13, 37, 32)",minecraft:spruce_fence,"{'east': 'false', 'north': 'false', 'south': 'false', 'waterlogged': 'false', 'west': 'false'}",
"(23, 37, 32)",minecraft:spruce_fence,"{'east': 'false', 'north': 'false', 'south': 'false', 'waterlogged': 'false', 'west': 'false'}",
