Position,BlockID,States,Data
"(6, 0, 2)",minecraft:stone,{},
"(7, 0, 2)",minecraft:stone_brick_stairs,"{'facing': 'south', 'half': 'bottom', 'shape': 'straight', 'waterlogged': 'false'}",
"(8, 0, 2)",minecraft:cobblestone,{},
"(4, 0, 3)",minecraft:stone_bricks,{},
"(5, 0, 3)",minecraft:stone_bricks,{},
"(6, 0, 3)",minecraft:oak_planks,{},
"(7, 0, 3)",minecraft:oak_stairs,"{'facing': 'south', 'half': 'bottom', 'shape': 'straight', 'waterlogged': 'false'}",
"(8, 0, 3)",minecraft:oak_planks,{},
"(9, 0, 3)",minecraft:stone_bricks,{},
"(10, 0, 3)",minecraft:stone_bricks,{},
"(4, 0, 4)",minecraft:stone_bricks,{},
"(5, 0, 4)",minecraft:oak_planks,{},
"(6, 0, 4)",minecraft:oak_stairs,"{'facing': 'west', 'half': 'bottom', 'shape': 'inner_right', 'waterlogged': 'false'}",
"(7, 0, 4)",minecraft:oak_stairs,"{'facing': 'north', 'half': 'bottom', 'shape': 'straight', 'waterlogged': 'false'}",
"(8, 0, 4)",minecraft:oak_planks,{},
"(9, 0, 4)",minecraft:oak_planks,{},
"(10, 0, 4)",minecraft:stone_bricks,{},
"(3, 0, 5)",minecraft:cobblestone,{},
"(4, 0, 5)",minecraft:oak_planks,{},
"(5, 0, 5)",minecraft:oak_planks,{},
"(6, 0, 5)",minecraft:stripped_oak_log,{'axis': 'z'},
"(7, 0, 5)",minecraft:stripped_oak_log,{'axis': 'x'},
"(8, 0, 5)",minecraft:stripped_oak_log,{'axis': 'x'},
"(9, 0, 5)",minecraft:oak_stairs,"{'facing': 'north', 'half': 'bottom', 'shape': 'inner_right', 'waterlogged': 'false'}",
"(10, 0, 5)",minecraft:oak_planks,{},
"(11, 0, 5)",minecraft:cobblestone,{},
"(3, 0, 6)",minecraft:stone_brick_stairs,"{'facing': 'east', 'half': 'bottom', 'shape': 'straight', 'waterlogged': 'false'}",
"(4, 0, 6)",minecraft:oak_stairs,"{'facing': 'east', 'half': 'bottom', 'shape': 'straight', 'waterlogged': 'false'}",
"(5, 0, 6)",minecraft:oak_stairs,"{'facing': 'west', 'half': 'bottom', 'shape': 'straight', 'waterlogged': 'false'}",
"(6, 0, 6)",minecraft:stripped_oak_log,{'axis': 'z'},
"(7, 0, 6)",minecraft:oak_planks,{},
"(8, 0, 6)",minecraft:stripped_oak_log,{'axis': 'z'},
"(9, 0, 6)",minecraft:oak_stairs,"{'facing': 'east', 'half': 'bottom', 'shape': 'straight', 'waterlogged': 'false'}",
"(10, 0, 6)",minecraft:oak_stairs,"{'facing': 'west', 'half': 'bottom', 'shape': 'straight', 'waterlogged': 'false'}",
"(11, 0, 6)",minecraft:cobblestone_stairs,"{'facing': 'west', 'half': 'bottom', 'shape': 'straight', 'waterlogged': 'false'}",
"(3, 0, 7)",minecraft:stone,{},
"(4, 0, 7)",minecraft:oak_planks,{},
"(5, 0, 7)",minecraft:oak_stairs,"{'facing': 'south', 'half': 'bottom', 'shape': 'inner_right', 'waterlogged': 'false'}",
"(6, 0, 7)",minecraft:stripped_oak_log,{'axis': 'x'},
"(7, 0, 7)",minecraft:stripped_oak_log,{'axis': 'x'},
"(8, 0, 7)",minecraft:stripped_oak_log,{'axis': 'z'},
"(9, 0, 7)",minecraft:oak_planks,{},
"(10, 0, 7)",minecraft:chest,"{'facing': 'north', 'type': 'single', 'waterlogged': 'false'}","{components: {}, Items: [], id: ""minecraft:chest""}"
"(11, 0, 7)",minecraft:stone,{},
"(4, 0, 8)",minecraft:stone_bricks,{},
"(5, 0, 8)",minecraft:oak_planks,{},
"(6, 0, 8)",minecraft:oak_planks,{},
"(7, 0, 8)",minecraft:oak_stairs,"{'facing': 'south', 'half': 'bottom', 'shape': 'straight', 'waterlogged': 'false'}",
"(8, 0, 8)",minecraft:oak_stairs,"{'facing': 'east', 'half': 'bottom', 'shape': 'inner_right', 'waterlogged': 'false'}",
"(9, 0, 8)",minecraft:oak_planks,{},
"(10, 0, 8)",minecraft:stone_bricks,{},
"(4, 0, 9)",minecraft:stone_bricks,{},
"(5, 0, 9)",minecraft:stone_bricks,{},
"(6, 0, 9)",minecraft:oak_planks,{},
"(7, 0, 9)",minecraft:oak_planks,{},
"(8, 0, 9)",minecraft:oak_planks,{},
"(9, 0, 9)",minecraft:stone_bricks,{},
"(10, 0, 9)",minecraft:stone_bricks,{},
"(6, 0, 10)",minecraft:polished_andesite_stairs,"{'facing': 'north', 'half': 'bottom', 'shape': 'straight', 'waterlogged': 'false'}",
"(7, 0, 10)",minecraft:stone_bricks,{},
"(8, 0, 10)",minecraft:stone_brick_stairs,"{'facing': 'north', 'half': 'bottom', 'shape': 'straight', 'waterlogged': 'false'}",
"(7, 0, 11)",minecraft:stone_brick_stairs,"{'facing': 'north', 'half': 'bottom', 'shape': 'straight', 'waterlogged': 'false'}",
"(6, 0, 12)",minecraft:acacia_fence,"{'east': 'true', 'north': 'false', 'south': 'false', 'waterlogged': 'false', 'west': 'false'}",
"(7, 0, 12)",minecraft:jigsaw,{'orientation': 'south_up'},"{components: {}, joint: ""rollable"", name: ""minecraft:empty"", pool: ""minecraft:empty"", final_state: ""minecraft:air"", placement_priority: 0, selection_priority: 0, id: ""minecraft:jigsaw"", target: ""minecraft:empty""}"
"(8, 0, 12)",minecraft:acacia_fence,"{'east': 'false', 'north': 'false', 'south': 'false', 'waterlogged': 'false', 'west': 'true'}",
"(4, 1, 2)",minecraft:oak_stairs,"{'facing': 'east', 'half': 'top', 'shape': 'straight', 'waterlogged': 'false'}",
"(5, 1, 2)",minecraft:oak_stairs,"{'facing': 'west', 'half': 'bottom', 'shape': 'straight', 'waterlogged': 'false'}",
"(6, 1, 2)",minecraft:stone,{},
"(7, 1, 2)",minecraft:cobblestone,{},
"(8, 1, 2)",minecraft:cobblestone,{},
"(9, 1, 2)",minecraft:oak_stairs,"{'facing': 'east', 'half': 'bottom', 'shape': 'straight', 'waterlogged': 'false'}",
"(10, 1, 2)",minecraft:oak_stairs,"{'facing': 'west', 'half': 'top', 'shape': 'straight', 'waterlogged': 'false'}",
"(3, 1, 3)",minecraft:oak_stairs,"{'facing': 'south', 'half': 'top', 'shape': 'straight', 'waterlogged': 'false'}",
"(4, 1, 3)",minecraft:stone_bricks,{},
"(5, 1, 3)",minecraft:cobblestone,{},
"(6, 1, 3)",minecraft:repeating_command_block,"{'conditional': 'false', 'facing': 'south'}","{conditionMet: 0b, auto: 0b, components: {}, powered: 0b, Command: """", id: ""minecraft:command_block"", SuccessCount: 0, TrackOutput: 1b, UpdateLastExecution: 1b}"
"(7, 1, 3)",minecraft:spruce_trapdoor,"{'facing': 'north', 'half': 'bottom', 'open': 'true', 'powered': 'false', 'waterlogged': 'false'}",
"(8, 1, 3)",minecraft:repeating_command_block,"{'conditional': 'false', 'facing': 'south'}","{conditionMet: 0b, auto: 0b, components: {}, powered: 0b, Command: """", id: ""minecraft:command_block"", SuccessCount: 0, TrackOutput: 1b, UpdateLastExecution: 1b}"
"(9, 1, 3)",minecraft:cobblestone,{},
"(10, 1, 3)",minecraft:stone_bricks,{},
"(11, 1, 3)",minecraft:oak_stairs,"{'facing': 'south', 'half': 'top', 'shape': 'straight', 'waterlogged': 'false'}",
"(3, 1, 4)",minecraft:oak_stairs,"{'facing': 'north', 'half': 'bottom', 'shape': 'straight', 'waterlogged': 'false'}",
"(4, 1, 4)",minecraft:cobblestone,{},
"(5, 1, 4)",minecraft:hay_block,{'axis': 'y'},
"(7, 1, 4)",minecraft:ladder,"{'facing': 'south', 'waterlogged': 'false'}",
"(9, 1, 4)",minecraft:spruce_trapdoor,"{'facing': 'north', 'half': 'top', 'open': 'true', 'powered': 'false', 'waterlogged': 'false'}",
"(10, 1, 4)",minecraft:cobblestone,{},
"(11, 1, 4)",minecraft:oak_stairs,"{'facing': 'north', 'half': 'bottom', 'shape': 'straight', 'waterlogged': 'false'}",
"(3, 1, 5)",minecraft:cobblestone,{},
"(4, 1, 5)",minecraft:hay_block,{'axis': 'z'},
"(6, 1, 5)",minecraft:leaf_litter,"{'facing': 'north', 'segment_amount': '2'}",
"(7, 1, 5)",minecraft:leaf_litter,"{'facing': 'west', 'segment_amount': '3'}",
"(8, 1, 5)",minecraft:leaf_litter,"{'facing': 'west', 'segment_amount': '1'}",
"(9, 1, 5)",minecraft:spruce_trapdoor,"{'facing': 'north', 'half': 'top', 'open': 'true', 'powered': 'false', 'waterlogged': 'false'}",
"(11, 1, 5)",minecraft:cobblestone,{},
"(3, 1, 6)",minecraft:oak_fence,"{'east': 'true', 'north': 'true', 'south': 'true', 'waterlogged': 'false', 'west': 'false'}",
"(4, 1, 6)",minecraft:repeating_command_block,"{'conditional': 'false', 'facing': 'east'}","{conditionMet: 0b, auto: 0b, components: {}, powered: 0b, Command: """", id: ""minecraft:command_block"", SuccessCount: 0, TrackOutput: 1b, UpdateLastExecution: 1b}"
"(6, 1, 6)",minecraft:leaf_litter,"{'facing': 'south', 'segment_amount': '3'}",
"(7, 1, 6)",minecraft:smooth_stone_slab,"{'type': 'double', 'waterlogged': 'false'}",
"(8, 1, 6)",minecraft:leaf_litter,"{'facing': 'north', 'segment_amount': '3'}",
"(9, 1, 6)",minecraft:spruce_trapdoor,"{'facing': 'north', 'half': 'top', 'open': 'false', 'powered': 'false', 'waterlogged': 'false'}",
"(11, 1, 6)",minecraft:oak_fence,"{'east': 'false', 'north': 'true', 'south': 'true', 'waterlogged': 'false', 'west': 'false'}",
"(3, 1, 7)",minecraft:stone,{},
"(4, 1, 7)",minecraft:repeating_command_block,"{'conditional': 'false', 'facing': 'east'}","{conditionMet: 0b, auto: 0b, components: {}, powered: 0b, Command: """", id: ""minecraft:command_block"", SuccessCount: 0, TrackOutput: 1b, UpdateLastExecution: 1b}"
"(6, 1, 7)",minecraft:leaf_litter,"{'facing': 'north', 'segment_amount': '2'}",
"(7, 1, 7)",minecraft:leaf_litter,"{'facing': 'south', 'segment_amount': '4'}",
"(9, 1, 7)",minecraft:spruce_trapdoor,"{'facing': 'north', 'half': 'top', 'open': 'false', 'powered': 'false', 'waterlogged': 'false'}",
"(10, 1, 7)",minecraft:spruce_trapdoor,"{'facing': 'north', 'half': 'bottom', 'open': 'false', 'powered': 'false', 'waterlogged': 'false'}",
"(11, 1, 7)",minecraft:stone,{},
"(3, 1, 8)",minecraft:oak_stairs,"{'facing': 'south', 'half': 'bottom', 'shape': 'straight', 'waterlogged': 'false'}",
"(4, 1, 8)",minecraft:cobblestone,{},
"(5, 1, 8)",minecraft:repeating_command_block,"{'conditional': 'false', 'facing': 'north'}","{conditionMet: 0b, auto: 0b, components: {}, powered: 0b, Command: """", id: ""minecraft:command_block"", SuccessCount: 0, TrackOutput: 1b, UpdateLastExecution: 1b}"
"(6, 1, 8)",minecraft:leaf_litter,"{'facing': 'east', 'segment_amount': '1'}",
"(9, 1, 8)",minecraft:spruce_trapdoor,"{'facing': 'north', 'half': 'top', 'open': 'false', 'powered': 'false', 'waterlogged': 'false'}",
"(10, 1, 8)",minecraft:cobblestone,{},
"(11, 1, 8)",minecraft:oak_stairs,"{'facing': 'south', 'half': 'bottom', 'shape': 'straight', 'waterlogged': 'false'}",
"(3, 1, 9)",minecraft:oak_stairs,"{'facing': 'north', 'half': 'top', 'shape': 'straight', 'waterlogged': 'false'}",
"(4, 1, 9)",minecraft:stone_bricks,{},
"(5, 1, 9)",minecraft:cobblestone,{},
"(6, 1, 9)",minecraft:spruce_trapdoor,"{'facing': 'north', 'half': 'bottom', 'open': 'true', 'powered': 'false', 'waterlogged': 'false'}",
"(7, 1, 9)",minecraft:spruce_door,"{'facing': 'north', 'half': 'lower', 'hinge': 'left', 'open': 'false', 'powered': 'false'}",
"(8, 1, 9)",minecraft:spruce_trapdoor,"{'facing': 'north', 'half': 'top', 'open': 'true', 'powered': 'false', 'waterlogged': 'false'}",
"(9, 1, 9)",minecraft:cobblestone,{},
"(10, 1, 9)",minecraft:stone_bricks,{},
"(11, 1, 9)",minecraft:oak_stairs,"{'facing': 'north', 'half': 'top', 'shape': 'straight', 'waterlogged': 'false'}",
"(4, 1, 10)",minecraft:oak_stairs,"{'facing': 'east', 'half': 'top', 'shape': 'straight', 'waterlogged': 'false'}",
"(5, 1, 10)",minecraft:oak_stairs,"{'facing': 'west', 'half': 'bottom', 'shape': 'straight', 'waterlogged': 'false'}",
"(6, 1, 10)",minecraft:polished_andesite_stairs,"{'facing': 'north', 'half': 'top', 'shape': 'straight', 'waterlogged': 'false'}",
"(8, 1, 10)",minecraft:stone_brick_stairs,"{'facing': 'north', 'half': 'top', 'shape': 'straight', 'waterlogged': 'false'}",
"(9, 1, 10)",minecraft:oak_stairs,"{'facing': 'east', 'half': 'bottom', 'shape': 'straight', 'waterlogged': 'false'}",
"(10, 1, 10)",minecraft:oak_stairs,"{'facing': 'west', 'half': 'top', 'shape': 'straight', 'waterlogged': 'false'}",
"(6, 1, 12)",minecraft:acacia_fence,"{'east': 'false', 'north': 'false', 'south': 'false', 'waterlogged': 'false', 'west': 'false'}",
"(8, 1, 12)",minecraft:acacia_fence,"{'east': 'false', 'north': 'false', 'south': 'false', 'waterlogged': 'false', 'west': 'false'}",
"(4, 2, 2)",minecraft:oak_stairs,"{'facing': 'east', 'half': 'bottom', 'shape': 'straight', 'waterlogged': 'false'}",
"(5, 2, 2)",minecraft:cobblestone_wall,"{'east': 'tall', 'north': 'none', 'south': 'tall', 'up': 'true', 'waterlogged': 'false', 'west': 'tall'}",
"(6, 2, 2)",minecraft:stone_bricks,{},
"(7, 2, 2)",minecraft:cobblestone,{},
"(8, 2, 2)",minecraft:cobblestone,{},
"(9, 2, 2)",minecraft:cobblestone_wall,"{'east': 'tall', 'north': 'none', 'south': 'tall', 'up': 'true', 'waterlogged': 'false', 'west': 'tall'}",
"(10, 2, 2)",minecraft:oak_stairs,"{'facing': 'west', 'half': 'bottom', 'shape': 'straight', 'waterlogged': 'false'}",
"(3, 2, 3)",minecraft:oak_stairs,"{'facing': 'south', 'half': 'bottom', 'shape': 'straight', 'waterlogged': 'false'}",
"(4, 2, 3)",minecraft:stone_bricks,{},
"(5, 2, 3)",minecraft:cobblestone_stairs,"{'facing': 'north', 'half': 'bottom', 'shape': 'straight', 'waterlogged': 'false'}",
"(6, 2, 3)",minecraft:repeating_command_block,"{'conditional': 'false', 'facing': 'south'}","{conditionMet: 0b, auto: 0b, components: {}, powered: 0b, Command: """", id: ""minecraft:command_block"", SuccessCount: 0, TrackOutput: 1b, UpdateLastExecution: 1b}"
"(7, 2, 3)",minecraft:spruce_trapdoor,"{'facing': 'north', 'half': 'top', 'open': 'true', 'powered': 'false', 'waterlogged': 'false'}",
"(8, 2, 3)",minecraft:repeating_command_block,"{'conditional': 'false', 'facing': 'south'}","{conditionMet: 0b, auto: 0b, components: {}, powered: 0b, Command: """", id: ""minecraft:command_block"", SuccessCount: 0, TrackOutput: 1b, UpdateLastExecution: 1b}"
"(9, 2, 3)",minecraft:cobblestone_stairs,"{'facing': 'north', 'half': 'bottom', 'shape': 'straight', 'waterlogged': 'false'}",
"(10, 2, 3)",minecraft:stone_bricks,{},
"(11, 2, 3)",minecraft:oak_stairs,"{'facing': 'south', 'half': 'bottom', 'shape': 'straight', 'waterlogged': 'false'}",
"(3, 2, 4)",minecraft:cobblestone_wall,"{'east': 'tall', 'north': 'tall', 'south': 'tall', 'up': 'true', 'waterlogged': 'false', 'west': 'none'}",
"(4, 2, 4)",minecraft:cobblestone_stairs,"{'facing': 'west', 'half': 'bottom', 'shape': 'straight', 'waterlogged': 'false'}",
"(7, 2, 4)",minecraft:ladder,"{'facing': 'south', 'waterlogged': 'false'}",
"(9, 2, 4)",minecraft:spruce_trapdoor,"{'facing': 'south', 'half': 'bottom', 'open': 'false', 'powered': 'false', 'waterlogged': 'false'}",
"(10, 2, 4)",minecraft:cobblestone_stairs,"{'facing': 'east', 'half': 'bottom', 'shape': 'straight', 'waterlogged': 'false'}",
"(11, 2, 4)",minecraft:cobblestone_wall,"{'east': 'none', 'north': 'tall', 'south': 'tall', 'up': 'true', 'waterlogged': 'false', 'west': 'tall'}",
"(3, 2, 5)",minecraft:stone_bricks,{},
"(4, 2, 5)",minecraft:hay_block,{'axis': 'z'},
"(7, 2, 5)",minecraft:spruce_wall_sign,"{'facing': 'north', 'waterlogged': 'false'}","{back_text: {has_glowing_text: 0b, color: ""black"", messages: ["""", """", """", """"]}, components: {}, is_waxed: 1b, id: ""minecraft:sign"", front_text: {has_glowing_text: 0b, color: ""black"", messages: ["""", """", """", """"]}}"
"(10, 2, 5)",minecraft:spruce_shelf,"{'facing': 'west', 'powered': 'false', 'side_chain': 'unconnected', 'waterlogged': 'false'}","{components: {}, align_items_to_bottom: 0b, Items: [{count: 1, Slot: 0b, id: ""minecraft:cookie""}, {count: 8, Slot: 1b, id: ""minecraft:wheat""}, {count: 1, Slot: 2b, id: ""minecraft:bread""}], id: ""minecraft:shelf""}"
"(11, 2, 5)",minecraft:stone_bricks,{},
"(3, 2, 6)",minecraft:oak_fence,"{'east': 'false', 'north': 'true', 'south': 'true', 'waterlogged': 'false', 'west': 'false'}",
"(6, 2, 6)",minecraft:spruce_wall_sign,"{'facing': 'west', 'waterlogged': 'false'}","{back_text: {has_glowing_text: 0b, color: ""black"", messages: ["""", """", """", """"]}, components: {}, is_waxed: 1b, id: ""minecraft:sign"", front_text: {has_glowing_text: 0b, color: ""black"", messages: ["""", """", """", """"]}}"
"(7, 2, 6)",minecraft:barrel,"{'facing': 'up', 'open': 'false'}","{components: {}, Items: [], id: ""minecraft:barrel""}"
"(8, 2, 6)",minecraft:spruce_wall_sign,"{'facing': 'east', 'waterlogged': 'false'}","{back_text: {has_glowing_text: 0b, color: ""black"", messages: ["""", """", """", """"]}, components: {}, is_waxed: 1b, id: ""minecraft:sign"", front_text: {has_glowing_text: 0b, color: ""black"", messages: ["""", """", """", """"]}}"
"(11, 2, 6)",minecraft:oak_fence,"{'east': 'false', 'north': 'true', 'south': 'true', 'waterlogged': 'false', 'west': 'false'}",
"(3, 2, 7)",minecraft:stone,{},
"(4, 2, 7)",minecraft:repeating_command_block,"{'conditional': 'false', 'facing': 'east'}","{conditionMet: 0b, auto: 0b, components: {}, powered: 0b, Command: """", id: ""minecraft:command_block"", SuccessCount: 0, TrackOutput: 1b, UpdateLastExecution: 1b}"
"(7, 2, 7)",minecraft:spruce_wall_sign,"{'facing': 'south', 'waterlogged': 'false'}","{back_text: {has_glowing_text: 0b, color: ""black"", messages: ["""", """", """", """"]}, components: {}, is_waxed: 1b, id: ""minecraft:sign"", front_text: {has_glowing_text: 0b, color: ""black"", messages: ["""", """", """", """"]}}"
"(10, 2, 7)",minecraft:spruce_shelf,"{'facing': 'west', 'powered': 'false', 'side_chain': 'unconnected', 'waterlogged': 'false'}","{components: {}, align_items_to_bottom: 0b, Items: [{count: 1, Slot: 0b, id: ""minecraft:cake""}, {count: 1, Slot: 1b, id: ""minecraft:cookie""}, {count: 8, Slot: 2b, id: ""minecraft:wheat""}], id: ""minecraft:shelf""}"
"(11, 2, 7)",minecraft:stone,{},
"(3, 2, 8)",minecraft:cobblestone_wall,"{'east': 'tall', 'north': 'tall', 'south': 'tall', 'up': 'true', 'waterlogged': 'false', 'west': 'none'}",
"(4, 2, 8)",minecraft:cobblestone_stairs,"{'facing': 'west', 'half': 'bottom', 'shape': 'straight', 'waterlogged': 'false'}",
"(9, 2, 8)",minecraft:lantern,"{'hanging': 'false', 'waterlogged': 'false'}",
"(10, 2, 8)",minecraft:cobblestone_stairs,"{'facing': 'east', 'half': 'bottom', 'shape': 'straight', 'waterlogged': 'false'}",
"(11, 2, 8)",minecraft:cobblestone_wall,"{'east': 'none', 'north': 'tall', 'south': 'tall', 'up': 'true', 'waterlogged': 'false', 'west': 'tall'}",
"(3, 2, 9)",minecraft:oak_stairs,"{'facing': 'north', 'half': 'bottom', 'shape': 'straight', 'waterlogged': 'false'}",
"(4, 2, 9)",minecraft:stone_bricks,{},
"(5, 2, 9)",minecraft:cobblestone_stairs,"{'facing': 'south', 'half': 'bottom', 'shape': 'straight', 'waterlogged': 'false'}",
"(6, 2, 9)",minecraft:spruce_trapdoor,"{'facing': 'north', 'half': 'bottom', 'open': 'true', 'powered': 'false', 'waterlogged': 'false'}",
"(7, 2, 9)",minecraft:spruce_door,"{'facing': 'north', 'half': 'upper', 'hinge': 'left', 'open': 'false', 'powered': 'false'}",
"(8, 2, 9)",minecraft:spruce_trapdoor,"{'facing': 'north', 'half': 'top', 'open': 'true', 'powered': 'false', 'waterlogged': 'false'}",
"(9, 2, 9)",minecraft:cobblestone_stairs,"{'facing': 'south', 'half': 'bottom', 'shape': 'straight', 'waterlogged': 'false'}",
"(10, 2, 9)",minecraft:stone_bricks,{},
"(11, 2, 9)",minecraft:oak_stairs,"{'facing': 'north', 'half': 'bottom', 'shape': 'straight', 'waterlogged': 'false'}",
"(4, 2, 10)",minecraft:oak_stairs,"{'facing': 'east', 'half': 'bottom', 'shape': 'straight', 'waterlogged': 'false'}",
"(5, 2, 10)",minecraft:cobblestone_wall,"{'east': 'tall', 'north': 'tall', 'south': 'none', 'up': 'true', 'waterlogged': 'false', 'west': 'tall'}",
"(6, 2, 10)",minecraft:cobblestone_wall,"{'east': 'none', 'north': 'tall', 'south': 'none', 'up': 'true', 'waterlogged': 'false', 'west': 'tall'}",
"(8, 2, 10)",minecraft:cobblestone_wall,"{'east': 'tall', 'north': 'tall', 'south': 'none', 'up': 'true', 'waterlogged': 'false', 'west': 'none'}",
"(9, 2, 10)",minecraft:cobblestone_wall,"{'east': 'tall', 'north': 'tall', 'south': 'none', 'up': 'true', 'waterlogged': 'false', 'west': 'tall'}",
"(10, 2, 10)",minecraft:oak_stairs,"{'facing': 'west', 'half': 'bottom', 'shape': 'straight', 'waterlogged': 'false'}",
"(6, 2, 12)",minecraft:acacia_fence,"{'east': 'false', 'north': 'false', 'south': 'false', 'waterlogged': 'false', 'west': 'false'}",
"(8, 2, 12)",minecraft:acacia_fence,"{'east': 'false', 'north': 'false', 'south': 'false', 'waterlogged': 'false', 'west': 'false'}",
"(4, 3, 1)",minecraft:oak_button,"{'face': 'wall', 'facing': 'north', 'powered': 'false'}",
"(5, 3, 1)",minecraft:brick_stairs,"{'facing': 'south', 'half': 'top', 'shape': 'straight', 'waterlogged': 'false'}",
"(9, 3, 1)",minecraft:brick_stairs,"{'facing': 'south', 'half': 'top', 'shape': 'straight', 'waterlogged': 'false'}",
"(10, 3, 1)",minecraft:oak_button,"{'face': 'wall', 'facing': 'north', 'powered': 'false'}",
"(4, 3, 2)",minecraft:stripped_oak_log,{'axis': 'z'},
"(5, 3, 2)",minecraft:bricks,{},
"(6, 3, 2)",minecraft:stone_bricks,{},
"(7, 3, 2)",minecraft:cobblestone,{},
"(8, 3, 2)",minecraft:stone_bricks,{},
"(9, 3, 2)",minecraft:bricks,{},
"(10, 3, 2)",minecraft:stripped_oak_log,{'axis': 'z'},
"(2, 3, 3)",minecraft:oak_button,"{'face': 'wall', 'facing': 'west', 'powered': 'false'}",
"(3, 3, 3)",minecraft:stripped_oak_log,{'axis': 'x'},
"(4, 3, 3)",minecraft:brick_wall,"{'east': 'low', 'north': 'low', 'south': 'low', 'up': 'false', 'waterlogged': 'false', 'west': 'low'}",
"(5, 3, 3)",minecraft:brick_wall,"{'east': 'none', 'north': 'low', 'south': 'none', 'up': 'true', 'waterlogged': 'false', 'west': 'low'}",
"(7, 3, 3)",minecraft:spruce_trapdoor,"{'facing': 'north', 'half': 'top', 'open': 'true', 'powered': 'false', 'waterlogged': 'false'}",
"(9, 3, 3)",minecraft:brick_wall,"{'east': 'low', 'north': 'low', 'south': 'none', 'up': 'true', 'waterlogged': 'false', 'west': 'none'}",
"(10, 3, 3)",minecraft:brick_wall,"{'east': 'low', 'north': 'low', 'south': 'low', 'up': 'false', 'waterlogged': 'false', 'west': 'low'}",
"(11, 3, 3)",minecraft:stripped_oak_log,{'axis': 'x'},
"(12, 3, 3)",minecraft:oak_button,"{'face': 'wall', 'facing': 'east', 'powered': 'false'}",
"(2, 3, 4)",minecraft:brick_stairs,"{'facing': 'east', 'half': 'top', 'shape': 'straight', 'waterlogged': 'false'}",
"(3, 3, 4)",minecraft:bricks,{},
"(4, 3, 4)",minecraft:brick_wall,"{'east': 'none', 'north': 'low', 'south': 'none', 'up': 'true', 'waterlogged': 'false', 'west': 'low'}",
"(7, 3, 4)",minecraft:ladder,"{'facing': 'south', 'waterlogged': 'false'}",
"(10, 3, 4)",minecraft:brick_wall,"{'east': 'tall', 'north': 'tall', 'south': 'none', 'up': 'true', 'waterlogged': 'false', 'west': 'none'}",
"(11, 3, 4)",minecraft:bricks,{},
"(12, 3, 4)",minecraft:brick_stairs,"{'facing': 'west', 'half': 'top', 'shape': 'straight', 'waterlogged': 'false'}",
"(3, 3, 5)",minecraft:stone_bricks,{},
"(10, 3, 5)",minecraft:spruce_shelf,"{'facing': 'west', 'powered': 'false', 'side_chain': 'unconnected', 'waterlogged': 'false'}","{components: {}, align_items_to_bottom: 0b, Items: [{count: 1, Slot: 0b, id: ""minecraft:cake""}, {count: 8, Slot: 1b, id: ""minecraft:wheat""}, {count: 1, Slot: 2b, id: ""minecraft:cookie""}], id: ""minecraft:shelf""}"
"(11, 3, 5)",minecraft:stone_bricks,{},
"(3, 3, 6)",minecraft:oak_fence,"{'east': 'false', 'north': 'true', 'south': 'true', 'waterlogged': 'false', 'west': 'false'}",
"(7, 3, 6)",minecraft:hopper,"{'enabled': 'true', 'facing': 'down'}","{components: {}, TransferCooldown: 0, Items: [], id: ""minecraft:hopper""}"
"(11, 3, 6)",minecraft:oak_fence,"{'east': 'false', 'north': 'true', 'south': 'true', 'waterlogged': 'false', 'west': 'false'}",
"(3, 3, 7)",minecraft:stone_bricks,{},
"(10, 3, 7)",minecraft:spruce_shelf,"{'facing': 'west', 'powered': 'false', 'side_chain': 'unconnected', 'waterlogged': 'false'}","{components: {}, align_items_to_bottom: 0b, Items: [{count: 8, Slot: 0b, id: ""minecraft:wheat""}, {count: 1, Slot: 1b, id: ""minecraft:bread""}, {count: 1, Slot: 2b, id: ""minecraft:cake""}], id: ""minecraft:shelf""}"
"(11, 3, 7)",minecraft:stone_bricks,{},
"(2, 3, 8)",minecraft:brick_stairs,"{'facing': 'east', 'half': 'top', 'shape': 'straight', 'waterlogged': 'false'}",
"(3, 3, 8)",minecraft:bricks,{},
"(4, 3, 8)",minecraft:brick_wall,"{'east': 'none', 'north': 'none', 'south': 'low', 'up': 'true', 'waterlogged': 'false', 'west': 'low'}",
"(10, 3, 8)",minecraft:brick_wall,"{'east': 'tall', 'north': 'none', 'south': 'tall', 'up': 'true', 'waterlogged': 'false', 'west': 'none'}",
"(11, 3, 8)",minecraft:bricks,{},
"(12, 3, 8)",minecraft:brick_stairs,"{'facing': 'west', 'half': 'top', 'shape': 'straight', 'waterlogged': 'false'}",
"(2, 3, 9)",minecraft:oak_button,"{'face': 'wall', 'facing': 'west', 'powered': 'false'}",
"(3, 3, 9)",minecraft:stripped_oak_log,{'axis': 'x'},
"(4, 3, 9)",minecraft:brick_wall,"{'east': 'low', 'north': 'low', 'south': 'low', 'up': 'false', 'waterlogged': 'false', 'west': 'low'}",
"(5, 3, 9)",minecraft:brick_wall,"{'east': 'none', 'north': 'none', 'south': 'low', 'up': 'true', 'waterlogged': 'false', 'west': 'low'}",
"(6, 3, 9)",minecraft:spruce_trapdoor,"{'facing': 'north', 'half': 'top', 'open': 'true', 'powered': 'false', 'waterlogged': 'false'}",
"(7, 3, 9)",minecraft:spruce_trapdoor,"{'facing': 'north', 'half': 'bottom', 'open': 'true', 'powered': 'false', 'waterlogged': 'false'}",
"(8, 3, 9)",minecraft:spruce_trapdoor,"{'facing': 'north', 'half': 'top', 'open': 'true', 'powered': 'false', 'waterlogged': 'false'}",
"(9, 3, 9)",minecraft:brick_wall,"{'east': 'low', 'north': 'none', 'south': 'low', 'up': 'true', 'waterlogged': 'false', 'west': 'none'}",
"(10, 3, 9)",minecraft:brick_wall,"{'east': 'low', 'north': 'low', 'south': 'low', 'up': 'false', 'waterlogged': 'false', 'west': 'low'}",
"(11, 3, 9)",minecraft:stripped_oak_log,{'axis': 'x'},
"(12, 3, 9)",minecraft:oak_button,"{'face': 'wall', 'facing': 'east', 'powered': 'false'}",
"(4, 3, 10)",minecraft:stripped_oak_log,{'axis': 'z'},
"(5, 3, 10)",minecraft:bricks,{},
"(6, 3, 10)",minecraft:stone_bricks,{},
"(8, 3, 10)",minecraft:stone,{},
"(9, 3, 10)",minecraft:bricks,{},
"(10, 3, 10)",minecraft:stripped_oak_log,{'axis': 'z'},
"(4, 3, 11)",minecraft:oak_button,"{'face': 'wall', 'facing': 'south', 'powered': 'false'}",
"(5, 3, 11)",minecraft:brick_stairs,"{'facing': 'north', 'half': 'top', 'shape': 'straight', 'waterlogged': 'false'}",
"(9, 3, 11)",minecraft:brick_stairs,"{'facing': 'north', 'half': 'top', 'shape': 'straight', 'waterlogged': 'false'}",
"(10, 3, 11)",minecraft:oak_button,"{'face': 'wall', 'facing': 'south', 'powered': 'false'}",
"(6, 3, 12)",minecraft:acacia_fence,"{'east': 'false', 'north': 'false', 'south': 'false', 'waterlogged': 'false', 'west': 'false'}",
"(8, 3, 12)",minecraft:acacia_fence,"{'east': 'false', 'north': 'false', 'south': 'false', 'waterlogged': 'false', 'west': 'false'}",
"(5, 4, 0)",minecraft:acacia_wall_sign,"{'facing': 'north', 'waterlogged': 'false'}","{back_text: {has_glowing_text: 0b, color: ""black"", messages: ["""", """", """", """"]}, components: {}, is_waxed: 0b, id: ""minecraft:sign"", front_text: {has_glowing_text: 0b, color: ""black"", messages: ["""", """", """", """"]}}"
"(9, 4, 0)",minecraft:acacia_wall_sign,"{'facing': 'north', 'waterlogged': 'false'}","{back_text: {has_glowing_text: 0b, color: ""black"", messages: ["""", """", """", """"]}, components: {}, is_waxed: 0b, id: ""minecraft:sign"", front_text: {has_glowing_text: 0b, color: ""black"", messages: ["""", """", """", """"]}}"
"(4, 4, 1)",minecraft:granite_wall,"{'east': 'low', 'north': 'none', 'south': 'none', 'up': 'true', 'waterlogged': 'false', 'west': 'none'}",
"(5, 4, 1)",minecraft:bricks,{},
"(6, 4, 1)",minecraft:acacia_stairs,"{'facing': 'west', 'half': 'top', 'shape': 'straight', 'waterlogged': 'false'}",
"(8, 4, 1)",minecraft:acacia_stairs,"{'facing': 'east', 'half': 'top', 'shape': 'straight', 'waterlogged': 'false'}",
"(9, 4, 1)",minecraft:bricks,{},
"(10, 4, 1)",minecraft:granite_wall,"{'east': 'none', 'north': 'none', 'south': 'none', 'up': 'true', 'waterlogged': 'false', 'west': 'low'}",
"(3, 4, 2)",minecraft:oak_fence,"{'east': 'true', 'north': 'false', 'south': 'true', 'waterlogged': 'false', 'west': 'false'}",
"(4, 4, 2)",minecraft:oak_fence,"{'east': 'false', 'north': 'false', 'south': 'false', 'waterlogged': 'false', 'west': 'true'}",
"(5, 4, 2)",minecraft:brick_stairs,"{'facing': 'north', 'half': 'top', 'shape': 'straight', 'waterlogged': 'false'}",
"(6, 4, 2)",minecraft:stone_bricks,{},
"(7, 4, 2)",minecraft:cobblestone,{},
"(8, 4, 2)",minecraft:stone_bricks,{},
"(9, 4, 2)",minecraft:brick_stairs,"{'facing': 'north', 'half': 'top', 'shape': 'straight', 'waterlogged': 'false'}",
"(10, 4, 2)",minecraft:oak_fence,"{'east': 'true', 'north': 'false', 'south': 'false', 'waterlogged': 'false', 'west': 'false'}",
"(11, 4, 2)",minecraft:oak_fence,"{'east': 'false', 'north': 'false', 'south': 'true', 'waterlogged': 'false', 'west': 'true'}",
"(2, 4, 3)",minecraft:granite_wall,"{'east': 'none', 'north': 'none', 'south': 'low', 'up': 'true', 'waterlogged': 'false', 'west': 'none'}",
"(3, 4, 3)",minecraft:oak_fence,"{'east': 'false', 'north': 'true', 'south': 'false', 'waterlogged': 'false', 'west': 'false'}",
"(7, 4, 3)",minecraft:spruce_trapdoor,"{'facing': 'north', 'half': 'top', 'open': 'true', 'powered': 'false', 'waterlogged': 'false'}",
"(11, 4, 3)",minecraft:oak_fence,"{'east': 'false', 'north': 'true', 'south': 'false', 'waterlogged': 'false', 'west': 'false'}",
"(12, 4, 3)",minecraft:granite_wall,"{'east': 'none', 'north': 'none', 'south': 'low', 'up': 'true', 'waterlogged': 'false', 'west': 'none'}",
"(1, 4, 4)",minecraft:acacia_wall_sign,"{'facing': 'west', 'waterlogged': 'false'}","{back_text: {has_glowing_text: 0b, color: ""black"", messages: ["""", """", """", """"]}, components: {}, is_waxed: 0b, id: ""minecraft:sign"", front_text: {has_glowing_text: 0b, color: ""black"", messages: ["""", """", """", """"]}}"
"(2, 4, 4)",minecraft:bricks,{},
"(3, 4, 4)",minecraft:brick_stairs,"{'facing': 'west', 'half': 'top', 'shape': 'straight', 'waterlogged': 'false'}",
"(7, 4, 4)",minecraft:ladder,"{'facing': 'south', 'waterlogged': 'false'}",
"(9, 4, 4)",minecraft:spruce_trapdoor,"{'facing': 'west', 'half': 'bottom', 'open': 'false', 'powered': 'false', 'waterlogged': 'false'}",
"(10, 4, 4)",minecraft:spruce_trapdoor,"{'facing': 'west', 'half': 'bottom', 'open': 'false', 'powered': 'false', 'waterlogged': 'false'}",
"(11, 4, 4)",minecraft:brick_stairs,"{'facing': 'east', 'half': 'top', 'shape': 'straight', 'waterlogged': 'false'}",
"(12, 4, 4)",minecraft:bricks,{},
"(13, 4, 4)",minecraft:acacia_wall_sign,"{'facing': 'east', 'waterlogged': 'false'}","{back_text: {has_glowing_text: 0b, color: ""black"", messages: ["""", """", """", """"]}, components: {}, is_waxed: 0b, id: ""minecraft:sign"", front_text: {has_glowing_text: 0b, color: ""black"", messages: ["""", """", """", """"]}}"
"(2, 4, 5)",minecraft:acacia_stairs,"{'facing': 'north', 'half': 'top', 'shape': 'straight', 'waterlogged': 'false'}",
"(3, 4, 5)",minecraft:stone_bricks,{},
"(7, 4, 5)",minecraft:spruce_trapdoor,"{'facing': 'north', 'half': 'bottom', 'open': 'true', 'powered': 'false', 'waterlogged': 'false'}",
"(8, 4, 5)",minecraft:lantern,"{'hanging': 'true', 'waterlogged': 'false'}",
"(9, 4, 5)",minecraft:spruce_trapdoor,"{'facing': 'west', 'half': 'bottom', 'open': 'false', 'powered': 'false', 'waterlogged': 'false'}",
"(10, 4, 5)",minecraft:spruce_trapdoor,"{'facing': 'west', 'half': 'bottom', 'open': 'false', 'powered': 'false', 'waterlogged': 'false'}",
"(11, 4, 5)",minecraft:stone_bricks,{},
"(12, 4, 5)",minecraft:acacia_stairs,"{'facing': 'north', 'half': 'top', 'shape': 'straight', 'waterlogged': 'false'}",
"(3, 4, 6)",minecraft:polished_andesite,{},
"(6, 4, 6)",minecraft:spruce_trapdoor,"{'facing': 'west', 'half': 'top', 'open': 'true', 'powered': 'false', 'waterlogged': 'false'}",
"(8, 4, 6)",minecraft:spruce_trapdoor,"{'facing': 'east', 'half': 'bottom', 'open': 'true', 'powered': 'false', 'waterlogged': 'false'}",
"(9, 4, 6)",minecraft:spruce_trapdoor,"{'facing': 'west', 'half': 'bottom', 'open': 'false', 'powered': 'false', 'waterlogged': 'false'}",
"(10, 4, 6)",minecraft:spruce_trapdoor,"{'facing': 'west', 'half': 'bottom', 'open': 'false', 'powered': 'false', 'waterlogged': 'false'}",
"(11, 4, 6)",minecraft:cobblestone,{},
"(2, 4, 7)",minecraft:acacia_stairs,"{'facing': 'south', 'half': 'top', 'shape': 'straight', 'waterlogged': 'false'}",
"(3, 4, 7)",minecraft:stone_bricks,{},
"(7, 4, 7)",minecraft:spruce_trapdoor,"{'facing': 'south', 'half': 'top', 'open': 'true', 'powered': 'false', 'waterlogged': 'false'}",
"(9, 4, 7)",minecraft:spruce_trapdoor,"{'facing': 'west', 'half': 'bottom', 'open': 'false', 'powered': 'false', 'waterlogged': 'false'}",
"(10, 4, 7)",minecraft:spruce_trapdoor,"{'facing': 'west', 'half': 'bottom', 'open': 'false', 'powered': 'false', 'waterlogged': 'false'}",
"(11, 4, 7)",minecraft:stone_bricks,{},
"(12, 4, 7)",minecraft:acacia_stairs,"{'facing': 'south', 'half': 'top', 'shape': 'straight', 'waterlogged': 'false'}",
"(1, 4, 8)",minecraft:acacia_wall_sign,"{'facing': 'west', 'waterlogged': 'false'}","{back_text: {has_glowing_text: 0b, color: ""black"", messages: ["""", """", """", """"]}, components: {}, is_waxed: 0b, id: ""minecraft:sign"", front_text: {has_glowing_text: 0b, color: ""black"", messages: ["""", """", """", """"]}}"
"(2, 4, 8)",minecraft:bricks,{},
"(3, 4, 8)",minecraft:brick_stairs,"{'facing': 'west', 'half': 'top', 'shape': 'straight', 'waterlogged': 'false'}",
"(9, 4, 8)",minecraft:spruce_trapdoor,"{'facing': 'west', 'half': 'bottom', 'open': 'false', 'powered': 'false', 'waterlogged': 'false'}",
"(10, 4, 8)",minecraft:spruce_trapdoor,"{'facing': 'west', 'half': 'bottom', 'open': 'false', 'powered': 'false', 'waterlogged': 'false'}",
"(11, 4, 8)",minecraft:brick_stairs,"{'facing': 'east', 'half': 'top', 'shape': 'straight', 'waterlogged': 'false'}",
"(12, 4, 8)",minecraft:bricks,{},
"(13, 4, 8)",minecraft:acacia_wall_sign,"{'facing': 'east', 'waterlogged': 'false'}","{back_text: {has_glowing_text: 0b, color: ""black"", messages: ["""", """", """", """"]}, components: {}, is_waxed: 0b, id: ""minecraft:sign"", front_text: {has_glowing_text: 0b, color: ""black"", messages: ["""", """", """", """"]}}"
"(2, 4, 9)",minecraft:granite_wall,"{'east': 'none', 'north': 'low', 'south': 'none', 'up': 'true', 'waterlogged': 'false', 'west': 'none'}",
"(3, 4, 9)",minecraft:oak_fence,"{'east': 'false', 'north': 'false', 'south': 'true', 'waterlogged': 'false', 'west': 'false'}",
"(11, 4, 9)",minecraft:oak_fence,"{'east': 'false', 'north': 'false', 'south': 'true', 'waterlogged': 'false', 'west': 'false'}",
"(12, 4, 9)",minecraft:granite_wall,"{'east': 'none', 'north': 'low', 'south': 'none', 'up': 'true', 'waterlogged': 'false', 'west': 'none'}",
"(3, 4, 10)",minecraft:oak_fence,"{'east': 'true', 'north': 'true', 'south': 'false', 'waterlogged': 'false', 'west': 'false'}",
"(4, 4, 10)",minecraft:oak_fence,"{'east': 'false', 'north': 'false', 'south': 'false', 'waterlogged': 'false', 'west': 'true'}",
"(5, 4, 10)",minecraft:brick_stairs,"{'facing': 'south', 'half': 'top', 'shape': 'straight', 'waterlogged': 'false'}",
"(6, 4, 10)",minecraft:stone_bricks,{},
"(7, 4, 10)",minecraft:stone_brick_stairs,"{'facing': 'north', 'half': 'top', 'shape': 'straight', 'waterlogged': 'false'}",
"(8, 4, 10)",minecraft:stone,{},
"(9, 4, 10)",minecraft:brick_stairs,"{'facing': 'south', 'half': 'top', 'shape': 'straight', 'waterlogged': 'false'}",
"(10, 4, 10)",minecraft:oak_fence,"{'east': 'true', 'north': 'false', 'south': 'false', 'waterlogged': 'false', 'west': 'false'}",
"(11, 4, 10)",minecraft:oak_fence,"{'east': 'false', 'north': 'true', 'south': 'false', 'waterlogged': 'false', 'west': 'true'}",
"(4, 4, 11)",minecraft:granite_wall,"{'east': 'low', 'north': 'none', 'south': 'none', 'up': 'true', 'waterlogged': 'false', 'west': 'none'}",
"(5, 4, 11)",minecraft:bricks,{},
"(6, 4, 11)",minecraft:acacia_stairs,"{'facing': 'west', 'half': 'top', 'shape': 'straight', 'waterlogged': 'false'}",
"(8, 4, 11)",minecraft:acacia_stairs,"{'facing': 'east', 'half': 'top', 'shape': 'straight', 'waterlogged': 'false'}",
"(9, 4, 11)",minecraft:bricks,{},
"(10, 4, 11)",minecraft:granite_wall,"{'east': 'none', 'north': 'none', 'south': 'none', 'up': 'true', 'waterlogged': 'false', 'west': 'low'}",
"(5, 4, 12)",minecraft:acacia_wall_sign,"{'facing': 'west', 'waterlogged': 'false'}","{back_text: {has_glowing_text: 0b, color: ""black"", messages: ["""", """", """", """"]}, components: {}, is_waxed: 0b, id: ""minecraft:sign"", front_text: {has_glowing_text: 0b, color: ""black"", messages: ["""", """", """", """"]}}"
"(6, 4, 12)",minecraft:acacia_stairs,"{'facing': 'west', 'half': 'top', 'shape': 'straight', 'waterlogged': 'false'}",
"(7, 4, 12)",minecraft:lantern,"{'hanging': 'true', 'waterlogged': 'false'}",
"(8, 4, 12)",minecraft:acacia_stairs,"{'facing': 'east', 'half': 'top', 'shape': 'straight', 'waterlogged': 'false'}",
"(9, 4, 12)",minecraft:acacia_wall_sign,"{'facing': 'east', 'waterlogged': 'false'}","{back_text: {has_glowing_text: 0b, color: ""black"", messages: ["""", """", """", """"]}, components: {}, is_waxed: 0b, id: ""minecraft:sign"", front_text: {has_glowing_text: 0b, color: ""black"", messages: ["""", """", """", """"]}}"
"(5, 5, 1)",minecraft:brick_stairs,"{'facing': 'south', 'half': 'bottom', 'shape': 'straight', 'waterlogged': 'false'}",
"(6, 5, 1)",minecraft:acacia_trapdoor,"{'facing': 'west', 'half': 'bottom', 'open': 'false', 'powered': 'false', 'waterlogged': 'false'}",
"(7, 5, 1)",minecraft:acacia_slab,"{'type': 'bottom', 'waterlogged': 'false'}",
"(8, 5, 1)",minecraft:acacia_trapdoor,"{'facing': 'east', 'half': 'bottom', 'open': 'false', 'powered': 'false', 'waterlogged': 'false'}",
"(9, 5, 1)",minecraft:brick_stairs,"{'facing': 'south', 'half': 'bottom', 'shape': 'straight', 'waterlogged': 'false'}",
"(3, 5, 2)",minecraft:brick_slab,"{'type': 'top', 'waterlogged': 'false'}",
"(4, 5, 2)",minecraft:polished_granite_stairs,"{'facing': 'east', 'half': 'top', 'shape': 'straight', 'waterlogged': 'false'}",
"(5, 5, 2)",minecraft:granite,{},
"(6, 5, 2)",minecraft:andesite,{},
"(7, 5, 2)",minecraft:stone_brick_wall,"{'east': 'tall', 'north': 'none', 'south': 'none', 'up': 'true', 'waterlogged': 'false', 'west': 'tall'}",
"(8, 5, 2)",minecraft:cobblestone,{},
"(9, 5, 2)",minecraft:granite,{},
"(10, 5, 2)",minecraft:polished_granite_stairs,"{'facing': 'west', 'half': 'top', 'shape': 'straight', 'waterlogged': 'false'}",
"(11, 5, 2)",minecraft:brick_slab,"{'type': 'top', 'waterlogged': 'false'}",
"(3, 5, 3)",minecraft:polished_granite_stairs,"{'facing': 'south', 'half': 'top', 'shape': 'straight', 'waterlogged': 'false'}",
"(4, 5, 3)",minecraft:granite_wall,"{'east': 'none', 'north': 'none', 'south': 'none', 'up': 'true', 'waterlogged': 'false', 'west': 'none'}",
"(5, 5, 3)",minecraft:oak_stairs,"{'facing': 'north', 'half': 'bottom', 'shape': 'straight', 'waterlogged': 'false'}",
"(7, 5, 3)",minecraft:spruce_trapdoor,"{'facing': 'north', 'half': 'top', 'open': 'true', 'powered': 'false', 'waterlogged': 'false'}",
"(9, 5, 3)",minecraft:oak_stairs,"{'facing': 'north', 'half': 'bottom', 'shape': 'straight', 'waterlogged': 'false'}",
"(10, 5, 3)",minecraft:granite_wall,"{'east': 'none', 'north': 'none', 'south': 'none', 'up': 'true', 'waterlogged': 'false', 'west': 'none'}",
"(11, 5, 3)",minecraft:polished_granite_stairs,"{'facing': 'south', 'half': 'top', 'shape': 'straight', 'waterlogged': 'false'}",
"(2, 5, 4)",minecraft:brick_stairs,"{'facing': 'east', 'half': 'bottom', 'shape': 'straight', 'waterlogged': 'false'}",
"(3, 5, 4)",minecraft:granite,{},
"(4, 5, 4)",minecraft:oak_stairs,"{'facing': 'west', 'half': 'bottom', 'shape': 'straight', 'waterlogged': 'false'}",
"(7, 5, 4)",minecraft:ladder,"{'facing': 'south', 'waterlogged': 'false'}",
"(10, 5, 4)",minecraft:oak_stairs,"{'facing': 'east', 'half': 'bottom', 'shape': 'straight', 'waterlogged': 'false'}",
"(11, 5, 4)",minecraft:granite,{},
"(12, 5, 4)",minecraft:brick_stairs,"{'facing': 'west', 'half': 'bottom', 'shape': 'straight', 'waterlogged': 'false'}",
"(2, 5, 5)",minecraft:acacia_trapdoor,"{'facing': 'north', 'half': 'bottom', 'open': 'false', 'powered': 'false', 'waterlogged': 'false'}",
"(3, 5, 5)",minecraft:polished_andesite,{},
"(6, 5, 5)",minecraft:iron_chain,"{'axis': 'y', 'waterlogged': 'false'}",
"(7, 5, 5)",minecraft:spruce_trapdoor,"{'facing': 'north', 'half': 'bottom', 'open': 'true', 'powered': 'false', 'waterlogged': 'false'}",
"(8, 5, 5)",minecraft:iron_chain,"{'axis': 'y', 'waterlogged': 'false'}",
"(11, 5, 5)",minecraft:cobblestone,{},
"(12, 5, 5)",minecraft:acacia_trapdoor,"{'facing': 'north', 'half': 'bottom', 'open': 'false', 'powered': 'false', 'waterlogged': 'false'}",
"(2, 5, 6)",minecraft:acacia_slab,"{'type': 'bottom', 'waterlogged': 'false'}",
"(3, 5, 6)",minecraft:andesite_wall,"{'east': 'none', 'north': 'tall', 'south': 'tall', 'up': 'true', 'waterlogged': 'false', 'west': 'none'}",
"(6, 5, 6)",minecraft:spruce_trapdoor,"{'facing': 'west', 'half': 'bottom', 'open': 'true', 'powered': 'false', 'waterlogged': 'false'}",
"(8, 5, 6)",minecraft:spruce_trapdoor,"{'facing': 'east', 'half': 'bottom', 'open': 'true', 'powered': 'false', 'waterlogged': 'false'}",
"(11, 5, 6)",minecraft:stone_brick_wall,"{'east': 'none', 'north': 'tall', 'south': 'tall', 'up': 'true', 'waterlogged': 'false', 'west': 'none'}",
"(12, 5, 6)",minecraft:acacia_slab,"{'type': 'bottom', 'waterlogged': 'false'}",
"(2, 5, 7)",minecraft:acacia_trapdoor,"{'facing': 'south', 'half': 'bottom', 'open': 'false', 'powered': 'false', 'waterlogged': 'false'}",
"(3, 5, 7)",minecraft:polished_andesite,{},
"(6, 5, 7)",minecraft:lantern,"{'hanging': 'true', 'waterlogged': 'false'}",
"(7, 5, 7)",minecraft:spruce_trapdoor,"{'facing': 'south', 'half': 'top', 'open': 'true', 'powered': 'false', 'waterlogged': 'false'}",
"(11, 5, 7)",minecraft:stone,{},
"(12, 5, 7)",minecraft:acacia_trapdoor,"{'facing': 'south', 'half': 'bottom', 'open': 'false', 'powered': 'false', 'waterlogged': 'false'}",
"(2, 5, 8)",minecraft:brick_stairs,"{'facing': 'east', 'half': 'bottom', 'shape': 'straight', 'waterlogged': 'false'}",
"(3, 5, 8)",minecraft:granite,{},
"(4, 5, 8)",minecraft:oak_stairs,"{'facing': 'west', 'half': 'bottom', 'shape': 'straight', 'waterlogged': 'false'}",
"(10, 5, 8)",minecraft:oak_stairs,"{'facing': 'east', 'half': 'bottom', 'shape': 'straight', 'waterlogged': 'false'}",
"(11, 5, 8)",minecraft:granite,{},
"(12, 5, 8)",minecraft:brick_stairs,"{'facing': 'west', 'half': 'bottom', 'shape': 'straight', 'waterlogged': 'false'}",
"(3, 5, 9)",minecraft:polished_granite_stairs,"{'facing': 'north', 'half': 'top', 'shape': 'straight', 'waterlogged': 'false'}",
"(4, 5, 9)",minecraft:granite_wall,"{'east': 'none', 'north': 'none', 'south': 'none', 'up': 'true', 'waterlogged': 'false', 'west': 'none'}",
"(5, 5, 9)",minecraft:oak_stairs,"{'facing': 'south', 'half': 'bottom', 'shape': 'straight', 'waterlogged': 'false'}",
"(9, 5, 9)",minecraft:oak_stairs,"{'facing': 'south', 'half': 'bottom', 'shape': 'straight', 'waterlogged': 'false'}",
"(10, 5, 9)",minecraft:granite_wall,"{'east': 'none', 'north': 'none', 'south': 'none', 'up': 'true', 'waterlogged': 'false', 'west': 'none'}",
"(11, 5, 9)",minecraft:polished_granite_stairs,"{'facing': 'north', 'half': 'top', 'shape': 'straight', 'waterlogged': 'false'}",
"(3, 5, 10)",minecraft:brick_slab,"{'type': 'top', 'waterlogged': 'false'}",
"(4, 5, 10)",minecraft:polished_granite_stairs,"{'facing': 'east', 'half': 'top', 'shape': 'straight', 'waterlogged': 'false'}",
"(5, 5, 10)",minecraft:granite,{},
"(6, 5, 10)",minecraft:stone_bricks,{},
"(7, 5, 10)",minecraft:andesite_wall,"{'east': 'tall', 'north': 'none', 'south': 'none', 'up': 'true', 'waterlogged': 'false', 'west': 'tall'}",
"(8, 5, 10)",minecraft:stone_bricks,{},
"(9, 5, 10)",minecraft:granite,{},
"(10, 5, 10)",minecraft:polished_granite_stairs,"{'facing': 'west', 'half': 'top', 'shape': 'straight', 'waterlogged': 'false'}",
"(11, 5, 10)",minecraft:brick_slab,"{'type': 'top', 'waterlogged': 'false'}",
"(5, 5, 11)",minecraft:brick_stairs,"{'facing': 'north', 'half': 'bottom', 'shape': 'straight', 'waterlogged': 'false'}",
"(6, 5, 11)",minecraft:acacia_trapdoor,"{'facing': 'south', 'half': 'bottom', 'open': 'false', 'powered': 'false', 'waterlogged': 'false'}",
"(7, 5, 11)",minecraft:acacia_slab,"{'type': 'bottom', 'waterlogged': 'false'}",
"(8, 5, 11)",minecraft:acacia_trapdoor,"{'facing': 'south', 'half': 'bottom', 'open': 'false', 'powered': 'false', 'waterlogged': 'false'}",
"(9, 5, 11)",minecraft:brick_stairs,"{'facing': 'north', 'half': 'bottom', 'shape': 'straight', 'waterlogged': 'false'}",
"(6, 5, 12)",minecraft:acacia_trapdoor,"{'facing': 'north', 'half': 'bottom', 'open': 'false', 'powered': 'false', 'waterlogged': 'false'}",
"(7, 5, 12)",minecraft:acacia_slab,"{'type': 'bottom', 'waterlogged': 'false'}",
"(8, 5, 12)",minecraft:acacia_trapdoor,"{'facing': 'north', 'half': 'bottom', 'open': 'false', 'powered': 'false', 'waterlogged': 'false'}",
"(3, 6, 2)",minecraft:brick_slab,"{'type': 'bottom', 'waterlogged': 'false'}",
"(5, 6, 2)",minecraft:brick_slab,"{'type': 'bottom', 'waterlogged': 'false'}",
"(6, 6, 2)",minecraft:andesite,{},
"(7, 6, 2)",minecraft:cobblestone_wall,"{'east': 'tall', 'north': 'none', 'south': 'none', 'up': 'true', 'waterlogged': 'false', 'west': 'tall'}",
"(8, 6, 2)",minecraft:stone_bricks,{},
"(9, 6, 2)",minecraft:brick_slab,"{'type': 'bottom', 'waterlogged': 'false'}",
"(11, 6, 2)",minecraft:brick_slab,"{'type': 'bottom', 'waterlogged': 'false'}",
"(4, 6, 3)",minecraft:oak_trapdoor,"{'facing': 'north', 'half': 'top', 'open': 'false', 'powered': 'false', 'waterlogged': 'false'}",
"(5, 6, 3)",minecraft:oak_stairs,"{'facing': 'east', 'half': 'top', 'shape': 'straight', 'waterlogged': 'false'}",
"(6, 6, 3)",minecraft:bricks,{},
"(7, 6, 3)",minecraft:oak_stairs,"{'facing': 'south', 'half': 'top', 'shape': 'straight', 'waterlogged': 'false'}",
"(8, 6, 3)",minecraft:bricks,{},
"(9, 6, 3)",minecraft:oak_stairs,"{'facing': 'west', 'half': 'top', 'shape': 'straight', 'waterlogged': 'false'}",
"(10, 6, 3)",minecraft:oak_trapdoor,"{'facing': 'east', 'half': 'top', 'open': 'false', 'powered': 'false', 'waterlogged': 'false'}",
"(3, 6, 4)",minecraft:brick_slab,"{'type': 'bottom', 'waterlogged': 'false'}",
"(4, 6, 4)",minecraft:oak_stairs,"{'facing': 'south', 'half': 'top', 'shape': 'straight', 'waterlogged': 'false'}",
"(5, 6, 4)",minecraft:oak_trapdoor,"{'facing': 'south', 'half': 'top', 'open': 'false', 'powered': 'false', 'waterlogged': 'false'}",
"(6, 6, 4)",minecraft:brick_stairs,"{'facing': 'north', 'half': 'top', 'shape': 'straight', 'waterlogged': 'false'}",
"(7, 6, 4)",minecraft:ladder,"{'facing': 'south', 'waterlogged': 'false'}",
"(8, 6, 4)",minecraft:brick_stairs,"{'facing': 'north', 'half': 'top', 'shape': 'straight', 'waterlogged': 'false'}",
"(9, 6, 4)",minecraft:oak_trapdoor,"{'facing': 'west', 'half': 'top', 'open': 'false', 'powered': 'false', 'waterlogged': 'false'}",
"(10, 6, 4)",minecraft:oak_stairs,"{'facing': 'south', 'half': 'top', 'shape': 'straight', 'waterlogged': 'false'}",
"(11, 6, 4)",minecraft:brick_slab,"{'type': 'bottom', 'waterlogged': 'false'}",
"(3, 6, 5)",minecraft:stone,{},
"(4, 6, 5)",minecraft:bricks,{},
"(5, 6, 5)",minecraft:brick_stairs,"{'facing': 'west', 'half': 'top', 'shape': 'straight', 'waterlogged': 'false'}",
"(6, 6, 5)",minecraft:iron_chain,"{'axis': 'y', 'waterlogged': 'false'}",
"(7, 6, 5)",minecraft:spruce_trapdoor,"{'facing': 'north', 'half': 'top', 'open': 'true', 'powered': 'false', 'waterlogged': 'false'}",
"(8, 6, 5)",minecraft:iron_chain,"{'axis': 'y', 'waterlogged': 'false'}",
"(9, 6, 5)",minecraft:brick_stairs,"{'facing': 'east', 'half': 'top', 'shape': 'straight', 'waterlogged': 'false'}",
"(10, 6, 5)",minecraft:bricks,{},
"(11, 6, 5)",minecraft:cobblestone,{},
"(3, 6, 6)",minecraft:andesite_wall,"{'east': 'none', 'north': 'tall', 'south': 'tall', 'up': 'true', 'waterlogged': 'false', 'west': 'none'}",
"(4, 6, 6)",minecraft:oak_slab,"{'type': 'top', 'waterlogged': 'false'}",
"(6, 6, 6)",minecraft:spruce_trapdoor,"{'facing': 'west', 'half': 'bottom', 'open': 'true', 'powered': 'false', 'waterlogged': 'false'}",
"(8, 6, 6)",minecraft:spruce_trapdoor,"{'facing': 'east', 'half': 'bottom', 'open': 'true', 'powered': 'false', 'waterlogged': 'false'}",
"(10, 6, 6)",minecraft:oak_slab,"{'type': 'top', 'waterlogged': 'false'}",
"(11, 6, 6)",minecraft:stone_brick_wall,"{'east': 'none', 'north': 'tall', 'south': 'tall', 'up': 'true', 'waterlogged': 'false', 'west': 'none'}",
"(3, 6, 7)",minecraft:stone_bricks,{},
"(4, 6, 7)",minecraft:bricks,{},
"(5, 6, 7)",minecraft:brick_stairs,"{'facing': 'west', 'half': 'top', 'shape': 'straight', 'waterlogged': 'false'}",
"(6, 6, 7)",minecraft:iron_chain,"{'axis': 'y', 'waterlogged': 'false'}",
"(7, 6, 7)",minecraft:spruce_trapdoor,"{'facing': 'south', 'half': 'bottom', 'open': 'true', 'powered': 'false', 'waterlogged': 'false'}",
"(8, 6, 7)",minecraft:iron_chain,"{'axis': 'y', 'waterlogged': 'false'}",
"(9, 6, 7)",minecraft:brick_stairs,"{'facing': 'east', 'half': 'top', 'shape': 'straight', 'waterlogged': 'false'}",
"(10, 6, 7)",minecraft:bricks,{},
"(11, 6, 7)",minecraft:stone_bricks,{},
"(3, 6, 8)",minecraft:brick_slab,"{'type': 'bottom', 'waterlogged': 'false'}",
"(4, 6, 8)",minecraft:oak_stairs,"{'facing': 'north', 'half': 'top', 'shape': 'straight', 'waterlogged': 'false'}",
"(5, 6, 8)",minecraft:oak_trapdoor,"{'facing': 'north', 'half': 'top', 'open': 'false', 'powered': 'false', 'waterlogged': 'false'}",
"(6, 6, 8)",minecraft:brick_stairs,"{'facing': 'south', 'half': 'top', 'shape': 'straight', 'waterlogged': 'false'}",
"(8, 6, 8)",minecraft:brick_stairs,"{'facing': 'south', 'half': 'top', 'shape': 'straight', 'waterlogged': 'false'}",
"(9, 6, 8)",minecraft:oak_trapdoor,"{'facing': 'west', 'half': 'top', 'open': 'false', 'powered': 'false', 'waterlogged': 'false'}",
"(10, 6, 8)",minecraft:oak_stairs,"{'facing': 'north', 'half': 'top', 'shape': 'straight', 'waterlogged': 'false'}",
"(11, 6, 8)",minecraft:brick_slab,"{'type': 'bottom', 'waterlogged': 'false'}",
"(4, 6, 9)",minecraft:oak_trapdoor,"{'facing': 'north', 'half': 'top', 'open': 'false', 'powered': 'false', 'waterlogged': 'false'}",
"(5, 6, 9)",minecraft:oak_stairs,"{'facing': 'east', 'half': 'top', 'shape': 'straight', 'waterlogged': 'false'}",
"(6, 6, 9)",minecraft:bricks,{},
"(7, 6, 9)",minecraft:oak_slab,"{'type': 'top', 'waterlogged': 'false'}",
"(8, 6, 9)",minecraft:bricks,{},
"(9, 6, 9)",minecraft:oak_stairs,"{'facing': 'west', 'half': 'top', 'shape': 'straight', 'waterlogged': 'false'}",
"(10, 6, 9)",minecraft:oak_trapdoor,"{'facing': 'south', 'half': 'top', 'open': 'false', 'powered': 'false', 'waterlogged': 'false'}",
"(3, 6, 10)",minecraft:brick_slab,"{'type': 'bottom', 'waterlogged': 'false'}",
"(5, 6, 10)",minecraft:brick_slab,"{'type': 'bottom', 'waterlogged': 'false'}",
"(6, 6, 10)",minecraft:polished_andesite,{},
"(7, 6, 10)",minecraft:stone_brick_wall,"{'east': 'tall', 'north': 'none', 'south': 'none', 'up': 'true', 'waterlogged': 'false', 'west': 'tall'}",
"(8, 6, 10)",minecraft:stone_bricks,{},
"(9, 6, 10)",minecraft:brick_slab,"{'type': 'bottom', 'waterlogged': 'false'}",
"(11, 6, 10)",minecraft:brick_slab,"{'type': 'bottom', 'waterlogged': 'false'}",
"(6, 7, 2)",minecraft:stone_bricks,{},
"(7, 7, 2)",minecraft:cobblestone_wall,"{'east': 'low', 'north': 'none', 'south': 'low', 'up': 'true', 'waterlogged': 'false', 'west': 'low'}",
"(8, 7, 2)",minecraft:stone_bricks,{},
"(4, 7, 3)",minecraft:oak_slab,"{'type': 'bottom', 'waterlogged': 'false'}",
"(5, 7, 3)",minecraft:oak_stairs,"{'facing': 'south', 'half': 'bottom', 'shape': 'straight', 'waterlogged': 'false'}",
"(6, 7, 3)",minecraft:polished_andesite,{},
"(7, 7, 3)",minecraft:oak_log,{'axis': 'x'},
"(8, 7, 3)",minecraft:polished_andesite,{},
"(9, 7, 3)",minecraft:oak_stairs,"{'facing': 'south', 'half': 'bottom', 'shape': 'straight', 'waterlogged': 'false'}",
"(10, 7, 3)",minecraft:oak_slab,"{'type': 'bottom', 'waterlogged': 'false'}",
"(4, 7, 4)",minecraft:oak_stairs,"{'facing': 'east', 'half': 'bottom', 'shape': 'straight', 'waterlogged': 'false'}",
"(5, 7, 4)",minecraft:bricks,{},
"(6, 7, 4)",minecraft:bricks,{},
"(7, 7, 4)",minecraft:ladder,"{'facing': 'south', 'waterlogged': 'false'}",
"(8, 7, 4)",minecraft:bricks,{},
"(9, 7, 4)",minecraft:bricks,{},
"(10, 7, 4)",minecraft:oak_stairs,"{'facing': 'west', 'half': 'bottom', 'shape': 'straight', 'waterlogged': 'false'}",
"(3, 7, 5)",minecraft:stone,{},
"(4, 7, 5)",minecraft:stone_bricks,{},
"(5, 7, 5)",minecraft:bricks,{},
"(6, 7, 5)",minecraft:granite_wall,"{'east': 'none', 'north': 'tall', 'south': 'none', 'up': 'true', 'waterlogged': 'false', 'west': 'tall'}",
"(7, 7, 5)",minecraft:oak_stairs,"{'facing': 'south', 'half': 'top', 'shape': 'straight', 'waterlogged': 'false'}",
"(8, 7, 5)",minecraft:granite_wall,"{'east': 'tall', 'north': 'tall', 'south': 'none', 'up': 'true', 'waterlogged': 'false', 'west': 'none'}",
"(9, 7, 5)",minecraft:bricks,{},
"(10, 7, 5)",minecraft:stone_bricks,{},
"(11, 7, 5)",minecraft:stone_bricks,{},
"(3, 7, 6)",minecraft:stone_brick_wall,"{'east': 'low', 'north': 'low', 'south': 'low', 'up': 'true', 'waterlogged': 'false', 'west': 'none'}",
"(4, 7, 6)",minecraft:oak_log,{'axis': 'x'},
"(5, 7, 6)",minecraft:oak_log,{'axis': 'x'},
"(6, 7, 6)",minecraft:oak_stairs,"{'facing': 'east', 'half': 'top', 'shape': 'straight', 'waterlogged': 'false'}",
"(8, 7, 6)",minecraft:oak_stairs,"{'facing': 'west', 'half': 'top', 'shape': 'straight', 'waterlogged': 'false'}",
"(9, 7, 6)",minecraft:oak_log,{'axis': 'x'},
"(10, 7, 6)",minecraft:oak_log,{'axis': 'x'},
"(11, 7, 6)",minecraft:andesite_wall,"{'east': 'none', 'north': 'low', 'south': 'low', 'up': 'true', 'waterlogged': 'false', 'west': 'low'}",
"(3, 7, 7)",minecraft:stone_bricks,{},
"(4, 7, 7)",minecraft:cobblestone,{},
"(5, 7, 7)",minecraft:bricks,{},
"(6, 7, 7)",minecraft:granite_wall,"{'east': 'none', 'north': 'none', 'south': 'tall', 'up': 'true', 'waterlogged': 'false', 'west': 'tall'}",
"(7, 7, 7)",minecraft:oak_stairs,"{'facing': 'north', 'half': 'top', 'shape': 'straight', 'waterlogged': 'false'}",
"(8, 7, 7)",minecraft:granite_wall,"{'east': 'tall', 'north': 'none', 'south': 'tall', 'up': 'true', 'waterlogged': 'false', 'west': 'none'}",
"(9, 7, 7)",minecraft:bricks,{},
"(10, 7, 7)",minecraft:stone_bricks,{},
"(11, 7, 7)",minecraft:stone_bricks,{},
"(4, 7, 8)",minecraft:oak_stairs,"{'facing': 'east', 'half': 'bottom', 'shape': 'straight', 'waterlogged': 'false'}",
"(5, 7, 8)",minecraft:bricks,{},
"(6, 7, 8)",minecraft:bricks,{},
"(7, 7, 8)",minecraft:oak_log,{'axis': 'z'},
"(8, 7, 8)",minecraft:bricks,{},
"(9, 7, 8)",minecraft:bricks,{},
"(10, 7, 8)",minecraft:oak_stairs,"{'facing': 'west', 'half': 'bottom', 'shape': 'straight', 'waterlogged': 'false'}",
"(4, 7, 9)",minecraft:oak_slab,"{'type': 'bottom', 'waterlogged': 'false'}",
"(5, 7, 9)",minecraft:oak_stairs,"{'facing': 'north', 'half': 'bottom', 'shape': 'straight', 'waterlogged': 'false'}",
"(6, 7, 9)",minecraft:polished_andesite,{},
"(7, 7, 9)",minecraft:oak_log,{'axis': 'z'},
"(8, 7, 9)",minecraft:cobblestone,{},
"(9, 7, 9)",minecraft:oak_stairs,"{'facing': 'north', 'half': 'bottom', 'shape': 'straight', 'waterlogged': 'false'}",
"(10, 7, 9)",minecraft:oak_slab,"{'type': 'bottom', 'waterlogged': 'false'}",
"(6, 7, 10)",minecraft:polished_andesite,{},
"(7, 7, 10)",minecraft:stone_brick_wall,"{'east': 'low', 'north': 'low', 'south': 'none', 'up': 'true', 'waterlogged': 'false', 'west': 'low'}",
"(8, 7, 10)",minecraft:cobblestone,{},
"(6, 8, 2)",minecraft:stone_brick_stairs,"{'facing': 'south', 'half': 'top', 'shape': 'outer_left', 'waterlogged': 'false'}",
"(7, 8, 2)",minecraft:polished_andesite_stairs,"{'facing': 'south', 'half': 'top', 'shape': 'straight', 'waterlogged': 'false'}",
"(8, 8, 2)",minecraft:polished_andesite_stairs,"{'facing': 'south', 'half': 'top', 'shape': 'outer_right', 'waterlogged': 'false'}",
"(6, 8, 3)",minecraft:polished_andesite_stairs,"{'facing': 'east', 'half': 'top', 'shape': 'straight', 'waterlogged': 'false'}",
"(7, 8, 3)",minecraft:stone_bricks,{},
"(8, 8, 3)",minecraft:polished_andesite_stairs,"{'facing': 'west', 'half': 'top', 'shape': 'straight', 'waterlogged': 'false'}",
"(5, 8, 4)",minecraft:stone,{},
"(6, 8, 4)",minecraft:stone,{},
"(7, 8, 4)",minecraft:ladder,"{'facing': 'south', 'waterlogged': 'false'}",
"(8, 8, 4)",minecraft:stone,{},
"(9, 8, 4)",minecraft:stone,{},
"(3, 8, 5)",minecraft:stone_brick_stairs,"{'facing': 'south', 'half': 'top', 'shape': 'outer_left', 'waterlogged': 'false'}",
"(4, 8, 5)",minecraft:stone_brick_stairs,"{'facing': 'south', 'half': 'top', 'shape': 'straight', 'waterlogged': 'false'}",
"(5, 8, 5)",minecraft:stone,{},
"(6, 8, 5)",minecraft:polished_granite,{},
"(7, 8, 5)",minecraft:stripped_oak_log,{'axis': 'x'},
"(8, 8, 5)",minecraft:granite,{},
"(9, 8, 5)",minecraft:stone,{},
"(10, 8, 5)",minecraft:polished_andesite_stairs,"{'facing': 'south', 'half': 'top', 'shape': 'straight', 'waterlogged': 'false'}",
"(11, 8, 5)",minecraft:polished_andesite_stairs,"{'facing': 'west', 'half': 'top', 'shape': 'outer_left', 'waterlogged': 'false'}",
"(3, 8, 6)",minecraft:stone_brick_stairs,"{'facing': 'east', 'half': 'top', 'shape': 'straight', 'waterlogged': 'false'}",
"(4, 8, 6)",minecraft:stone_bricks,{},
"(5, 8, 6)",minecraft:stone_bricks,{},
"(6, 8, 6)",minecraft:stripped_oak_log,{'axis': 'z'},
"(8, 8, 6)",minecraft:stripped_oak_log,{'axis': 'z'},
"(9, 8, 6)",minecraft:stone_bricks,{},
"(10, 8, 6)",minecraft:stone_bricks,{},
"(11, 8, 6)",minecraft:stone_brick_stairs,"{'facing': 'west', 'half': 'top', 'shape': 'straight', 'waterlogged': 'false'}",
"(3, 8, 7)",minecraft:stone_stairs,"{'facing': 'east', 'half': 'top', 'shape': 'outer_left', 'waterlogged': 'false'}",
"(4, 8, 7)",minecraft:stone_brick_stairs,"{'facing': 'north', 'half': 'top', 'shape': 'straight', 'waterlogged': 'false'}",
"(5, 8, 7)",minecraft:stone,{},
"(6, 8, 7)",minecraft:granite,{},
"(7, 8, 7)",minecraft:stripped_oak_log,{'axis': 'x'},
"(8, 8, 7)",minecraft:granite,{},
"(9, 8, 7)",minecraft:stone,{},
"(10, 8, 7)",minecraft:stone_brick_stairs,"{'facing': 'north', 'half': 'top', 'shape': 'straight', 'waterlogged': 'false'}",
"(11, 8, 7)",minecraft:stone_brick_stairs,"{'facing': 'west', 'half': 'top', 'shape': 'outer_right', 'waterlogged': 'false'}",
"(5, 8, 8)",minecraft:stone,{},
"(6, 8, 8)",minecraft:stone,{},
"(7, 8, 8)",minecraft:stone_bricks,{},
"(8, 8, 8)",minecraft:stone,{},
"(9, 8, 8)",minecraft:stone,{},
"(6, 8, 9)",minecraft:polished_andesite_stairs,"{'facing': 'east', 'half': 'top', 'shape': 'straight', 'waterlogged': 'false'}",
"(7, 8, 9)",minecraft:stone_bricks,{},
"(8, 8, 9)",minecraft:stone_brick_stairs,"{'facing': 'west', 'half': 'top', 'shape': 'straight', 'waterlogged': 'false'}",
"(6, 8, 10)",minecraft:polished_andesite_stairs,"{'facing': 'north', 'half': 'top', 'shape': 'outer_right', 'waterlogged': 'false'}",
"(7, 8, 10)",minecraft:polished_andesite_stairs,"{'facing': 'north', 'half': 'top', 'shape': 'straight', 'waterlogged': 'false'}",
"(8, 8, 10)",minecraft:stone_brick_stairs,"{'facing': 'west', 'half': 'top', 'shape': 'outer_right', 'waterlogged': 'false'}",
"(6, 9, 2)",minecraft:stone_brick_slab,"{'type': 'bottom', 'waterlogged': 'false'}",
"(7, 9, 2)",minecraft:andesite_wall,"{'east': 'none', 'north': 'none', 'south': 'tall', 'up': 'true', 'waterlogged': 'false', 'west': 'none'}",
"(8, 9, 2)",minecraft:polished_andesite_slab,"{'type': 'bottom', 'waterlogged': 'false'}",
"(5, 9, 3)",minecraft:stone_brick_stairs,"{'facing': 'south', 'half': 'top', 'shape': 'straight', 'waterlogged': 'false'}",
"(6, 9, 3)",minecraft:stone_bricks,{},
"(7, 9, 3)",minecraft:stripped_oak_log,{'axis': 'y'},
"(8, 9, 3)",minecraft:stone_bricks,{},
"(9, 9, 3)",minecraft:stone_brick_stairs,"{'facing': 'south', 'half': 'top', 'shape': 'straight', 'waterlogged': 'false'}",
"(4, 9, 4)",minecraft:stone_brick_stairs,"{'facing': 'east', 'half': 'top', 'shape': 'straight', 'waterlogged': 'false'}",
"(5, 9, 4)",minecraft:hay_block,{'axis': 'z'},
"(6, 9, 4)",minecraft:rail,"{'shape': 'ascending_west', 'waterlogged': 'false'}",
"(7, 9, 4)",minecraft:ladder,"{'facing': 'south', 'waterlogged': 'false'}",
"(9, 9, 4)",minecraft:repeating_command_block,"{'conditional': 'false', 'facing': 'south'}","{conditionMet: 0b, auto: 0b, components: {}, powered: 0b, Command: """", id: ""minecraft:command_block"", SuccessCount: 0, TrackOutput: 1b, UpdateLastExecution: 1b}"
"(10, 9, 4)",minecraft:stone_brick_stairs,"{'facing': 'west', 'half': 'top', 'shape': 'straight', 'waterlogged': 'false'}",
"(3, 9, 5)",minecraft:stone_brick_slab,"{'type': 'bottom', 'waterlogged': 'false'}",
"(4, 9, 5)",minecraft:stone_bricks,{},
"(5, 9, 5)",minecraft:hay_block,{'axis': 'z'},
"(7, 9, 5)",minecraft:spruce_trapdoor,"{'facing': 'north', 'half': 'bottom', 'open': 'true', 'powered': 'false', 'waterlogged': 'false'}",
"(8, 9, 5)",minecraft:leaf_litter,"{'facing': 'east', 'segment_amount': '4'}",
"(9, 9, 5)",minecraft:leaf_litter,"{'facing': 'north', 'segment_amount': '2'}",
"(10, 9, 5)",minecraft:stone_bricks,{},
"(11, 9, 5)",minecraft:stone_brick_slab,"{'type': 'bottom', 'waterlogged': 'false'}",
"(3, 9, 6)",minecraft:cobblestone_wall,"{'east': 'tall', 'north': 'none', 'south': 'none', 'up': 'true', 'waterlogged': 'false', 'west': 'none'}",
"(4, 9, 6)",minecraft:stripped_oak_log,{'axis': 'y'},
"(5, 9, 6)",minecraft:repeating_command_block,"{'conditional': 'false', 'facing': 'east'}","{conditionMet: 0b, auto: 0b, components: {}, powered: 0b, Command: """", id: ""minecraft:command_block"", SuccessCount: 0, TrackOutput: 1b, UpdateLastExecution: 1b}"
"(6, 9, 6)",minecraft:spruce_trapdoor,"{'facing': 'west', 'half': 'bottom', 'open': 'true', 'powered': 'false', 'waterlogged': 'false'}",
"(8, 9, 6)",minecraft:spruce_trapdoor,"{'facing': 'east', 'half': 'bottom', 'open': 'true', 'powered': 'false', 'waterlogged': 'false'}",
"(9, 9, 6)",minecraft:leaf_litter,"{'facing': 'north', 'segment_amount': '2'}",
"(10, 9, 6)",minecraft:stripped_oak_log,{'axis': 'y'},
"(11, 9, 6)",minecraft:cobblestone_wall,"{'east': 'none', 'north': 'none', 'south': 'none', 'up': 'true', 'waterlogged': 'false', 'west': 'tall'}",
"(3, 9, 7)",minecraft:stone_slab,"{'type': 'bottom', 'waterlogged': 'false'}",
"(4, 9, 7)",minecraft:stone_bricks,{},
"(5, 9, 7)",minecraft:spruce_button,"{'face': 'wall', 'facing': 'north', 'powered': 'false'}",
"(6, 9, 7)",minecraft:leaf_litter,"{'facing': 'west', 'segment_amount': '2'}",
"(7, 9, 7)",minecraft:spruce_trapdoor,"{'facing': 'south', 'half': 'bottom', 'open': 'true', 'powered': 'false', 'waterlogged': 'false'}",
"(9, 9, 7)",minecraft:spruce_button,"{'face': 'wall', 'facing': 'north', 'powered': 'false'}",
"(10, 9, 7)",minecraft:stone_bricks,{},
"(11, 9, 7)",minecraft:stone_brick_slab,"{'type': 'bottom', 'waterlogged': 'false'}",
"(4, 9, 8)",minecraft:stone_brick_stairs,"{'facing': 'east', 'half': 'top', 'shape': 'straight', 'waterlogged': 'false'}",
"(5, 9, 8)",minecraft:crafter,"{'crafting': 'false', 'orientation': 'east_up', 'triggered': 'false'}","{components: {}, crafting_ticks_remaining: 0, triggered: 0, disabled_slots: [I; ], Items: [], id: ""minecraft:crafter""}"
"(6, 9, 8)",minecraft:chest,"{'facing': 'north', 'type': 'single', 'waterlogged': 'false'}","{components: {}, Items: [], id: ""minecraft:chest""}"
"(7, 9, 8)",minecraft:leaf_litter,"{'facing': 'north', 'segment_amount': '2'}",
"(8, 9, 8)",minecraft:chest,"{'facing': 'north', 'type': 'single', 'waterlogged': 'false'}","{components: {}, Items: [], id: ""minecraft:chest""}"
"(9, 9, 8)",minecraft:crafter,"{'crafting': 'false', 'orientation': 'west_up', 'triggered': 'false'}","{components: {}, crafting_ticks_remaining: 0, triggered: 0, disabled_slots: [I; 0, 1, 2, 6, 7, 8], Items: [{count: 1, Slot: 3b, id: ""minecraft:wheat""}], id: ""minecraft:crafter""}"
"(10, 9, 8)",minecraft:stone_brick_stairs,"{'facing': 'west', 'half': 'top', 'shape': 'straight', 'waterlogged': 'false'}",
"(5, 9, 9)",minecraft:stone_brick_stairs,"{'facing': 'north', 'half': 'top', 'shape': 'straight', 'waterlogged': 'false'}",
"(6, 9, 9)",minecraft:polished_andesite,{},
"(7, 9, 9)",minecraft:stripped_oak_log,{'axis': 'y'},
"(8, 9, 9)",minecraft:stone_bricks,{},
"(9, 9, 9)",minecraft:stone_brick_stairs,"{'facing': 'north', 'half': 'top', 'shape': 'straight', 'waterlogged': 'false'}",
"(6, 9, 10)",minecraft:polished_andesite_slab,"{'type': 'bottom', 'waterlogged': 'false'}",
"(7, 9, 10)",minecraft:andesite_wall,"{'east': 'none', 'north': 'tall', 'south': 'none', 'up': 'true', 'waterlogged': 'false', 'west': 'none'}",
"(8, 9, 10)",minecraft:stone_brick_slab,"{'type': 'bottom', 'waterlogged': 'false'}",
"(4, 9, 12)",minecraft:spruce_trapdoor,"{'facing': 'north', 'half': 'top', 'open': 'false', 'powered': 'false', 'waterlogged': 'false'}",
"(5, 9, 12)",minecraft:spruce_trapdoor,"{'facing': 'north', 'half': 'top', 'open': 'false', 'powered': 'false', 'waterlogged': 'false'}",
"(7, 10, 2)",minecraft:cobblestone_wall,"{'east': 'none', 'north': 'none', 'south': 'tall', 'up': 'true', 'waterlogged': 'false', 'west': 'none'}",
"(4, 10, 3)",minecraft:cobblestone_wall,"{'east': 'low', 'north': 'none', 'south': 'low', 'up': 'true', 'waterlogged': 'false', 'west': 'none'}",
"(5, 10, 3)",minecraft:stone_bricks,{},
"(6, 10, 3)",minecraft:oak_trapdoor,"{'facing': 'north', 'half': 'bottom', 'open': 'true', 'powered': 'false', 'waterlogged': 'false'}",
"(7, 10, 3)",minecraft:stripped_oak_log,{'axis': 'y'},
"(8, 10, 3)",minecraft:oak_trapdoor,"{'facing': 'north', 'half': 'bottom', 'open': 'true', 'powered': 'false', 'waterlogged': 'false'}",
"(9, 10, 3)",minecraft:stone_bricks,{},
"(10, 10, 3)",minecraft:cobblestone_wall,"{'east': 'none', 'north': 'none', 'south': 'low', 'up': 'true', 'waterlogged': 'false', 'west': 'low'}",
"(4, 10, 4)",minecraft:stone_bricks,{},
"(5, 10, 4)",minecraft:rail,"{'shape': 'east_west', 'waterlogged': 'false'}",
"(7, 10, 4)",minecraft:ladder,"{'facing': 'south', 'waterlogged': 'false'}",
"(9, 10, 4)",minecraft:repeating_command_block,"{'conditional': 'false', 'facing': 'south'}","{conditionMet: 0b, auto: 0b, components: {}, powered: 0b, Command: """", id: ""minecraft:command_block"", SuccessCount: 0, TrackOutput: 1b, UpdateLastExecution: 1b}"
"(10, 10, 4)",minecraft:stone_bricks,{},
"(4, 10, 5)",minecraft:oak_trapdoor,"{'facing': 'west', 'half': 'bottom', 'open': 'true', 'powered': 'false', 'waterlogged': 'false'}",
"(7, 10, 5)",minecraft:spruce_trapdoor,"{'facing': 'north', 'half': 'bottom', 'open': 'true', 'powered': 'false', 'waterlogged': 'false'}",
"(10, 10, 5)",minecraft:oak_trapdoor,"{'facing': 'east', 'half': 'bottom', 'open': 'true', 'powered': 'false', 'waterlogged': 'false'}",
"(3, 10, 6)",minecraft:stone_brick_wall,"{'east': 'tall', 'north': 'none', 'south': 'none', 'up': 'true', 'waterlogged': 'false', 'west': 'none'}",
"(4, 10, 6)",minecraft:stripped_oak_log,{'axis': 'y'},
"(6, 10, 6)",minecraft:spruce_trapdoor,"{'facing': 'west', 'half': 'bottom', 'open': 'true', 'powered': 'false', 'waterlogged': 'false'}",
"(7, 10, 6)",minecraft:barrel,"{'facing': 'up', 'open': 'false'}","{components: {}, Items: [], id: ""minecraft:barrel""}"
"(8, 10, 6)",minecraft:spruce_trapdoor,"{'facing': 'east', 'half': 'bottom', 'open': 'true', 'powered': 'false', 'waterlogged': 'false'}",
"(10, 10, 6)",minecraft:stripped_oak_log,{'axis': 'y'},
"(11, 10, 6)",minecraft:cobblestone_wall,"{'east': 'none', 'north': 'none', 'south': 'none', 'up': 'true', 'waterlogged': 'false', 'west': 'tall'}",
"(4, 10, 7)",minecraft:oak_trapdoor,"{'facing': 'west', 'half': 'bottom', 'open': 'true', 'powered': 'false', 'waterlogged': 'false'}",
"(7, 10, 7)",minecraft:spruce_trapdoor,"{'facing': 'south', 'half': 'bottom', 'open': 'true', 'powered': 'false', 'waterlogged': 'false'}",
"(10, 10, 7)",minecraft:oak_trapdoor,"{'facing': 'east', 'half': 'bottom', 'open': 'true', 'powered': 'false', 'waterlogged': 'false'}",
"(4, 10, 8)",minecraft:stone_bricks,{},
"(5, 10, 8)",minecraft:hopper,"{'enabled': 'true', 'facing': 'down'}","{components: {}, TransferCooldown: 0, Items: [], id: ""minecraft:hopper""}"
"(9, 10, 8)",minecraft:hopper,"{'enabled': 'true', 'facing': 'down'}","{components: {}, TransferCooldown: 0, Items: [], id: ""minecraft:hopper""}"
"(10, 10, 8)",minecraft:stone_bricks,{},
"(4, 10, 9)",minecraft:cobblestone_wall,"{'east': 'low', 'north': 'low', 'south': 'none', 'up': 'true', 'waterlogged': 'false', 'west': 'none'}",
"(5, 10, 9)",minecraft:stone_bricks,{},
"(6, 10, 9)",minecraft:oak_trapdoor,"{'facing': 'south', 'half': 'bottom', 'open': 'true', 'powered': 'false', 'waterlogged': 'false'}",
"(7, 10, 9)",minecraft:stripped_oak_log,{'axis': 'y'},
"(8, 10, 9)",minecraft:oak_trapdoor,"{'facing': 'south', 'half': 'bottom', 'open': 'true', 'powered': 'false', 'waterlogged': 'false'}",
"(9, 10, 9)",minecraft:stone_bricks,{},
"(10, 10, 9)",minecraft:cobblestone_wall,"{'east': 'none', 'north': 'low', 'south': 'none', 'up': 'true', 'waterlogged': 'false', 'west': 'low'}",
"(7, 10, 10)",minecraft:stone_brick_wall,"{'east': 'none', 'north': 'tall', 'south': 'none', 'up': 'true', 'waterlogged': 'false', 'west': 'none'}",
"(4, 10, 12)",minecraft:white_wool,{},
"(5, 10, 12)",minecraft:spruce_fence,"{'east': 'true', 'north': 'false', 'south': 'false', 'waterlogged': 'false', 'west': 'true'}",
"(6, 10, 12)",minecraft:spruce_stairs,"{'facing': 'west', 'half': 'top', 'shape': 'straight', 'waterlogged': 'false'}",
"(6, 11, 2)",minecraft:oak_stairs,"{'facing': 'south', 'half': 'top', 'shape': 'straight', 'waterlogged': 'false'}",
"(7, 11, 2)",minecraft:andesite_wall,"{'east': 'none', 'north': 'none', 'south': 'tall', 'up': 'true', 'waterlogged': 'false', 'west': 'none'}",
"(8, 11, 2)",minecraft:oak_stairs,"{'facing': 'south', 'half': 'top', 'shape': 'straight', 'waterlogged': 'false'}",
"(4, 11, 3)",minecraft:oak_fence,"{'east': 'false', 'north': 'false', 'south': 'false', 'waterlogged': 'false', 'west': 'false'}",
"(5, 11, 3)",minecraft:stone_brick_stairs,"{'facing': 'south', 'half': 'bottom', 'shape': 'straight', 'waterlogged': 'false'}",
"(6, 11, 3)",minecraft:stripped_oak_wood,{'axis': 'x'},
"(7, 11, 3)",minecraft:stripped_oak_log,{'axis': 'y'},
"(8, 11, 3)",minecraft:stripped_oak_wood,{'axis': 'y'},
"(9, 11, 3)",minecraft:stone_brick_stairs,"{'facing': 'south', 'half': 'bottom', 'shape': 'straight', 'waterlogged': 'false'}",
"(10, 11, 3)",minecraft:oak_fence,"{'east': 'false', 'north': 'false', 'south': 'false', 'waterlogged': 'false', 'west': 'false'}",
"(4, 11, 4)",minecraft:stone_brick_stairs,"{'facing': 'east', 'half': 'bottom', 'shape': 'straight', 'waterlogged': 'false'}",
"(5, 11, 4)",minecraft:lantern,"{'hanging': 'true', 'waterlogged': 'false'}",
"(7, 11, 4)",minecraft:ladder,"{'facing': 'south', 'waterlogged': 'false'}",
"(9, 11, 4)",minecraft:lantern,"{'hanging': 'true', 'waterlogged': 'false'}",
"(10, 11, 4)",minecraft:stone_brick_stairs,"{'facing': 'west', 'half': 'bottom', 'shape': 'straight', 'waterlogged': 'false'}",
"(3, 11, 5)",minecraft:oak_stairs,"{'facing': 'east', 'half': 'top', 'shape': 'straight', 'waterlogged': 'false'}",
"(4, 11, 5)",minecraft:stripped_oak_wood,{'axis': 'y'},
"(10, 11, 5)",minecraft:stripped_oak_wood,{'axis': 'y'},
"(11, 11, 5)",minecraft:oak_stairs,"{'facing': 'west', 'half': 'top', 'shape': 'straight', 'waterlogged': 'false'}",
"(3, 11, 6)",minecraft:stone_brick_wall,"{'east': 'tall', 'north': 'none', 'south': 'none', 'up': 'true', 'waterlogged': 'false', 'west': 'none'}",
"(4, 11, 6)",minecraft:stripped_oak_log,{'axis': 'y'},
"(5, 11, 6)",minecraft:oak_fence,"{'east': 'true', 'north': 'false', 'south': 'false', 'waterlogged': 'false', 'west': 'true'}",
"(6, 11, 6)",minecraft:oak_fence,"{'east': 'true', 'north': 'false', 'south': 'false', 'waterlogged': 'false', 'west': 'true'}",
"(7, 11, 6)",minecraft:barrel,"{'facing': 'up', 'open': 'false'}","{components: {}, Items: [], id: ""minecraft:barrel""}"
"(8, 11, 6)",minecraft:oak_fence,"{'east': 'true', 'north': 'false', 'south': 'false', 'waterlogged': 'false', 'west': 'true'}",
"(9, 11, 6)",minecraft:oak_fence,"{'east': 'true', 'north': 'false', 'south': 'false', 'waterlogged': 'false', 'west': 'true'}",
"(10, 11, 6)",minecraft:stripped_oak_log,{'axis': 'y'},
"(11, 11, 6)",minecraft:stone_brick_wall,"{'east': 'none', 'north': 'none', 'south': 'none', 'up': 'true', 'waterlogged': 'false', 'west': 'tall'}",
"(3, 11, 7)",minecraft:oak_stairs,"{'facing': 'east', 'half': 'top', 'shape': 'straight', 'waterlogged': 'false'}",
"(4, 11, 7)",minecraft:stripped_oak_wood,{'axis': 'x'},
"(7, 11, 7)",minecraft:oak_fence,"{'east': 'false', 'north': 'true', 'south': 'true', 'waterlogged': 'false', 'west': 'false'}",
"(10, 11, 7)",minecraft:stripped_oak_wood,{'axis': 'z'},
"(11, 11, 7)",minecraft:oak_stairs,"{'facing': 'west', 'half': 'top', 'shape': 'straight', 'waterlogged': 'false'}",
"(4, 11, 8)",minecraft:stone_brick_stairs,"{'facing': 'east', 'half': 'bottom', 'shape': 'straight', 'waterlogged': 'false'}",
"(5, 11, 8)",minecraft:chest,"{'facing': 'north', 'type': 'single', 'waterlogged': 'false'}","{components: {}, Items: [], id: ""minecraft:chest""}"
"(7, 11, 8)",minecraft:oak_fence,"{'east': 'false', 'north': 'true', 'south': 'true', 'waterlogged': 'false', 'west': 'false'}",
"(9, 11, 8)",minecraft:chest,"{'facing': 'north', 'type': 'single', 'waterlogged': 'false'}","{components: {}, Items: [], id: ""minecraft:chest""}"
"(10, 11, 8)",minecraft:stone_brick_stairs,"{'facing': 'west', 'half': 'bottom', 'shape': 'straight', 'waterlogged': 'false'}",
"(4, 11, 9)",minecraft:oak_fence,"{'east': 'false', 'north': 'false', 'south': 'false', 'waterlogged': 'false', 'west': 'false'}",
"(5, 11, 9)",minecraft:stone_brick_stairs,"{'facing': 'north', 'half': 'bottom', 'shape': 'straight', 'waterlogged': 'false'}",
"(6, 11, 9)",minecraft:stripped_oak_wood,{'axis': 'x'},
"(7, 11, 9)",minecraft:stripped_oak_log,{'axis': 'y'},
"(8, 11, 9)",minecraft:stripped_oak_wood,{'axis': 'x'},
"(9, 11, 9)",minecraft:stone_brick_stairs,"{'facing': 'north', 'half': 'bottom', 'shape': 'straight', 'waterlogged': 'false'}",
"(10, 11, 9)",minecraft:oak_fence,"{'east': 'false', 'north': 'false', 'south': 'false', 'waterlogged': 'false', 'west': 'false'}",
"(6, 11, 10)",minecraft:oak_stairs,"{'facing': 'north', 'half': 'top', 'shape': 'straight', 'waterlogged': 'false'}",
"(7, 11, 10)",minecraft:stone_brick_wall,"{'east': 'none', 'north': 'tall', 'south': 'none', 'up': 'true', 'waterlogged': 'false', 'west': 'none'}",
"(8, 11, 10)",minecraft:oak_stairs,"{'facing': 'north', 'half': 'top', 'shape': 'straight', 'waterlogged': 'false'}",
"(4, 11, 11)",minecraft:white_wool,{},
"(4, 11, 12)",minecraft:white_stained_glass_pane,"{'east': 'true', 'north': 'true', 'south': 'false', 'waterlogged': 'false', 'west': 'false'}",
"(5, 11, 12)",minecraft:white_wool,{},
"(6, 11, 12)",minecraft:spruce_fence,"{'east': 'true', 'north': 'false', 'south': 'false', 'waterlogged': 'false', 'west': 'true'}",
"(7, 11, 12)",minecraft:spruce_trapdoor,"{'facing': 'east', 'half': 'bottom', 'open': 'true', 'powered': 'false', 'waterlogged': 'false'}",
"(6, 12, 2)",minecraft:oak_stairs,"{'facing': 'south', 'half': 'bottom', 'shape': 'straight', 'waterlogged': 'false'}",
"(7, 12, 2)",minecraft:oak_slab,"{'type': 'bottom', 'waterlogged': 'false'}",
"(8, 12, 2)",minecraft:oak_stairs,"{'facing': 'south', 'half': 'bottom', 'shape': 'straight', 'waterlogged': 'false'}",
"(4, 12, 3)",minecraft:oak_fence,"{'east': 'true', 'north': 'false', 'south': 'true', 'waterlogged': 'false', 'west': 'false'}",
"(5, 12, 3)",minecraft:stripped_oak_wood,{'axis': 'y'},
"(6, 12, 3)",minecraft:stone_bricks,{},
"(7, 12, 3)",minecraft:stripped_oak_log,{'axis': 'y'},
"(8, 12, 3)",minecraft:stone_bricks,{},
"(9, 12, 3)",minecraft:stripped_oak_wood,{'axis': 'y'},
"(10, 12, 3)",minecraft:oak_fence,"{'east': 'false', 'north': 'false', 'south': 'true', 'waterlogged': 'false', 'west': 'true'}",
"(4, 12, 4)",minecraft:stripped_oak_wood,{'axis': 'y'},
"(5, 12, 4)",minecraft:oak_slab,"{'type': 'double', 'waterlogged': 'false'}",
"(6, 12, 4)",minecraft:oak_slab,"{'type': 'top', 'waterlogged': 'false'}",
"(7, 12, 4)",minecraft:ladder,"{'facing': 'south', 'waterlogged': 'false'}",
"(8, 12, 4)",minecraft:oak_slab,"{'type': 'top', 'waterlogged': 'false'}",
"(9, 12, 4)",minecraft:oak_slab,"{'type': 'double', 'waterlogged': 'false'}",
"(10, 12, 4)",minecraft:stripped_oak_wood,{'axis': 'y'},
"(3, 12, 5)",minecraft:oak_stairs,"{'facing': 'east', 'half': 'bottom', 'shape': 'straight', 'waterlogged': 'false'}",
"(4, 12, 5)",minecraft:stone_bricks,{},
"(5, 12, 5)",minecraft:oak_slab,"{'type': 'top', 'waterlogged': 'false'}",
"(6, 12, 5)",minecraft:oak_slab,"{'type': 'top', 'waterlogged': 'false'}",
"(7, 12, 5)",minecraft:oak_slab,"{'type': 'top', 'waterlogged': 'false'}",
"(8, 12, 5)",minecraft:oak_slab,"{'type': 'top', 'waterlogged': 'false'}",
"(9, 12, 5)",minecraft:oak_slab,"{'type': 'top', 'waterlogged': 'false'}",
"(10, 12, 5)",minecraft:stone_bricks,{},
"(11, 12, 5)",minecraft:oak_stairs,"{'facing': 'west', 'half': 'bottom', 'shape': 'straight', 'waterlogged': 'false'}",
"(3, 12, 6)",minecraft:oak_slab,"{'type': 'bottom', 'waterlogged': 'false'}",
"(4, 12, 6)",minecraft:barrel,"{'facing': 'up', 'open': 'false'}","{components: {}, Items: [], id: ""minecraft:barrel""}"
"(5, 12, 6)",minecraft:oak_slab,"{'type': 'top', 'waterlogged': 'false'}",
"(6, 12, 6)",minecraft:oak_slab,"{'type': 'top', 'waterlogged': 'false'}",
"(7, 12, 6)",minecraft:barrel,"{'facing': 'up', 'open': 'false'}","{components: {}, Items: [], id: ""minecraft:barrel""}"
"(8, 12, 6)",minecraft:oak_slab,"{'type': 'top', 'waterlogged': 'false'}",
"(9, 12, 6)",minecraft:oak_slab,"{'type': 'top', 'waterlogged': 'false'}",
"(10, 12, 6)",minecraft:barrel,"{'facing': 'up', 'open': 'false'}","{components: {}, Items: [], id: ""minecraft:barrel""}"
"(11, 12, 6)",minecraft:oak_slab,"{'type': 'bottom', 'waterlogged': 'false'}",
"(3, 12, 7)",minecraft:oak_stairs,"{'facing': 'east', 'half': 'bottom', 'shape': 'straight', 'waterlogged': 'false'}",
"(4, 12, 7)",minecraft:stone_bricks,{},
"(5, 12, 7)",minecraft:oak_slab,"{'type': 'top', 'waterlogged': 'false'}",
"(6, 12, 7)",minecraft:oak_slab,"{'type': 'top', 'waterlogged': 'false'}",
"(7, 12, 7)",minecraft:oak_slab,"{'type': 'top', 'waterlogged': 'false'}",
"(8, 12, 7)",minecraft:oak_slab,"{'type': 'top', 'waterlogged': 'false'}",
"(9, 12, 7)",minecraft:oak_slab,"{'type': 'top', 'waterlogged': 'false'}",
"(10, 12, 7)",minecraft:stone_bricks,{},
"(11, 12, 7)",minecraft:oak_stairs,"{'facing': 'west', 'half': 'bottom', 'shape': 'straight', 'waterlogged': 'false'}",
"(4, 12, 8)",minecraft:stripped_oak_wood,{'axis': 'y'},
"(5, 12, 8)",minecraft:oak_slab,"{'type': 'top', 'waterlogged': 'false'}",
"(6, 12, 8)",minecraft:oak_slab,"{'type': 'top', 'waterlogged': 'false'}",
"(7, 12, 8)",minecraft:oak_slab,"{'type': 'top', 'waterlogged': 'false'}",
"(8, 12, 8)",minecraft:oak_slab,"{'type': 'top', 'waterlogged': 'false'}",
"(9, 12, 8)",minecraft:oak_slab,"{'type': 'top', 'waterlogged': 'false'}",
"(10, 12, 8)",minecraft:stripped_oak_wood,{'axis': 'y'},
"(4, 12, 9)",minecraft:oak_fence,"{'east': 'true', 'north': 'true', 'south': 'false', 'waterlogged': 'false', 'west': 'false'}",
"(5, 12, 9)",minecraft:stripped_oak_wood,{'axis': 'y'},
"(6, 12, 9)",minecraft:stone_bricks,{},
"(7, 12, 9)",minecraft:barrel,"{'facing': 'up', 'open': 'false'}","{components: {}, Items: [], id: ""minecraft:barrel""}"
"(8, 12, 9)",minecraft:stone_bricks,{},
"(9, 12, 9)",minecraft:stripped_oak_wood,{'axis': 'y'},
"(10, 12, 9)",minecraft:oak_fence,"{'east': 'false', 'north': 'true', 'south': 'false', 'waterlogged': 'false', 'west': 'true'}",
"(6, 12, 10)",minecraft:oak_stairs,"{'facing': 'north', 'half': 'bottom', 'shape': 'straight', 'waterlogged': 'false'}",
"(7, 12, 10)",minecraft:oak_slab,"{'type': 'bottom', 'waterlogged': 'false'}",
"(8, 12, 10)",minecraft:oak_stairs,"{'facing': 'north', 'half': 'bottom', 'shape': 'straight', 'waterlogged': 'false'}",
"(4, 12, 11)",minecraft:white_wool,{},
"(4, 12, 12)",minecraft:white_stained_glass_pane,"{'east': 'true', 'north': 'true', 'south': 'false', 'waterlogged': 'false', 'west': 'false'}",
"(5, 12, 12)",minecraft:white_wool,{},
"(6, 12, 12)",minecraft:spruce_fence,"{'east': 'true', 'north': 'false', 'south': 'false', 'waterlogged': 'false', 'west': 'true'}",
"(7, 12, 12)",minecraft:spruce_stairs,"{'facing': 'west', 'half': 'top', 'shape': 'straight', 'waterlogged': 'false'}",
"(7, 13, 2)",minecraft:spruce_trapdoor,"{'facing': 'north', 'half': 'top', 'open': 'true', 'powered': 'false', 'waterlogged': 'false'}",
"(5, 13, 3)",minecraft:stripped_oak_log,{'axis': 'y'},
"(6, 13, 3)",minecraft:polished_granite,{},
"(7, 13, 3)",minecraft:stripped_oak_log,{'axis': 'y'},
"(8, 13, 3)",minecraft:bricks,{},
"(9, 13, 3)",minecraft:stripped_oak_log,{'axis': 'y'},
"(4, 13, 4)",minecraft:stripped_oak_log,{'axis': 'y'},
"(5, 13, 4)",minecraft:hay_block,{'axis': 'z'},
"(6, 13, 4)",minecraft:repeating_command_block,"{'conditional': 'false', 'facing': 'east'}","{conditionMet: 0b, auto: 0b, components: {}, powered: 0b, Command: """", id: ""minecraft:command_block"", SuccessCount: 0, TrackOutput: 1b, UpdateLastExecution: 1b}"
"(7, 13, 4)",minecraft:ladder,"{'facing': 'south', 'waterlogged': 'false'}",
"(9, 13, 4)",minecraft:hay_block,{'axis': 'x'},
"(10, 13, 4)",minecraft:stripped_oak_log,{'axis': 'y'},
"(4, 13, 5)",minecraft:polished_granite,{},
"(5, 13, 5)",minecraft:hay_block,{'axis': 'x'},
"(6, 13, 5)",minecraft:leaf_litter,"{'facing': 'east', 'segment_amount': '1'}",
"(7, 13, 5)",minecraft:leaf_litter,"{'facing': 'east', 'segment_amount': '1'}",
"(9, 13, 5)",minecraft:hay_block,{'axis': 'x'},
"(10, 13, 5)",minecraft:granite,{},
"(3, 13, 6)",minecraft:spruce_trapdoor,"{'facing': 'west', 'half': 'top', 'open': 'true', 'powered': 'false', 'waterlogged': 'false'}",
"(4, 13, 6)",minecraft:barrel,"{'facing': 'up', 'open': 'false'}","{components: {}, Items: [], id: ""minecraft:barrel""}"
"(5, 13, 6)",minecraft:spruce_wall_sign,"{'facing': 'north', 'waterlogged': 'false'}","{back_text: {has_glowing_text: 0b, color: ""black"", messages: ["""", """", """", """"]}, components: {}, is_waxed: 0b, id: ""minecraft:sign"", front_text: {has_glowing_text: 0b, color: ""black"", messages: ["""", """", """", """"]}}"
"(6, 13, 6)",minecraft:spruce_wall_sign,"{'facing': 'north', 'waterlogged': 'false'}","{back_text: {has_glowing_text: 0b, color: ""black"", messages: ["""", """", """", """"]}, components: {}, is_waxed: 0b, id: ""minecraft:sign"", front_text: {has_glowing_text: 0b, color: ""black"", messages: ["""", """", """", """"]}}"
"(7, 13, 6)",minecraft:barrel,"{'facing': 'up', 'open': 'false'}","{components: {}, Items: [], id: ""minecraft:barrel""}"
"(8, 13, 6)",minecraft:leaf_litter,"{'facing': 'north', 'segment_amount': '1'}",
"(9, 13, 6)",minecraft:hay_block,{'axis': 'x'},
"(10, 13, 6)",minecraft:barrel,"{'facing': 'up', 'open': 'false'}","{components: {}, Items: [], id: ""minecraft:barrel""}"
"(11, 13, 6)",minecraft:spruce_trapdoor,"{'facing': 'east', 'half': 'top', 'open': 'true', 'powered': 'false', 'waterlogged': 'false'}",
"(4, 13, 7)",minecraft:bricks,{},
"(5, 13, 7)",minecraft:hay_block,{'axis': 'y'},
"(6, 13, 7)",minecraft:hay_block,{'axis': 'y'},
"(7, 13, 7)",minecraft:repeating_command_block,"{'conditional': 'false', 'facing': 'east'}","{conditionMet: 0b, auto: 0b, components: {}, powered: 0b, Command: """", id: ""minecraft:command_block"", SuccessCount: 0, TrackOutput: 1b, UpdateLastExecution: 1b}"
"(9, 13, 7)",minecraft:oak_stairs,"{'facing': 'north', 'half': 'bottom', 'shape': 'straight', 'waterlogged': 'false'}",
"(10, 13, 7)",minecraft:bricks,{},
"(4, 13, 8)",minecraft:stripped_oak_log,{'axis': 'y'},
"(5, 13, 8)",minecraft:hay_block,{'axis': 'y'},
"(6, 13, 8)",minecraft:hay_block,{'axis': 'y'},
"(7, 13, 8)",minecraft:spruce_wall_sign,"{'facing': 'east', 'waterlogged': 'false'}","{back_text: {has_glowing_text: 0b, color: ""black"", messages: ["""", """", """", """"]}, components: {}, is_waxed: 0b, id: ""minecraft:sign"", front_text: {has_glowing_text: 0b, color: ""black"", messages: ["""", """", """", """"]}}"
"(8, 13, 8)",minecraft:leaf_litter,"{'facing': 'north', 'segment_amount': '1'}",
"(9, 13, 8)",minecraft:leaf_litter,"{'facing': 'east', 'segment_amount': '1'}",
"(10, 13, 8)",minecraft:stripped_oak_log,{'axis': 'y'},
"(5, 13, 9)",minecraft:stripped_oak_log,{'axis': 'y'},
"(6, 13, 9)",minecraft:bricks,{},
"(7, 13, 9)",minecraft:barrel,"{'facing': 'up', 'open': 'false'}","{components: {}, Items: [], id: ""minecraft:barrel""}"
"(8, 13, 9)",minecraft:bricks,{},
"(9, 13, 9)",minecraft:stripped_oak_log,{'axis': 'y'},
"(7, 13, 10)",minecraft:spruce_trapdoor,"{'facing': 'south', 'half': 'top', 'open': 'true', 'powered': 'false', 'waterlogged': 'false'}",
"(5, 13, 11)",minecraft:white_wool,{},
"(5, 13, 12)",minecraft:white_stained_glass_pane,"{'east': 'true', 'north': 'true', 'south': 'false', 'waterlogged': 'false', 'west': 'false'}",
"(6, 13, 12)",minecraft:white_wool,{},
"(7, 13, 12)",minecraft:spruce_fence,"{'east': 'true', 'north': 'false', 'south': 'false', 'waterlogged': 'false', 'west': 'true'}",
"(8, 13, 12)",minecraft:spruce_trapdoor,"{'facing': 'east', 'half': 'top', 'open': 'true', 'powered': 'false', 'waterlogged': 'false'}",
"(7, 14, 2)",minecraft:spruce_trapdoor,"{'facing': 'north', 'half': 'bottom', 'open': 'true', 'powered': 'false', 'waterlogged': 'false'}",
"(5, 14, 3)",minecraft:stripped_oak_log,{'axis': 'y'},
"(6, 14, 3)",minecraft:granite_stairs,"{'facing': 'south', 'half': 'bottom', 'shape': 'straight', 'waterlogged': 'false'}",
"(7, 14, 3)",minecraft:stripped_oak_log,{'axis': 'y'},
"(8, 14, 3)",minecraft:granite_stairs,"{'facing': 'south', 'half': 'bottom', 'shape': 'straight', 'waterlogged': 'false'}",
"(9, 14, 3)",minecraft:stripped_oak_log,{'axis': 'y'},
"(4, 14, 4)",minecraft:stripped_oak_log,{'axis': 'y'},
"(9, 14, 4)",minecraft:hay_block,{'axis': 'x'},
"(10, 14, 4)",minecraft:stripped_oak_log,{'axis': 'y'},
"(4, 14, 5)",minecraft:granite_stairs,"{'facing': 'east', 'half': 'bottom', 'shape': 'straight', 'waterlogged': 'false'}",
"(9, 14, 5)",minecraft:hay_block,{'axis': 'x'},
"(10, 14, 5)",minecraft:granite_stairs,"{'facing': 'west', 'half': 'bottom', 'shape': 'straight', 'waterlogged': 'false'}",
"(3, 14, 6)",minecraft:spruce_trapdoor,"{'facing': 'west', 'half': 'bottom', 'open': 'true', 'powered': 'false', 'waterlogged': 'false'}",
"(4, 14, 6)",minecraft:barrel,"{'facing': 'up', 'open': 'false'}","{components: {}, Items: [], id: ""minecraft:barrel""}"
"(5, 14, 6)",minecraft:spruce_wall_sign,"{'facing': 'north', 'waterlogged': 'false'}","{back_text: {has_glowing_text: 0b, color: ""black"", messages: ["""", """", """", """"]}, components: {}, is_waxed: 0b, id: ""minecraft:sign"", front_text: {has_glowing_text: 0b, color: ""black"", messages: ["""", """", """", """"]}}"
"(6, 14, 6)",minecraft:spruce_wall_sign,"{'facing': 'north', 'waterlogged': 'false'}","{back_text: {has_glowing_text: 0b, color: ""black"", messages: ["""", """", """", """"]}, components: {}, is_waxed: 0b, id: ""minecraft:sign"", front_text: {has_glowing_text: 0b, color: ""black"", messages: ["""", """", """", """"]}}"
"(7, 14, 6)",minecraft:barrel,"{'facing': 'up', 'open': 'false'}","{components: {}, Items: [], id: ""minecraft:barrel""}"
"(9, 14, 6)",minecraft:oak_stairs,"{'facing': 'north', 'half': 'bottom', 'shape': 'straight', 'waterlogged': 'false'}",
"(10, 14, 6)",minecraft:barrel,"{'facing': 'up', 'open': 'false'}","{components: {}, Items: [], id: ""minecraft:barrel""}"
"(11, 14, 6)",minecraft:spruce_trapdoor,"{'facing': 'east', 'half': 'bottom', 'open': 'true', 'powered': 'false', 'waterlogged': 'false'}",
"(4, 14, 7)",minecraft:brick_stairs,"{'facing': 'east', 'half': 'bottom', 'shape': 'straight', 'waterlogged': 'false'}",
"(5, 14, 7)",minecraft:hay_block,{'axis': 'y'},
"(6, 14, 7)",minecraft:hay_block,{'axis': 'y'},
"(7, 14, 7)",minecraft:spruce_wall_sign,"{'facing': 'east', 'waterlogged': 'false'}","{back_text: {has_glowing_text: 0b, color: ""black"", messages: ["""", """", """", """"]}, components: {}, is_waxed: 0b, id: ""minecraft:sign"", front_text: {has_glowing_text: 0b, color: ""black"", messages: ["""", """", """", """"]}}"
"(10, 14, 7)",minecraft:brick_stairs,"{'facing': 'west', 'half': 'bottom', 'shape': 'straight', 'waterlogged': 'false'}",
"(4, 14, 8)",minecraft:stripped_oak_log,{'axis': 'y'},
"(5, 14, 8)",minecraft:hay_block,{'axis': 'y'},
"(6, 14, 8)",minecraft:hay_block,{'axis': 'y'},
"(7, 14, 8)",minecraft:spruce_wall_sign,"{'facing': 'east', 'waterlogged': 'false'}","{back_text: {has_glowing_text: 0b, color: ""black"", messages: ["""", """", """", """"]}, components: {}, is_waxed: 0b, id: ""minecraft:sign"", front_text: {has_glowing_text: 0b, color: ""black"", messages: ["""", """", """", """"]}}"
"(10, 14, 8)",minecraft:stripped_oak_log,{'axis': 'y'},
"(5, 14, 9)",minecraft:stripped_oak_log,{'axis': 'y'},
"(6, 14, 9)",minecraft:polished_granite_stairs,"{'facing': 'north', 'half': 'bottom', 'shape': 'straight', 'waterlogged': 'false'}",
"(7, 14, 9)",minecraft:barrel,"{'facing': 'down', 'open': 'false'}","{components: {}, Items: [], id: ""minecraft:barrel""}"
"(8, 14, 9)",minecraft:brick_stairs,"{'facing': 'north', 'half': 'bottom', 'shape': 'straight', 'waterlogged': 'false'}",
"(9, 14, 9)",minecraft:stripped_oak_log,{'axis': 'y'},
"(7, 14, 10)",minecraft:spruce_trapdoor,"{'facing': 'south', 'half': 'bottom', 'open': 'true', 'powered': 'false', 'waterlogged': 'false'}",
"(5, 14, 11)",minecraft:white_wool,{},
"(12, 14, 11)",minecraft:white_wool,{},
"(13, 14, 11)",minecraft:white_wool,{},
"(5, 14, 12)",minecraft:white_stained_glass_pane,"{'east': 'true', 'north': 'true', 'south': 'false', 'waterlogged': 'false', 'west': 'false'}",
"(6, 14, 12)",minecraft:white_wool,{},
"(7, 14, 12)",minecraft:spruce_fence,"{'east': 'true', 'north': 'false', 'south': 'false', 'waterlogged': 'false', 'west': 'true'}",
"(8, 14, 12)",minecraft:spruce_trapdoor,"{'facing': 'east', 'half': 'top', 'open': 'true', 'powered': 'false', 'waterlogged': 'false'}",
"(12, 14, 12)",minecraft:white_stained_glass_pane,"{'east': 'true', 'north': 'true', 'south': 'false', 'waterlogged': 'false', 'west': 'false'}",
"(13, 14, 12)",minecraft:white_stained_glass_pane,"{'east': 'true', 'north': 'true', 'south': 'false', 'waterlogged': 'false', 'west': 'true'}",
"(14, 14, 12)",minecraft:white_wool,{},
"(5, 15, 2)",minecraft:stone_button,"{'face': 'wall', 'facing': 'north', 'powered': 'false'}",
"(6, 15, 2)",minecraft:oak_wall_sign,"{'facing': 'north', 'waterlogged': 'false'}","{back_text: {has_glowing_text: 0b, color: ""black"", messages: ["""", """", """", """"]}, components: {}, is_waxed: 0b, id: ""minecraft:sign"", front_text: {has_glowing_text: 0b, color: ""black"", messages: ["""", """", """", """"]}}"
"(7, 15, 2)",minecraft:stone_button,"{'face': 'wall', 'facing': 'north', 'powered': 'false'}",
"(8, 15, 2)",minecraft:oak_wall_sign,"{'facing': 'north', 'waterlogged': 'false'}","{back_text: {has_glowing_text: 0b, color: ""black"", messages: ["""", """", """", """"]}, components: {}, is_waxed: 0b, id: ""minecraft:sign"", front_text: {has_glowing_text: 0b, color: ""black"", messages: ["""", """", """", """"]}}"
"(9, 15, 2)",minecraft:stone_button,"{'face': 'wall', 'facing': 'north', 'powered': 'false'}",
"(4, 15, 3)",minecraft:oak_fence,"{'east': 'true', 'north': 'false', 'south': 'true', 'waterlogged': 'false', 'west': 'false'}",
"(5, 15, 3)",minecraft:stripped_oak_log,{'axis': 'y'},
"(6, 15, 3)",minecraft:stripped_oak_log,{'axis': 'x'},
"(7, 15, 3)",minecraft:stripped_oak_log,{'axis': 'x'},
"(8, 15, 3)",minecraft:stripped_oak_log,{'axis': 'x'},
"(9, 15, 3)",minecraft:stripped_oak_log,{'axis': 'y'},
"(10, 15, 3)",minecraft:oak_fence,"{'east': 'false', 'north': 'false', 'south': 'true', 'waterlogged': 'false', 'west': 'true'}",
"(3, 15, 4)",minecraft:stone_button,"{'face': 'wall', 'facing': 'west', 'powered': 'false'}",
"(4, 15, 4)",minecraft:stripped_oak_log,{'axis': 'y'},
"(5, 15, 4)",minecraft:cobweb,{},
"(9, 15, 4)",minecraft:oak_slab,"{'type': 'top', 'waterlogged': 'false'}",
"(10, 15, 4)",minecraft:stripped_oak_log,{'axis': 'y'},
"(11, 15, 4)",minecraft:stone_button,"{'face': 'wall', 'facing': 'east', 'powered': 'false'}",
"(3, 15, 5)",minecraft:oak_wall_sign,"{'facing': 'west', 'waterlogged': 'false'}","{back_text: {has_glowing_text: 0b, color: ""black"", messages: ["""", """", """", """"]}, components: {}, is_waxed: 0b, id: ""minecraft:sign"", front_text: {has_glowing_text: 0b, color: ""black"", messages: ["""", """", """", """"]}}"
"(4, 15, 5)",minecraft:stripped_oak_log,{'axis': 'z'},
"(9, 15, 5)",minecraft:oak_slab,"{'type': 'bottom', 'waterlogged': 'false'}",
"(10, 15, 5)",minecraft:stripped_oak_log,{'axis': 'z'},
"(11, 15, 5)",minecraft:oak_wall_sign,"{'facing': 'east', 'waterlogged': 'false'}","{back_text: {has_glowing_text: 0b, color: ""black"", messages: ["""", """", """", """"]}, components: {}, is_waxed: 0b, id: ""minecraft:sign"", front_text: {has_glowing_text: 0b, color: ""black"", messages: ["""", """", """", """"]}}"
"(3, 15, 6)",minecraft:stone_button,"{'face': 'wall', 'facing': 'west', 'powered': 'false'}",
"(4, 15, 6)",minecraft:stripped_oak_log,{'axis': 'z'},
"(7, 15, 6)",minecraft:barrel,"{'facing': 'up', 'open': 'false'}","{components: {}, Items: [], id: ""minecraft:barrel""}"
"(10, 15, 6)",minecraft:stripped_oak_log,{'axis': 'z'},
"(11, 15, 6)",minecraft:stone_button,"{'face': 'wall', 'facing': 'east', 'powered': 'false'}",
"(3, 15, 7)",minecraft:oak_wall_sign,"{'facing': 'west', 'waterlogged': 'false'}","{back_text: {has_glowing_text: 0b, color: ""black"", messages: ["""", """", """", """"]}, components: {}, is_waxed: 0b, id: ""minecraft:sign"", front_text: {has_glowing_text: 0b, color: ""black"", messages: ["""", """", """", """"]}}"
"(4, 15, 7)",minecraft:stripped_oak_log,{'axis': 'z'},
"(6, 15, 7)",minecraft:lantern,"{'hanging': 'false', 'waterlogged': 'false'}",
"(10, 15, 7)",minecraft:stripped_oak_log,{'axis': 'z'},
"(11, 15, 7)",minecraft:oak_wall_sign,"{'facing': 'east', 'waterlogged': 'false'}","{back_text: {has_glowing_text: 0b, color: ""black"", messages: ["""", """", """", """"]}, components: {}, is_waxed: 0b, id: ""minecraft:sign"", front_text: {has_glowing_text: 0b, color: ""black"", messages: ["""", """", """", """"]}}"
"(3, 15, 8)",minecraft:stone_button,"{'face': 'wall', 'facing': 'west', 'powered': 'false'}",
"(4, 15, 8)",minecraft:stripped_oak_log,{'axis': 'y'},
"(5, 15, 8)",minecraft:cobweb,{},
"(10, 15, 8)",minecraft:stripped_oak_log,{'axis': 'y'},
"(11, 15, 8)",minecraft:stone_button,"{'face': 'wall', 'facing': 'east', 'powered': 'false'}",
"(4, 15, 9)",minecraft:oak_fence,"{'east': 'true', 'north': 'true', 'south': 'false', 'waterlogged': 'false', 'west': 'false'}",
"(5, 15, 9)",minecraft:stripped_oak_log,{'axis': 'y'},
"(6, 15, 9)",minecraft:stripped_oak_log,{'axis': 'x'},
"(7, 15, 9)",minecraft:stripped_oak_log,{'axis': 'x'},
"(8, 15, 9)",minecraft:stripped_oak_log,{'axis': 'x'},
"(9, 15, 9)",minecraft:stripped_oak_log,{'axis': 'y'},
"(10, 15, 9)",minecraft:oak_fence,"{'east': 'false', 'north': 'true', 'south': 'false', 'waterlogged': 'false', 'west': 'true'}",
"(5, 15, 10)",minecraft:stone_button,"{'face': 'wall', 'facing': 'south', 'powered': 'false'}",
"(6, 15, 10)",minecraft:oak_wall_sign,"{'facing': 'south', 'waterlogged': 'false'}","{back_text: {has_glowing_text: 0b, color: ""black"", messages: ["""", """", """", """"]}, components: {}, is_waxed: 0b, id: ""minecraft:sign"", front_text: {has_glowing_text: 0b, color: ""black"", messages: ["""", """", """", """"]}}"
"(7, 15, 10)",minecraft:stone_button,"{'face': 'wall', 'facing': 'south', 'powered': 'false'}",
"(8, 15, 10)",minecraft:oak_wall_sign,"{'facing': 'south', 'waterlogged': 'false'}","{back_text: {has_glowing_text: 0b, color: ""black"", messages: ["""", """", """", """"]}, components: {}, is_waxed: 0b, id: ""minecraft:sign"", front_text: {has_glowing_text: 0b, color: ""black"", messages: ["""", """", """", """"]}}"
"(9, 15, 10)",minecraft:stone_button,"{'face': 'wall', 'facing': 'south', 'powered': 'false'}",
"(10, 15, 11)",minecraft:white_wool,{},
"(11, 15, 11)",minecraft:white_wool,{},
"(6, 15, 12)",minecraft:white_wool,{},
"(7, 15, 12)",minecraft:spruce_fence,"{'east': 'true', 'north': 'false', 'south': 'false', 'waterlogged': 'false', 'west': 'true'}",
"(8, 15, 12)",minecraft:spruce_trapdoor,"{'facing': 'east', 'half': 'top', 'open': 'true', 'powered': 'false', 'waterlogged': 'false'}",
"(10, 15, 12)",minecraft:white_stained_glass_pane,"{'east': 'true', 'north': 'true', 'south': 'false', 'waterlogged': 'false', 'west': 'false'}",
"(11, 15, 12)",minecraft:white_stained_glass_pane,"{'east': 'true', 'north': 'true', 'south': 'false', 'waterlogged': 'false', 'west': 'true'}",
"(12, 15, 12)",minecraft:white_wool,{},
"(13, 15, 12)",minecraft:white_wool,{},
"(14, 15, 12)",minecraft:spruce_fence,"{'east': 'true', 'north': 'false', 'south': 'false', 'waterlogged': 'false', 'west': 'true'}",
"(7, 16, 2)",minecraft:spruce_trapdoor,"{'facing': 'north', 'half': 'top', 'open': 'true', 'powered': 'false', 'waterlogged': 'false'}",
"(5, 16, 3)",minecraft:stripped_oak_log,{'axis': 'y'},
"(6, 16, 3)",minecraft:brick_stairs,"{'facing': 'south', 'half': 'top', 'shape': 'straight', 'waterlogged': 'false'}",
"(7, 16, 3)",minecraft:barrel,"{'facing': 'up', 'open': 'false'}","{components: {}, Items: [], id: ""minecraft:barrel""}"
"(8, 16, 3)",minecraft:granite_stairs,"{'facing': 'south', 'half': 'top', 'shape': 'straight', 'waterlogged': 'false'}",
"(9, 16, 3)",minecraft:stripped_oak_log,{'axis': 'y'},
"(4, 16, 4)",minecraft:stripped_oak_log,{'axis': 'y'},
"(5, 16, 4)",minecraft:oak_slab,"{'type': 'top', 'waterlogged': 'false'}",
"(6, 16, 4)",minecraft:oak_slab,"{'type': 'top', 'waterlogged': 'false'}",
"(7, 16, 4)",minecraft:oak_slab,"{'type': 'top', 'waterlogged': 'false'}",
"(8, 16, 4)",minecraft:oak_stairs,"{'facing': 'west', 'half': 'bottom', 'shape': 'straight', 'waterlogged': 'false'}",
"(10, 16, 4)",minecraft:stripped_oak_log,{'axis': 'y'},
"(4, 16, 5)",minecraft:brick_stairs,"{'facing': 'east', 'half': 'top', 'shape': 'straight', 'waterlogged': 'false'}",
"(5, 16, 5)",minecraft:oak_slab,"{'type': 'top', 'waterlogged': 'false'}",
"(6, 16, 5)",minecraft:oak_slab,"{'type': 'top', 'waterlogged': 'false'}",
"(7, 16, 5)",minecraft:oak_slab,"{'type': 'top', 'waterlogged': 'false'}",
"(8, 16, 5)",minecraft:oak_slab,"{'type': 'top', 'waterlogged': 'false'}",
"(10, 16, 5)",minecraft:brick_stairs,"{'facing': 'west', 'half': 'top', 'shape': 'straight', 'waterlogged': 'false'}",
"(3, 16, 6)",minecraft:spruce_trapdoor,"{'facing': 'west', 'half': 'top', 'open': 'true', 'powered': 'false', 'waterlogged': 'false'}",
"(4, 16, 6)",minecraft:barrel,"{'facing': 'up', 'open': 'false'}","{components: {}, Items: [], id: ""minecraft:barrel""}"
"(5, 16, 6)",minecraft:oak_slab,"{'type': 'top', 'waterlogged': 'false'}",
"(6, 16, 6)",minecraft:oak_slab,"{'type': 'top', 'waterlogged': 'false'}",
"(7, 16, 6)",minecraft:barrel,"{'facing': 'up', 'open': 'false'}","{components: {}, Items: [], id: ""minecraft:barrel""}"
"(8, 16, 6)",minecraft:oak_slab,"{'type': 'top', 'waterlogged': 'false'}",
"(10, 16, 6)",minecraft:barrel,"{'facing': 'up', 'open': 'false'}","{components: {}, Items: [], id: ""minecraft:barrel""}"
"(11, 16, 6)",minecraft:spruce_trapdoor,"{'facing': 'east', 'half': 'top', 'open': 'true', 'powered': 'false', 'waterlogged': 'false'}",
"(4, 16, 7)",minecraft:brick_stairs,"{'facing': 'east', 'half': 'top', 'shape': 'straight', 'waterlogged': 'false'}",
"(5, 16, 7)",minecraft:oak_slab,"{'type': 'top', 'waterlogged': 'false'}",
"(6, 16, 7)",minecraft:oak_slab,"{'type': 'top', 'waterlogged': 'false'}",
"(7, 16, 7)",minecraft:oak_slab,"{'type': 'top', 'waterlogged': 'false'}",
"(8, 16, 7)",minecraft:oak_slab,"{'type': 'top', 'waterlogged': 'false'}",
"(9, 16, 7)",minecraft:spruce_trapdoor,"{'facing': 'north', 'half': 'top', 'open': 'false', 'powered': 'false', 'waterlogged': 'false'}",
"(10, 16, 7)",minecraft:polished_granite_stairs,"{'facing': 'west', 'half': 'top', 'shape': 'straight', 'waterlogged': 'false'}",
"(4, 16, 8)",minecraft:stripped_oak_log,{'axis': 'y'},
"(5, 16, 8)",minecraft:oak_slab,"{'type': 'top', 'waterlogged': 'false'}",
"(6, 16, 8)",minecraft:oak_slab,"{'type': 'top', 'waterlogged': 'false'}",
"(7, 16, 8)",minecraft:oak_slab,"{'type': 'top', 'waterlogged': 'false'}",
"(8, 16, 8)",minecraft:oak_slab,"{'type': 'top', 'waterlogged': 'false'}",
"(9, 16, 8)",minecraft:oak_slab,"{'type': 'top', 'waterlogged': 'false'}",
"(10, 16, 8)",minecraft:stripped_oak_log,{'axis': 'y'},
"(5, 16, 9)",minecraft:stripped_oak_log,{'axis': 'y'},
"(6, 16, 9)",minecraft:brick_stairs,"{'facing': 'north', 'half': 'top', 'shape': 'straight', 'waterlogged': 'false'}",
"(7, 16, 9)",minecraft:barrel,"{'facing': 'up', 'open': 'false'}","{components: {}, Items: [], id: ""minecraft:barrel""}"
"(8, 16, 9)",minecraft:granite_stairs,"{'facing': 'north', 'half': 'top', 'shape': 'straight', 'waterlogged': 'false'}",
"(9, 16, 9)",minecraft:stripped_oak_log,{'axis': 'y'},
"(7, 16, 10)",minecraft:spruce_trapdoor,"{'facing': 'south', 'half': 'top', 'open': 'true', 'powered': 'false', 'waterlogged': 'false'}",
"(3, 16, 12)",minecraft:spruce_trapdoor,"{'facing': 'south', 'half': 'top', 'open': 'false', 'powered': 'false', 'waterlogged': 'false'}",
"(4, 16, 12)",minecraft:spruce_trapdoor,"{'facing': 'south', 'half': 'top', 'open': 'false', 'powered': 'false', 'waterlogged': 'false'}",
"(5, 16, 12)",minecraft:spruce_trapdoor,"{'facing': 'south', 'half': 'top', 'open': 'false', 'powered': 'false', 'waterlogged': 'false'}",
"(6, 16, 12)",minecraft:spruce_trapdoor,"{'facing': 'south', 'half': 'top', 'open': 'false', 'powered': 'false', 'waterlogged': 'false'}",
"(7, 16, 12)",minecraft:grindstone,"{'face': 'ceiling', 'facing': 'east'}",
"(9, 16, 12)",minecraft:white_wool,{},
"(10, 16, 12)",minecraft:white_wool,{},
"(11, 16, 12)",minecraft:white_wool,{},
"(12, 16, 12)",minecraft:spruce_fence,"{'east': 'true', 'north': 'false', 'south': 'false', 'waterlogged': 'false', 'west': 'true'}",
"(13, 16, 12)",minecraft:spruce_fence,"{'east': 'true', 'north': 'false', 'south': 'false', 'waterlogged': 'false', 'west': 'true'}",
"(14, 16, 12)",minecraft:spruce_stairs,"{'facing': 'west', 'half': 'bottom', 'shape': 'straight', 'waterlogged': 'false'}",
"(5, 17, 2)",minecraft:oak_wall_sign,"{'facing': 'north', 'waterlogged': 'false'}","{back_text: {has_glowing_text: 0b, color: ""black"", messages: ["""", """", """", """"]}, components: {}, is_waxed: 0b, id: ""minecraft:sign"", front_text: {has_glowing_text: 0b, color: ""black"", messages: [""                        ●"", """", """", ""                        ●""]}}"
"(6, 17, 2)",minecraft:oak_wall_sign,"{'facing': 'north', 'waterlogged': 'false'}","{back_text: {has_glowing_text: 0b, color: ""black"", messages: ["""", """", """", """"]}, components: {}, is_waxed: 0b, id: ""minecraft:sign"", front_text: {has_glowing_text: 0b, color: ""black"", messages: ["""", """", """", """"]}}"
"(7, 17, 2)",minecraft:spruce_trapdoor,"{'facing': 'north', 'half': 'bottom', 'open': 'true', 'powered': 'false', 'waterlogged': 'false'}",
"(8, 17, 2)",minecraft:oak_wall_sign,"{'facing': 'north', 'waterlogged': 'false'}","{back_text: {has_glowing_text: 0b, color: ""black"", messages: ["""", """", """", """"]}, components: {}, is_waxed: 0b, id: ""minecraft:sign"", front_text: {has_glowing_text: 0b, color: ""black"", messages: ["""", """", """", """"]}}"
"(9, 17, 2)",minecraft:oak_wall_sign,"{'facing': 'north', 'waterlogged': 'false'}","{back_text: {has_glowing_text: 0b, color: ""black"", messages: ["""", """", """", """"]}, components: {}, is_waxed: 0b, id: ""minecraft:sign"", front_text: {has_glowing_text: 0b, color: ""black"", messages: [""●                         "", """", """", ""●                         ""]}}"
"(5, 17, 3)",minecraft:stripped_oak_log,{'axis': 'y'},
"(6, 17, 3)",minecraft:brick_stairs,"{'facing': 'south', 'half': 'bottom', 'shape': 'straight', 'waterlogged': 'false'}",
"(7, 17, 3)",minecraft:barrel,"{'facing': 'up', 'open': 'false'}","{components: {}, Items: [], id: ""minecraft:barrel""}"
"(8, 17, 3)",minecraft:granite_stairs,"{'facing': 'south', 'half': 'bottom', 'shape': 'straight', 'waterlogged': 'false'}",
"(9, 17, 3)",minecraft:stripped_oak_log,{'axis': 'y'},
"(3, 17, 4)",minecraft:oak_wall_sign,"{'facing': 'west', 'waterlogged': 'false'}","{back_text: {has_glowing_text: 0b, color: ""black"", messages: ["""", """", """", """"]}, components: {}, is_waxed: 0b, id: ""minecraft:sign"", front_text: {has_glowing_text: 0b, color: ""black"", messages: [""●                        "", """", """", ""●                        ""]}}"
"(4, 17, 4)",minecraft:stripped_oak_log,{'axis': 'y'},
"(6, 17, 4)",minecraft:leaf_litter,"{'facing': 'east', 'segment_amount': '1'}",
"(10, 17, 4)",minecraft:stripped_oak_log,{'axis': 'y'},
"(11, 17, 4)",minecraft:oak_wall_sign,"{'facing': 'east', 'waterlogged': 'false'}","{back_text: {has_glowing_text: 0b, color: ""black"", messages: ["""", """", """", """"]}, components: {}, is_waxed: 0b, id: ""minecraft:sign"", front_text: {has_glowing_text: 0b, color: ""black"", messages: [""                        ●"", """", """", ""                        ●""]}}"
"(4, 17, 5)",minecraft:polished_granite,{},
"(5, 17, 5)",minecraft:leaf_litter,"{'facing': 'east', 'segment_amount': '1'}",
"(6, 17, 5)",minecraft:spruce_fence,"{'east': 'true', 'north': 'false', 'south': 'true', 'waterlogged': 'false', 'west': 'false'}",
"(7, 17, 5)",minecraft:oak_fence_gate,"{'facing': 'south', 'in_wall': 'false', 'open': 'false', 'powered': 'false'}",
"(8, 17, 5)",minecraft:oak_fence,"{'east': 'false', 'north': 'false', 'south': 'true', 'waterlogged': 'false', 'west': 'true'}",
"(10, 17, 5)",minecraft:bricks,{},
"(11, 17, 5)",minecraft:oak_wall_sign,"{'facing': 'east', 'waterlogged': 'false'}","{back_text: {has_glowing_text: 0b, color: ""black"", messages: ["""", """", """", """"]}, components: {}, is_waxed: 0b, id: ""minecraft:sign"", front_text: {has_glowing_text: 0b, color: ""black"", messages: ["""", """", """", """"]}}"
"(3, 17, 6)",minecraft:spruce_trapdoor,"{'facing': 'west', 'half': 'bottom', 'open': 'true', 'powered': 'false', 'waterlogged': 'false'}",
"(4, 17, 6)",minecraft:barrel,"{'facing': 'up', 'open': 'false'}","{components: {}, Items: [], id: ""minecraft:barrel""}"
"(6, 17, 6)",minecraft:oak_fence_gate,"{'facing': 'east', 'in_wall': 'false', 'open': 'false', 'powered': 'false'}",
"(7, 17, 6)",minecraft:grindstone,"{'face': 'floor', 'facing': 'south'}",
"(8, 17, 6)",minecraft:spruce_fence_gate,"{'facing': 'west', 'in_wall': 'false', 'open': 'false', 'powered': 'false'}",
"(10, 17, 6)",minecraft:barrel,"{'facing': 'up', 'open': 'false'}","{components: {}, Items: [], id: ""minecraft:barrel""}"
"(11, 17, 6)",minecraft:spruce_trapdoor,"{'facing': 'east', 'half': 'bottom', 'open': 'true', 'powered': 'false', 'waterlogged': 'false'}",
"(4, 17, 7)",minecraft:bricks,{},
"(5, 17, 7)",minecraft:leaf_litter,"{'facing': 'north', 'segment_amount': '1'}",
"(6, 17, 7)",minecraft:oak_fence_gate,"{'facing': 'east', 'in_wall': 'false', 'open': 'false', 'powered': 'false'}",
"(7, 17, 7)",minecraft:barrel,"{'facing': 'north', 'open': 'false'}","{components: {}, Items: [], id: ""minecraft:barrel""}"
"(8, 17, 7)",minecraft:spruce_fence_gate,"{'facing': 'west', 'in_wall': 'false', 'open': 'false', 'powered': 'false'}",
"(9, 17, 7)",minecraft:repeating_command_block,"{'conditional': 'false', 'facing': 'north'}","{conditionMet: 0b, auto: 0b, components: {}, powered: 0b, Command: """", id: ""minecraft:command_block"", SuccessCount: 0, TrackOutput: 1b, UpdateLastExecution: 1b}"
"(10, 17, 7)",minecraft:granite,{},
"(11, 17, 7)",minecraft:spruce_wall_sign,"{'facing': 'east', 'waterlogged': 'false'}","{back_text: {has_glowing_text: 0b, color: ""black"", messages: ["""", """", """", """"]}, components: {}, is_waxed: 0b, id: ""minecraft:sign"", front_text: {has_glowing_text: 0b, color: ""black"", messages: ["""", """", """", """"]}}"
"(3, 17, 8)",minecraft:oak_wall_sign,"{'facing': 'west', 'waterlogged': 'false'}","{back_text: {has_glowing_text: 0b, color: ""black"", messages: ["""", """", """", """"]}, components: {}, is_waxed: 0b, id: ""minecraft:sign"", front_text: {has_glowing_text: 0b, color: ""black"", messages: [""                        ●"", """", """", ""                        ●""]}}"
"(4, 17, 8)",minecraft:stripped_oak_log,{'axis': 'y'},
"(5, 17, 8)",minecraft:repeating_command_block,"{'conditional': 'false', 'facing': 'north'}","{conditionMet: 0b, auto: 0b, components: {}, powered: 0b, Command: """", id: ""minecraft:command_block"", SuccessCount: 0, TrackOutput: 1b, UpdateLastExecution: 1b}"
"(6, 17, 8)",minecraft:oak_fence_gate,"{'facing': 'east', 'in_wall': 'false', 'open': 'false', 'powered': 'false'}",
"(7, 17, 8)",minecraft:barrel,"{'facing': 'north', 'open': 'false'}","{components: {}, Items: [], id: ""minecraft:barrel""}"
"(8, 17, 8)",minecraft:oak_fence_gate,"{'facing': 'west', 'in_wall': 'false', 'open': 'false', 'powered': 'false'}",
"(9, 17, 8)",minecraft:leaf_litter,"{'facing': 'north', 'segment_amount': '1'}",
"(10, 17, 8)",minecraft:stripped_oak_log,{'axis': 'y'},
"(11, 17, 8)",minecraft:oak_wall_sign,"{'facing': 'east', 'waterlogged': 'false'}","{back_text: {has_glowing_text: 0b, color: ""black"", messages: ["""", """", """", """"]}, components: {}, is_waxed: 0b, id: ""minecraft:sign"", front_text: {has_glowing_text: 0b, color: ""black"", messages: [""●                        "", """", """", ""●                        ""]}}"
"(5, 17, 9)",minecraft:stripped_oak_log,{'axis': 'y'},
"(6, 17, 9)",minecraft:bricks,{},
"(7, 17, 9)",minecraft:barrel,"{'facing': 'up', 'open': 'false'}","{components: {}, Items: [], id: ""minecraft:barrel""}"
"(8, 17, 9)",minecraft:granite,{},
"(9, 17, 9)",minecraft:stripped_oak_log,{'axis': 'y'},
"(5, 17, 10)",minecraft:oak_wall_sign,"{'facing': 'south', 'waterlogged': 'false'}","{back_text: {has_glowing_text: 0b, color: ""black"", messages: ["""", """", """", """"]}, components: {}, is_waxed: 0b, id: ""minecraft:sign"", front_text: {has_glowing_text: 0b, color: ""black"", messages: [""●                        "", """", """", ""●                        ""]}}"
"(6, 17, 10)",minecraft:oak_wall_sign,"{'facing': 'south', 'waterlogged': 'false'}","{back_text: {has_glowing_text: 0b, color: ""black"", messages: ["""", """", """", """"]}, components: {}, is_waxed: 0b, id: ""minecraft:sign"", front_text: {has_glowing_text: 0b, color: ""black"", messages: [""                        ●"", """", """", ""                        ●""]}}"
"(7, 17, 10)",minecraft:barrel,"{'facing': 'south', 'open': 'false'}","{components: {}, Items: [], id: ""minecraft:barrel""}"
"(8, 17, 10)",minecraft:oak_wall_sign,"{'facing': 'south', 'waterlogged': 'false'}","{back_text: {has_glowing_text: 0b, color: ""black"", messages: ["""", """", """", """"]}, components: {}, is_waxed: 0b, id: ""minecraft:sign"", front_text: {has_glowing_text: 0b, color: ""black"", messages: [""●                        "", """", """", ""●                        ""]}}"
"(9, 17, 10)",minecraft:oak_wall_sign,"{'facing': 'south', 'waterlogged': 'false'}","{back_text: {has_glowing_text: 0b, color: ""black"", messages: ["""", """", """", """"]}, components: {}, is_waxed: 0b, id: ""minecraft:sign"", front_text: {has_glowing_text: 0b, color: ""black"", messages: [""                        ●"", """", """", ""                        ●""]}}"
"(7, 17, 11)",minecraft:barrel,"{'facing': 'south', 'open': 'false'}","{components: {}, Items: [], id: ""minecraft:barrel""}"
"(1, 17, 12)",minecraft:spruce_trapdoor,"{'facing': 'south', 'half': 'top', 'open': 'false', 'powered': 'false', 'waterlogged': 'false'}",
"(2, 17, 12)",minecraft:spruce_stairs,"{'facing': 'east', 'half': 'top', 'shape': 'straight', 'waterlogged': 'false'}",
"(3, 17, 12)",minecraft:spruce_fence,"{'east': 'true', 'north': 'false', 'south': 'false', 'waterlogged': 'false', 'west': 'true'}",
"(4, 17, 12)",minecraft:spruce_fence,"{'east': 'true', 'north': 'false', 'south': 'false', 'waterlogged': 'false', 'west': 'true'}",
"(5, 17, 12)",minecraft:spruce_fence,"{'east': 'false', 'north': 'false', 'south': 'false', 'waterlogged': 'false', 'west': 'true'}",
"(6, 17, 12)",minecraft:grindstone,"{'face': 'wall', 'facing': 'west'}",
"(7, 17, 12)",minecraft:barrel,"{'facing': 'north', 'open': 'false'}","{components: {}, Items: [], id: ""minecraft:barrel""}"
"(8, 17, 12)",minecraft:grindstone,"{'face': 'wall', 'facing': 'east'}",
"(9, 17, 12)",minecraft:spruce_fence,"{'east': 'true', 'north': 'false', 'south': 'false', 'waterlogged': 'false', 'west': 'false'}",
"(10, 17, 12)",minecraft:spruce_fence,"{'east': 'true', 'north': 'false', 'south': 'false', 'waterlogged': 'false', 'west': 'true'}",
"(11, 17, 12)",minecraft:spruce_fence,"{'east': 'true', 'north': 'false', 'south': 'false', 'waterlogged': 'false', 'west': 'true'}",
"(12, 17, 12)",minecraft:spruce_stairs,"{'facing': 'west', 'half': 'bottom', 'shape': 'straight', 'waterlogged': 'false'}",
"(13, 17, 12)",minecraft:spruce_trapdoor,"{'facing': 'south', 'half': 'bottom', 'open': 'false', 'powered': 'false', 'waterlogged': 'false'}",
"(7, 17, 13)",minecraft:stone_button,"{'face': 'wall', 'facing': 'south', 'powered': 'false'}",
"(6, 18, 2)",minecraft:oak_fence_gate,"{'facing': 'north', 'in_wall': 'false', 'open': 'false', 'powered': 'false'}",
"(7, 18, 2)",minecraft:oak_fence,"{'east': 'true', 'north': 'false', 'south': 'true', 'waterlogged': 'false', 'west': 'true'}",
"(8, 18, 2)",minecraft:oak_fence_gate,"{'facing': 'north', 'in_wall': 'false', 'open': 'false', 'powered': 'false'}",
"(4, 18, 3)",minecraft:oak_trapdoor,"{'facing': 'north', 'half': 'top', 'open': 'false', 'powered': 'false', 'waterlogged': 'false'}",
"(5, 18, 3)",minecraft:stripped_oak_log,{'axis': 'y'},
"(7, 18, 3)",minecraft:oak_fence,"{'east': 'false', 'north': 'true', 'south': 'false', 'waterlogged': 'false', 'west': 'false'}",
"(9, 18, 3)",minecraft:stripped_oak_log,{'axis': 'y'},
"(10, 18, 3)",minecraft:oak_trapdoor,"{'facing': 'east', 'half': 'top', 'open': 'false', 'powered': 'false', 'waterlogged': 'false'}",
"(4, 18, 4)",minecraft:stripped_oak_log,{'axis': 'y'},
"(5, 18, 4)",minecraft:spruce_trapdoor,"{'facing': 'east', 'half': 'top', 'open': 'false', 'powered': 'false', 'waterlogged': 'false'}",
"(9, 18, 4)",minecraft:spruce_trapdoor,"{'facing': 'west', 'half': 'top', 'open': 'false', 'powered': 'false', 'waterlogged': 'false'}",
"(10, 18, 4)",minecraft:stripped_oak_log,{'axis': 'y'},
"(4, 18, 5)",minecraft:brick_stairs,"{'facing': 'east', 'half': 'bottom', 'shape': 'straight', 'waterlogged': 'false'}",
"(10, 18, 5)",minecraft:brick_stairs,"{'facing': 'west', 'half': 'bottom', 'shape': 'straight', 'waterlogged': 'false'}",
"(3, 18, 6)",minecraft:oak_slab,"{'type': 'top', 'waterlogged': 'false'}",
"(4, 18, 6)",minecraft:oak_stairs,"{'facing': 'east', 'half': 'top', 'shape': 'straight', 'waterlogged': 'false'}",
"(10, 18, 6)",minecraft:oak_stairs,"{'facing': 'west', 'half': 'top', 'shape': 'straight', 'waterlogged': 'false'}",
"(11, 18, 6)",minecraft:oak_slab,"{'type': 'top', 'waterlogged': 'false'}",
"(4, 18, 7)",minecraft:brick_stairs,"{'facing': 'east', 'half': 'bottom', 'shape': 'straight', 'waterlogged': 'false'}",
"(10, 18, 7)",minecraft:brick_stairs,"{'facing': 'west', 'half': 'bottom', 'shape': 'straight', 'waterlogged': 'false'}",
"(4, 18, 8)",minecraft:stripped_oak_log,{'axis': 'y'},
"(5, 18, 8)",minecraft:repeating_command_block,"{'conditional': 'false', 'facing': 'north'}","{conditionMet: 0b, auto: 0b, components: {}, powered: 0b, Command: """", id: ""minecraft:command_block"", SuccessCount: 0, TrackOutput: 1b, UpdateLastExecution: 1b}"
"(10, 18, 8)",minecraft:stripped_oak_log,{'axis': 'y'},
"(4, 18, 9)",minecraft:oak_trapdoor,"{'facing': 'west', 'half': 'top', 'open': 'false', 'powered': 'false', 'waterlogged': 'false'}",
"(5, 18, 9)",minecraft:stripped_oak_log,{'axis': 'y'},
"(6, 18, 9)",minecraft:brick_stairs,"{'facing': 'north', 'half': 'bottom', 'shape': 'straight', 'waterlogged': 'false'}",
"(7, 18, 9)",minecraft:oak_stairs,"{'facing': 'south', 'half': 'bottom', 'shape': 'straight', 'waterlogged': 'false'}",
"(8, 18, 9)",minecraft:brick_stairs,"{'facing': 'north', 'half': 'bottom', 'shape': 'straight', 'waterlogged': 'false'}",
"(9, 18, 9)",minecraft:stripped_oak_log,{'axis': 'y'},
"(10, 18, 9)",minecraft:oak_trapdoor,"{'facing': 'south', 'half': 'top', 'open': 'false', 'powered': 'false', 'waterlogged': 'false'}",
"(7, 18, 10)",minecraft:oak_slab,"{'type': 'top', 'waterlogged': 'false'}",
"(0, 18, 12)",minecraft:spruce_stairs,"{'facing': 'east', 'half': 'top', 'shape': 'straight', 'waterlogged': 'false'}",
"(1, 18, 12)",minecraft:spruce_fence,"{'east': 'true', 'north': 'false', 'south': 'false', 'waterlogged': 'false', 'west': 'true'}",
"(2, 18, 12)",minecraft:spruce_fence,"{'east': 'true', 'north': 'false', 'south': 'false', 'waterlogged': 'false', 'west': 'true'}",
"(3, 18, 12)",minecraft:white_wool,{},
"(4, 18, 12)",minecraft:white_wool,{},
"(5, 18, 12)",minecraft:white_wool,{},
"(7, 18, 12)",minecraft:grindstone,"{'face': 'floor', 'facing': 'west'}",
"(9, 18, 12)",minecraft:spruce_trapdoor,"{'facing': 'south', 'half': 'bottom', 'open': 'false', 'powered': 'false', 'waterlogged': 'false'}",
"(10, 18, 12)",minecraft:spruce_trapdoor,"{'facing': 'south', 'half': 'bottom', 'open': 'false', 'powered': 'false', 'waterlogged': 'false'}",
"(11, 18, 12)",minecraft:spruce_trapdoor,"{'facing': 'south', 'half': 'bottom', 'open': 'false', 'powered': 'false', 'waterlogged': 'false'}",
"(3, 19, 2)",minecraft:oak_slab,"{'type': 'top', 'waterlogged': 'false'}",
"(4, 19, 2)",minecraft:oak_stairs,"{'facing': 'south', 'half': 'top', 'shape': 'straight', 'waterlogged': 'false'}",
"(5, 19, 2)",minecraft:oak_stairs,"{'facing': 'south', 'half': 'top', 'shape': 'straight', 'waterlogged': 'false'}",
"(6, 19, 2)",minecraft:oak_fence_gate,"{'facing': 'south', 'in_wall': 'false', 'open': 'false', 'powered': 'false'}",
"(7, 19, 2)",minecraft:oak_fence,"{'east': 'true', 'north': 'false', 'south': 'false', 'waterlogged': 'false', 'west': 'true'}",
"(8, 19, 2)",minecraft:oak_fence_gate,"{'facing': 'south', 'in_wall': 'false', 'open': 'false', 'powered': 'false'}",
"(9, 19, 2)",minecraft:oak_stairs,"{'facing': 'south', 'half': 'top', 'shape': 'straight', 'waterlogged': 'false'}",
"(10, 19, 2)",minecraft:oak_stairs,"{'facing': 'south', 'half': 'top', 'shape': 'straight', 'waterlogged': 'false'}",
"(11, 19, 2)",minecraft:oak_slab,"{'type': 'top', 'waterlogged': 'false'}",
"(3, 19, 3)",minecraft:oak_stairs,"{'facing': 'east', 'half': 'top', 'shape': 'straight', 'waterlogged': 'false'}",
"(4, 19, 3)",minecraft:barrel,"{'facing': 'up', 'open': 'false'}","{components: {}, Items: [], id: ""minecraft:barrel""}"
"(5, 19, 3)",minecraft:stripped_oak_wood,{'axis': 'y'},
"(9, 19, 3)",minecraft:stripped_oak_wood,{'axis': 'y'},
"(10, 19, 3)",minecraft:barrel,"{'facing': 'up', 'open': 'false'}","{components: {}, Items: [], id: ""minecraft:barrel""}"
"(11, 19, 3)",minecraft:oak_stairs,"{'facing': 'west', 'half': 'top', 'shape': 'straight', 'waterlogged': 'false'}",
"(3, 19, 4)",minecraft:oak_stairs,"{'facing': 'east', 'half': 'top', 'shape': 'straight', 'waterlogged': 'false'}",
"(4, 19, 4)",minecraft:stripped_oak_wood,{'axis': 'y'},
"(5, 19, 4)",minecraft:repeating_command_block,"{'conditional': 'false', 'facing': 'east'}","{conditionMet: 0b, auto: 0b, components: {}, powered: 0b, Command: """", id: ""minecraft:command_block"", SuccessCount: 0, TrackOutput: 1b, UpdateLastExecution: 1b}"
"(9, 19, 4)",minecraft:repeating_command_block,"{'conditional': 'false', 'facing': 'west'}","{conditionMet: 0b, auto: 0b, components: {}, powered: 0b, Command: """", id: ""minecraft:command_block"", SuccessCount: 0, TrackOutput: 1b, UpdateLastExecution: 1b}"
"(10, 19, 4)",minecraft:stripped_oak_wood,{'axis': 'y'},
"(11, 19, 4)",minecraft:oak_stairs,"{'facing': 'west', 'half': 'top', 'shape': 'straight', 'waterlogged': 'false'}",
"(4, 19, 5)",minecraft:oak_fence_gate,"{'facing': 'west', 'in_wall': 'false', 'open': 'false', 'powered': 'false'}",
"(10, 19, 5)",minecraft:oak_fence_gate,"{'facing': 'east', 'in_wall': 'false', 'open': 'false', 'powered': 'false'}",
"(4, 19, 6)",minecraft:oak_fence_gate,"{'facing': 'west', 'in_wall': 'false', 'open': 'false', 'powered': 'false'}",
"(10, 19, 6)",minecraft:oak_fence_gate,"{'facing': 'east', 'in_wall': 'false', 'open': 'false', 'powered': 'false'}",
"(4, 19, 7)",minecraft:oak_fence_gate,"{'facing': 'west', 'in_wall': 'false', 'open': 'false', 'powered': 'false'}",
"(10, 19, 7)",minecraft:oak_fence_gate,"{'facing': 'east', 'in_wall': 'false', 'open': 'false', 'powered': 'false'}",
"(3, 19, 8)",minecraft:oak_stairs,"{'facing': 'east', 'half': 'top', 'shape': 'straight', 'waterlogged': 'false'}",
"(4, 19, 8)",minecraft:stripped_oak_wood,{'axis': 'y'},
"(5, 19, 8)",minecraft:repeating_command_block,"{'conditional': 'false', 'facing': 'north'}","{conditionMet: 0b, auto: 0b, components: {}, powered: 0b, Command: """", id: ""minecraft:command_block"", SuccessCount: 0, TrackOutput: 1b, UpdateLastExecution: 1b}"
"(10, 19, 8)",minecraft:stripped_oak_wood,{'axis': 'y'},
"(11, 19, 8)",minecraft:oak_stairs,"{'facing': 'west', 'half': 'top', 'shape': 'straight', 'waterlogged': 'false'}",
"(3, 19, 9)",minecraft:oak_stairs,"{'facing': 'east', 'half': 'top', 'shape': 'straight', 'waterlogged': 'false'}",
"(4, 19, 9)",minecraft:barrel,"{'facing': 'up', 'open': 'false'}","{components: {}, Items: [], id: ""minecraft:barrel""}"
"(5, 19, 9)",minecraft:stripped_oak_wood,{'axis': 'y'},
"(6, 19, 9)",minecraft:stripped_oak_log,{'axis': 'x'},
"(7, 19, 9)",minecraft:stripped_oak_log,{'axis': 'x'},
"(8, 19, 9)",minecraft:stripped_oak_log,{'axis': 'x'},
"(9, 19, 9)",minecraft:stripped_oak_wood,{'axis': 'y'},
"(10, 19, 9)",minecraft:barrel,"{'facing': 'up', 'open': 'false'}","{components: {}, Items: [], id: ""minecraft:barrel""}"
"(11, 19, 9)",minecraft:oak_stairs,"{'facing': 'west', 'half': 'top', 'shape': 'straight', 'waterlogged': 'false'}",
"(3, 19, 10)",minecraft:oak_slab,"{'type': 'top', 'waterlogged': 'false'}",
"(4, 19, 10)",minecraft:oak_stairs,"{'facing': 'north', 'half': 'top', 'shape': 'straight', 'waterlogged': 'false'}",
"(5, 19, 10)",minecraft:oak_stairs,"{'facing': 'north', 'half': 'top', 'shape': 'straight', 'waterlogged': 'false'}",
"(6, 19, 10)",minecraft:oak_fence_gate,"{'facing': 'north', 'in_wall': 'false', 'open': 'false', 'powered': 'false'}",
"(7, 19, 10)",minecraft:oak_fence,"{'east': 'true', 'north': 'true', 'south': 'false', 'waterlogged': 'false', 'west': 'true'}",
"(8, 19, 10)",minecraft:oak_fence_gate,"{'facing': 'north', 'in_wall': 'false', 'open': 'false', 'powered': 'false'}",
"(9, 19, 10)",minecraft:oak_stairs,"{'facing': 'north', 'half': 'top', 'shape': 'straight', 'waterlogged': 'false'}",
"(10, 19, 10)",minecraft:oak_stairs,"{'facing': 'north', 'half': 'top', 'shape': 'straight', 'waterlogged': 'false'}",
"(11, 19, 10)",minecraft:oak_slab,"{'type': 'top', 'waterlogged': 'false'}",
"(3, 19, 11)",minecraft:white_wool,{},
"(4, 19, 11)",minecraft:white_wool,{},
"(0, 19, 12)",minecraft:spruce_fence,"{'east': 'true', 'north': 'false', 'south': 'false', 'waterlogged': 'false', 'west': 'true'}",
"(1, 19, 12)",minecraft:white_wool,{},
"(2, 19, 12)",minecraft:white_wool,{},
"(3, 19, 12)",minecraft:white_stained_glass_pane,"{'east': 'true', 'north': 'true', 'south': 'false', 'waterlogged': 'false', 'west': 'true'}",
"(4, 19, 12)",minecraft:white_stained_glass_pane,"{'east': 'false', 'north': 'true', 'south': 'false', 'waterlogged': 'false', 'west': 'true'}",
"(6, 19, 12)",minecraft:spruce_trapdoor,"{'facing': 'west', 'half': 'top', 'open': 'true', 'powered': 'false', 'waterlogged': 'false'}",
"(7, 19, 12)",minecraft:spruce_fence,"{'east': 'true', 'north': 'false', 'south': 'false', 'waterlogged': 'false', 'west': 'true'}",
"(8, 19, 12)",minecraft:white_wool,{},
"(4, 20, 2)",minecraft:oak_stairs,"{'facing': 'east', 'half': 'bottom', 'shape': 'straight', 'waterlogged': 'false'}",
"(5, 20, 2)",minecraft:oak_stairs,"{'facing': 'west', 'half': 'top', 'shape': 'straight', 'waterlogged': 'false'}",
"(6, 20, 2)",minecraft:spruce_fence_gate,"{'facing': 'north', 'in_wall': 'false', 'open': 'false', 'powered': 'false'}",
"(7, 20, 2)",minecraft:oak_fence,"{'east': 'true', 'north': 'false', 'south': 'false', 'waterlogged': 'false', 'west': 'true'}",
"(8, 20, 2)",minecraft:spruce_fence_gate,"{'facing': 'north', 'in_wall': 'false', 'open': 'false', 'powered': 'false'}",
"(9, 20, 2)",minecraft:oak_stairs,"{'facing': 'east', 'half': 'top', 'shape': 'straight', 'waterlogged': 'false'}",
"(10, 20, 2)",minecraft:oak_stairs,"{'facing': 'west', 'half': 'bottom', 'shape': 'straight', 'waterlogged': 'false'}",
"(4, 20, 3)",minecraft:oak_stairs,"{'facing': 'east', 'half': 'bottom', 'shape': 'straight', 'waterlogged': 'false'}",
"(5, 20, 3)",minecraft:stripped_oak_wood,{'axis': 'y'},
"(8, 20, 3)",minecraft:cobweb,{},
"(9, 20, 3)",minecraft:stripped_oak_wood,{'axis': 'y'},
"(10, 20, 3)",minecraft:oak_stairs,"{'facing': 'west', 'half': 'bottom', 'shape': 'straight', 'waterlogged': 'false'}",
"(3, 20, 4)",minecraft:oak_slab,"{'type': 'bottom', 'waterlogged': 'false'}",
"(4, 20, 4)",minecraft:stripped_oak_log,{'axis': 'x'},
"(7, 20, 4)",minecraft:lantern,"{'hanging': 'true', 'waterlogged': 'false'}",
"(10, 20, 4)",minecraft:stripped_oak_log,{'axis': 'x'},
"(11, 20, 4)",minecraft:oak_slab,"{'type': 'bottom', 'waterlogged': 'false'}",
"(4, 20, 5)",minecraft:oak_stairs,"{'facing': 'east', 'half': 'bottom', 'shape': 'straight', 'waterlogged': 'false'}",
"(5, 20, 5)",minecraft:cobweb,{},
"(9, 20, 5)",minecraft:oak_slab,"{'type': 'top', 'waterlogged': 'false'}",
"(10, 20, 5)",minecraft:oak_stairs,"{'facing': 'west', 'half': 'bottom', 'shape': 'straight', 'waterlogged': 'false'}",
"(4, 20, 6)",minecraft:oak_stairs,"{'facing': 'east', 'half': 'bottom', 'shape': 'straight', 'waterlogged': 'false'}",
"(9, 20, 6)",minecraft:oak_slab,"{'type': 'top', 'waterlogged': 'false'}",
"(10, 20, 6)",minecraft:oak_stairs,"{'facing': 'west', 'half': 'bottom', 'shape': 'straight', 'waterlogged': 'false'}",
"(4, 20, 7)",minecraft:oak_stairs,"{'facing': 'east', 'half': 'bottom', 'shape': 'straight', 'waterlogged': 'false'}",
"(9, 20, 7)",minecraft:oak_slab,"{'type': 'top', 'waterlogged': 'false'}",
"(10, 20, 7)",minecraft:oak_stairs,"{'facing': 'west', 'half': 'bottom', 'shape': 'straight', 'waterlogged': 'false'}",
"(3, 20, 8)",minecraft:oak_slab,"{'type': 'bottom', 'waterlogged': 'false'}",
"(4, 20, 8)",minecraft:stripped_oak_log,{'axis': 'x'},
"(5, 20, 8)",minecraft:bricks,{},
"(7, 20, 8)",minecraft:cobweb,{},
"(9, 20, 8)",minecraft:polished_granite,{},
"(10, 20, 8)",minecraft:stripped_oak_log,{'axis': 'x'},
"(11, 20, 8)",minecraft:oak_slab,"{'type': 'bottom', 'waterlogged': 'false'}",
"(4, 20, 9)",minecraft:oak_stairs,"{'facing': 'east', 'half': 'bottom', 'shape': 'straight', 'waterlogged': 'false'}",
"(5, 20, 9)",minecraft:oak_slab,"{'type': 'double', 'waterlogged': 'false'}",
"(6, 20, 9)",minecraft:oak_slab,"{'type': 'bottom', 'waterlogged': 'false'}",
"(7, 20, 9)",minecraft:spruce_slab,"{'type': 'bottom', 'waterlogged': 'false'}",
"(8, 20, 9)",minecraft:spruce_slab,"{'type': 'bottom', 'waterlogged': 'false'}",
"(9, 20, 9)",minecraft:oak_slab,"{'type': 'double', 'waterlogged': 'false'}",
"(10, 20, 9)",minecraft:oak_stairs,"{'facing': 'west', 'half': 'bottom', 'shape': 'straight', 'waterlogged': 'false'}",
"(4, 20, 10)",minecraft:oak_stairs,"{'facing': 'east', 'half': 'bottom', 'shape': 'straight', 'waterlogged': 'false'}",
"(5, 20, 10)",minecraft:oak_stairs,"{'facing': 'west', 'half': 'top', 'shape': 'straight', 'waterlogged': 'false'}",
"(9, 20, 10)",minecraft:oak_stairs,"{'facing': 'east', 'half': 'top', 'shape': 'straight', 'waterlogged': 'false'}",
"(10, 20, 10)",minecraft:oak_stairs,"{'facing': 'west', 'half': 'bottom', 'shape': 'straight', 'waterlogged': 'false'}",
"(1, 20, 11)",minecraft:white_wool,{},
"(2, 20, 11)",minecraft:white_wool,{},
"(9, 20, 11)",minecraft:white_wool,{},
"(0, 20, 12)",minecraft:white_wool,{},
"(1, 20, 12)",minecraft:white_stained_glass_pane,"{'east': 'true', 'north': 'true', 'south': 'false', 'waterlogged': 'false', 'west': 'true'}",
"(2, 20, 12)",minecraft:white_stained_glass_pane,"{'east': 'false', 'north': 'true', 'south': 'false', 'waterlogged': 'false', 'west': 'true'}",
"(6, 20, 12)",minecraft:spruce_trapdoor,"{'facing': 'west', 'half': 'top', 'open': 'true', 'powered': 'false', 'waterlogged': 'false'}",
"(7, 20, 12)",minecraft:spruce_fence,"{'east': 'true', 'north': 'false', 'south': 'false', 'waterlogged': 'false', 'west': 'true'}",
"(8, 20, 12)",minecraft:white_wool,{},
"(9, 20, 12)",minecraft:white_stained_glass_pane,"{'east': 'false', 'north': 'true', 'south': 'false', 'waterlogged': 'false', 'west': 'true'}",
"(5, 21, 2)",minecraft:oak_stairs,"{'facing': 'east', 'half': 'bottom', 'shape': 'straight', 'waterlogged': 'false'}",
"(6, 21, 2)",minecraft:oak_stairs,"{'facing': 'west', 'half': 'top', 'shape': 'straight', 'waterlogged': 'false'}",
"(7, 21, 2)",minecraft:oak_fence,"{'east': 'false', 'north': 'false', 'south': 'false', 'waterlogged': 'false', 'west': 'false'}",
"(8, 21, 2)",minecraft:oak_stairs,"{'facing': 'east', 'half': 'top', 'shape': 'straight', 'waterlogged': 'false'}",
"(9, 21, 2)",minecraft:oak_stairs,"{'facing': 'west', 'half': 'bottom', 'shape': 'straight', 'waterlogged': 'false'}",
"(5, 21, 3)",minecraft:oak_stairs,"{'facing': 'east', 'half': 'bottom', 'shape': 'straight', 'waterlogged': 'false'}",
"(6, 21, 3)",minecraft:oak_stairs,"{'facing': 'west', 'half': 'top', 'shape': 'straight', 'waterlogged': 'false'}",
"(7, 21, 3)",minecraft:oak_trapdoor,"{'facing': 'north', 'half': 'top', 'open': 'false', 'powered': 'false', 'waterlogged': 'false'}",
"(8, 21, 3)",minecraft:oak_stairs,"{'facing': 'east', 'half': 'top', 'shape': 'straight', 'waterlogged': 'false'}",
"(9, 21, 3)",minecraft:oak_stairs,"{'facing': 'west', 'half': 'bottom', 'shape': 'straight', 'waterlogged': 'false'}",
"(4, 21, 4)",minecraft:oak_stairs,"{'facing': 'east', 'half': 'bottom', 'shape': 'straight', 'waterlogged': 'false'}",
"(5, 21, 4)",minecraft:stripped_oak_log,{'axis': 'x'},
"(6, 21, 4)",minecraft:stripped_oak_log,{'axis': 'x'},
"(7, 21, 4)",minecraft:stripped_oak_log,{'axis': 'x'},
"(8, 21, 4)",minecraft:stripped_oak_log,{'axis': 'x'},
"(9, 21, 4)",minecraft:stripped_oak_log,{'axis': 'x'},
"(10, 21, 4)",minecraft:oak_stairs,"{'facing': 'west', 'half': 'bottom', 'shape': 'straight', 'waterlogged': 'false'}",
"(5, 21, 5)",minecraft:oak_stairs,"{'facing': 'east', 'half': 'bottom', 'shape': 'straight', 'waterlogged': 'false'}",
"(9, 21, 5)",minecraft:oak_stairs,"{'facing': 'west', 'half': 'bottom', 'shape': 'straight', 'waterlogged': 'false'}",
"(5, 21, 6)",minecraft:oak_stairs,"{'facing': 'east', 'half': 'bottom', 'shape': 'straight', 'waterlogged': 'false'}",
"(9, 21, 6)",minecraft:oak_stairs,"{'facing': 'west', 'half': 'bottom', 'shape': 'straight', 'waterlogged': 'false'}",
"(5, 21, 7)",minecraft:oak_stairs,"{'facing': 'east', 'half': 'bottom', 'shape': 'straight', 'waterlogged': 'false'}",
"(9, 21, 7)",minecraft:oak_stairs,"{'facing': 'west', 'half': 'bottom', 'shape': 'straight', 'waterlogged': 'false'}",
"(4, 21, 8)",minecraft:oak_stairs,"{'facing': 'east', 'half': 'bottom', 'shape': 'straight', 'waterlogged': 'false'}",
"(5, 21, 8)",minecraft:stripped_oak_log,{'axis': 'x'},
"(6, 21, 8)",minecraft:stripped_oak_log,{'axis': 'x'},
"(7, 21, 8)",minecraft:stripped_oak_log,{'axis': 'x'},
"(8, 21, 8)",minecraft:stripped_oak_log,{'axis': 'x'},
"(9, 21, 8)",minecraft:stripped_oak_log,{'axis': 'x'},
"(10, 21, 8)",minecraft:oak_stairs,"{'facing': 'west', 'half': 'bottom', 'shape': 'straight', 'waterlogged': 'false'}",
"(5, 21, 9)",minecraft:oak_stairs,"{'facing': 'east', 'half': 'bottom', 'shape': 'straight', 'waterlogged': 'false'}",
"(6, 21, 9)",minecraft:oak_stairs,"{'facing': 'west', 'half': 'top', 'shape': 'straight', 'waterlogged': 'false'}",
"(8, 21, 9)",minecraft:oak_stairs,"{'facing': 'east', 'half': 'top', 'shape': 'straight', 'waterlogged': 'false'}",
"(9, 21, 9)",minecraft:oak_stairs,"{'facing': 'west', 'half': 'bottom', 'shape': 'straight', 'waterlogged': 'false'}",
"(5, 21, 10)",minecraft:oak_stairs,"{'facing': 'east', 'half': 'bottom', 'shape': 'straight', 'waterlogged': 'false'}",
"(6, 21, 10)",minecraft:oak_stairs,"{'facing': 'west', 'half': 'top', 'shape': 'straight', 'waterlogged': 'false'}",
"(8, 21, 10)",minecraft:oak_stairs,"{'facing': 'east', 'half': 'top', 'shape': 'straight', 'waterlogged': 'false'}",
"(9, 21, 10)",minecraft:oak_stairs,"{'facing': 'west', 'half': 'bottom', 'shape': 'straight', 'waterlogged': 'false'}",
"(9, 21, 11)",minecraft:white_wool,{},
"(6, 21, 12)",minecraft:spruce_trapdoor,"{'facing': 'west', 'half': 'top', 'open': 'true', 'powered': 'false', 'waterlogged': 'false'}",
"(7, 21, 12)",minecraft:spruce_fence,"{'east': 'true', 'north': 'false', 'south': 'false', 'waterlogged': 'false', 'west': 'true'}",
"(8, 21, 12)",minecraft:white_wool,{},
"(9, 21, 12)",minecraft:white_stained_glass_pane,"{'east': 'false', 'north': 'true', 'south': 'false', 'waterlogged': 'false', 'west': 'true'}",
"(6, 22, 2)",minecraft:oak_stairs,"{'facing': 'east', 'half': 'bottom', 'shape': 'straight', 'waterlogged': 'false'}",
"(7, 22, 2)",minecraft:oak_stairs,"{'facing': 'south', 'half': 'top', 'shape': 'straight', 'waterlogged': 'false'}",
"(8, 22, 2)",minecraft:oak_stairs,"{'facing': 'west', 'half': 'bottom', 'shape': 'straight', 'waterlogged': 'false'}",
"(6, 22, 3)",minecraft:oak_stairs,"{'facing': 'east', 'half': 'bottom', 'shape': 'straight', 'waterlogged': 'false'}",
"(7, 22, 3)",minecraft:stripped_oak_log,{'axis': 'z'},
"(8, 22, 3)",minecraft:oak_stairs,"{'facing': 'west', 'half': 'bottom', 'shape': 'straight', 'waterlogged': 'false'}",
"(5, 22, 4)",minecraft:oak_stairs,"{'facing': 'east', 'half': 'bottom', 'shape': 'straight', 'waterlogged': 'false'}",
"(6, 22, 4)",minecraft:stripped_oak_log,{'axis': 'x'},
"(7, 22, 4)",minecraft:stripped_oak_log,{'axis': 'z'},
"(8, 22, 4)",minecraft:stripped_oak_log,{'axis': 'x'},
"(9, 22, 4)",minecraft:oak_stairs,"{'facing': 'west', 'half': 'bottom', 'shape': 'straight', 'waterlogged': 'false'}",
"(6, 22, 5)",minecraft:oak_stairs,"{'facing': 'east', 'half': 'bottom', 'shape': 'straight', 'waterlogged': 'false'}",
"(8, 22, 5)",minecraft:oak_stairs,"{'facing': 'west', 'half': 'bottom', 'shape': 'straight', 'waterlogged': 'false'}",
"(6, 22, 6)",minecraft:oak_stairs,"{'facing': 'east', 'half': 'bottom', 'shape': 'straight', 'waterlogged': 'false'}",
"(8, 22, 6)",minecraft:oak_stairs,"{'facing': 'west', 'half': 'bottom', 'shape': 'straight', 'waterlogged': 'false'}",
"(6, 22, 7)",minecraft:oak_stairs,"{'facing': 'east', 'half': 'bottom', 'shape': 'straight', 'waterlogged': 'false'}",
"(8, 22, 7)",minecraft:oak_stairs,"{'facing': 'west', 'half': 'bottom', 'shape': 'straight', 'waterlogged': 'false'}",
"(5, 22, 8)",minecraft:oak_stairs,"{'facing': 'east', 'half': 'bottom', 'shape': 'straight', 'waterlogged': 'false'}",
"(6, 22, 8)",minecraft:stripped_oak_log,{'axis': 'x'},
"(7, 22, 8)",minecraft:stripped_oak_log,{'axis': 'z'},
"(8, 22, 8)",minecraft:stripped_oak_log,{'axis': 'x'},
"(9, 22, 8)",minecraft:oak_stairs,"{'facing': 'west', 'half': 'bottom', 'shape': 'straight', 'waterlogged': 'false'}",
"(6, 22, 9)",minecraft:oak_stairs,"{'facing': 'east', 'half': 'bottom', 'shape': 'straight', 'waterlogged': 'false'}",
"(7, 22, 9)",minecraft:stripped_oak_log,{'axis': 'z'},
"(8, 22, 9)",minecraft:oak_stairs,"{'facing': 'west', 'half': 'bottom', 'shape': 'straight', 'waterlogged': 'false'}",
"(6, 22, 10)",minecraft:oak_stairs,"{'facing': 'east', 'half': 'bottom', 'shape': 'straight', 'waterlogged': 'false'}",
"(7, 22, 10)",minecraft:oak_stairs,"{'facing': 'north', 'half': 'top', 'shape': 'straight', 'waterlogged': 'false'}",
"(8, 22, 10)",minecraft:oak_stairs,"{'facing': 'west', 'half': 'bottom', 'shape': 'straight', 'waterlogged': 'false'}",
"(10, 22, 11)",minecraft:white_wool,{},
"(7, 22, 12)",minecraft:spruce_stairs,"{'facing': 'east', 'half': 'bottom', 'shape': 'straight', 'waterlogged': 'false'}",
"(8, 22, 12)",minecraft:spruce_fence,"{'east': 'true', 'north': 'false', 'south': 'false', 'waterlogged': 'false', 'west': 'true'}",
"(9, 22, 12)",minecraft:white_wool,{},
"(10, 22, 12)",minecraft:white_stained_glass_pane,"{'east': 'false', 'north': 'true', 'south': 'false', 'waterlogged': 'false', 'west': 'true'}",
"(7, 23, 2)",minecraft:oak_slab,"{'type': 'bottom', 'waterlogged': 'false'}",
"(7, 23, 3)",minecraft:oak_slab,"{'type': 'bottom', 'waterlogged': 'false'}",
"(6, 23, 4)",minecraft:oak_slab,"{'type': 'bottom', 'waterlogged': 'false'}",
"(7, 23, 4)",minecraft:oak_slab,"{'type': 'bottom', 'waterlogged': 'false'}",
"(8, 23, 4)",minecraft:oak_slab,"{'type': 'bottom', 'waterlogged': 'false'}",
"(7, 23, 5)",minecraft:oak_trapdoor,"{'facing': 'west', 'half': 'bottom', 'open': 'false', 'powered': 'false', 'waterlogged': 'false'}",
"(7, 23, 6)",minecraft:oak_trapdoor,"{'facing': 'west', 'half': 'bottom', 'open': 'false', 'powered': 'false', 'waterlogged': 'false'}",
"(7, 23, 7)",minecraft:oak_trapdoor,"{'facing': 'west', 'half': 'bottom', 'open': 'false', 'powered': 'false', 'waterlogged': 'false'}",
"(6, 23, 8)",minecraft:oak_slab,"{'type': 'bottom', 'waterlogged': 'false'}",
"(7, 23, 8)",minecraft:oak_slab,"{'type': 'bottom', 'waterlogged': 'false'}",
"(8, 23, 8)",minecraft:oak_slab,"{'type': 'bottom', 'waterlogged': 'false'}",
"(7, 23, 9)",minecraft:oak_slab,"{'type': 'bottom', 'waterlogged': 'false'}",
"(7, 23, 10)",minecraft:oak_slab,"{'type': 'bottom', 'waterlogged': 'false'}",
"(10, 23, 11)",minecraft:white_wool,{},
"(7, 23, 12)",minecraft:spruce_trapdoor,"{'facing': 'west', 'half': 'bottom', 'open': 'true', 'powered': 'false', 'waterlogged': 'false'}",
"(8, 23, 12)",minecraft:spruce_fence,"{'east': 'true', 'north': 'false', 'south': 'false', 'waterlogged': 'false', 'west': 'true'}",
"(9, 23, 12)",minecraft:white_wool,{},
"(10, 23, 12)",minecraft:white_stained_glass_pane,"{'east': 'false', 'north': 'true', 'south': 'false', 'waterlogged': 'false', 'west': 'true'}",
"(8, 24, 12)",minecraft:spruce_stairs,"{'facing': 'east', 'half': 'bottom', 'shape': 'straight', 'waterlogged': 'false'}",
"(9, 24, 12)",minecraft:spruce_fence,"{'east': 'true', 'north': 'false', 'south': 'false', 'waterlogged': 'false', 'west': 'true'}",
"(10, 24, 12)",minecraft:white_wool,{},
"(9, 25, 12)",minecraft:spruce_trapdoor,"{'facing': 'south', 'half': 'bottom', 'open': 'false', 'powered': 'false', 'waterlogged': 'false'}",
"(10, 25, 12)",minecraft:spruce_trapdoor,"{'facing': 'south', 'half': 'bottom', 'open': 'false', 'powered': 'false', 'waterlogged': 'false'}",
