Position,BlockID,States,Data
"(4, 0, 0)",minecraft:spruce_stairs,"{'facing': 'south', 'half': 'bottom', 'shape': 'straight', 'waterlogged': 'false'}",
"(8, 0, 0)",minecraft:oak_leaves,"{'distance': '7', 'persistent': 'true', 'waterlogged': 'false'}",
"(9, 0, 0)",minecraft:oak_leaves,"{'distance': '7', 'persistent': 'true', 'waterlogged': 'false'}",
"(10, 0, 0)",minecraft:spruce_stairs,"{'facing': 'south', 'half': 'bottom', 'shape': 'straight', 'waterlogged': 'false'}",
"(3, 0, 1)",minecraft:spruce_stairs,"{'facing': 'east', 'half': 'bottom', 'shape': 'straight', 'waterlogged': 'false'}",
"(4, 0, 1)",minecraft:oak_log,{'axis': 'y'},
"(5, 0, 1)",minecraft:tuff_bricks,{},
"(6, 0, 1)",minecraft:tuff_bricks,{},
"(7, 0, 1)",minecraft:stone_bricks,{},
"(8, 0, 1)",minecraft:stone_bricks,{},
"(9, 0, 1)",minecraft:tuff_bricks,{},
"(10, 0, 1)",minecraft:oak_log,{'axis': 'y'},
"(11, 0, 1)",minecraft:spruce_stairs,"{'facing': 'west', 'half': 'bottom', 'shape': 'straight', 'waterlogged': 'false'}",
"(2, 0, 2)",minecraft:spruce_fence,"{'east': 'false', 'north': 'false', 'south': 'true', 'waterlogged': 'false', 'west': 'false'}",
"(3, 0, 2)",minecraft:peony,{'half': 'lower'},
"(4, 0, 2)",minecraft:stone_bricks,{},
"(5, 0, 2)",minecraft:stone_bricks,{},
"(6, 0, 2)",minecraft:stone_bricks,{},
"(7, 0, 2)",minecraft:tuff_bricks,{},
"(8, 0, 2)",minecraft:tuff_bricks,{},
"(9, 0, 2)",minecraft:cobblestone,{},
"(10, 0, 2)",minecraft:stone_bricks,{},
"(11, 0, 2)",minecraft:cobbled_deepslate,{},
"(2, 0, 3)",minecraft:spruce_fence,"{'east': 'false', 'north': 'true', 'south': 'true', 'waterlogged': 'false', 'west': 'false'}",
"(3, 0, 3)",minecraft:flowering_azalea_leaves,"{'distance': '7', 'persistent': 'true', 'waterlogged': 'false'}",
"(4, 0, 3)",minecraft:tuff_bricks,{},
"(5, 0, 3)",minecraft:stone_bricks,{},
"(6, 0, 3)",minecraft:tuff_bricks,{},
"(7, 0, 3)",minecraft:stone_bricks,{},
"(8, 0, 3)",minecraft:tuff_bricks,{},
"(9, 0, 3)",minecraft:deepslate_bricks,{},
"(10, 0, 3)",minecraft:cobblestone,{},
"(11, 0, 3)",minecraft:cobblestone,{},
"(12, 0, 3)",minecraft:cobbled_deepslate,{},
"(2, 0, 4)",minecraft:spruce_fence,"{'east': 'false', 'north': 'true', 'south': 'true', 'waterlogged': 'false', 'west': 'false'}",
"(3, 0, 4)",minecraft:peony,{'half': 'lower'},
"(4, 0, 4)",minecraft:tuff_bricks,{},
"(5, 0, 4)",minecraft:stone_bricks,{},
"(6, 0, 4)",minecraft:stone_bricks,{},
"(7, 0, 4)",minecraft:stone_bricks,{},
"(8, 0, 4)",minecraft:stone_bricks,{},
"(9, 0, 4)",minecraft:deepslate_bricks,{},
"(10, 0, 4)",minecraft:cobblestone,{},
"(11, 0, 4)",minecraft:cobblestone,{},
"(12, 0, 4)",minecraft:cobbled_deepslate,{},
"(2, 0, 5)",minecraft:spruce_fence,"{'east': 'false', 'north': 'true', 'south': 'true', 'waterlogged': 'false', 'west': 'false'}",
"(3, 0, 5)",minecraft:peony,{'half': 'lower'},
"(4, 0, 5)",minecraft:stone_bricks,{},
"(5, 0, 5)",minecraft:stone_bricks,{},
"(6, 0, 5)",minecraft:tuff_bricks,{},
"(7, 0, 5)",minecraft:stone_bricks,{},
"(8, 0, 5)",minecraft:stone_bricks,{},
"(9, 0, 5)",minecraft:deepslate_bricks,{},
"(10, 0, 5)",minecraft:cobblestone,{},
"(11, 0, 5)",minecraft:cobblestone,{},
"(12, 0, 5)",minecraft:cobbled_deepslate,{},
"(2, 0, 6)",minecraft:spruce_fence,"{'east': 'false', 'north': 'true', 'south': 'true', 'waterlogged': 'false', 'west': 'false'}",
"(3, 0, 6)",minecraft:flowering_azalea_leaves,"{'distance': '7', 'persistent': 'true', 'waterlogged': 'false'}",
"(4, 0, 6)",minecraft:stone_bricks,{},
"(5, 0, 6)",minecraft:stone_bricks,{},
"(6, 0, 6)",minecraft:tuff_bricks,{},
"(7, 0, 6)",minecraft:stone_bricks,{},
"(8, 0, 6)",minecraft:tuff_bricks,{},
"(9, 0, 6)",minecraft:cobblestone,{},
"(10, 0, 6)",minecraft:stone_bricks,{},
"(11, 0, 6)",minecraft:cobbled_deepslate,{},
"(12, 0, 6)",minecraft:waxed_copper_trapdoor,"{'facing': 'north', 'half': 'bottom', 'open': 'true', 'powered': 'false', 'waterlogged': 'false'}",
"(13, 0, 6)",minecraft:spruce_wall_sign,"{'facing': 'north', 'waterlogged': 'false'}","{back_text: {has_glowing_text: 0b, color: ""black"", messages: ["""", """", """", """"]}, components: {}, is_waxed: 0b, id: ""minecraft:sign"", front_text: {has_glowing_text: 0b, color: ""black"", messages: ["""", """", """", """"]}}"
"(14, 0, 6)",minecraft:spruce_wall_sign,"{'facing': 'north', 'waterlogged': 'false'}","{back_text: {has_glowing_text: 0b, color: ""black"", messages: ["""", """", """", """"]}, components: {}, is_waxed: 0b, id: ""minecraft:sign"", front_text: {has_glowing_text: 0b, color: ""black"", messages: ["""", """", """", """"]}}"
"(15, 0, 6)",minecraft:waxed_copper_trapdoor,"{'facing': 'north', 'half': 'bottom', 'open': 'true', 'powered': 'false', 'waterlogged': 'false'}",
"(1, 0, 7)",minecraft:stone_bricks,{},
"(2, 0, 7)",minecraft:stone_bricks,{},
"(3, 0, 7)",minecraft:tuff_bricks,{},
"(4, 0, 7)",minecraft:oak_log,{'axis': 'y'},
"(5, 0, 7)",minecraft:tuff_bricks,{},
"(6, 0, 7)",minecraft:stone_bricks,{},
"(7, 0, 7)",minecraft:stone_bricks,{},
"(8, 0, 7)",minecraft:tuff_bricks,{},
"(9, 0, 7)",minecraft:tuff_bricks,{},
"(10, 0, 7)",minecraft:oak_log,{'axis': 'y'},
"(11, 0, 7)",minecraft:spruce_wall_sign,"{'facing': 'west', 'waterlogged': 'false'}","{back_text: {has_glowing_text: 0b, color: ""black"", messages: ["""", """", """", """"]}, components: {}, is_waxed: 0b, id: ""minecraft:sign"", front_text: {has_glowing_text: 0b, color: ""black"", messages: ["""", """", """", """"]}}"
"(12, 0, 7)",minecraft:spruce_slab,"{'type': 'top', 'waterlogged': 'false'}",
"(13, 0, 7)",minecraft:spruce_slab,"{'type': 'top', 'waterlogged': 'false'}",
"(14, 0, 7)",minecraft:spruce_slab,"{'type': 'top', 'waterlogged': 'false'}",
"(15, 0, 7)",minecraft:spruce_slab,"{'type': 'top', 'waterlogged': 'false'}",
"(16, 0, 7)",minecraft:dark_oak_fence_gate,"{'facing': 'west', 'in_wall': 'false', 'open': 'true', 'powered': 'false'}",
"(1, 0, 8)",minecraft:stone_brick_stairs,"{'facing': 'east', 'half': 'bottom', 'shape': 'straight', 'waterlogged': 'false'}",
"(2, 0, 8)",minecraft:tuff_bricks,{},
"(3, 0, 8)",minecraft:stone_bricks,{},
"(4, 0, 8)",minecraft:stone_bricks,{},
"(5, 0, 8)",minecraft:stone_bricks,{},
"(6, 0, 8)",minecraft:stone_bricks,{},
"(7, 0, 8)",minecraft:tuff_bricks,{},
"(8, 0, 8)",minecraft:stone_bricks,{},
"(9, 0, 8)",minecraft:stone_bricks,{},
"(10, 0, 8)",minecraft:tuff_bricks,{},
"(11, 0, 8)",minecraft:spruce_wall_sign,"{'facing': 'west', 'waterlogged': 'false'}","{back_text: {has_glowing_text: 0b, color: ""black"", messages: ["""", """", """", """"]}, components: {}, is_waxed: 0b, id: ""minecraft:sign"", front_text: {has_glowing_text: 0b, color: ""black"", messages: ["""", """", """", """"]}}"
"(12, 0, 8)",minecraft:spruce_slab,"{'type': 'top', 'waterlogged': 'false'}",
"(13, 0, 8)",minecraft:spruce_slab,"{'type': 'top', 'waterlogged': 'false'}",
"(14, 0, 8)",minecraft:spruce_slab,"{'type': 'top', 'waterlogged': 'false'}",
"(15, 0, 8)",minecraft:spruce_slab,"{'type': 'top', 'waterlogged': 'false'}",
"(16, 0, 8)",minecraft:dark_oak_fence_gate,"{'facing': 'west', 'in_wall': 'false', 'open': 'true', 'powered': 'false'}",
"(17, 0, 8)",minecraft:jigsaw,{'orientation': 'up_east'},"{components: {}, joint: ""rollable"", name: ""minecraft:empty"", pool: ""minecraft:empty"", final_state: ""minecraft:air"", placement_priority: 0, selection_priority: 0, id: ""minecraft:jigsaw"", target: ""minecraft:empty""}"
"(0, 0, 9)",minecraft:jigsaw,{'orientation': 'up_west'},"{components: {}, joint: ""rollable"", name: ""minecraft:empty"", pool: ""minecraft:empty"", final_state: ""minecraft:air"", placement_priority: 0, selection_priority: 0, id: ""minecraft:jigsaw"", target: ""minecraft:empty""}"
"(1, 0, 9)",minecraft:tuff_brick_stairs,"{'facing': 'east', 'half': 'bottom', 'shape': 'straight', 'waterlogged': 'false'}",
"(2, 0, 9)",minecraft:stone_bricks,{},
"(3, 0, 9)",minecraft:stone_bricks,{},
"(4, 0, 9)",minecraft:stone_bricks,{},
"(5, 0, 9)",minecraft:tuff_bricks,{},
"(6, 0, 9)",minecraft:stone_bricks,{},
"(7, 0, 9)",minecraft:stone_bricks,{},
"(8, 0, 9)",minecraft:stone_bricks,{},
"(9, 0, 9)",minecraft:stone_bricks,{},
"(10, 0, 9)",minecraft:tuff_bricks,{},
"(12, 0, 9)",minecraft:waxed_copper_trapdoor,"{'facing': 'south', 'half': 'bottom', 'open': 'true', 'powered': 'false', 'waterlogged': 'false'}",
"(13, 0, 9)",minecraft:spruce_wall_sign,"{'facing': 'south', 'waterlogged': 'false'}","{back_text: {has_glowing_text: 0b, color: ""black"", messages: ["""", """", """", """"]}, components: {}, is_waxed: 0b, id: ""minecraft:sign"", front_text: {has_glowing_text: 0b, color: ""black"", messages: ["""", """", """", """"]}}"
"(14, 0, 9)",minecraft:spruce_wall_sign,"{'facing': 'south', 'waterlogged': 'false'}","{back_text: {has_glowing_text: 0b, color: ""black"", messages: ["""", """", """", """"]}, components: {}, is_waxed: 0b, id: ""minecraft:sign"", front_text: {has_glowing_text: 0b, color: ""black"", messages: ["""", """", """", """"]}}"
"(15, 0, 9)",minecraft:waxed_copper_trapdoor,"{'facing': 'south', 'half': 'bottom', 'open': 'true', 'powered': 'false', 'waterlogged': 'false'}",
"(1, 0, 10)",minecraft:tuff_brick_stairs,"{'facing': 'east', 'half': 'bottom', 'shape': 'straight', 'waterlogged': 'false'}",
"(2, 0, 10)",minecraft:stone_bricks,{},
"(3, 0, 10)",minecraft:tuff_bricks,{},
"(4, 0, 10)",minecraft:stone_bricks,{},
"(5, 0, 10)",minecraft:tuff_bricks,{},
"(6, 0, 10)",minecraft:tuff_bricks,{},
"(7, 0, 10)",minecraft:tuff_bricks,{},
"(8, 0, 10)",minecraft:stone_bricks,{},
"(9, 0, 10)",minecraft:stone_bricks,{},
"(10, 0, 10)",minecraft:stone_bricks,{},
"(11, 0, 10)",minecraft:spruce_stairs,"{'facing': 'south', 'half': 'top', 'shape': 'straight', 'waterlogged': 'false'}",
"(12, 0, 10)",minecraft:spruce_stairs,"{'facing': 'south', 'half': 'top', 'shape': 'straight', 'waterlogged': 'false'}",
"(13, 0, 10)",minecraft:spruce_stairs,"{'facing': 'south', 'half': 'top', 'shape': 'straight', 'waterlogged': 'false'}",
"(14, 0, 10)",minecraft:spruce_stairs,"{'facing': 'west', 'half': 'bottom', 'shape': 'straight', 'waterlogged': 'false'}",
"(1, 0, 11)",minecraft:stone_bricks,{},
"(2, 0, 11)",minecraft:tuff_bricks,{},
"(3, 0, 11)",minecraft:tuff_bricks,{},
"(4, 0, 11)",minecraft:oak_log,{'axis': 'y'},
"(5, 0, 11)",minecraft:stone_bricks,{},
"(6, 0, 11)",minecraft:stone_bricks,{},
"(7, 0, 11)",minecraft:stone_bricks,{},
"(8, 0, 11)",minecraft:stone_bricks,{},
"(9, 0, 11)",minecraft:stone_bricks,{},
"(10, 0, 11)",minecraft:oak_log,{'axis': 'y'},
"(11, 0, 11)",minecraft:stone_bricks,{},
"(12, 0, 11)",minecraft:tuff_bricks,{},
"(13, 0, 11)",minecraft:tuff_bricks,{},
"(14, 0, 11)",minecraft:oak_log,{'axis': 'y'},
"(15, 0, 11)",minecraft:spruce_stairs,"{'facing': 'west', 'half': 'bottom', 'shape': 'straight', 'waterlogged': 'false'}",
"(2, 0, 12)",minecraft:spruce_fence,"{'east': 'false', 'north': 'true', 'south': 'true', 'waterlogged': 'false', 'west': 'false'}",
"(3, 0, 12)",minecraft:flowering_azalea_leaves,"{'distance': '7', 'persistent': 'true', 'waterlogged': 'false'}",
"(4, 0, 12)",minecraft:stone_bricks,{},
"(5, 0, 12)",minecraft:tuff_bricks,{},
"(6, 0, 12)",minecraft:tuff_bricks,{},
"(7, 0, 12)",minecraft:stone_bricks,{},
"(8, 0, 12)",minecraft:stone_bricks,{},
"(9, 0, 12)",minecraft:tuff_bricks,{},
"(10, 0, 12)",minecraft:stone_bricks,{},
"(11, 0, 12)",minecraft:tuff_bricks,{},
"(12, 0, 12)",minecraft:tuff_bricks,{},
"(13, 0, 12)",minecraft:stone_bricks,{},
"(14, 0, 12)",minecraft:tuff_bricks,{},
"(15, 0, 12)",minecraft:oak_leaves,"{'distance': '7', 'persistent': 'true', 'waterlogged': 'false'}",
"(2, 0, 13)",minecraft:spruce_fence,"{'east': 'false', 'north': 'true', 'south': 'true', 'waterlogged': 'false', 'west': 'false'}",
"(3, 0, 13)",minecraft:peony,{'half': 'lower'},
"(4, 0, 13)",minecraft:stone_bricks,{},
"(5, 0, 13)",minecraft:tuff_bricks,{},
"(6, 0, 13)",minecraft:stone_bricks,{},
"(7, 0, 13)",minecraft:tuff_bricks,{},
"(8, 0, 13)",minecraft:stone_bricks,{},
"(9, 0, 13)",minecraft:tuff_bricks,{},
"(10, 0, 13)",minecraft:stone_bricks,{},
"(11, 0, 13)",minecraft:tuff_bricks,{},
"(12, 0, 13)",minecraft:stone_bricks,{},
"(13, 0, 13)",minecraft:stone_bricks,{},
"(14, 0, 13)",minecraft:stone_bricks,{},
"(2, 0, 14)",minecraft:spruce_fence,"{'east': 'false', 'north': 'true', 'south': 'true', 'waterlogged': 'false', 'west': 'false'}",
"(3, 0, 14)",minecraft:peony,{'half': 'lower'},
"(4, 0, 14)",minecraft:tuff_bricks,{},
"(5, 0, 14)",minecraft:stone_bricks,{},
"(6, 0, 14)",minecraft:stone_bricks,{},
"(7, 0, 14)",minecraft:tuff_bricks,{},
"(8, 0, 14)",minecraft:tuff_bricks,{},
"(9, 0, 14)",minecraft:stone_bricks,{},
"(10, 0, 14)",minecraft:stone_bricks,{},
"(11, 0, 14)",minecraft:stone_bricks,{},
"(12, 0, 14)",minecraft:stone_bricks,{},
"(13, 0, 14)",minecraft:stone_bricks,{},
"(14, 0, 14)",minecraft:tuff_bricks,{},
"(15, 0, 14)",minecraft:oak_leaves,"{'distance': '7', 'persistent': 'true', 'waterlogged': 'false'}",
"(2, 0, 15)",minecraft:spruce_fence,"{'east': 'false', 'north': 'true', 'south': 'true', 'waterlogged': 'false', 'west': 'false'}",
"(3, 0, 15)",minecraft:flowering_azalea_leaves,"{'distance': '7', 'persistent': 'true', 'waterlogged': 'false'}",
"(4, 0, 15)",minecraft:tuff_bricks,{},
"(5, 0, 15)",minecraft:stone_bricks,{},
"(6, 0, 15)",minecraft:tuff_bricks,{},
"(7, 0, 15)",minecraft:stone_bricks,{},
"(8, 0, 15)",minecraft:stone_bricks,{},
"(9, 0, 15)",minecraft:tuff_bricks,{},
"(10, 0, 15)",minecraft:stone_bricks,{},
"(11, 0, 15)",minecraft:stone_bricks,{},
"(12, 0, 15)",minecraft:stone_bricks,{},
"(13, 0, 15)",minecraft:stone_bricks,{},
"(14, 0, 15)",minecraft:tuff_bricks,{},
"(2, 0, 16)",minecraft:spruce_fence,"{'east': 'false', 'north': 'true', 'south': 'false', 'waterlogged': 'false', 'west': 'false'}",
"(3, 0, 16)",minecraft:peony,{'half': 'lower'},
"(4, 0, 16)",minecraft:tuff_bricks,{},
"(5, 0, 16)",minecraft:tuff_bricks,{},
"(6, 0, 16)",minecraft:tuff_bricks,{},
"(7, 0, 16)",minecraft:tuff_bricks,{},
"(8, 0, 16)",minecraft:stone_bricks,{},
"(9, 0, 16)",minecraft:stone_bricks,{},
"(10, 0, 16)",minecraft:stone_bricks,{},
"(11, 0, 16)",minecraft:stone_bricks,{},
"(12, 0, 16)",minecraft:stone_bricks,{},
"(13, 0, 16)",minecraft:stone_bricks,{},
"(14, 0, 16)",minecraft:stone_bricks,{},
"(3, 0, 17)",minecraft:spruce_stairs,"{'facing': 'east', 'half': 'bottom', 'shape': 'straight', 'waterlogged': 'false'}",
"(4, 0, 17)",minecraft:oak_log,{'axis': 'y'},
"(5, 0, 17)",minecraft:tuff_bricks,{},
"(6, 0, 17)",minecraft:tuff_bricks,{},
"(7, 0, 17)",minecraft:stone_bricks,{},
"(8, 0, 17)",minecraft:stone_bricks,{},
"(9, 0, 17)",minecraft:tuff_bricks,{},
"(10, 0, 17)",minecraft:oak_log,{'axis': 'y'},
"(11, 0, 17)",minecraft:tuff_bricks,{},
"(12, 0, 17)",minecraft:stone_bricks,{},
"(13, 0, 17)",minecraft:tuff_bricks,{},
"(14, 0, 17)",minecraft:oak_log,{'axis': 'y'},
"(15, 0, 17)",minecraft:spruce_stairs,"{'facing': 'west', 'half': 'bottom', 'shape': 'straight', 'waterlogged': 'false'}",
"(4, 0, 18)",minecraft:spruce_stairs,"{'facing': 'north', 'half': 'bottom', 'shape': 'straight', 'waterlogged': 'false'}",
"(8, 0, 18)",minecraft:oak_leaves,"{'distance': '7', 'persistent': 'true', 'waterlogged': 'false'}",
"(9, 0, 18)",minecraft:oak_leaves,"{'distance': '7', 'persistent': 'true', 'waterlogged': 'false'}",
"(10, 0, 18)",minecraft:spruce_stairs,"{'facing': 'north', 'half': 'bottom', 'shape': 'straight', 'waterlogged': 'false'}",
"(14, 0, 18)",minecraft:spruce_stairs,"{'facing': 'north', 'half': 'bottom', 'shape': 'straight', 'waterlogged': 'false'}",
"(9, 1, 0)",minecraft:azalea_leaves,"{'distance': '7', 'persistent': 'true', 'waterlogged': 'false'}",
"(4, 1, 1)",minecraft:oak_log,{'axis': 'y'},
"(5, 1, 1)",minecraft:granite,{},
"(6, 1, 1)",minecraft:granite,{},
"(7, 1, 1)",minecraft:granite,{},
"(8, 1, 1)",minecraft:terracotta,{},
"(9, 1, 1)",minecraft:terracotta,{},
"(10, 1, 1)",minecraft:oak_log,{'axis': 'y'},
"(3, 1, 2)",minecraft:peony,{'half': 'upper'},
"(4, 1, 2)",minecraft:terracotta,{},
"(5, 1, 2)",minecraft:waxed_exposed_cut_copper_stairs,"{'facing': 'north', 'half': 'bottom', 'shape': 'inner_left', 'waterlogged': 'false'}",
"(6, 1, 2)",minecraft:waxed_exposed_cut_copper_stairs,"{'facing': 'north', 'half': 'bottom', 'shape': 'straight', 'waterlogged': 'false'}",
"(7, 1, 2)",minecraft:jungle_wall_sign,"{'facing': 'east', 'waterlogged': 'false'}","{back_text: {has_glowing_text: 0b, color: ""black"", messages: ["""", """", """", """"]}, components: {}, is_waxed: 0b, id: ""minecraft:sign"", front_text: {has_glowing_text: 0b, color: ""black"", messages: ["""", """", """", """"]}}"
"(9, 1, 2)",minecraft:deepslate_brick_stairs,"{'facing': 'east', 'half': 'bottom', 'shape': 'straight', 'waterlogged': 'false'}",
"(10, 1, 2)",minecraft:tuff,{},
"(11, 1, 2)",minecraft:cobbled_deepslate_stairs,"{'facing': 'south', 'half': 'bottom', 'shape': 'straight', 'waterlogged': 'false'}",
"(4, 1, 3)",minecraft:terracotta,{},
"(5, 1, 3)",minecraft:waxed_exposed_cut_copper_stairs,"{'facing': 'west', 'half': 'bottom', 'shape': 'straight', 'waterlogged': 'false'}",
"(10, 1, 3)",minecraft:campfire,"{'facing': 'east', 'lit': 'true', 'signal_fire': 'false', 'waterlogged': 'false'}","{components: {}, Items: [], CookingTimes: [I; 0, 0, 0, 0], CookingTotalTimes: [I; 0, 0, 0, 0], id: ""minecraft:campfire""}"
"(11, 1, 3)",minecraft:deepslate_bricks,{},
"(12, 1, 3)",minecraft:cobbled_deepslate_stairs,"{'facing': 'west', 'half': 'top', 'shape': 'straight', 'waterlogged': 'false'}",
"(3, 1, 4)",minecraft:peony,{'half': 'upper'},
"(4, 1, 4)",minecraft:terracotta,{},
"(5, 1, 4)",minecraft:jungle_fence_gate,"{'facing': 'east', 'in_wall': 'false', 'open': 'true', 'powered': 'false'}",
"(7, 1, 4)",minecraft:scaffolding,"{'bottom': 'false', 'distance': '0', 'waterlogged': 'false'}",
"(10, 1, 4)",minecraft:campfire,"{'facing': 'east', 'lit': 'true', 'signal_fire': 'false', 'waterlogged': 'false'}","{components: {}, Items: [], CookingTimes: [I; 0, 0, 0, 0], CookingTotalTimes: [I; 0, 0, 0, 0], id: ""minecraft:campfire""}"
"(11, 1, 4)",minecraft:deepslate_bricks,{},
"(12, 1, 4)",minecraft:cobbled_deepslate,{},
"(3, 1, 5)",minecraft:peony,{'half': 'upper'},
"(4, 1, 5)",minecraft:granite,{},
"(5, 1, 5)",minecraft:waxed_exposed_cut_copper_stairs,"{'facing': 'west', 'half': 'bottom', 'shape': 'straight', 'waterlogged': 'false'}",
"(7, 1, 5)",minecraft:scaffolding,"{'bottom': 'false', 'distance': '0', 'waterlogged': 'false'}",
"(10, 1, 5)",minecraft:campfire,"{'facing': 'east', 'lit': 'true', 'signal_fire': 'false', 'waterlogged': 'false'}","{components: {}, Items: [], CookingTimes: [I; 0, 0, 0, 0], CookingTotalTimes: [I; 0, 0, 0, 0], id: ""minecraft:campfire""}"
"(11, 1, 5)",minecraft:deepslate_bricks,{},
"(12, 1, 5)",minecraft:cobbled_deepslate_stairs,"{'facing': 'west', 'half': 'bottom', 'shape': 'straight', 'waterlogged': 'false'}",
"(3, 1, 6)",minecraft:flowering_azalea_leaves,"{'distance': '7', 'persistent': 'true', 'waterlogged': 'false'}",
"(4, 1, 6)",minecraft:granite,{},
"(5, 1, 6)",minecraft:waxed_exposed_cut_copper_stairs,"{'facing': 'west', 'half': 'bottom', 'shape': 'straight', 'waterlogged': 'false'}",
"(9, 1, 6)",minecraft:deepslate_brick_stairs,"{'facing': 'east', 'half': 'bottom', 'shape': 'straight', 'waterlogged': 'false'}",
"(10, 1, 6)",minecraft:cobblestone,{},
"(11, 1, 6)",minecraft:basalt,{'axis': 'x'},
"(12, 1, 6)",minecraft:oak_wall_sign,"{'facing': 'north', 'waterlogged': 'false'}","{back_text: {has_glowing_text: 0b, color: ""black"", messages: ["""", """", """", """"]}, components: {}, is_waxed: 0b, id: ""minecraft:sign"", front_text: {has_glowing_text: 0b, color: ""black"", messages: ["""", """", """", """"]}}"
"(13, 1, 6)",minecraft:spruce_wall_sign,"{'facing': 'north', 'waterlogged': 'false'}","{back_text: {has_glowing_text: 0b, color: ""black"", messages: ["""", """", """", """"]}, components: {}, is_waxed: 0b, id: ""minecraft:sign"", front_text: {has_glowing_text: 0b, color: ""black"", messages: ["""", """", """", """"]}}"
"(14, 1, 6)",minecraft:oak_wall_sign,"{'facing': 'north', 'waterlogged': 'false'}","{back_text: {has_glowing_text: 0b, color: ""black"", messages: ["""", """", """", """"]}, components: {}, is_waxed: 0b, id: ""minecraft:sign"", front_text: {has_glowing_text: 0b, color: ""black"", messages: ["""", """", """", """"]}}"
"(15, 1, 6)",minecraft:spruce_wall_sign,"{'facing': 'north', 'waterlogged': 'false'}","{back_text: {has_glowing_text: 0b, color: ""black"", messages: ["""", """", """", """"]}, components: {}, is_waxed: 0b, id: ""minecraft:sign"", front_text: {has_glowing_text: 0b, color: ""black"", messages: ["""", """", """", """"]}}"
"(1, 1, 7)",minecraft:spruce_wall_hanging_sign,"{'facing': 'south', 'waterlogged': 'false'}","{back_text: {has_glowing_text: 0b, color: ""black"", messages: ["""", """", """", """"]}, components: {}, is_waxed: 0b, id: ""minecraft:hanging_sign"", front_text: {has_glowing_text: 0b, color: ""black"", messages: ["""", """", """", """"]}}"
"(2, 1, 7)",minecraft:spruce_wall_hanging_sign,"{'facing': 'south', 'waterlogged': 'false'}","{back_text: {has_glowing_text: 0b, color: ""black"", messages: ["""", """", """", """"]}, components: {}, is_waxed: 0b, id: ""minecraft:hanging_sign"", front_text: {has_glowing_text: 0b, color: ""black"", messages: ["""", """", """", """"]}}"
"(3, 1, 7)",minecraft:spruce_wall_hanging_sign,"{'facing': 'south', 'waterlogged': 'false'}","{back_text: {has_glowing_text: 0b, color: ""black"", messages: ["""", """", """", """"]}, components: {}, is_waxed: 0b, id: ""minecraft:hanging_sign"", front_text: {has_glowing_text: 0b, color: ""black"", messages: ["""", """", """", """"]}}"
"(4, 1, 7)",minecraft:oak_log,{'axis': 'y'},
"(5, 1, 7)",minecraft:jungle_wall_sign,"{'facing': 'south', 'waterlogged': 'false'}","{back_text: {has_glowing_text: 0b, color: ""black"", messages: ["""", """", """", """"]}, components: {}, is_waxed: 0b, id: ""minecraft:sign"", front_text: {has_glowing_text: 0b, color: ""black"", messages: ["""", """", """", """"]}}"
"(10, 1, 7)",minecraft:oak_log,{'axis': 'y'},
"(11, 1, 7)",minecraft:spruce_wall_sign,"{'facing': 'west', 'waterlogged': 'false'}","{back_text: {has_glowing_text: 0b, color: ""black"", messages: ["""", """", """", """"]}, components: {}, is_waxed: 0b, id: ""minecraft:sign"", front_text: {has_glowing_text: 0b, color: ""black"", messages: ["""", """", """", """"]}}"
"(12, 1, 7)",minecraft:light_gray_shulker_box,{'facing': 'north'},"{components: {}, id: ""minecraft:shulker_box""}"
"(13, 1, 7)",minecraft:light_gray_shulker_box,{'facing': 'up'},"{components: {}, id: ""minecraft:shulker_box""}"
"(14, 1, 7)",minecraft:oak_trapdoor,"{'facing': 'east', 'half': 'bottom', 'open': 'false', 'powered': 'false', 'waterlogged': 'false'}",
"(15, 1, 7)",minecraft:spruce_slab,"{'type': 'bottom', 'waterlogged': 'false'}",
"(3, 1, 8)",minecraft:spruce_fence,"{'east': 'true', 'north': 'false', 'south': 'false', 'waterlogged': 'false', 'west': 'false'}",
"(4, 1, 8)",minecraft:terracotta,{},
"(9, 1, 8)",minecraft:decorated_pot,"{'cracked': 'false', 'facing': 'east', 'waterlogged': 'false'}","{components: {}, id: ""minecraft:decorated_pot""}"
"(10, 1, 8)",minecraft:terracotta,{},
"(11, 1, 8)",minecraft:oak_wall_sign,"{'facing': 'west', 'waterlogged': 'false'}","{back_text: {has_glowing_text: 0b, color: ""black"", messages: ["""", """", """", """"]}, components: {}, is_waxed: 0b, id: ""minecraft:sign"", front_text: {has_glowing_text: 0b, color: ""black"", messages: ["""", """", """", """"]}}"
"(12, 1, 8)",minecraft:light_gray_shulker_box,{'facing': 'up'},"{components: {}, id: ""minecraft:shulker_box""}"
"(13, 1, 8)",minecraft:light_gray_shulker_box,{'facing': 'up'},"{components: {}, id: ""minecraft:shulker_box""}"
"(14, 1, 8)",minecraft:spruce_trapdoor,"{'facing': 'south', 'half': 'bottom', 'open': 'false', 'powered': 'false', 'waterlogged': 'false'}",
"(15, 1, 8)",minecraft:oak_slab,"{'type': 'bottom', 'waterlogged': 'false'}",
"(4, 1, 9)",minecraft:spruce_door,"{'facing': 'east', 'half': 'lower', 'hinge': 'right', 'open': 'false', 'powered': 'false'}",
"(9, 1, 9)",minecraft:ender_chest,"{'facing': 'west', 'waterlogged': 'false'}","{components: {}, id: ""minecraft:ender_chest""}"
"(10, 1, 9)",minecraft:granite,{},
"(12, 1, 9)",minecraft:spruce_wall_sign,"{'facing': 'south', 'waterlogged': 'false'}","{back_text: {has_glowing_text: 0b, color: ""black"", messages: ["""", """", """", """"]}, components: {}, is_waxed: 0b, id: ""minecraft:sign"", front_text: {has_glowing_text: 0b, color: ""black"", messages: ["""", """", """", """"]}}"
"(13, 1, 9)",minecraft:oak_wall_sign,"{'facing': 'south', 'waterlogged': 'false'}","{back_text: {has_glowing_text: 0b, color: ""black"", messages: ["""", """", """", """"]}, components: {}, is_waxed: 0b, id: ""minecraft:sign"", front_text: {has_glowing_text: 0b, color: ""black"", messages: ["""", """", """", """"]}}"
"(14, 1, 9)",minecraft:spruce_wall_sign,"{'facing': 'south', 'waterlogged': 'false'}","{back_text: {has_glowing_text: 0b, color: ""black"", messages: ["""", """", """", """"]}, components: {}, is_waxed: 0b, id: ""minecraft:sign"", front_text: {has_glowing_text: 0b, color: ""black"", messages: ["""", """", """", """"]}}"
"(15, 1, 9)",minecraft:oak_wall_sign,"{'facing': 'south', 'waterlogged': 'false'}","{back_text: {has_glowing_text: 0b, color: ""black"", messages: ["""", """", """", """"]}, components: {}, is_waxed: 0b, id: ""minecraft:sign"", front_text: {has_glowing_text: 0b, color: ""black"", messages: ["""", """", """", """"]}}"
"(3, 1, 10)",minecraft:spruce_fence,"{'east': 'true', 'north': 'false', 'south': 'false', 'waterlogged': 'false', 'west': 'false'}",
"(4, 1, 10)",minecraft:granite,{},
"(10, 1, 10)",minecraft:granite,{},
"(1, 1, 11)",minecraft:spruce_wall_hanging_sign,"{'facing': 'north', 'waterlogged': 'false'}","{back_text: {has_glowing_text: 0b, color: ""black"", messages: ["""", """", """", """"]}, components: {}, is_waxed: 0b, id: ""minecraft:hanging_sign"", front_text: {has_glowing_text: 0b, color: ""black"", messages: ["""", """", """", """"]}}"
"(2, 1, 11)",minecraft:spruce_wall_hanging_sign,"{'facing': 'north', 'waterlogged': 'false'}","{back_text: {has_glowing_text: 0b, color: ""black"", messages: ["""", """", """", """"]}, components: {}, is_waxed: 0b, id: ""minecraft:hanging_sign"", front_text: {has_glowing_text: 0b, color: ""black"", messages: ["""", """", """", """"]}}"
"(3, 1, 11)",minecraft:spruce_wall_hanging_sign,"{'facing': 'north', 'waterlogged': 'false'}","{back_text: {has_glowing_text: 0b, color: ""black"", messages: ["""", """", """", """"]}, components: {}, is_waxed: 0b, id: ""minecraft:hanging_sign"", front_text: {has_glowing_text: 0b, color: ""black"", messages: ["""", """", """", """"]}}"
"(4, 1, 11)",minecraft:oak_log,{'axis': 'y'},
"(5, 1, 11)",minecraft:spruce_stairs,"{'facing': 'south', 'half': 'top', 'shape': 'straight', 'waterlogged': 'false'}",
"(6, 1, 11)",minecraft:spruce_stairs,"{'facing': 'south', 'half': 'top', 'shape': 'straight', 'waterlogged': 'false'}",
"(7, 1, 11)",minecraft:spruce_stairs,"{'facing': 'south', 'half': 'top', 'shape': 'straight', 'waterlogged': 'false'}",
"(8, 1, 11)",minecraft:spruce_slab,"{'type': 'double', 'waterlogged': 'false'}",
"(9, 1, 11)",minecraft:spruce_fence_gate,"{'facing': 'north', 'in_wall': 'false', 'open': 'false', 'powered': 'false'}",
"(10, 1, 11)",minecraft:oak_log,{'axis': 'y'},
"(14, 1, 11)",minecraft:oak_log,{'axis': 'y'},
"(4, 1, 12)",minecraft:terracotta,{},
"(5, 1, 12)",minecraft:spruce_slab,"{'type': 'top', 'waterlogged': 'false'}",
"(10, 1, 12)",minecraft:dark_oak_shelf,"{'facing': 'south', 'powered': 'false', 'side_chain': 'unconnected', 'waterlogged': 'false'}","{components: {}, align_items_to_bottom: 0b, Items: [], id: ""minecraft:shelf""}"
"(14, 1, 12)",minecraft:granite,{},
"(3, 1, 13)",minecraft:peony,{'half': 'upper'},
"(4, 1, 13)",minecraft:terracotta,{},
"(5, 1, 13)",minecraft:spruce_slab,"{'type': 'top', 'waterlogged': 'false'}",
"(10, 1, 13)",minecraft:dark_oak_shelf,"{'facing': 'north', 'powered': 'false', 'side_chain': 'unconnected', 'waterlogged': 'false'}","{components: {}, align_items_to_bottom: 0b, Items: [], id: ""minecraft:shelf""}"
"(12, 1, 13)",minecraft:light_gray_shulker_box,{'facing': 'up'},"{components: {}, id: ""minecraft:shulker_box""}"
"(13, 1, 13)",minecraft:decorated_pot,"{'cracked': 'false', 'facing': 'south', 'waterlogged': 'false'}","{components: {}, id: ""minecraft:decorated_pot""}"
"(14, 1, 13)",minecraft:granite,{},
"(15, 1, 13)",minecraft:azalea_leaves,"{'distance': '7', 'persistent': 'true', 'waterlogged': 'false'}",
"(3, 1, 14)",minecraft:peony,{'half': 'upper'},
"(4, 1, 14)",minecraft:terracotta,{},
"(5, 1, 14)",minecraft:spruce_slab,"{'type': 'top', 'waterlogged': 'false'}",
"(10, 1, 14)",minecraft:brown_wool,{},
"(11, 1, 14)",minecraft:terracotta,{},
"(12, 1, 14)",minecraft:granite,{},
"(13, 1, 14)",minecraft:granite,{},
"(14, 1, 14)",minecraft:granite,{},
"(4, 1, 15)",minecraft:granite,{},
"(5, 1, 15)",minecraft:spruce_slab,"{'type': 'top', 'waterlogged': 'false'}",
"(8, 1, 15)",minecraft:oak_wall_sign,"{'facing': 'north', 'waterlogged': 'false'}","{back_text: {has_glowing_text: 0b, color: ""black"", messages: ["""", """", """", """"]}, components: {}, is_waxed: 0b, id: ""minecraft:sign"", front_text: {has_glowing_text: 0b, color: ""black"", messages: ["""", """", """", """"]}}"
"(9, 1, 15)",minecraft:oak_wall_sign,"{'facing': 'north', 'waterlogged': 'false'}","{back_text: {has_glowing_text: 0b, color: ""black"", messages: ["""", """", """", """"]}, components: {}, is_waxed: 0b, id: ""minecraft:sign"", front_text: {has_glowing_text: 0b, color: ""black"", messages: ["""", """", """", """"]}}"
"(10, 1, 15)",minecraft:iron_door,"{'facing': 'east', 'half': 'lower', 'hinge': 'left', 'open': 'false', 'powered': 'false'}",
"(12, 1, 15)",minecraft:emerald_block,{},
"(13, 1, 15)",minecraft:emerald_block,{},
"(14, 1, 15)",minecraft:terracotta,{},
"(3, 1, 16)",minecraft:peony,{'half': 'upper'},
"(4, 1, 16)",minecraft:granite,{},
"(5, 1, 16)",minecraft:spruce_stairs,"{'facing': 'south', 'half': 'top', 'shape': 'straight', 'waterlogged': 'false'}",
"(6, 1, 16)",minecraft:waxed_exposed_cut_copper_stairs,"{'facing': 'south', 'half': 'bottom', 'shape': 'straight', 'waterlogged': 'false'}",
"(7, 1, 16)",minecraft:waxed_exposed_cut_copper_stairs,"{'facing': 'south', 'half': 'bottom', 'shape': 'straight', 'waterlogged': 'false'}",
"(8, 1, 16)",minecraft:loom,{'facing': 'south'},
"(9, 1, 16)",minecraft:loom,{'facing': 'south'},
"(10, 1, 16)",minecraft:brown_wool,{},
"(11, 1, 16)",minecraft:emerald_block,{},
"(12, 1, 16)",minecraft:emerald_block,{},
"(13, 1, 16)",minecraft:emerald_block,{},
"(14, 1, 16)",minecraft:terracotta,{},
"(4, 1, 17)",minecraft:oak_log,{'axis': 'y'},
"(5, 1, 17)",minecraft:terracotta,{},
"(6, 1, 17)",minecraft:granite,{},
"(7, 1, 17)",minecraft:terracotta,{},
"(8, 1, 17)",minecraft:granite,{},
"(9, 1, 17)",minecraft:granite,{},
"(10, 1, 17)",minecraft:oak_log,{'axis': 'y'},
"(11, 1, 17)",minecraft:terracotta,{},
"(12, 1, 17)",minecraft:terracotta,{},
"(13, 1, 17)",minecraft:granite,{},
"(14, 1, 17)",minecraft:oak_log,{'axis': 'y'},
"(9, 1, 18)",minecraft:azalea_leaves,"{'distance': '7', 'persistent': 'true', 'waterlogged': 'false'}",
"(6, 2, 0)",minecraft:oak_fence_gate,"{'facing': 'south', 'in_wall': 'false', 'open': 'true', 'powered': 'false'}",
"(8, 2, 0)",minecraft:oak_fence_gate,"{'facing': 'south', 'in_wall': 'false', 'open': 'true', 'powered': 'false'}",
"(4, 2, 1)",minecraft:mangrove_wood,{'axis': 'y'},
"(5, 2, 1)",minecraft:terracotta,{},
"(6, 2, 1)",minecraft:white_stained_glass_pane,"{'east': 'true', 'north': 'false', 'south': 'false', 'waterlogged': 'false', 'west': 'true'}",
"(7, 2, 1)",minecraft:white_stained_glass_pane,"{'east': 'true', 'north': 'false', 'south': 'false', 'waterlogged': 'false', 'west': 'true'}",
"(8, 2, 1)",minecraft:white_stained_glass_pane,"{'east': 'true', 'north': 'false', 'south': 'false', 'waterlogged': 'false', 'west': 'true'}",
"(9, 2, 1)",minecraft:brown_wool,{},
"(10, 2, 1)",minecraft:mangrove_wood,{'axis': 'y'},
"(4, 2, 2)",minecraft:brown_wool,{},
"(10, 2, 2)",minecraft:deepslate_bricks,{},
"(11, 2, 2)",minecraft:cobbled_deepslate_wall,"{'east': 'none', 'north': 'none', 'south': 'low', 'up': 'true', 'waterlogged': 'false', 'west': 'low'}",
"(3, 2, 3)",minecraft:oak_fence_gate,"{'facing': 'east', 'in_wall': 'false', 'open': 'true', 'powered': 'false'}",
"(4, 2, 3)",minecraft:white_stained_glass_pane,"{'east': 'false', 'north': 'true', 'south': 'true', 'waterlogged': 'false', 'west': 'false'}",
"(11, 2, 3)",minecraft:tuff,{},
"(12, 2, 3)",minecraft:cobbled_deepslate_stairs,"{'facing': 'west', 'half': 'bottom', 'shape': 'straight', 'waterlogged': 'false'}",
"(4, 2, 4)",minecraft:white_stained_glass_pane,"{'east': 'false', 'north': 'true', 'south': 'true', 'waterlogged': 'false', 'west': 'false'}",
"(11, 2, 4)",minecraft:deepslate_bricks,{},
"(12, 2, 4)",minecraft:basalt,{'axis': 'x'},
"(3, 2, 5)",minecraft:oak_fence_gate,"{'facing': 'east', 'in_wall': 'false', 'open': 'true', 'powered': 'false'}",
"(4, 2, 5)",minecraft:white_stained_glass_pane,"{'east': 'false', 'north': 'true', 'south': 'true', 'waterlogged': 'false', 'west': 'false'}",
"(11, 2, 5)",minecraft:tuff,{},
"(4, 2, 6)",minecraft:terracotta,{},
"(10, 2, 6)",minecraft:deepslate_bricks,{},
"(11, 2, 6)",minecraft:cobbled_deepslate_wall,"{'east': 'none', 'north': 'low', 'south': 'none', 'up': 'true', 'waterlogged': 'false', 'west': 'low'}",
"(4, 2, 7)",minecraft:mangrove_wood,{'axis': 'y'},
"(10, 2, 7)",minecraft:mangrove_wood,{'axis': 'y'},
"(12, 2, 7)",minecraft:light_gray_shulker_box,{'facing': 'up'},"{components: {}, id: ""minecraft:shulker_box""}"
"(3, 2, 8)",minecraft:oak_fence,"{'east': 'true', 'north': 'false', 'south': 'false', 'waterlogged': 'false', 'west': 'false'}",
"(4, 2, 8)",minecraft:terracotta,{},
"(9, 2, 8)",minecraft:potted_bamboo,{},
"(10, 2, 8)",minecraft:brown_wool,{},
"(4, 2, 9)",minecraft:spruce_door,"{'facing': 'east', 'half': 'upper', 'hinge': 'right', 'open': 'false', 'powered': 'false'}",
"(10, 2, 9)",minecraft:terracotta,{},
"(3, 2, 10)",minecraft:oak_fence,"{'east': 'true', 'north': 'false', 'south': 'false', 'waterlogged': 'false', 'west': 'false'}",
"(4, 2, 10)",minecraft:terracotta,{},
"(10, 2, 10)",minecraft:terracotta,{},
"(4, 2, 11)",minecraft:mangrove_wood,{'axis': 'y'},
"(5, 2, 11)",minecraft:iron_bars,"{'east': 'true', 'north': 'false', 'south': 'false', 'waterlogged': 'false', 'west': 'true'}",
"(6, 2, 11)",minecraft:iron_bars,"{'east': 'true', 'north': 'false', 'south': 'false', 'waterlogged': 'false', 'west': 'true'}",
"(7, 2, 11)",minecraft:iron_bars,"{'east': 'true', 'north': 'false', 'south': 'false', 'waterlogged': 'false', 'west': 'true'}",
"(8, 2, 11)",minecraft:iron_bars,"{'east': 'false', 'north': 'false', 'south': 'false', 'waterlogged': 'false', 'west': 'true'}",
"(10, 2, 11)",minecraft:mangrove_wood,{'axis': 'y'},
"(14, 2, 11)",minecraft:mangrove_wood,{'axis': 'y'},
"(4, 2, 12)",minecraft:brown_wool,{},
"(10, 2, 12)",minecraft:spruce_shelf,"{'facing': 'south', 'powered': 'false', 'side_chain': 'unconnected', 'waterlogged': 'false'}","{components: {}, align_items_to_bottom: 0b, Items: [], id: ""minecraft:shelf""}"
"(14, 2, 12)",minecraft:terracotta,{},
"(3, 2, 13)",minecraft:oak_fence_gate,"{'facing': 'east', 'in_wall': 'false', 'open': 'true', 'powered': 'false'}",
"(4, 2, 13)",minecraft:white_stained_glass_pane,"{'east': 'false', 'north': 'true', 'south': 'true', 'waterlogged': 'false', 'west': 'false'}",
"(10, 2, 13)",minecraft:dark_oak_shelf,"{'facing': 'north', 'powered': 'false', 'side_chain': 'unconnected', 'waterlogged': 'false'}","{components: {}, align_items_to_bottom: 0b, Items: [], id: ""minecraft:shelf""}"
"(13, 2, 13)",minecraft:potted_bamboo,{},
"(14, 2, 13)",minecraft:terracotta,{},
"(15, 2, 13)",minecraft:azalea_leaves,"{'distance': '7', 'persistent': 'true', 'waterlogged': 'false'}",
"(4, 2, 14)",minecraft:white_stained_glass_pane,"{'east': 'false', 'north': 'true', 'south': 'true', 'waterlogged': 'false', 'west': 'false'}",
"(9, 2, 14)",minecraft:lever,"{'face': 'wall', 'facing': 'west', 'powered': 'false'}",
"(10, 2, 14)",minecraft:brown_wool,{},
"(11, 2, 14)",minecraft:terracotta,{},
"(12, 2, 14)",minecraft:terracotta,{},
"(13, 2, 14)",minecraft:terracotta,{},
"(14, 2, 14)",minecraft:terracotta,{},
"(3, 2, 15)",minecraft:oak_fence_gate,"{'facing': 'east', 'in_wall': 'false', 'open': 'true', 'powered': 'false'}",
"(4, 2, 15)",minecraft:white_stained_glass_pane,"{'east': 'false', 'north': 'true', 'south': 'true', 'waterlogged': 'false', 'west': 'false'}",
"(8, 2, 15)",minecraft:oak_wall_sign,"{'facing': 'north', 'waterlogged': 'false'}","{back_text: {has_glowing_text: 0b, color: ""black"", messages: ["""", """", """", """"]}, components: {}, is_waxed: 0b, id: ""minecraft:sign"", front_text: {has_glowing_text: 0b, color: ""black"", messages: ["""", """", """", """"]}}"
"(9, 2, 15)",minecraft:oak_wall_sign,"{'facing': 'north', 'waterlogged': 'false'}","{back_text: {has_glowing_text: 0b, color: ""black"", messages: ["""", """", """", """"]}, components: {}, is_waxed: 0b, id: ""minecraft:sign"", front_text: {has_glowing_text: 0b, color: ""black"", messages: ["""", """", """", """"]}}"
"(10, 2, 15)",minecraft:iron_door,"{'facing': 'east', 'half': 'upper', 'hinge': 'left', 'open': 'false', 'powered': 'false'}",
"(13, 2, 15)",minecraft:emerald_block,{},
"(14, 2, 15)",minecraft:terracotta,{},
"(4, 2, 16)",minecraft:terracotta,{},
"(5, 2, 16)",minecraft:lantern,"{'hanging': 'false', 'waterlogged': 'false'}",
"(8, 2, 16)",minecraft:loom,{'facing': 'south'},
"(9, 2, 16)",minecraft:loom,{'facing': 'south'},
"(10, 2, 16)",minecraft:brown_wool,{},
"(12, 2, 16)",minecraft:emerald_block,{},
"(13, 2, 16)",minecraft:emerald_block,{},
"(14, 2, 16)",minecraft:brown_wool,{},
"(4, 2, 17)",minecraft:mangrove_wood,{'axis': 'y'},
"(5, 2, 17)",minecraft:terracotta,{},
"(6, 2, 17)",minecraft:white_stained_glass_pane,"{'east': 'true', 'north': 'false', 'south': 'false', 'waterlogged': 'false', 'west': 'true'}",
"(7, 2, 17)",minecraft:white_stained_glass_pane,"{'east': 'true', 'north': 'false', 'south': 'false', 'waterlogged': 'false', 'west': 'true'}",
"(8, 2, 17)",minecraft:terracotta,{},
"(9, 2, 17)",minecraft:terracotta,{},
"(10, 2, 17)",minecraft:mangrove_wood,{'axis': 'y'},
"(11, 2, 17)",minecraft:brown_wool,{},
"(12, 2, 17)",minecraft:terracotta,{},
"(13, 2, 17)",minecraft:terracotta,{},
"(14, 2, 17)",minecraft:mangrove_wood,{'axis': 'y'},
"(6, 2, 18)",minecraft:oak_fence_gate,"{'facing': 'north', 'in_wall': 'false', 'open': 'true', 'powered': 'false'}",
"(7, 2, 18)",minecraft:oak_fence_gate,"{'facing': 'north', 'in_wall': 'false', 'open': 'true', 'powered': 'false'}",
"(4, 3, 0)",minecraft:spruce_fence,"{'east': 'false', 'north': 'false', 'south': 'true', 'waterlogged': 'false', 'west': 'false'}",
"(6, 3, 0)",minecraft:oxidized_copper_trapdoor,"{'facing': 'north', 'half': 'bottom', 'open': 'false', 'powered': 'false', 'waterlogged': 'false'}",
"(7, 3, 0)",minecraft:oxidized_cut_copper_slab,"{'type': 'bottom', 'waterlogged': 'false'}",
"(8, 3, 0)",minecraft:oxidized_copper_trapdoor,"{'facing': 'north', 'half': 'bottom', 'open': 'false', 'powered': 'false', 'waterlogged': 'false'}",
"(10, 3, 0)",minecraft:spruce_fence,"{'east': 'false', 'north': 'false', 'south': 'true', 'waterlogged': 'false', 'west': 'false'}",
"(3, 3, 1)",minecraft:spruce_fence,"{'east': 'true', 'north': 'false', 'south': 'false', 'waterlogged': 'false', 'west': 'false'}",
"(4, 3, 1)",minecraft:stripped_dark_oak_wood,{'axis': 'y'},
"(5, 3, 1)",minecraft:brown_wool,{},
"(6, 3, 1)",minecraft:brown_wool,{},
"(7, 3, 1)",minecraft:brown_wool,{},
"(8, 3, 1)",minecraft:brown_wool,{},
"(9, 3, 1)",minecraft:brown_wool,{},
"(10, 3, 1)",minecraft:stripped_dark_oak_wood,{'axis': 'y'},
"(11, 3, 1)",minecraft:spruce_fence,"{'east': 'false', 'north': 'false', 'south': 'false', 'waterlogged': 'false', 'west': 'true'}",
"(4, 3, 2)",minecraft:brown_wool,{},
"(5, 3, 2)",minecraft:spruce_trapdoor,"{'facing': 'south', 'half': 'top', 'open': 'false', 'powered': 'false', 'waterlogged': 'false'}",
"(9, 3, 2)",minecraft:deepslate_brick_stairs,"{'facing': 'east', 'half': 'top', 'shape': 'straight', 'waterlogged': 'false'}",
"(10, 3, 2)",minecraft:tuff,{},
"(3, 3, 3)",minecraft:oxidized_copper_trapdoor,"{'facing': 'west', 'half': 'bottom', 'open': 'false', 'powered': 'false', 'waterlogged': 'false'}",
"(4, 3, 3)",minecraft:brown_wool,{},
"(5, 3, 3)",minecraft:spruce_fence_gate,"{'facing': 'west', 'in_wall': 'false', 'open': 'true', 'powered': 'false'}",
"(9, 3, 3)",minecraft:deepslate_brick_stairs,"{'facing': 'east', 'half': 'top', 'shape': 'straight', 'waterlogged': 'false'}",
"(11, 3, 3)",minecraft:basalt,{'axis': 'x'},
"(3, 3, 4)",minecraft:oxidized_cut_copper_slab,"{'type': 'bottom', 'waterlogged': 'false'}",
"(4, 3, 4)",minecraft:brown_wool,{},
"(5, 3, 4)",minecraft:spruce_trapdoor,"{'facing': 'south', 'half': 'top', 'open': 'false', 'powered': 'false', 'waterlogged': 'false'}",
"(9, 3, 4)",minecraft:deepslate_brick_stairs,"{'facing': 'east', 'half': 'top', 'shape': 'straight', 'waterlogged': 'false'}",
"(11, 3, 4)",minecraft:tuff,{},
"(12, 3, 4)",minecraft:tuff_wall,"{'east': 'none', 'north': 'none', 'south': 'none', 'up': 'true', 'waterlogged': 'false', 'west': 'tall'}",
"(3, 3, 5)",minecraft:oxidized_copper_trapdoor,"{'facing': 'west', 'half': 'bottom', 'open': 'false', 'powered': 'false', 'waterlogged': 'false'}",
"(4, 3, 5)",minecraft:brown_wool,{},
"(5, 3, 5)",minecraft:spruce_trapdoor,"{'facing': 'south', 'half': 'top', 'open': 'false', 'powered': 'false', 'waterlogged': 'false'}",
"(9, 3, 5)",minecraft:deepslate_brick_stairs,"{'facing': 'east', 'half': 'top', 'shape': 'straight', 'waterlogged': 'false'}",
"(11, 3, 5)",minecraft:tuff_stairs,"{'facing': 'west', 'half': 'bottom', 'shape': 'straight', 'waterlogged': 'false'}",
"(4, 3, 6)",minecraft:brown_wool,{},
"(5, 3, 6)",minecraft:spruce_fence_gate,"{'facing': 'west', 'in_wall': 'false', 'open': 'true', 'powered': 'false'}",
"(9, 3, 6)",minecraft:deepslate_brick_stairs,"{'facing': 'east', 'half': 'top', 'shape': 'straight', 'waterlogged': 'false'}",
"(10, 3, 6)",minecraft:cobblestone,{},
"(3, 3, 7)",minecraft:spruce_fence,"{'east': 'true', 'north': 'false', 'south': 'false', 'waterlogged': 'false', 'west': 'false'}",
"(4, 3, 7)",minecraft:stripped_dark_oak_wood,{'axis': 'y'},
"(10, 3, 7)",minecraft:stripped_dark_oak_wood,{'axis': 'y'},
"(11, 3, 7)",minecraft:dark_oak_fence,"{'east': 'false', 'north': 'false', 'south': 'false', 'waterlogged': 'false', 'west': 'true'}",
"(3, 3, 8)",minecraft:oak_slab,"{'type': 'bottom', 'waterlogged': 'false'}",
"(4, 3, 8)",minecraft:brown_wool,{},
"(9, 3, 8)",minecraft:oak_leaves,"{'distance': '2', 'persistent': 'true', 'waterlogged': 'false'}",
"(10, 3, 8)",minecraft:brown_wool,{},
"(3, 3, 9)",minecraft:oak_slab,"{'type': 'top', 'waterlogged': 'false'}",
"(4, 3, 9)",minecraft:brown_wool,{},
"(10, 3, 9)",minecraft:brown_wool,{},
"(3, 3, 10)",minecraft:spruce_slab,"{'type': 'bottom', 'waterlogged': 'false'}",
"(4, 3, 10)",minecraft:brown_wool,{},
"(10, 3, 10)",minecraft:brown_wool,{},
"(14, 3, 10)",minecraft:spruce_fence,"{'east': 'false', 'north': 'false', 'south': 'true', 'waterlogged': 'false', 'west': 'false'}",
"(3, 3, 11)",minecraft:dark_oak_fence,"{'east': 'true', 'north': 'false', 'south': 'false', 'waterlogged': 'false', 'west': 'false'}",
"(4, 3, 11)",minecraft:stripped_dark_oak_wood,{'axis': 'y'},
"(5, 3, 11)",minecraft:spruce_stairs,"{'facing': 'south', 'half': 'bottom', 'shape': 'straight', 'waterlogged': 'false'}",
"(6, 3, 11)",minecraft:spruce_stairs,"{'facing': 'south', 'half': 'bottom', 'shape': 'straight', 'waterlogged': 'false'}",
"(7, 3, 11)",minecraft:spruce_stairs,"{'facing': 'south', 'half': 'bottom', 'shape': 'straight', 'waterlogged': 'false'}",
"(8, 3, 11)",minecraft:spruce_stairs,"{'facing': 'south', 'half': 'bottom', 'shape': 'straight', 'waterlogged': 'false'}",
"(9, 3, 11)",minecraft:spruce_stairs,"{'facing': 'south', 'half': 'bottom', 'shape': 'straight', 'waterlogged': 'false'}",
"(10, 3, 11)",minecraft:stripped_dark_oak_wood,{'axis': 'y'},
"(13, 3, 11)",minecraft:bell,"{'attachment': 'single_wall', 'facing': 'east', 'powered': 'false'}","{components: {}, id: ""minecraft:bell""}"
"(14, 3, 11)",minecraft:stripped_dark_oak_wood,{'axis': 'y'},
"(15, 3, 11)",minecraft:dark_oak_fence,"{'east': 'false', 'north': 'false', 'south': 'false', 'waterlogged': 'false', 'west': 'true'}",
"(4, 3, 12)",minecraft:brown_wool,{},
"(5, 3, 12)",minecraft:bell,"{'attachment': 'single_wall', 'facing': 'north', 'powered': 'false'}","{components: {}, id: ""minecraft:bell""}"
"(10, 3, 12)",minecraft:dark_oak_stairs,"{'facing': 'north', 'half': 'top', 'shape': 'straight', 'waterlogged': 'false'}",
"(14, 3, 12)",minecraft:brown_wool,{},
"(3, 3, 13)",minecraft:oxidized_copper_trapdoor,"{'facing': 'west', 'half': 'bottom', 'open': 'false', 'powered': 'false', 'waterlogged': 'false'}",
"(4, 3, 13)",minecraft:brown_wool,{},
"(10, 3, 13)",minecraft:dark_oak_stairs,"{'facing': 'south', 'half': 'top', 'shape': 'straight', 'waterlogged': 'false'}",
"(13, 3, 13)",minecraft:oak_leaves,"{'distance': '7', 'persistent': 'true', 'waterlogged': 'false'}",
"(14, 3, 13)",minecraft:brown_wool,{},
"(3, 3, 14)",minecraft:oxidized_cut_copper_slab,"{'type': 'bottom', 'waterlogged': 'false'}",
"(4, 3, 14)",minecraft:brown_wool,{},
"(10, 3, 14)",minecraft:brown_wool,{},
"(11, 3, 14)",minecraft:brown_wool,{},
"(12, 3, 14)",minecraft:brown_wool,{},
"(13, 3, 14)",minecraft:brown_wool,{},
"(14, 3, 14)",minecraft:brown_wool,{},
"(3, 3, 15)",minecraft:oxidized_copper_trapdoor,"{'facing': 'west', 'half': 'bottom', 'open': 'false', 'powered': 'false', 'waterlogged': 'false'}",
"(4, 3, 15)",minecraft:brown_wool,{},
"(8, 3, 15)",minecraft:oak_wall_sign,"{'facing': 'north', 'waterlogged': 'false'}","{back_text: {has_glowing_text: 0b, color: ""black"", messages: ["""", """", """", """"]}, components: {}, is_waxed: 0b, id: ""minecraft:sign"", front_text: {has_glowing_text: 0b, color: ""black"", messages: ["""", """", """", """"]}}"
"(9, 3, 15)",minecraft:oak_wall_sign,"{'facing': 'north', 'waterlogged': 'false'}","{back_text: {has_glowing_text: 0b, color: ""black"", messages: ["""", """", """", """"]}, components: {}, is_waxed: 0b, id: ""minecraft:sign"", front_text: {has_glowing_text: 0b, color: ""black"", messages: ["""", """", """", """"]}}"
"(10, 3, 15)",minecraft:brown_wool,{},
"(14, 3, 15)",minecraft:brown_wool,{},
"(4, 3, 16)",minecraft:brown_wool,{},
"(5, 3, 16)",minecraft:spruce_trapdoor,"{'facing': 'east', 'half': 'top', 'open': 'false', 'powered': 'false', 'waterlogged': 'false'}",
"(6, 3, 16)",minecraft:spruce_trapdoor,"{'facing': 'east', 'half': 'top', 'open': 'false', 'powered': 'false', 'waterlogged': 'false'}",
"(7, 3, 16)",minecraft:spruce_trapdoor,"{'facing': 'east', 'half': 'top', 'open': 'false', 'powered': 'false', 'waterlogged': 'false'}",
"(8, 3, 16)",minecraft:loom,{'facing': 'south'},
"(9, 3, 16)",minecraft:loom,{'facing': 'south'},
"(10, 3, 16)",minecraft:brown_wool,{},
"(13, 3, 16)",minecraft:emerald_block,{},
"(14, 3, 16)",minecraft:brown_wool,{},
"(3, 3, 17)",minecraft:dark_oak_fence,"{'east': 'true', 'north': 'false', 'south': 'false', 'waterlogged': 'false', 'west': 'false'}",
"(4, 3, 17)",minecraft:stripped_dark_oak_wood,{'axis': 'y'},
"(5, 3, 17)",minecraft:brown_wool,{},
"(6, 3, 17)",minecraft:brown_wool,{},
"(7, 3, 17)",minecraft:brown_wool,{},
"(8, 3, 17)",minecraft:brown_wool,{},
"(9, 3, 17)",minecraft:brown_wool,{},
"(10, 3, 17)",minecraft:stripped_dark_oak_wood,{'axis': 'y'},
"(11, 3, 17)",minecraft:brown_wool,{},
"(12, 3, 17)",minecraft:brown_wool,{},
"(13, 3, 17)",minecraft:brown_wool,{},
"(14, 3, 17)",minecraft:stripped_dark_oak_wood,{'axis': 'y'},
"(15, 3, 17)",minecraft:dark_oak_fence,"{'east': 'false', 'north': 'false', 'south': 'false', 'waterlogged': 'false', 'west': 'true'}",
"(4, 3, 18)",minecraft:dark_oak_fence,"{'east': 'false', 'north': 'true', 'south': 'false', 'waterlogged': 'false', 'west': 'false'}",
"(6, 3, 18)",minecraft:oxidized_copper_trapdoor,"{'facing': 'south', 'half': 'bottom', 'open': 'false', 'powered': 'false', 'waterlogged': 'false'}",
"(7, 3, 18)",minecraft:oxidized_copper_trapdoor,"{'facing': 'south', 'half': 'bottom', 'open': 'false', 'powered': 'false', 'waterlogged': 'false'}",
"(10, 3, 18)",minecraft:dark_oak_fence,"{'east': 'false', 'north': 'true', 'south': 'false', 'waterlogged': 'false', 'west': 'false'}",
"(14, 3, 18)",minecraft:dark_oak_fence,"{'east': 'false', 'north': 'true', 'south': 'false', 'waterlogged': 'false', 'west': 'false'}",
"(4, 4, 0)",minecraft:oak_log,{'axis': 'z'},
"(5, 4, 0)",minecraft:spruce_stairs,"{'facing': 'south', 'half': 'top', 'shape': 'straight', 'waterlogged': 'false'}",
"(6, 4, 0)",minecraft:dark_oak_slab,"{'type': 'top', 'waterlogged': 'false'}",
"(7, 4, 0)",minecraft:spruce_stairs,"{'facing': 'south', 'half': 'top', 'shape': 'straight', 'waterlogged': 'false'}",
"(8, 4, 0)",minecraft:dark_oak_slab,"{'type': 'top', 'waterlogged': 'false'}",
"(9, 4, 0)",minecraft:spruce_stairs,"{'facing': 'south', 'half': 'top', 'shape': 'straight', 'waterlogged': 'false'}",
"(10, 4, 0)",minecraft:oak_log,{'axis': 'z'},
"(3, 4, 1)",minecraft:oak_log,{'axis': 'x'},
"(4, 4, 1)",minecraft:oak_log,{'axis': 'y'},
"(5, 4, 1)",minecraft:stripped_dark_oak_wood,{'axis': 'x'},
"(6, 4, 1)",minecraft:stripped_dark_oak_wood,{'axis': 'x'},
"(7, 4, 1)",minecraft:mangrove_wood,{'axis': 'x'},
"(8, 4, 1)",minecraft:mangrove_wood,{'axis': 'x'},
"(9, 4, 1)",minecraft:stripped_dark_oak_wood,{'axis': 'x'},
"(10, 4, 1)",minecraft:oak_log,{'axis': 'y'},
"(11, 4, 1)",minecraft:oak_log,{'axis': 'x'},
"(3, 4, 2)",minecraft:dark_oak_stairs,"{'facing': 'east', 'half': 'top', 'shape': 'straight', 'waterlogged': 'false'}",
"(4, 4, 2)",minecraft:stripped_dark_oak_wood,{'axis': 'z'},
"(5, 4, 2)",minecraft:candle,"{'candles': '4', 'lit': 'true', 'waterlogged': 'false'}",
"(9, 4, 2)",minecraft:potted_lily_of_the_valley,{},
"(10, 4, 2)",minecraft:stripped_dark_oak_wood,{'axis': 'z'},
"(11, 4, 2)",minecraft:spruce_stairs,"{'facing': 'west', 'half': 'top', 'shape': 'straight', 'waterlogged': 'false'}",
"(3, 4, 3)",minecraft:dark_oak_slab,"{'type': 'top', 'waterlogged': 'false'}",
"(4, 4, 3)",minecraft:mangrove_wood,{'axis': 'z'},
"(5, 4, 3)",minecraft:spruce_trapdoor,"{'facing': 'east', 'half': 'bottom', 'open': 'false', 'powered': 'false', 'waterlogged': 'false'}",
"(10, 4, 3)",minecraft:tuff,{},
"(11, 4, 3)",minecraft:tuff,{},
"(3, 4, 4)",minecraft:spruce_stairs,"{'facing': 'east', 'half': 'top', 'shape': 'straight', 'waterlogged': 'false'}",
"(4, 4, 4)",minecraft:stripped_dark_oak_wood,{'axis': 'z'},
"(10, 4, 4)",minecraft:tuff,{},
"(11, 4, 4)",minecraft:tuff,{},
"(12, 4, 4)",minecraft:tuff_wall,"{'east': 'none', 'north': 'none', 'south': 'none', 'up': 'true', 'waterlogged': 'false', 'west': 'low'}",
"(3, 4, 5)",minecraft:dark_oak_slab,"{'type': 'top', 'waterlogged': 'false'}",
"(4, 4, 5)",minecraft:stripped_dark_oak_wood,{'axis': 'z'},
"(5, 4, 5)",minecraft:potted_bamboo,{},
"(9, 4, 5)",minecraft:lantern,"{'hanging': 'false', 'waterlogged': 'false'}",
"(10, 4, 5)",minecraft:tuff,{},
"(11, 4, 5)",minecraft:tuff,{},
"(3, 4, 6)",minecraft:spruce_stairs,"{'facing': 'east', 'half': 'top', 'shape': 'straight', 'waterlogged': 'false'}",
"(4, 4, 6)",minecraft:stripped_dark_oak_wood,{'axis': 'z'},
"(5, 4, 6)",minecraft:spruce_trapdoor,"{'facing': 'east', 'half': 'bottom', 'open': 'false', 'powered': 'false', 'waterlogged': 'false'}",
"(10, 4, 6)",minecraft:stripped_dark_oak_wood,{'axis': 'z'},
"(11, 4, 6)",minecraft:spruce_stairs,"{'facing': 'west', 'half': 'top', 'shape': 'straight', 'waterlogged': 'false'}",
"(3, 4, 7)",minecraft:oak_log,{'axis': 'x'},
"(4, 4, 7)",minecraft:mangrove_wood,{'axis': 'y'},
"(10, 4, 7)",minecraft:mangrove_wood,{'axis': 'y'},
"(11, 4, 7)",minecraft:oak_log,{'axis': 'x'},
"(3, 4, 8)",minecraft:dark_oak_stairs,"{'facing': 'east', 'half': 'top', 'shape': 'straight', 'waterlogged': 'false'}",
"(4, 4, 8)",minecraft:stripped_dark_oak_wood,{'axis': 'z'},
"(9, 4, 8)",minecraft:oak_leaves,"{'distance': '1', 'persistent': 'true', 'waterlogged': 'false'}",
"(10, 4, 8)",minecraft:stripped_dark_oak_wood,{'axis': 'z'},
"(11, 4, 8)",minecraft:dark_oak_stairs,"{'facing': 'west', 'half': 'top', 'shape': 'straight', 'waterlogged': 'false'}",
"(3, 4, 9)",minecraft:dark_oak_slab,"{'type': 'top', 'waterlogged': 'false'}",
"(4, 4, 9)",minecraft:stripped_dark_oak_wood,{'axis': 'z'},
"(8, 4, 9)",minecraft:end_rod,{'facing': 'down'},
"(10, 4, 9)",minecraft:stripped_dark_oak_wood,{'axis': 'z'},
"(11, 4, 9)",minecraft:dark_oak_slab,"{'type': 'top', 'waterlogged': 'false'}",
"(3, 4, 10)",minecraft:spruce_stairs,"{'facing': 'east', 'half': 'top', 'shape': 'straight', 'waterlogged': 'false'}",
"(4, 4, 10)",minecraft:stripped_dark_oak_wood,{'axis': 'z'},
"(5, 4, 10)",minecraft:gray_wall_banner,{'facing': 'north'},"{components: {}, id: ""minecraft:banner""}"
"(7, 4, 10)",minecraft:gray_wall_banner,{'facing': 'north'},"{components: {}, id: ""minecraft:banner""}"
"(9, 4, 10)",minecraft:gray_wall_banner,{'facing': 'north'},"{components: {}, id: ""minecraft:banner""}"
"(10, 4, 10)",minecraft:stripped_dark_oak_wood,{'axis': 'z'},
"(11, 4, 10)",minecraft:spruce_stairs,"{'facing': 'west', 'half': 'top', 'shape': 'straight', 'waterlogged': 'false'}",
"(12, 4, 10)",minecraft:dark_oak_slab,"{'type': 'top', 'waterlogged': 'false'}",
"(13, 4, 10)",minecraft:spruce_stairs,"{'facing': 'south', 'half': 'top', 'shape': 'straight', 'waterlogged': 'false'}",
"(14, 4, 10)",minecraft:oak_log,{'axis': 'z'},
"(3, 4, 11)",minecraft:oak_log,{'axis': 'x'},
"(4, 4, 11)",minecraft:mangrove_wood,{'axis': 'y'},
"(5, 4, 11)",minecraft:spruce_trapdoor,"{'facing': 'east', 'half': 'top', 'open': 'false', 'powered': 'false', 'waterlogged': 'false'}",
"(6, 4, 11)",minecraft:spruce_trapdoor,"{'facing': 'east', 'half': 'top', 'open': 'false', 'powered': 'false', 'waterlogged': 'false'}",
"(7, 4, 11)",minecraft:spruce_trapdoor,"{'facing': 'east', 'half': 'top', 'open': 'false', 'powered': 'false', 'waterlogged': 'false'}",
"(8, 4, 11)",minecraft:spruce_trapdoor,"{'facing': 'east', 'half': 'top', 'open': 'false', 'powered': 'false', 'waterlogged': 'false'}",
"(9, 4, 11)",minecraft:spruce_trapdoor,"{'facing': 'east', 'half': 'top', 'open': 'false', 'powered': 'false', 'waterlogged': 'false'}",
"(10, 4, 11)",minecraft:mangrove_wood,{'axis': 'y'},
"(11, 4, 11)",minecraft:stripped_dark_oak_wood,{'axis': 'x'},
"(12, 4, 11)",minecraft:stripped_dark_oak_wood,{'axis': 'x'},
"(13, 4, 11)",minecraft:stripped_dark_oak_wood,{'axis': 'x'},
"(14, 4, 11)",minecraft:oak_log,{'axis': 'z'},
"(15, 4, 11)",minecraft:oak_log,{'axis': 'x'},
"(3, 4, 12)",minecraft:spruce_stairs,"{'facing': 'east', 'half': 'top', 'shape': 'straight', 'waterlogged': 'false'}",
"(4, 4, 12)",minecraft:stripped_dark_oak_wood,{'axis': 'z'},
"(5, 4, 12)",minecraft:spruce_trapdoor,"{'facing': 'north', 'half': 'top', 'open': 'false', 'powered': 'false', 'waterlogged': 'false'}",
"(10, 4, 12)",minecraft:stripped_dark_oak_wood,{'axis': 'z'},
"(11, 4, 12)",minecraft:spruce_slab,"{'type': 'top', 'waterlogged': 'false'}",
"(12, 4, 12)",minecraft:spruce_stairs,"{'facing': 'north', 'half': 'top', 'shape': 'straight', 'waterlogged': 'false'}",
"(13, 4, 12)",minecraft:spruce_stairs,"{'facing': 'east', 'half': 'top', 'shape': 'inner_left', 'waterlogged': 'false'}",
"(14, 4, 12)",minecraft:stripped_dark_oak_wood,{'axis': 'z'},
"(15, 4, 12)",minecraft:dark_oak_stairs,"{'facing': 'west', 'half': 'top', 'shape': 'straight', 'waterlogged': 'false'}",
"(3, 4, 13)",minecraft:dark_oak_slab,"{'type': 'top', 'waterlogged': 'false'}",
"(4, 4, 13)",minecraft:stripped_dark_oak_wood,{'axis': 'z'},
"(5, 4, 13)",minecraft:spruce_trapdoor,"{'facing': 'north', 'half': 'top', 'open': 'false', 'powered': 'false', 'waterlogged': 'false'}",
"(10, 4, 13)",minecraft:mangrove_wood,{'axis': 'z'},
"(11, 4, 13)",minecraft:spruce_stairs,"{'facing': 'west', 'half': 'top', 'shape': 'straight', 'waterlogged': 'false'}",
"(12, 4, 13)",minecraft:spruce_slab,"{'type': 'top', 'waterlogged': 'false'}",
"(13, 4, 13)",minecraft:spruce_slab,"{'type': 'top', 'waterlogged': 'false'}",
"(14, 4, 13)",minecraft:stripped_dark_oak_wood,{'axis': 'z'},
"(15, 4, 13)",minecraft:dark_oak_slab,"{'type': 'top', 'waterlogged': 'false'}",
"(3, 4, 14)",minecraft:spruce_stairs,"{'facing': 'east', 'half': 'top', 'shape': 'straight', 'waterlogged': 'false'}",
"(4, 4, 14)",minecraft:stripped_dark_oak_wood,{'axis': 'z'},
"(5, 4, 14)",minecraft:spruce_trapdoor,"{'facing': 'north', 'half': 'top', 'open': 'false', 'powered': 'false', 'waterlogged': 'false'}",
"(10, 4, 14)",minecraft:mangrove_wood,{'axis': 'z'},
"(11, 4, 14)",minecraft:stripped_dark_oak_wood,{'axis': 'x'},
"(12, 4, 14)",minecraft:stripped_dark_oak_wood,{'axis': 'x'},
"(13, 4, 14)",minecraft:stripped_dark_oak_wood,{'axis': 'x'},
"(14, 4, 14)",minecraft:oak_log,{'axis': 'z'},
"(15, 4, 14)",minecraft:dark_oak_stairs,"{'facing': 'west', 'half': 'top', 'shape': 'straight', 'waterlogged': 'false'}",
"(3, 4, 15)",minecraft:dark_oak_slab,"{'type': 'top', 'waterlogged': 'false'}",
"(4, 4, 15)",minecraft:stripped_dark_oak_wood,{'axis': 'z'},
"(5, 4, 15)",minecraft:spruce_trapdoor,"{'facing': 'north', 'half': 'top', 'open': 'false', 'powered': 'false', 'waterlogged': 'false'}",
"(10, 4, 15)",minecraft:stripped_dark_oak_wood,{'axis': 'z'},
"(14, 4, 15)",minecraft:stripped_dark_oak_wood,{'axis': 'z'},
"(15, 4, 15)",minecraft:dark_oak_slab,"{'type': 'top', 'waterlogged': 'false'}",
"(3, 4, 16)",minecraft:dark_oak_stairs,"{'facing': 'east', 'half': 'top', 'shape': 'straight', 'waterlogged': 'false'}",
"(4, 4, 16)",minecraft:stripped_dark_oak_wood,{'axis': 'z'},
"(5, 4, 16)",minecraft:spruce_trapdoor,"{'facing': 'north', 'half': 'top', 'open': 'false', 'powered': 'false', 'waterlogged': 'false'}",
"(6, 4, 16)",minecraft:large_amethyst_bud,"{'facing': 'up', 'waterlogged': 'false'}",
"(7, 4, 16)",minecraft:potted_oak_sapling,{},
"(10, 4, 16)",minecraft:stripped_dark_oak_wood,{'axis': 'z'},
"(14, 4, 16)",minecraft:stripped_dark_oak_wood,{'axis': 'z'},
"(15, 4, 16)",minecraft:spruce_stairs,"{'facing': 'west', 'half': 'top', 'shape': 'straight', 'waterlogged': 'false'}",
"(3, 4, 17)",minecraft:oak_log,{'axis': 'x'},
"(4, 4, 17)",minecraft:oak_log,{'axis': 'y'},
"(5, 4, 17)",minecraft:stripped_dark_oak_wood,{'axis': 'x'},
"(6, 4, 17)",minecraft:stripped_dark_oak_wood,{'axis': 'x'},
"(7, 4, 17)",minecraft:mangrove_wood,{'axis': 'x'},
"(8, 4, 17)",minecraft:mangrove_wood,{'axis': 'x'},
"(9, 4, 17)",minecraft:stripped_dark_oak_wood,{'axis': 'x'},
"(10, 4, 17)",minecraft:oak_log,{'axis': 'y'},
"(11, 4, 17)",minecraft:stripped_dark_oak_wood,{'axis': 'x'},
"(12, 4, 17)",minecraft:stripped_dark_oak_wood,{'axis': 'x'},
"(13, 4, 17)",minecraft:stripped_dark_oak_wood,{'axis': 'x'},
"(14, 4, 17)",minecraft:oak_log,{'axis': 'y'},
"(15, 4, 17)",minecraft:oak_log,{'axis': 'x'},
"(4, 4, 18)",minecraft:oak_log,{'axis': 'z'},
"(5, 4, 18)",minecraft:dark_oak_stairs,"{'facing': 'north', 'half': 'top', 'shape': 'straight', 'waterlogged': 'false'}",
"(6, 4, 18)",minecraft:dark_oak_slab,"{'type': 'top', 'waterlogged': 'false'}",
"(7, 4, 18)",minecraft:spruce_stairs,"{'facing': 'north', 'half': 'top', 'shape': 'straight', 'waterlogged': 'false'}",
"(8, 4, 18)",minecraft:dark_oak_slab,"{'type': 'top', 'waterlogged': 'false'}",
"(9, 4, 18)",minecraft:dark_oak_stairs,"{'facing': 'north', 'half': 'top', 'shape': 'straight', 'waterlogged': 'false'}",
"(10, 4, 18)",minecraft:oak_log,{'axis': 'z'},
"(11, 4, 18)",minecraft:dark_oak_stairs,"{'facing': 'north', 'half': 'top', 'shape': 'straight', 'waterlogged': 'false'}",
"(12, 4, 18)",minecraft:dark_oak_slab,"{'type': 'top', 'waterlogged': 'false'}",
"(13, 4, 18)",minecraft:dark_oak_stairs,"{'facing': 'north', 'half': 'top', 'shape': 'straight', 'waterlogged': 'false'}",
"(14, 4, 18)",minecraft:oak_log,{'axis': 'z'},
"(4, 5, 0)",minecraft:spruce_stairs,"{'facing': 'south', 'half': 'bottom', 'shape': 'straight', 'waterlogged': 'false'}",
"(5, 5, 0)",minecraft:azalea_leaves,"{'distance': '7', 'persistent': 'true', 'waterlogged': 'false'}",
"(6, 5, 0)",minecraft:spruce_slab,"{'type': 'bottom', 'waterlogged': 'false'}",
"(8, 5, 0)",minecraft:spruce_slab,"{'type': 'bottom', 'waterlogged': 'false'}",
"(9, 5, 0)",minecraft:oak_leaves,"{'distance': '7', 'persistent': 'true', 'waterlogged': 'false'}",
"(10, 5, 0)",minecraft:spruce_stairs,"{'facing': 'south', 'half': 'bottom', 'shape': 'straight', 'waterlogged': 'false'}",
"(3, 5, 1)",minecraft:spruce_stairs,"{'facing': 'east', 'half': 'bottom', 'shape': 'straight', 'waterlogged': 'false'}",
"(4, 5, 1)",minecraft:oak_log,{'axis': 'y'},
"(5, 5, 1)",minecraft:brown_wool,{},
"(6, 5, 1)",minecraft:terracotta,{},
"(7, 5, 1)",minecraft:brown_wool,{},
"(8, 5, 1)",minecraft:terracotta,{},
"(9, 5, 1)",minecraft:brown_wool,{},
"(10, 5, 1)",minecraft:oak_log,{'axis': 'y'},
"(11, 5, 1)",minecraft:dark_oak_stairs,"{'facing': 'west', 'half': 'bottom', 'shape': 'straight', 'waterlogged': 'false'}",
"(3, 5, 2)",minecraft:oak_leaves,"{'distance': '7', 'persistent': 'true', 'waterlogged': 'false'}",
"(4, 5, 2)",minecraft:brown_wool,{},
"(10, 5, 2)",minecraft:brown_wool,{},
"(3, 5, 3)",minecraft:spruce_slab,"{'type': 'bottom', 'waterlogged': 'false'}",
"(4, 5, 3)",minecraft:terracotta,{},
"(10, 5, 3)",minecraft:tuff_stairs,"{'facing': 'east', 'half': 'bottom', 'shape': 'straight', 'waterlogged': 'false'}",
"(11, 5, 3)",minecraft:tuff_wall,"{'east': 'none', 'north': 'none', 'south': 'tall', 'up': 'true', 'waterlogged': 'false', 'west': 'tall'}",
"(4, 5, 4)",minecraft:terracotta,{},
"(9, 5, 4)",minecraft:dragon_wall_head,"{'facing': 'west', 'powered': 'false'}","{components: {}, id: ""minecraft:skull""}"
"(10, 5, 4)",minecraft:tuff,{},
"(11, 5, 4)",minecraft:tuff,{},
"(3, 5, 5)",minecraft:spruce_slab,"{'type': 'bottom', 'waterlogged': 'false'}",
"(4, 5, 5)",minecraft:terracotta,{},
"(5, 5, 5)",minecraft:azalea_leaves,"{'distance': '7', 'persistent': 'true', 'waterlogged': 'false'}",
"(10, 5, 5)",minecraft:tuff_stairs,"{'facing': 'east', 'half': 'top', 'shape': 'straight', 'waterlogged': 'false'}",
"(11, 5, 5)",minecraft:tuff_stairs,"{'facing': 'west', 'half': 'bottom', 'shape': 'straight', 'waterlogged': 'false'}",
"(4, 5, 6)",minecraft:granite,{},
"(10, 5, 6)",minecraft:granite,{},
"(3, 5, 7)",minecraft:spruce_stairs,"{'facing': 'east', 'half': 'bottom', 'shape': 'straight', 'waterlogged': 'false'}",
"(4, 5, 7)",minecraft:oak_log,{'axis': 'y'},
"(10, 5, 7)",minecraft:oak_log,{'axis': 'y'},
"(11, 5, 7)",minecraft:spruce_stairs,"{'facing': 'west', 'half': 'bottom', 'shape': 'straight', 'waterlogged': 'false'}",
"(4, 5, 8)",minecraft:terracotta,{},
"(8, 5, 8)",minecraft:end_rod,{'facing': 'down'},
"(10, 5, 8)",minecraft:terracotta,{},
"(3, 5, 9)",minecraft:dark_oak_slab,"{'type': 'bottom', 'waterlogged': 'false'}",
"(4, 5, 9)",minecraft:granite,{},
"(6, 5, 9)",minecraft:end_rod,{'facing': 'down'},
"(7, 5, 9)",minecraft:end_rod,{'facing': 'down'},
"(8, 5, 9)",minecraft:iron_chain,"{'axis': 'y', 'waterlogged': 'false'}",
"(10, 5, 9)",minecraft:terracotta,{},
"(11, 5, 9)",minecraft:dark_oak_slab,"{'type': 'bottom', 'waterlogged': 'false'}",
"(4, 5, 10)",minecraft:granite,{},
"(10, 5, 10)",minecraft:terracotta,{},
"(11, 5, 10)",minecraft:oak_leaves,"{'distance': '7', 'persistent': 'true', 'waterlogged': 'false'}",
"(12, 5, 10)",minecraft:spruce_slab,"{'type': 'bottom', 'waterlogged': 'false'}",
"(14, 5, 10)",minecraft:spruce_stairs,"{'facing': 'south', 'half': 'bottom', 'shape': 'straight', 'waterlogged': 'false'}",
"(3, 5, 11)",minecraft:dark_oak_stairs,"{'facing': 'east', 'half': 'bottom', 'shape': 'straight', 'waterlogged': 'false'}",
"(4, 5, 11)",minecraft:oak_log,{'axis': 'y'},
"(6, 5, 11)",minecraft:potted_bamboo,{},
"(8, 5, 11)",minecraft:gray_candle,"{'candles': '4', 'lit': 'true', 'waterlogged': 'false'}",
"(9, 5, 11)",minecraft:potted_oxeye_daisy,{},
"(10, 5, 11)",minecraft:oak_log,{'axis': 'y'},
"(11, 5, 11)",minecraft:terracotta,{},
"(12, 5, 11)",minecraft:terracotta,{},
"(13, 5, 11)",minecraft:terracotta,{},
"(14, 5, 11)",minecraft:oak_log,{'axis': 'y'},
"(15, 5, 11)",minecraft:dark_oak_stairs,"{'facing': 'west', 'half': 'bottom', 'shape': 'straight', 'waterlogged': 'false'}",
"(4, 5, 12)",minecraft:granite,{},
"(5, 5, 12)",minecraft:large_amethyst_bud,"{'facing': 'up', 'waterlogged': 'false'}",
"(10, 5, 12)",minecraft:granite,{},
"(14, 5, 12)",minecraft:terracotta,{},
"(3, 5, 13)",minecraft:spruce_slab,"{'type': 'bottom', 'waterlogged': 'false'}",
"(4, 5, 13)",minecraft:granite,{},
"(10, 5, 13)",minecraft:granite,{},
"(14, 5, 13)",minecraft:terracotta,{},
"(15, 5, 13)",minecraft:dark_oak_slab,"{'type': 'bottom', 'waterlogged': 'false'}",
"(3, 5, 14)",minecraft:azalea_leaves,"{'distance': '7', 'persistent': 'true', 'waterlogged': 'false'}",
"(4, 5, 14)",minecraft:terracotta,{},
"(5, 5, 14)",minecraft:potted_fern,{},
"(10, 5, 14)",minecraft:terracotta,{},
"(14, 5, 14)",minecraft:terracotta,{},
"(15, 5, 14)",minecraft:azalea_leaves,"{'distance': '7', 'persistent': 'true', 'waterlogged': 'false'}",
"(3, 5, 15)",minecraft:dark_oak_slab,"{'type': 'bottom', 'waterlogged': 'false'}",
"(4, 5, 15)",minecraft:terracotta,{},
"(10, 5, 15)",minecraft:terracotta,{},
"(14, 5, 15)",minecraft:brown_wool,{},
"(15, 5, 15)",minecraft:spruce_slab,"{'type': 'bottom', 'waterlogged': 'false'}",
"(4, 5, 16)",minecraft:terracotta,{},
"(9, 5, 16)",minecraft:green_wall_banner,{'facing': 'north'},"{components: {}, id: ""minecraft:banner""}"
"(10, 5, 16)",minecraft:brown_wool,{},
"(14, 5, 16)",minecraft:brown_wool,{},
"(3, 5, 17)",minecraft:dark_oak_stairs,"{'facing': 'east', 'half': 'bottom', 'shape': 'straight', 'waterlogged': 'false'}",
"(4, 5, 17)",minecraft:oak_log,{'axis': 'y'},
"(5, 5, 17)",minecraft:terracotta,{},
"(6, 5, 17)",minecraft:brown_wool,{},
"(7, 5, 17)",minecraft:brown_wool,{},
"(8, 5, 17)",minecraft:terracotta,{},
"(9, 5, 17)",minecraft:terracotta,{},
"(10, 5, 17)",minecraft:oak_log,{'axis': 'y'},
"(11, 5, 17)",minecraft:terracotta,{},
"(12, 5, 17)",minecraft:brown_wool,{},
"(13, 5, 17)",minecraft:brown_wool,{},
"(14, 5, 17)",minecraft:oak_log,{'axis': 'y'},
"(15, 5, 17)",minecraft:dark_oak_stairs,"{'facing': 'west', 'half': 'bottom', 'shape': 'straight', 'waterlogged': 'false'}",
"(4, 5, 18)",minecraft:dark_oak_stairs,"{'facing': 'north', 'half': 'bottom', 'shape': 'straight', 'waterlogged': 'false'}",
"(6, 5, 18)",minecraft:dark_oak_slab,"{'type': 'bottom', 'waterlogged': 'false'}",
"(8, 5, 18)",minecraft:spruce_slab,"{'type': 'bottom', 'waterlogged': 'false'}",
"(9, 5, 18)",minecraft:oak_leaves,"{'distance': '7', 'persistent': 'true', 'waterlogged': 'false'}",
"(10, 5, 18)",minecraft:dark_oak_stairs,"{'facing': 'north', 'half': 'bottom', 'shape': 'straight', 'waterlogged': 'false'}",
"(12, 5, 18)",minecraft:spruce_slab,"{'type': 'bottom', 'waterlogged': 'false'}",
"(13, 5, 18)",minecraft:azalea_leaves,"{'distance': '7', 'persistent': 'true', 'waterlogged': 'false'}",
"(14, 5, 18)",minecraft:dark_oak_stairs,"{'facing': 'north', 'half': 'bottom', 'shape': 'straight', 'waterlogged': 'false'}",
"(3, 6, 0)",minecraft:mud_brick_slab,"{'type': 'bottom', 'waterlogged': 'false'}",
"(4, 6, 0)",minecraft:mud_brick_slab,"{'type': 'bottom', 'waterlogged': 'false'}",
"(5, 6, 0)",minecraft:mud_brick_slab,"{'type': 'bottom', 'waterlogged': 'false'}",
"(6, 6, 0)",minecraft:mud_brick_slab,"{'type': 'bottom', 'waterlogged': 'false'}",
"(7, 6, 0)",minecraft:mud_brick_slab,"{'type': 'bottom', 'waterlogged': 'false'}",
"(8, 6, 0)",minecraft:mud_brick_slab,"{'type': 'bottom', 'waterlogged': 'false'}",
"(9, 6, 0)",minecraft:mud_brick_slab,"{'type': 'bottom', 'waterlogged': 'false'}",
"(10, 6, 0)",minecraft:mud_brick_slab,"{'type': 'bottom', 'waterlogged': 'false'}",
"(11, 6, 0)",minecraft:mud_brick_slab,"{'type': 'bottom', 'waterlogged': 'false'}",
"(3, 6, 1)",minecraft:mud_brick_slab,"{'type': 'top', 'waterlogged': 'false'}",
"(4, 6, 1)",minecraft:mud_brick_slab,"{'type': 'double', 'waterlogged': 'false'}",
"(5, 6, 1)",minecraft:mud_brick_slab,"{'type': 'double', 'waterlogged': 'false'}",
"(6, 6, 1)",minecraft:jungle_slab,"{'type': 'double', 'waterlogged': 'false'}",
"(7, 6, 1)",minecraft:jungle_slab,"{'type': 'double', 'waterlogged': 'false'}",
"(8, 6, 1)",minecraft:jungle_slab,"{'type': 'double', 'waterlogged': 'false'}",
"(9, 6, 1)",minecraft:mud_brick_slab,"{'type': 'double', 'waterlogged': 'false'}",
"(10, 6, 1)",minecraft:mud_brick_slab,"{'type': 'double', 'waterlogged': 'false'}",
"(11, 6, 1)",minecraft:jungle_slab,"{'type': 'top', 'waterlogged': 'false'}",
"(4, 6, 2)",minecraft:brown_wool,{},
"(5, 6, 2)",minecraft:jungle_slab,"{'type': 'bottom', 'waterlogged': 'false'}",
"(6, 6, 2)",minecraft:jungle_slab,"{'type': 'bottom', 'waterlogged': 'false'}",
"(7, 6, 2)",minecraft:jungle_slab,"{'type': 'bottom', 'waterlogged': 'false'}",
"(8, 6, 2)",minecraft:jungle_slab,"{'type': 'bottom', 'waterlogged': 'false'}",
"(9, 6, 2)",minecraft:jungle_slab,"{'type': 'bottom', 'waterlogged': 'false'}",
"(10, 6, 2)",minecraft:brown_wool,{},
"(4, 6, 3)",minecraft:brown_wool,{},
"(5, 6, 3)",minecraft:jungle_slab,"{'type': 'top', 'waterlogged': 'false'}",
"(6, 6, 3)",minecraft:jungle_slab,"{'type': 'top', 'waterlogged': 'false'}",
"(7, 6, 3)",minecraft:jungle_slab,"{'type': 'top', 'waterlogged': 'false'}",
"(8, 6, 3)",minecraft:jungle_slab,"{'type': 'top', 'waterlogged': 'false'}",
"(9, 6, 3)",minecraft:jungle_slab,"{'type': 'top', 'waterlogged': 'false'}",
"(10, 6, 3)",minecraft:tuff,{},
"(11, 6, 3)",minecraft:cobblestone,{},
"(3, 6, 4)",minecraft:oak_fence_gate,"{'facing': 'east', 'in_wall': 'false', 'open': 'true', 'powered': 'false'}",
"(4, 6, 4)",minecraft:white_stained_glass_pane,"{'east': 'false', 'north': 'true', 'south': 'true', 'waterlogged': 'false', 'west': 'false'}",
"(10, 6, 4)",minecraft:tuff_stairs,"{'facing': 'south', 'half': 'top', 'shape': 'straight', 'waterlogged': 'false'}",
"(11, 6, 4)",minecraft:tuff,{},
"(3, 6, 5)",minecraft:oak_fence_gate,"{'facing': 'east', 'in_wall': 'false', 'open': 'true', 'powered': 'false'}",
"(4, 6, 5)",minecraft:white_stained_glass_pane,"{'east': 'false', 'north': 'true', 'south': 'true', 'waterlogged': 'false', 'west': 'false'}",
"(10, 6, 5)",minecraft:tuff,{},
"(11, 6, 5)",minecraft:tuff_wall,"{'east': 'none', 'north': 'low', 'south': 'none', 'up': 'true', 'waterlogged': 'false', 'west': 'low'}",
"(4, 6, 6)",minecraft:terracotta,{},
"(10, 6, 6)",minecraft:terracotta,{},
"(4, 6, 7)",minecraft:mangrove_wood,{'axis': 'y'},
"(10, 6, 7)",minecraft:mangrove_wood,{'axis': 'y'},
"(4, 6, 8)",minecraft:terracotta,{},
"(6, 6, 8)",minecraft:end_rod,{'facing': 'down'},
"(8, 6, 8)",minecraft:iron_chain,"{'axis': 'y', 'waterlogged': 'false'}",
"(10, 6, 8)",minecraft:terracotta,{},
"(4, 6, 9)",minecraft:green_stained_glass_pane,"{'east': 'false', 'north': 'true', 'south': 'true', 'waterlogged': 'false', 'west': 'false'}",
"(6, 6, 9)",minecraft:iron_chain,"{'axis': 'y', 'waterlogged': 'false'}",
"(7, 6, 9)",minecraft:iron_chain,"{'axis': 'y', 'waterlogged': 'false'}",
"(8, 6, 9)",minecraft:iron_chain,"{'axis': 'y', 'waterlogged': 'false'}",
"(10, 6, 9)",minecraft:terracotta,{},
"(4, 6, 10)",minecraft:granite,{},
"(8, 6, 10)",minecraft:end_rod,{'facing': 'down'},
"(10, 6, 10)",minecraft:brown_wool,{},
"(11, 6, 10)",minecraft:azalea_leaves,"{'distance': '7', 'persistent': 'true', 'waterlogged': 'false'}",
"(4, 6, 11)",minecraft:mangrove_wood,{'axis': 'y'},
"(6, 6, 11)",minecraft:oak_leaves,"{'distance': '7', 'persistent': 'true', 'waterlogged': 'false'}",
"(10, 6, 11)",minecraft:mangrove_wood,{'axis': 'y'},
"(11, 6, 11)",minecraft:brown_wool,{},
"(12, 6, 11)",minecraft:brown_wool,{},
"(13, 6, 11)",minecraft:brown_wool,{},
"(14, 6, 11)",minecraft:stripped_dark_oak_wood,{'axis': 'y'},
"(4, 6, 12)",minecraft:terracotta,{},
"(10, 6, 12)",minecraft:terracotta,{},
"(14, 6, 12)",minecraft:brown_wool,{},
"(3, 6, 13)",minecraft:oak_fence_gate,"{'facing': 'east', 'in_wall': 'false', 'open': 'true', 'powered': 'false'}",
"(4, 6, 13)",minecraft:white_stained_glass_pane,"{'east': 'false', 'north': 'true', 'south': 'true', 'waterlogged': 'false', 'west': 'false'}",
"(10, 6, 13)",minecraft:terracotta,{},
"(14, 6, 13)",minecraft:brown_wool,{},
"(3, 6, 14)",minecraft:oak_fence_gate,"{'facing': 'east', 'in_wall': 'false', 'open': 'true', 'powered': 'false'}",
"(4, 6, 14)",minecraft:white_stained_glass_pane,"{'east': 'false', 'north': 'true', 'south': 'true', 'waterlogged': 'false', 'west': 'false'}",
"(10, 6, 14)",minecraft:brown_wool,{},
"(14, 6, 14)",minecraft:brown_wool,{},
"(4, 6, 15)",minecraft:brown_wool,{},
"(5, 6, 15)",minecraft:jungle_slab,"{'type': 'top', 'waterlogged': 'false'}",
"(6, 6, 15)",minecraft:jungle_slab,"{'type': 'top', 'waterlogged': 'false'}",
"(7, 6, 15)",minecraft:jungle_slab,"{'type': 'top', 'waterlogged': 'false'}",
"(8, 6, 15)",minecraft:jungle_slab,"{'type': 'top', 'waterlogged': 'false'}",
"(9, 6, 15)",minecraft:jungle_slab,"{'type': 'top', 'waterlogged': 'false'}",
"(10, 6, 15)",minecraft:brown_wool,{},
"(11, 6, 15)",minecraft:oak_slab,"{'type': 'top', 'waterlogged': 'false'}",
"(12, 6, 15)",minecraft:oak_slab,"{'type': 'top', 'waterlogged': 'false'}",
"(13, 6, 15)",minecraft:oak_slab,"{'type': 'top', 'waterlogged': 'false'}",
"(14, 6, 15)",minecraft:oak_slab,"{'type': 'double', 'waterlogged': 'false'}",
"(15, 6, 15)",minecraft:oak_slab,"{'type': 'top', 'waterlogged': 'false'}",
"(4, 6, 16)",minecraft:brown_wool,{},
"(5, 6, 16)",minecraft:jungle_slab,"{'type': 'bottom', 'waterlogged': 'false'}",
"(6, 6, 16)",minecraft:jungle_slab,"{'type': 'bottom', 'waterlogged': 'false'}",
"(7, 6, 16)",minecraft:jungle_slab,"{'type': 'bottom', 'waterlogged': 'false'}",
"(8, 6, 16)",minecraft:jungle_slab,"{'type': 'bottom', 'waterlogged': 'false'}",
"(9, 6, 16)",minecraft:jungle_slab,"{'type': 'bottom', 'waterlogged': 'false'}",
"(10, 6, 16)",minecraft:oak_slab,"{'type': 'double', 'waterlogged': 'false'}",
"(11, 6, 16)",minecraft:oak_slab,"{'type': 'top', 'waterlogged': 'false'}",
"(12, 6, 16)",minecraft:jungle_slab,"{'type': 'top', 'waterlogged': 'false'}",
"(13, 6, 16)",minecraft:oak_slab,"{'type': 'top', 'waterlogged': 'false'}",
"(14, 6, 16)",minecraft:jungle_slab,"{'type': 'double', 'waterlogged': 'false'}",
"(15, 6, 16)",minecraft:jungle_slab,"{'type': 'top', 'waterlogged': 'false'}",
"(3, 6, 17)",minecraft:jungle_slab,"{'type': 'top', 'waterlogged': 'false'}",
"(4, 6, 17)",minecraft:jungle_slab,"{'type': 'double', 'waterlogged': 'false'}",
"(5, 6, 17)",minecraft:mud_brick_slab,"{'type': 'double', 'waterlogged': 'false'}",
"(6, 6, 17)",minecraft:mud_brick_slab,"{'type': 'double', 'waterlogged': 'false'}",
"(7, 6, 17)",minecraft:jungle_slab,"{'type': 'double', 'waterlogged': 'false'}",
"(8, 6, 17)",minecraft:jungle_slab,"{'type': 'double', 'waterlogged': 'false'}",
"(9, 6, 17)",minecraft:jungle_slab,"{'type': 'double', 'waterlogged': 'false'}",
"(10, 6, 17)",minecraft:mud_brick_slab,"{'type': 'double', 'waterlogged': 'false'}",
"(11, 6, 17)",minecraft:mud_brick_slab,"{'type': 'double', 'waterlogged': 'false'}",
"(12, 6, 17)",minecraft:jungle_slab,"{'type': 'bottom', 'waterlogged': 'false'}",
"(13, 6, 17)",minecraft:jungle_slab,"{'type': 'bottom', 'waterlogged': 'false'}",
"(14, 6, 17)",minecraft:jungle_slab,"{'type': 'bottom', 'waterlogged': 'false'}",
"(15, 6, 17)",minecraft:jungle_slab,"{'type': 'bottom', 'waterlogged': 'false'}",
"(3, 6, 18)",minecraft:mud_brick_slab,"{'type': 'bottom', 'waterlogged': 'false'}",
"(4, 6, 18)",minecraft:mud_brick_slab,"{'type': 'bottom', 'waterlogged': 'false'}",
"(5, 6, 18)",minecraft:mud_brick_slab,"{'type': 'bottom', 'waterlogged': 'false'}",
"(6, 6, 18)",minecraft:mud_brick_slab,"{'type': 'bottom', 'waterlogged': 'false'}",
"(7, 6, 18)",minecraft:mud_brick_slab,"{'type': 'bottom', 'waterlogged': 'false'}",
"(8, 6, 18)",minecraft:mud_brick_slab,"{'type': 'bottom', 'waterlogged': 'false'}",
"(9, 6, 18)",minecraft:mud_brick_slab,"{'type': 'bottom', 'waterlogged': 'false'}",
"(10, 6, 18)",minecraft:mud_brick_slab,"{'type': 'bottom', 'waterlogged': 'false'}",
"(11, 6, 18)",minecraft:mud_brick_slab,"{'type': 'bottom', 'waterlogged': 'false'}",
"(12, 6, 18)",minecraft:jungle_slab,"{'type': 'bottom', 'waterlogged': 'false'}",
"(13, 6, 18)",minecraft:jungle_slab,"{'type': 'bottom', 'waterlogged': 'false'}",
"(14, 6, 18)",minecraft:jungle_slab,"{'type': 'bottom', 'waterlogged': 'false'}",
"(15, 6, 18)",minecraft:jungle_slab,"{'type': 'bottom', 'waterlogged': 'false'}",
"(3, 7, 2)",minecraft:jungle_slab,"{'type': 'bottom', 'waterlogged': 'false'}",
"(4, 7, 2)",minecraft:jungle_slab,"{'type': 'bottom', 'waterlogged': 'false'}",
"(5, 7, 2)",minecraft:jungle_slab,"{'type': 'bottom', 'waterlogged': 'false'}",
"(6, 7, 2)",minecraft:jungle_slab,"{'type': 'bottom', 'waterlogged': 'false'}",
"(7, 7, 2)",minecraft:jungle_slab,"{'type': 'bottom', 'waterlogged': 'false'}",
"(8, 7, 2)",minecraft:jungle_slab,"{'type': 'bottom', 'waterlogged': 'false'}",
"(9, 7, 2)",minecraft:jungle_slab,"{'type': 'bottom', 'waterlogged': 'false'}",
"(10, 7, 2)",minecraft:jungle_slab,"{'type': 'bottom', 'waterlogged': 'false'}",
"(11, 7, 2)",minecraft:jungle_slab,"{'type': 'bottom', 'waterlogged': 'false'}",
"(3, 7, 3)",minecraft:oak_slab,"{'type': 'top', 'waterlogged': 'false'}",
"(4, 7, 3)",minecraft:jungle_slab,"{'type': 'double', 'waterlogged': 'false'}",
"(5, 7, 3)",minecraft:jungle_slab,"{'type': 'top', 'waterlogged': 'false'}",
"(6, 7, 3)",minecraft:oak_slab,"{'type': 'top', 'waterlogged': 'false'}",
"(7, 7, 3)",minecraft:jungle_slab,"{'type': 'top', 'waterlogged': 'false'}",
"(8, 7, 3)",minecraft:jungle_slab,"{'type': 'top', 'waterlogged': 'false'}",
"(9, 7, 3)",minecraft:jungle_slab,"{'type': 'top', 'waterlogged': 'false'}",
"(10, 7, 3)",minecraft:cobblestone,{},
"(11, 7, 3)",minecraft:tuff_stairs,"{'facing': 'south', 'half': 'bottom', 'shape': 'straight', 'waterlogged': 'false'}",
"(3, 7, 4)",minecraft:oxidized_copper_trapdoor,"{'facing': 'west', 'half': 'bottom', 'open': 'false', 'powered': 'false', 'waterlogged': 'false'}",
"(4, 7, 4)",minecraft:brown_wool,{},
"(5, 7, 4)",minecraft:jungle_slab,"{'type': 'bottom', 'waterlogged': 'false'}",
"(6, 7, 4)",minecraft:jungle_slab,"{'type': 'bottom', 'waterlogged': 'false'}",
"(7, 7, 4)",minecraft:jungle_slab,"{'type': 'bottom', 'waterlogged': 'false'}",
"(8, 7, 4)",minecraft:jungle_slab,"{'type': 'bottom', 'waterlogged': 'false'}",
"(9, 7, 4)",minecraft:jungle_slab,"{'type': 'bottom', 'waterlogged': 'false'}",
"(10, 7, 4)",minecraft:cobblestone,{},
"(11, 7, 4)",minecraft:cobblestone_stairs,"{'facing': 'north', 'half': 'top', 'shape': 'straight', 'waterlogged': 'false'}",
"(3, 7, 5)",minecraft:oxidized_copper_trapdoor,"{'facing': 'west', 'half': 'bottom', 'open': 'false', 'powered': 'false', 'waterlogged': 'false'}",
"(4, 7, 5)",minecraft:brown_wool,{},
"(5, 7, 5)",minecraft:jungle_slab,"{'type': 'top', 'waterlogged': 'false'}",
"(6, 7, 5)",minecraft:jungle_slab,"{'type': 'top', 'waterlogged': 'false'}",
"(7, 7, 5)",minecraft:jungle_slab,"{'type': 'top', 'waterlogged': 'false'}",
"(8, 7, 5)",minecraft:jungle_slab,"{'type': 'top', 'waterlogged': 'false'}",
"(9, 7, 5)",minecraft:jungle_slab,"{'type': 'top', 'waterlogged': 'false'}",
"(10, 7, 5)",minecraft:tuff,{},
"(4, 7, 6)",minecraft:terracotta,{},
"(10, 7, 6)",minecraft:brown_wool,{},
"(3, 7, 7)",minecraft:dark_oak_fence,"{'east': 'true', 'north': 'false', 'south': 'false', 'waterlogged': 'false', 'west': 'false'}",
"(4, 7, 7)",minecraft:stripped_dark_oak_wood,{'axis': 'y'},
"(10, 7, 7)",minecraft:stripped_dark_oak_wood,{'axis': 'y'},
"(4, 7, 8)",minecraft:terracotta,{},
"(6, 7, 8)",minecraft:iron_chain,"{'axis': 'y', 'waterlogged': 'false'}",
"(8, 7, 8)",minecraft:iron_chain,"{'axis': 'y', 'waterlogged': 'false'}",
"(10, 7, 8)",minecraft:brown_wool,{},
"(4, 7, 9)",minecraft:lime_stained_glass_pane,"{'east': 'false', 'north': 'true', 'south': 'true', 'waterlogged': 'false', 'west': 'false'}",
"(6, 7, 9)",minecraft:iron_chain,"{'axis': 'y', 'waterlogged': 'false'}",
"(7, 7, 9)",minecraft:iron_chain,"{'axis': 'y', 'waterlogged': 'false'}",
"(8, 7, 9)",minecraft:iron_chain,"{'axis': 'y', 'waterlogged': 'false'}",
"(10, 7, 9)",minecraft:brown_wool,{},
"(4, 7, 10)",minecraft:granite,{},
"(6, 7, 10)",minecraft:end_rod,{'facing': 'down'},
"(8, 7, 10)",minecraft:iron_chain,"{'axis': 'y', 'waterlogged': 'false'}",
"(10, 7, 10)",minecraft:brown_wool,{},
"(11, 7, 10)",minecraft:spruce_stairs,"{'facing': 'south', 'half': 'top', 'shape': 'straight', 'waterlogged': 'false'}",
"(12, 7, 10)",minecraft:spruce_stairs,"{'facing': 'south', 'half': 'top', 'shape': 'straight', 'waterlogged': 'false'}",
"(13, 7, 10)",minecraft:spruce_stairs,"{'facing': 'south', 'half': 'top', 'shape': 'straight', 'waterlogged': 'false'}",
"(14, 7, 10)",minecraft:spruce_stairs,"{'facing': 'south', 'half': 'top', 'shape': 'straight', 'waterlogged': 'false'}",
"(3, 7, 11)",minecraft:dark_oak_fence,"{'east': 'true', 'north': 'false', 'south': 'false', 'waterlogged': 'false', 'west': 'false'}",
"(4, 7, 11)",minecraft:stripped_dark_oak_wood,{'axis': 'y'},
"(10, 7, 11)",minecraft:stripped_dark_oak_wood,{'axis': 'y'},
"(11, 7, 11)",minecraft:oak_slab,"{'type': 'double', 'waterlogged': 'false'}",
"(12, 7, 11)",minecraft:birch_slab,"{'type': 'double', 'waterlogged': 'false'}",
"(13, 7, 11)",minecraft:birch_slab,"{'type': 'double', 'waterlogged': 'false'}",
"(14, 7, 11)",minecraft:birch_slab,"{'type': 'double', 'waterlogged': 'false'}",
"(15, 7, 11)",minecraft:birch_slab,"{'type': 'top', 'waterlogged': 'false'}",
"(4, 7, 12)",minecraft:brown_wool,{},
"(10, 7, 12)",minecraft:brown_wool,{},
"(11, 7, 12)",minecraft:birch_slab,"{'type': 'top', 'waterlogged': 'false'}",
"(12, 7, 12)",minecraft:birch_slab,"{'type': 'top', 'waterlogged': 'false'}",
"(13, 7, 12)",minecraft:birch_slab,"{'type': 'top', 'waterlogged': 'false'}",
"(14, 7, 12)",minecraft:birch_slab,"{'type': 'double', 'waterlogged': 'false'}",
"(15, 7, 12)",minecraft:oak_slab,"{'type': 'top', 'waterlogged': 'false'}",
"(3, 7, 13)",minecraft:oxidized_copper_trapdoor,"{'facing': 'west', 'half': 'bottom', 'open': 'false', 'powered': 'false', 'waterlogged': 'false'}",
"(4, 7, 13)",minecraft:brown_wool,{},
"(5, 7, 13)",minecraft:jungle_slab,"{'type': 'top', 'waterlogged': 'false'}",
"(6, 7, 13)",minecraft:jungle_slab,"{'type': 'top', 'waterlogged': 'false'}",
"(7, 7, 13)",minecraft:jungle_slab,"{'type': 'top', 'waterlogged': 'false'}",
"(8, 7, 13)",minecraft:jungle_slab,"{'type': 'top', 'waterlogged': 'false'}",
"(9, 7, 13)",minecraft:jungle_slab,"{'type': 'top', 'waterlogged': 'false'}",
"(10, 7, 13)",minecraft:brown_wool,{},
"(11, 7, 13)",minecraft:birch_slab,"{'type': 'bottom', 'waterlogged': 'false'}",
"(12, 7, 13)",minecraft:oak_slab,"{'type': 'bottom', 'waterlogged': 'false'}",
"(13, 7, 13)",minecraft:oak_slab,"{'type': 'bottom', 'waterlogged': 'false'}",
"(14, 7, 13)",minecraft:birch_slab,"{'type': 'bottom', 'waterlogged': 'false'}",
"(15, 7, 13)",minecraft:oak_slab,"{'type': 'bottom', 'waterlogged': 'false'}",
"(3, 7, 14)",minecraft:oxidized_copper_trapdoor,"{'facing': 'west', 'half': 'bottom', 'open': 'false', 'powered': 'false', 'waterlogged': 'false'}",
"(4, 7, 14)",minecraft:brown_wool,{},
"(5, 7, 14)",minecraft:jungle_slab,"{'type': 'bottom', 'waterlogged': 'false'}",
"(6, 7, 14)",minecraft:jungle_slab,"{'type': 'bottom', 'waterlogged': 'false'}",
"(7, 7, 14)",minecraft:jungle_slab,"{'type': 'bottom', 'waterlogged': 'false'}",
"(8, 7, 14)",minecraft:jungle_slab,"{'type': 'bottom', 'waterlogged': 'false'}",
"(9, 7, 14)",minecraft:jungle_slab,"{'type': 'bottom', 'waterlogged': 'false'}",
"(10, 7, 14)",minecraft:brown_wool,{},
"(11, 7, 14)",minecraft:oak_slab,"{'type': 'bottom', 'waterlogged': 'false'}",
"(12, 7, 14)",minecraft:oak_slab,"{'type': 'bottom', 'waterlogged': 'false'}",
"(13, 7, 14)",minecraft:oak_slab,"{'type': 'bottom', 'waterlogged': 'false'}",
"(14, 7, 14)",minecraft:oak_slab,"{'type': 'bottom', 'waterlogged': 'false'}",
"(15, 7, 14)",minecraft:oak_slab,"{'type': 'bottom', 'waterlogged': 'false'}",
"(3, 7, 15)",minecraft:oak_slab,"{'type': 'top', 'waterlogged': 'false'}",
"(4, 7, 15)",minecraft:oak_slab,"{'type': 'double', 'waterlogged': 'false'}",
"(5, 7, 15)",minecraft:jungle_slab,"{'type': 'top', 'waterlogged': 'false'}",
"(6, 7, 15)",minecraft:jungle_slab,"{'type': 'top', 'waterlogged': 'false'}",
"(7, 7, 15)",minecraft:oak_slab,"{'type': 'top', 'waterlogged': 'false'}",
"(8, 7, 15)",minecraft:oak_slab,"{'type': 'top', 'waterlogged': 'false'}",
"(9, 7, 15)",minecraft:oak_slab,"{'type': 'top', 'waterlogged': 'false'}",
"(10, 7, 15)",minecraft:jungle_slab,"{'type': 'double', 'waterlogged': 'false'}",
"(11, 7, 15)",minecraft:jungle_slab,"{'type': 'top', 'waterlogged': 'false'}",
"(3, 7, 16)",minecraft:jungle_slab,"{'type': 'bottom', 'waterlogged': 'false'}",
"(4, 7, 16)",minecraft:jungle_slab,"{'type': 'bottom', 'waterlogged': 'false'}",
"(5, 7, 16)",minecraft:jungle_slab,"{'type': 'bottom', 'waterlogged': 'false'}",
"(6, 7, 16)",minecraft:jungle_slab,"{'type': 'bottom', 'waterlogged': 'false'}",
"(7, 7, 16)",minecraft:jungle_slab,"{'type': 'bottom', 'waterlogged': 'false'}",
"(8, 7, 16)",minecraft:jungle_slab,"{'type': 'bottom', 'waterlogged': 'false'}",
"(9, 7, 16)",minecraft:jungle_slab,"{'type': 'bottom', 'waterlogged': 'false'}",
"(10, 7, 16)",minecraft:jungle_slab,"{'type': 'bottom', 'waterlogged': 'false'}",
"(11, 7, 16)",minecraft:jungle_slab,"{'type': 'bottom', 'waterlogged': 'false'}",
"(10, 8, 3)",minecraft:cobblestone_wall,"{'east': 'none', 'north': 'none', 'south': 'tall', 'up': 'true', 'waterlogged': 'false', 'west': 'none'}",
"(3, 8, 4)",minecraft:oak_slab,"{'type': 'bottom', 'waterlogged': 'false'}",
"(4, 8, 4)",minecraft:oak_slab,"{'type': 'bottom', 'waterlogged': 'false'}",
"(5, 8, 4)",minecraft:oak_slab,"{'type': 'bottom', 'waterlogged': 'false'}",
"(6, 8, 4)",minecraft:oak_slab,"{'type': 'bottom', 'waterlogged': 'false'}",
"(7, 8, 4)",minecraft:oak_slab,"{'type': 'bottom', 'waterlogged': 'false'}",
"(8, 8, 4)",minecraft:oak_slab,"{'type': 'bottom', 'waterlogged': 'false'}",
"(9, 8, 4)",minecraft:oak_slab,"{'type': 'bottom', 'waterlogged': 'false'}",
"(10, 8, 4)",minecraft:cobblestone,{},
"(11, 8, 4)",minecraft:cobblestone_stairs,"{'facing': 'west', 'half': 'bottom', 'shape': 'straight', 'waterlogged': 'false'}",
"(3, 8, 5)",minecraft:birch_slab,"{'type': 'top', 'waterlogged': 'false'}",
"(4, 8, 5)",minecraft:oak_slab,"{'type': 'double', 'waterlogged': 'false'}",
"(5, 8, 5)",minecraft:oak_slab,"{'type': 'top', 'waterlogged': 'false'}",
"(6, 8, 5)",minecraft:birch_slab,"{'type': 'top', 'waterlogged': 'false'}",
"(7, 8, 5)",minecraft:birch_slab,"{'type': 'top', 'waterlogged': 'false'}",
"(8, 8, 5)",minecraft:oak_slab,"{'type': 'top', 'waterlogged': 'false'}",
"(9, 8, 5)",minecraft:oak_slab,"{'type': 'top', 'waterlogged': 'false'}",
"(10, 8, 5)",minecraft:cobblestone,{},
"(4, 8, 6)",minecraft:brown_wool,{},
"(5, 8, 6)",minecraft:jungle_slab,"{'type': 'bottom', 'waterlogged': 'false'}",
"(6, 8, 6)",minecraft:jungle_slab,"{'type': 'bottom', 'waterlogged': 'false'}",
"(7, 8, 6)",minecraft:jungle_slab,"{'type': 'bottom', 'waterlogged': 'false'}",
"(8, 8, 6)",minecraft:jungle_slab,"{'type': 'bottom', 'waterlogged': 'false'}",
"(9, 8, 6)",minecraft:jungle_slab,"{'type': 'bottom', 'waterlogged': 'false'}",
"(10, 8, 6)",minecraft:brown_wool,{},
"(3, 8, 7)",minecraft:oak_log,{'axis': 'x'},
"(4, 8, 7)",minecraft:stripped_dark_oak_wood,{'axis': 'y'},
"(5, 8, 7)",minecraft:dark_oak_stairs,"{'facing': 'north', 'half': 'top', 'shape': 'straight', 'waterlogged': 'false'}",
"(6, 8, 7)",minecraft:dark_oak_stairs,"{'facing': 'north', 'half': 'top', 'shape': 'straight', 'waterlogged': 'false'}",
"(7, 8, 7)",minecraft:spruce_stairs,"{'facing': 'north', 'half': 'top', 'shape': 'straight', 'waterlogged': 'false'}",
"(8, 8, 7)",minecraft:spruce_stairs,"{'facing': 'north', 'half': 'top', 'shape': 'straight', 'waterlogged': 'false'}",
"(9, 8, 7)",minecraft:dark_oak_stairs,"{'facing': 'north', 'half': 'top', 'shape': 'straight', 'waterlogged': 'false'}",
"(10, 8, 7)",minecraft:stripped_dark_oak_wood,{'axis': 'y'},
"(11, 8, 7)",minecraft:oak_log,{'axis': 'x'},
"(4, 8, 8)",minecraft:terracotta,{},
"(6, 8, 8)",minecraft:iron_chain,"{'axis': 'y', 'waterlogged': 'false'}",
"(8, 8, 8)",minecraft:iron_chain,"{'axis': 'y', 'waterlogged': 'false'}",
"(10, 8, 8)",minecraft:stripped_dark_oak_wood,{'axis': 'z'},
"(11, 8, 8)",minecraft:spruce_stairs,"{'facing': 'west', 'half': 'top', 'shape': 'straight', 'waterlogged': 'false'}",
"(4, 8, 9)",minecraft:lime_stained_glass_pane,"{'east': 'false', 'north': 'true', 'south': 'true', 'waterlogged': 'false', 'west': 'false'}",
"(6, 8, 9)",minecraft:iron_chain,"{'axis': 'y', 'waterlogged': 'false'}",
"(7, 8, 9)",minecraft:iron_chain,"{'axis': 'y', 'waterlogged': 'false'}",
"(8, 8, 9)",minecraft:iron_chain,"{'axis': 'y', 'waterlogged': 'false'}",
"(10, 8, 9)",minecraft:stripped_dark_oak_wood,{'axis': 'z'},
"(11, 8, 9)",minecraft:spruce_stairs,"{'facing': 'west', 'half': 'top', 'shape': 'straight', 'waterlogged': 'false'}",
"(4, 8, 10)",minecraft:terracotta,{},
"(6, 8, 10)",minecraft:iron_chain,"{'axis': 'y', 'waterlogged': 'false'}",
"(8, 8, 10)",minecraft:iron_chain,"{'axis': 'y', 'waterlogged': 'false'}",
"(10, 8, 10)",minecraft:stripped_dark_oak_wood,{'axis': 'z'},
"(11, 8, 10)",minecraft:spruce_slab,"{'type': 'double', 'waterlogged': 'false'}",
"(12, 8, 10)",minecraft:birch_slab,"{'type': 'bottom', 'waterlogged': 'false'}",
"(13, 8, 10)",minecraft:birch_slab,"{'type': 'bottom', 'waterlogged': 'false'}",
"(14, 8, 10)",minecraft:birch_slab,"{'type': 'bottom', 'waterlogged': 'false'}",
"(15, 8, 10)",minecraft:birch_slab,"{'type': 'bottom', 'waterlogged': 'false'}",
"(3, 8, 11)",minecraft:oak_log,{'axis': 'x'},
"(4, 8, 11)",minecraft:stripped_dark_oak_wood,{'axis': 'y'},
"(5, 8, 11)",minecraft:dark_oak_stairs,"{'facing': 'south', 'half': 'top', 'shape': 'straight', 'waterlogged': 'false'}",
"(6, 8, 11)",minecraft:spruce_stairs,"{'facing': 'south', 'half': 'top', 'shape': 'straight', 'waterlogged': 'false'}",
"(7, 8, 11)",minecraft:spruce_stairs,"{'facing': 'south', 'half': 'top', 'shape': 'straight', 'waterlogged': 'false'}",
"(8, 8, 11)",minecraft:dark_oak_stairs,"{'facing': 'south', 'half': 'top', 'shape': 'straight', 'waterlogged': 'false'}",
"(9, 8, 11)",minecraft:dark_oak_stairs,"{'facing': 'south', 'half': 'top', 'shape': 'straight', 'waterlogged': 'false'}",
"(10, 8, 11)",minecraft:stripped_dark_oak_wood,{'axis': 'y'},
"(11, 8, 11)",minecraft:oak_log,{'axis': 'x'},
"(4, 8, 12)",minecraft:brown_wool,{},
"(5, 8, 12)",minecraft:jungle_slab,"{'type': 'bottom', 'waterlogged': 'false'}",
"(6, 8, 12)",minecraft:jungle_slab,"{'type': 'bottom', 'waterlogged': 'false'}",
"(7, 8, 12)",minecraft:jungle_slab,"{'type': 'bottom', 'waterlogged': 'false'}",
"(8, 8, 12)",minecraft:jungle_slab,"{'type': 'bottom', 'waterlogged': 'false'}",
"(9, 8, 12)",minecraft:jungle_slab,"{'type': 'bottom', 'waterlogged': 'false'}",
"(10, 8, 12)",minecraft:brown_wool,{},
"(3, 8, 13)",minecraft:birch_slab,"{'type': 'top', 'waterlogged': 'false'}",
"(4, 8, 13)",minecraft:birch_slab,"{'type': 'double', 'waterlogged': 'false'}",
"(5, 8, 13)",minecraft:oak_slab,"{'type': 'top', 'waterlogged': 'false'}",
"(6, 8, 13)",minecraft:oak_slab,"{'type': 'top', 'waterlogged': 'false'}",
"(7, 8, 13)",minecraft:oak_slab,"{'type': 'top', 'waterlogged': 'false'}",
"(8, 8, 13)",minecraft:birch_slab,"{'type': 'top', 'waterlogged': 'false'}",
"(9, 8, 13)",minecraft:birch_slab,"{'type': 'top', 'waterlogged': 'false'}",
"(10, 8, 13)",minecraft:oak_slab,"{'type': 'double', 'waterlogged': 'false'}",
"(11, 8, 13)",minecraft:oak_slab,"{'type': 'top', 'waterlogged': 'false'}",
"(3, 8, 14)",minecraft:oak_slab,"{'type': 'bottom', 'waterlogged': 'false'}",
"(4, 8, 14)",minecraft:oak_slab,"{'type': 'bottom', 'waterlogged': 'false'}",
"(5, 8, 14)",minecraft:oak_slab,"{'type': 'bottom', 'waterlogged': 'false'}",
"(6, 8, 14)",minecraft:oak_slab,"{'type': 'bottom', 'waterlogged': 'false'}",
"(7, 8, 14)",minecraft:oak_slab,"{'type': 'bottom', 'waterlogged': 'false'}",
"(8, 8, 14)",minecraft:oak_slab,"{'type': 'bottom', 'waterlogged': 'false'}",
"(9, 8, 14)",minecraft:oak_slab,"{'type': 'bottom', 'waterlogged': 'false'}",
"(10, 8, 14)",minecraft:oak_slab,"{'type': 'bottom', 'waterlogged': 'false'}",
"(11, 8, 14)",minecraft:oak_slab,"{'type': 'bottom', 'waterlogged': 'false'}",
"(10, 9, 3)",minecraft:cobblestone_stairs,"{'facing': 'south', 'half': 'bottom', 'shape': 'straight', 'waterlogged': 'false'}",
"(10, 9, 4)",minecraft:cobblestone,{},
"(10, 9, 5)",minecraft:cobblestone_wall,"{'east': 'none', 'north': 'tall', 'south': 'none', 'up': 'true', 'waterlogged': 'false', 'west': 'none'}",
"(3, 9, 6)",minecraft:birch_slab,"{'type': 'bottom', 'waterlogged': 'false'}",
"(4, 9, 6)",minecraft:birch_slab,"{'type': 'bottom', 'waterlogged': 'false'}",
"(5, 9, 6)",minecraft:birch_slab,"{'type': 'bottom', 'waterlogged': 'false'}",
"(6, 9, 6)",minecraft:birch_slab,"{'type': 'bottom', 'waterlogged': 'false'}",
"(7, 9, 6)",minecraft:birch_slab,"{'type': 'bottom', 'waterlogged': 'false'}",
"(8, 9, 6)",minecraft:birch_slab,"{'type': 'bottom', 'waterlogged': 'false'}",
"(9, 9, 6)",minecraft:birch_slab,"{'type': 'bottom', 'waterlogged': 'false'}",
"(10, 9, 6)",minecraft:birch_slab,"{'type': 'bottom', 'waterlogged': 'false'}",
"(11, 9, 6)",minecraft:birch_slab,"{'type': 'bottom', 'waterlogged': 'false'}",
"(3, 9, 7)",minecraft:spruce_stairs,"{'facing': 'east', 'half': 'bottom', 'shape': 'straight', 'waterlogged': 'false'}",
"(4, 9, 7)",minecraft:oak_log,{'axis': 'y'},
"(5, 9, 7)",minecraft:terracotta,{},
"(6, 9, 7)",minecraft:terracotta,{},
"(7, 9, 7)",minecraft:terracotta,{},
"(8, 9, 7)",minecraft:terracotta,{},
"(9, 9, 7)",minecraft:terracotta,{},
"(10, 9, 7)",minecraft:oak_log,{'axis': 'y'},
"(11, 9, 7)",minecraft:spruce_stairs,"{'facing': 'west', 'half': 'bottom', 'shape': 'straight', 'waterlogged': 'false'}",
"(4, 9, 8)",minecraft:brown_wool,{},
"(6, 9, 8)",minecraft:spruce_trapdoor,"{'facing': 'north', 'half': 'bottom', 'open': 'false', 'powered': 'false', 'waterlogged': 'false'}",
"(8, 9, 8)",minecraft:spruce_trapdoor,"{'facing': 'north', 'half': 'bottom', 'open': 'false', 'powered': 'false', 'waterlogged': 'false'}",
"(10, 9, 8)",minecraft:terracotta,{},
"(12, 9, 8)",minecraft:oak_trapdoor,"{'facing': 'east', 'half': 'bottom', 'open': 'true', 'powered': 'false', 'waterlogged': 'false'}",
"(4, 9, 9)",minecraft:lime_stained_glass_pane,"{'east': 'false', 'north': 'true', 'south': 'true', 'waterlogged': 'false', 'west': 'false'}",
"(6, 9, 9)",minecraft:spruce_trapdoor,"{'facing': 'north', 'half': 'bottom', 'open': 'false', 'powered': 'false', 'waterlogged': 'false'}",
"(7, 9, 9)",minecraft:spruce_trapdoor,"{'facing': 'west', 'half': 'bottom', 'open': 'false', 'powered': 'false', 'waterlogged': 'false'}",
"(8, 9, 9)",minecraft:spruce_trapdoor,"{'facing': 'north', 'half': 'bottom', 'open': 'false', 'powered': 'false', 'waterlogged': 'false'}",
"(10, 9, 9)",minecraft:terracotta,{},
"(11, 9, 9)",minecraft:ladder,"{'facing': 'east', 'waterlogged': 'false'}",
"(12, 9, 9)",minecraft:oak_trapdoor,"{'facing': 'east', 'half': 'bottom', 'open': 'true', 'powered': 'false', 'waterlogged': 'false'}",
"(4, 9, 10)",minecraft:terracotta,{},
"(6, 9, 10)",minecraft:spruce_trapdoor,"{'facing': 'north', 'half': 'bottom', 'open': 'false', 'powered': 'false', 'waterlogged': 'false'}",
"(8, 9, 10)",minecraft:spruce_trapdoor,"{'facing': 'north', 'half': 'bottom', 'open': 'false', 'powered': 'false', 'waterlogged': 'false'}",
"(10, 9, 10)",minecraft:terracotta,{},
"(12, 9, 10)",minecraft:oak_trapdoor,"{'facing': 'east', 'half': 'bottom', 'open': 'true', 'powered': 'false', 'waterlogged': 'false'}",
"(3, 9, 11)",minecraft:spruce_stairs,"{'facing': 'east', 'half': 'bottom', 'shape': 'straight', 'waterlogged': 'false'}",
"(4, 9, 11)",minecraft:oak_log,{'axis': 'y'},
"(5, 9, 11)",minecraft:terracotta,{},
"(6, 9, 11)",minecraft:terracotta,{},
"(7, 9, 11)",minecraft:terracotta,{},
"(8, 9, 11)",minecraft:terracotta,{},
"(9, 9, 11)",minecraft:terracotta,{},
"(10, 9, 11)",minecraft:oak_log,{'axis': 'y'},
"(11, 9, 11)",minecraft:spruce_stairs,"{'facing': 'west', 'half': 'bottom', 'shape': 'straight', 'waterlogged': 'false'}",
"(3, 9, 12)",minecraft:birch_slab,"{'type': 'bottom', 'waterlogged': 'false'}",
"(4, 9, 12)",minecraft:birch_slab,"{'type': 'bottom', 'waterlogged': 'false'}",
"(5, 9, 12)",minecraft:birch_slab,"{'type': 'bottom', 'waterlogged': 'false'}",
"(6, 9, 12)",minecraft:birch_slab,"{'type': 'bottom', 'waterlogged': 'false'}",
"(7, 9, 12)",minecraft:birch_slab,"{'type': 'bottom', 'waterlogged': 'false'}",
"(8, 9, 12)",minecraft:birch_slab,"{'type': 'bottom', 'waterlogged': 'false'}",
"(9, 9, 12)",minecraft:birch_slab,"{'type': 'bottom', 'waterlogged': 'false'}",
"(10, 9, 12)",minecraft:birch_slab,"{'type': 'bottom', 'waterlogged': 'false'}",
"(11, 9, 12)",minecraft:birch_slab,"{'type': 'bottom', 'waterlogged': 'false'}",
"(10, 10, 4)",minecraft:tuff,{},
"(10, 10, 5)",minecraft:cobblestone_stairs,"{'facing': 'north', 'half': 'bottom', 'shape': 'straight', 'waterlogged': 'false'}",
"(6, 10, 6)",minecraft:oak_fence_gate,"{'facing': 'south', 'in_wall': 'false', 'open': 'true', 'powered': 'false'}",
"(8, 10, 6)",minecraft:oak_fence_gate,"{'facing': 'south', 'in_wall': 'false', 'open': 'true', 'powered': 'false'}",
"(4, 10, 7)",minecraft:mangrove_wood,{'axis': 'y'},
"(5, 10, 7)",minecraft:brown_wool,{},
"(6, 10, 7)",minecraft:white_stained_glass_pane,"{'east': 'true', 'north': 'false', 'south': 'false', 'waterlogged': 'false', 'west': 'true'}",
"(7, 10, 7)",minecraft:white_stained_glass_pane,"{'east': 'true', 'north': 'false', 'south': 'false', 'waterlogged': 'false', 'west': 'true'}",
"(8, 10, 7)",minecraft:white_stained_glass_pane,"{'east': 'true', 'north': 'false', 'south': 'false', 'waterlogged': 'false', 'west': 'true'}",
"(9, 10, 7)",minecraft:terracotta,{},
"(10, 10, 7)",minecraft:mangrove_wood,{'axis': 'y'},
"(4, 10, 8)",minecraft:brown_wool,{},
"(10, 10, 8)",minecraft:brown_wool,{},
"(3, 10, 9)",minecraft:oak_fence_gate,"{'facing': 'east', 'in_wall': 'false', 'open': 'true', 'powered': 'false'}",
"(4, 10, 9)",minecraft:green_stained_glass_pane,"{'east': 'false', 'north': 'true', 'south': 'true', 'waterlogged': 'false', 'west': 'false'}",
"(10, 10, 9)",minecraft:terracotta,{},
"(11, 10, 9)",minecraft:ladder,"{'facing': 'east', 'waterlogged': 'false'}",
"(4, 10, 10)",minecraft:brown_wool,{},
"(10, 10, 10)",minecraft:terracotta,{},
"(3, 10, 11)",minecraft:azalea_leaves,"{'distance': '1', 'persistent': 'true', 'waterlogged': 'false'}",
"(4, 10, 11)",minecraft:mangrove_wood,{'axis': 'y'},
"(5, 10, 11)",minecraft:terracotta,{},
"(6, 10, 11)",minecraft:white_stained_glass_pane,"{'east': 'true', 'north': 'false', 'south': 'false', 'waterlogged': 'false', 'west': 'true'}",
"(7, 10, 11)",minecraft:white_stained_glass_pane,"{'east': 'true', 'north': 'false', 'south': 'false', 'waterlogged': 'false', 'west': 'true'}",
"(8, 10, 11)",minecraft:white_stained_glass_pane,"{'east': 'true', 'north': 'false', 'south': 'false', 'waterlogged': 'false', 'west': 'true'}",
"(9, 10, 11)",minecraft:terracotta,{},
"(10, 10, 11)",minecraft:mangrove_wood,{'axis': 'y'},
"(6, 10, 12)",minecraft:oak_fence_gate,"{'facing': 'north', 'in_wall': 'false', 'open': 'true', 'powered': 'false'}",
"(8, 10, 12)",minecraft:oak_fence_gate,"{'facing': 'north', 'in_wall': 'false', 'open': 'true', 'powered': 'false'}",
"(10, 11, 3)",minecraft:spruce_trapdoor,"{'facing': 'north', 'half': 'bottom', 'open': 'true', 'powered': 'false', 'waterlogged': 'false'}",
"(9, 11, 4)",minecraft:spruce_trapdoor,"{'facing': 'west', 'half': 'bottom', 'open': 'true', 'powered': 'false', 'waterlogged': 'false'}",
"(10, 11, 4)",minecraft:campfire,"{'facing': 'south', 'lit': 'true', 'signal_fire': 'false', 'waterlogged': 'false'}","{components: {}, Items: [], CookingTimes: [I; 0, 0, 0, 0], CookingTotalTimes: [I; 0, 0, 0, 0], id: ""minecraft:campfire""}"
"(11, 11, 4)",minecraft:spruce_trapdoor,"{'facing': 'east', 'half': 'bottom', 'open': 'true', 'powered': 'false', 'waterlogged': 'false'}",
"(10, 11, 5)",minecraft:spruce_trapdoor,"{'facing': 'south', 'half': 'bottom', 'open': 'true', 'powered': 'false', 'waterlogged': 'false'}",
"(4, 11, 6)",minecraft:spruce_fence,"{'east': 'false', 'north': 'false', 'south': 'true', 'waterlogged': 'false', 'west': 'false'}",
"(6, 11, 6)",minecraft:oxidized_copper_trapdoor,"{'facing': 'north', 'half': 'bottom', 'open': 'false', 'powered': 'false', 'waterlogged': 'false'}",
"(7, 11, 6)",minecraft:oxidized_cut_copper_slab,"{'type': 'bottom', 'waterlogged': 'false'}",
"(8, 11, 6)",minecraft:oxidized_copper_trapdoor,"{'facing': 'north', 'half': 'bottom', 'open': 'false', 'powered': 'false', 'waterlogged': 'false'}",
"(10, 11, 6)",minecraft:spruce_fence,"{'east': 'false', 'north': 'false', 'south': 'true', 'waterlogged': 'false', 'west': 'false'}",
"(3, 11, 7)",minecraft:spruce_fence,"{'east': 'true', 'north': 'false', 'south': 'false', 'waterlogged': 'false', 'west': 'false'}",
"(4, 11, 7)",minecraft:stripped_dark_oak_wood,{'axis': 'y'},
"(5, 11, 7)",minecraft:brown_wool,{},
"(6, 11, 7)",minecraft:brown_wool,{},
"(7, 11, 7)",minecraft:brown_wool,{},
"(8, 11, 7)",minecraft:brown_wool,{},
"(9, 11, 7)",minecraft:brown_wool,{},
"(10, 11, 7)",minecraft:stripped_dark_oak_wood,{'axis': 'y'},
"(11, 11, 7)",minecraft:spruce_fence,"{'east': 'false', 'north': 'false', 'south': 'false', 'waterlogged': 'false', 'west': 'true'}",
"(4, 11, 8)",minecraft:brown_wool,{},
"(10, 11, 8)",minecraft:brown_wool,{},
"(3, 11, 9)",minecraft:oxidized_copper_trapdoor,"{'facing': 'west', 'half': 'bottom', 'open': 'false', 'powered': 'false', 'waterlogged': 'false'}",
"(4, 11, 9)",minecraft:brown_wool,{},
"(10, 11, 9)",minecraft:brown_wool,{},
"(11, 11, 9)",minecraft:ladder,"{'facing': 'east', 'waterlogged': 'false'}",
"(4, 11, 10)",minecraft:brown_wool,{},
"(10, 11, 10)",minecraft:brown_wool,{},
"(3, 11, 11)",minecraft:dark_oak_fence,"{'east': 'true', 'north': 'false', 'south': 'false', 'waterlogged': 'false', 'west': 'false'}",
"(4, 11, 11)",minecraft:stripped_dark_oak_wood,{'axis': 'y'},
"(5, 11, 11)",minecraft:brown_wool,{},
"(6, 11, 11)",minecraft:brown_wool,{},
"(7, 11, 11)",minecraft:brown_wool,{},
"(8, 11, 11)",minecraft:brown_wool,{},
"(9, 11, 11)",minecraft:brown_wool,{},
"(10, 11, 11)",minecraft:stripped_dark_oak_wood,{'axis': 'y'},
"(11, 11, 11)",minecraft:dark_oak_fence,"{'east': 'false', 'north': 'false', 'south': 'false', 'waterlogged': 'false', 'west': 'true'}",
"(4, 11, 12)",minecraft:dark_oak_fence,"{'east': 'false', 'north': 'true', 'south': 'false', 'waterlogged': 'false', 'west': 'false'}",
"(6, 11, 12)",minecraft:oxidized_copper_trapdoor,"{'facing': 'south', 'half': 'bottom', 'open': 'false', 'powered': 'false', 'waterlogged': 'false'}",
"(7, 11, 12)",minecraft:oxidized_cut_copper_slab,"{'type': 'bottom', 'waterlogged': 'false'}",
"(8, 11, 12)",minecraft:oxidized_copper_trapdoor,"{'facing': 'south', 'half': 'bottom', 'open': 'false', 'powered': 'false', 'waterlogged': 'false'}",
"(10, 11, 12)",minecraft:dark_oak_fence,"{'east': 'false', 'north': 'true', 'south': 'false', 'waterlogged': 'false', 'west': 'false'}",
"(10, 12, 4)",minecraft:cobbled_deepslate_wall,"{'east': 'none', 'north': 'none', 'south': 'none', 'up': 'true', 'waterlogged': 'false', 'west': 'none'}",
"(4, 12, 6)",minecraft:oak_log,{'axis': 'z'},
"(5, 12, 6)",minecraft:spruce_stairs,"{'facing': 'south', 'half': 'top', 'shape': 'straight', 'waterlogged': 'false'}",
"(6, 12, 6)",minecraft:dark_oak_slab,"{'type': 'top', 'waterlogged': 'false'}",
"(7, 12, 6)",minecraft:spruce_stairs,"{'facing': 'south', 'half': 'top', 'shape': 'straight', 'waterlogged': 'false'}",
"(8, 12, 6)",minecraft:dark_oak_slab,"{'type': 'top', 'waterlogged': 'false'}",
"(9, 12, 6)",minecraft:spruce_stairs,"{'facing': 'south', 'half': 'top', 'shape': 'straight', 'waterlogged': 'false'}",
"(10, 12, 6)",minecraft:oak_log,{'axis': 'z'},
"(3, 12, 7)",minecraft:oak_log,{'axis': 'x'},
"(4, 12, 7)",minecraft:oak_log,{'axis': 'y'},
"(5, 12, 7)",minecraft:stripped_dark_oak_wood,{'axis': 'x'},
"(6, 12, 7)",minecraft:stripped_dark_oak_wood,{'axis': 'x'},
"(7, 12, 7)",minecraft:stripped_dark_oak_wood,{'axis': 'x'},
"(8, 12, 7)",minecraft:stripped_dark_oak_wood,{'axis': 'x'},
"(9, 12, 7)",minecraft:stripped_dark_oak_wood,{'axis': 'x'},
"(10, 12, 7)",minecraft:oak_log,{'axis': 'y'},
"(11, 12, 7)",minecraft:oak_log,{'axis': 'x'},
"(3, 12, 8)",minecraft:dark_oak_stairs,"{'facing': 'east', 'half': 'top', 'shape': 'straight', 'waterlogged': 'false'}",
"(4, 12, 8)",minecraft:stripped_dark_oak_wood,{'axis': 'z'},
"(5, 12, 8)",minecraft:spruce_slab,"{'type': 'top', 'waterlogged': 'false'}",
"(6, 12, 8)",minecraft:spruce_slab,"{'type': 'top', 'waterlogged': 'false'}",
"(7, 12, 8)",minecraft:spruce_stairs,"{'facing': 'north', 'half': 'top', 'shape': 'straight', 'waterlogged': 'false'}",
"(8, 12, 8)",minecraft:spruce_slab,"{'type': 'top', 'waterlogged': 'false'}",
"(9, 12, 8)",minecraft:spruce_stairs,"{'facing': 'east', 'half': 'top', 'shape': 'straight', 'waterlogged': 'false'}",
"(10, 12, 8)",minecraft:stripped_dark_oak_wood,{'axis': 'z'},
"(11, 12, 8)",minecraft:dark_oak_stairs,"{'facing': 'west', 'half': 'top', 'shape': 'straight', 'waterlogged': 'false'}",
"(3, 12, 9)",minecraft:dark_oak_slab,"{'type': 'top', 'waterlogged': 'false'}",
"(4, 12, 9)",minecraft:stripped_dark_oak_wood,{'axis': 'z'},
"(5, 12, 9)",minecraft:spruce_stairs,"{'facing': 'west', 'half': 'top', 'shape': 'straight', 'waterlogged': 'false'}",
"(6, 12, 9)",minecraft:spruce_slab,"{'type': 'top', 'waterlogged': 'false'}",
"(7, 12, 9)",minecraft:spruce_trapdoor,"{'facing': 'east', 'half': 'top', 'open': 'false', 'powered': 'false', 'waterlogged': 'false'}",
"(8, 12, 9)",minecraft:spruce_trapdoor,"{'facing': 'west', 'half': 'top', 'open': 'false', 'powered': 'false', 'waterlogged': 'false'}",
"(9, 12, 9)",minecraft:spruce_slab,"{'type': 'top', 'waterlogged': 'false'}",
"(10, 12, 9)",minecraft:stripped_dark_oak_wood,{'axis': 'z'},
"(11, 12, 9)",minecraft:ladder,"{'facing': 'east', 'waterlogged': 'false'}",
"(3, 12, 10)",minecraft:spruce_stairs,"{'facing': 'east', 'half': 'top', 'shape': 'straight', 'waterlogged': 'false'}",
"(4, 12, 10)",minecraft:stripped_dark_oak_wood,{'axis': 'z'},
"(5, 12, 10)",minecraft:spruce_stairs,"{'facing': 'west', 'half': 'top', 'shape': 'straight', 'waterlogged': 'false'}",
"(6, 12, 10)",minecraft:spruce_slab,"{'type': 'top', 'waterlogged': 'false'}",
"(7, 12, 10)",minecraft:spruce_slab,"{'type': 'top', 'waterlogged': 'false'}",
"(8, 12, 10)",minecraft:spruce_stairs,"{'facing': 'south', 'half': 'top', 'shape': 'straight', 'waterlogged': 'false'}",
"(9, 12, 10)",minecraft:spruce_stairs,"{'facing': 'south', 'half': 'top', 'shape': 'straight', 'waterlogged': 'false'}",
"(10, 12, 10)",minecraft:stripped_dark_oak_wood,{'axis': 'z'},
"(11, 12, 10)",minecraft:spruce_stairs,"{'facing': 'west', 'half': 'top', 'shape': 'straight', 'waterlogged': 'false'}",
"(3, 12, 11)",minecraft:oak_log,{'axis': 'x'},
"(4, 12, 11)",minecraft:oak_log,{'axis': 'y'},
"(5, 12, 11)",minecraft:stripped_dark_oak_wood,{'axis': 'x'},
"(6, 12, 11)",minecraft:stripped_dark_oak_wood,{'axis': 'x'},
"(7, 12, 11)",minecraft:stripped_dark_oak_wood,{'axis': 'x'},
"(8, 12, 11)",minecraft:stripped_dark_oak_wood,{'axis': 'x'},
"(9, 12, 11)",minecraft:stripped_dark_oak_wood,{'axis': 'x'},
"(10, 12, 11)",minecraft:oak_log,{'axis': 'y'},
"(11, 12, 11)",minecraft:oak_log,{'axis': 'x'},
"(4, 12, 12)",minecraft:oak_log,{'axis': 'z'},
"(5, 12, 12)",minecraft:spruce_stairs,"{'facing': 'north', 'half': 'top', 'shape': 'straight', 'waterlogged': 'false'}",
"(6, 12, 12)",minecraft:dark_oak_slab,"{'type': 'top', 'waterlogged': 'false'}",
"(7, 12, 12)",minecraft:dark_oak_stairs,"{'facing': 'north', 'half': 'top', 'shape': 'straight', 'waterlogged': 'false'}",
"(8, 12, 12)",minecraft:dark_oak_slab,"{'type': 'top', 'waterlogged': 'false'}",
"(9, 12, 12)",minecraft:dark_oak_stairs,"{'facing': 'north', 'half': 'top', 'shape': 'straight', 'waterlogged': 'false'}",
"(10, 12, 12)",minecraft:oak_log,{'axis': 'z'},
"(4, 13, 6)",minecraft:spruce_stairs,"{'facing': 'south', 'half': 'bottom', 'shape': 'straight', 'waterlogged': 'false'}",
"(6, 13, 6)",minecraft:spruce_slab,"{'type': 'bottom', 'waterlogged': 'false'}",
"(7, 13, 6)",minecraft:azalea_leaves,"{'distance': '7', 'persistent': 'true', 'waterlogged': 'false'}",
"(8, 13, 6)",minecraft:spruce_slab,"{'type': 'bottom', 'waterlogged': 'false'}",
"(10, 13, 6)",minecraft:spruce_stairs,"{'facing': 'south', 'half': 'bottom', 'shape': 'straight', 'waterlogged': 'false'}",
"(3, 13, 7)",minecraft:spruce_stairs,"{'facing': 'east', 'half': 'bottom', 'shape': 'straight', 'waterlogged': 'false'}",
"(4, 13, 7)",minecraft:oak_log,{'axis': 'y'},
"(5, 13, 7)",minecraft:brown_wool,{},
"(6, 13, 7)",minecraft:brown_wool,{},
"(7, 13, 7)",minecraft:brown_wool,{},
"(8, 13, 7)",minecraft:brown_wool,{},
"(9, 13, 7)",minecraft:brown_wool,{},
"(10, 13, 7)",minecraft:oak_log,{'axis': 'y'},
"(11, 13, 7)",minecraft:spruce_stairs,"{'facing': 'west', 'half': 'bottom', 'shape': 'straight', 'waterlogged': 'false'}",
"(3, 13, 8)",minecraft:azalea_leaves,"{'distance': '7', 'persistent': 'true', 'waterlogged': 'false'}",
"(4, 13, 8)",minecraft:brown_wool,{},
"(5, 13, 8)",minecraft:diamond_block,{},
"(6, 13, 8)",minecraft:diamond_block,{},
"(7, 13, 8)",minecraft:diamond_block,{},
"(9, 13, 8)",minecraft:diamond_block,{},
"(10, 13, 8)",minecraft:terracotta,{},
"(11, 13, 8)",minecraft:oak_leaves,"{'distance': '7', 'persistent': 'true', 'waterlogged': 'false'}",
"(3, 13, 9)",minecraft:spruce_slab,"{'type': 'bottom', 'waterlogged': 'false'}",
"(4, 13, 9)",minecraft:terracotta,{},
"(5, 13, 9)",minecraft:diamond_block,{},
"(6, 13, 9)",minecraft:diamond_block,{},
"(10, 13, 9)",minecraft:spruce_door,"{'facing': 'east', 'half': 'lower', 'hinge': 'left', 'open': 'false', 'powered': 'false'}",
"(4, 13, 10)",minecraft:terracotta,{},
"(5, 13, 10)",minecraft:diamond_block,{},
"(6, 13, 10)",minecraft:diamond_block,{},
"(7, 13, 10)",minecraft:diamond_block,{},
"(8, 13, 10)",minecraft:diamond_block,{},
"(9, 13, 10)",minecraft:diamond_block,{},
"(10, 13, 10)",minecraft:terracotta,{},
"(3, 13, 11)",minecraft:dark_oak_stairs,"{'facing': 'east', 'half': 'bottom', 'shape': 'straight', 'waterlogged': 'false'}",
"(4, 13, 11)",minecraft:oak_log,{'axis': 'y'},
"(5, 13, 11)",minecraft:brown_wool,{},
"(6, 13, 11)",minecraft:brown_wool,{},
"(7, 13, 11)",minecraft:brown_wool,{},
"(8, 13, 11)",minecraft:brown_wool,{},
"(9, 13, 11)",minecraft:brown_wool,{},
"(10, 13, 11)",minecraft:oak_log,{'axis': 'y'},
"(11, 13, 11)",minecraft:dark_oak_stairs,"{'facing': 'west', 'half': 'bottom', 'shape': 'straight', 'waterlogged': 'false'}",
"(4, 13, 12)",minecraft:dark_oak_stairs,"{'facing': 'north', 'half': 'bottom', 'shape': 'straight', 'waterlogged': 'false'}",
"(6, 13, 12)",minecraft:spruce_slab,"{'type': 'bottom', 'waterlogged': 'false'}",
"(8, 13, 12)",minecraft:spruce_slab,"{'type': 'bottom', 'waterlogged': 'false'}",
"(9, 13, 12)",minecraft:azalea_leaves,"{'distance': '7', 'persistent': 'true', 'waterlogged': 'false'}",
"(10, 13, 12)",minecraft:dark_oak_stairs,"{'facing': 'north', 'half': 'bottom', 'shape': 'straight', 'waterlogged': 'false'}",
"(3, 14, 6)",minecraft:jungle_planks,{},
"(4, 14, 6)",minecraft:stripped_jungle_wood,{'axis': 'z'},
"(5, 14, 6)",minecraft:stripped_jungle_wood,{'axis': 'z'},
"(6, 14, 6)",minecraft:jungle_planks,{},
"(7, 14, 6)",minecraft:jungle_planks,{},
"(8, 14, 6)",minecraft:jungle_planks,{},
"(9, 14, 6)",minecraft:jungle_planks,{},
"(10, 14, 6)",minecraft:stripped_jungle_wood,{'axis': 'y'},
"(11, 14, 6)",minecraft:jungle_planks,{},
"(4, 14, 7)",minecraft:stripped_dark_oak_wood,{'axis': 'y'},
"(5, 14, 7)",minecraft:brown_wool,{},
"(6, 14, 7)",minecraft:brown_wool,{},
"(7, 14, 7)",minecraft:brown_wool,{},
"(8, 14, 7)",minecraft:brown_wool,{},
"(9, 14, 7)",minecraft:brown_wool,{},
"(10, 14, 7)",minecraft:stripped_dark_oak_wood,{'axis': 'y'},
"(11, 14, 7)",minecraft:azalea_leaves,"{'distance': '1', 'persistent': 'true', 'waterlogged': 'false'}",
"(4, 14, 8)",minecraft:brown_wool,{},
"(5, 14, 8)",minecraft:diamond_block,{},
"(9, 14, 8)",minecraft:lantern,"{'hanging': 'false', 'waterlogged': 'false'}",
"(10, 14, 8)",minecraft:brown_wool,{},
"(3, 14, 9)",minecraft:oak_fence_gate,"{'facing': 'east', 'in_wall': 'false', 'open': 'true', 'powered': 'false'}",
"(4, 14, 9)",minecraft:white_stained_glass_pane,"{'east': 'false', 'north': 'true', 'south': 'true', 'waterlogged': 'false', 'west': 'false'}",
"(10, 14, 9)",minecraft:spruce_door,"{'facing': 'east', 'half': 'upper', 'hinge': 'left', 'open': 'false', 'powered': 'false'}",
"(4, 14, 10)",minecraft:terracotta,{},
"(6, 14, 10)",minecraft:diamond_block,{},
"(9, 14, 10)",minecraft:diamond_block,{},
"(10, 14, 10)",minecraft:terracotta,{},
"(4, 14, 11)",minecraft:stripped_dark_oak_wood,{'axis': 'y'},
"(5, 14, 11)",minecraft:brown_wool,{},
"(6, 14, 11)",minecraft:brown_wool,{},
"(7, 14, 11)",minecraft:brown_wool,{},
"(8, 14, 11)",minecraft:brown_wool,{},
"(9, 14, 11)",minecraft:brown_wool,{},
"(10, 14, 11)",minecraft:stripped_dark_oak_wood,{'axis': 'y'},
"(3, 14, 12)",minecraft:jungle_planks,{},
"(4, 14, 12)",minecraft:stripped_jungle_wood,{'axis': 'y'},
"(5, 14, 12)",minecraft:jungle_planks,{},
"(6, 14, 12)",minecraft:jungle_planks,{},
"(7, 14, 12)",minecraft:stripped_jungle_wood,{'axis': 'y'},
"(8, 14, 12)",minecraft:stripped_jungle_wood,{'axis': 'y'},
"(9, 14, 12)",minecraft:jungle_planks,{},
"(10, 14, 12)",minecraft:jungle_planks,{},
"(11, 14, 12)",minecraft:jungle_planks,{},
"(3, 15, 7)",minecraft:oak_planks,{},
"(4, 15, 7)",minecraft:jungle_planks,{},
"(5, 15, 7)",minecraft:jungle_planks,{},
"(6, 15, 7)",minecraft:oak_planks,{},
"(7, 15, 7)",minecraft:stripped_oak_wood,{'axis': 'z'},
"(8, 15, 7)",minecraft:oak_planks,{},
"(9, 15, 7)",minecraft:stripped_jungle_wood,{'axis': 'z'},
"(10, 15, 7)",minecraft:oak_planks,{},
"(11, 15, 7)",minecraft:stripped_oak_wood,{'axis': 'z'},
"(4, 15, 8)",minecraft:brown_wool,{},
"(5, 15, 8)",minecraft:jungle_stairs,"{'facing': 'north', 'half': 'top', 'shape': 'straight', 'waterlogged': 'false'}",
"(6, 15, 8)",minecraft:jungle_stairs,"{'facing': 'north', 'half': 'top', 'shape': 'straight', 'waterlogged': 'false'}",
"(7, 15, 8)",minecraft:jungle_stairs,"{'facing': 'north', 'half': 'top', 'shape': 'straight', 'waterlogged': 'false'}",
"(8, 15, 8)",minecraft:jungle_stairs,"{'facing': 'north', 'half': 'top', 'shape': 'straight', 'waterlogged': 'false'}",
"(9, 15, 8)",minecraft:jungle_stairs,"{'facing': 'north', 'half': 'top', 'shape': 'straight', 'waterlogged': 'false'}",
"(10, 15, 8)",minecraft:brown_wool,{},
"(3, 15, 9)",minecraft:oxidized_copper_trapdoor,"{'facing': 'west', 'half': 'bottom', 'open': 'false', 'powered': 'false', 'waterlogged': 'false'}",
"(4, 15, 9)",minecraft:brown_wool,{},
"(10, 15, 9)",minecraft:brown_wool,{},
"(4, 15, 10)",minecraft:brown_wool,{},
"(5, 15, 10)",minecraft:jungle_stairs,"{'facing': 'south', 'half': 'top', 'shape': 'straight', 'waterlogged': 'false'}",
"(6, 15, 10)",minecraft:jungle_stairs,"{'facing': 'south', 'half': 'top', 'shape': 'straight', 'waterlogged': 'false'}",
"(7, 15, 10)",minecraft:jungle_stairs,"{'facing': 'south', 'half': 'top', 'shape': 'straight', 'waterlogged': 'false'}",
"(8, 15, 10)",minecraft:jungle_stairs,"{'facing': 'south', 'half': 'top', 'shape': 'straight', 'waterlogged': 'false'}",
"(9, 15, 10)",minecraft:jungle_stairs,"{'facing': 'south', 'half': 'top', 'shape': 'straight', 'waterlogged': 'false'}",
"(10, 15, 10)",minecraft:brown_wool,{},
"(3, 15, 11)",minecraft:oak_planks,{},
"(4, 15, 11)",minecraft:jungle_planks,{},
"(5, 15, 11)",minecraft:oak_planks,{},
"(6, 15, 11)",minecraft:stripped_oak_wood,{'axis': 'z'},
"(7, 15, 11)",minecraft:oak_planks,{},
"(8, 15, 11)",minecraft:oak_planks,{},
"(9, 15, 11)",minecraft:stripped_oak_wood,{'axis': 'z'},
"(10, 15, 11)",minecraft:jungle_planks,{},
"(11, 15, 11)",minecraft:stripped_jungle_wood,{'axis': 'z'},
"(3, 16, 8)",minecraft:stripped_oak_wood,{'axis': 'z'},
"(4, 16, 8)",minecraft:oak_planks,{},
"(5, 16, 8)",minecraft:stripped_oak_wood,{'axis': 'z'},
"(6, 16, 8)",minecraft:oak_planks,{},
"(7, 16, 8)",minecraft:stripped_birch_wood,{'axis': 'y'},
"(8, 16, 8)",minecraft:stripped_birch_wood,{'axis': 'y'},
"(9, 16, 8)",minecraft:oak_planks,{},
"(10, 16, 8)",minecraft:stripped_oak_wood,{'axis': 'z'},
"(11, 16, 8)",minecraft:birch_planks,{},
"(4, 16, 9)",minecraft:brown_wool,{},
"(5, 16, 9)",minecraft:brown_wool,{},
"(6, 16, 9)",minecraft:brown_wool,{},
"(7, 16, 9)",minecraft:brown_wool,{},
"(8, 16, 9)",minecraft:brown_wool,{},
"(9, 16, 9)",minecraft:brown_wool,{},
"(10, 16, 9)",minecraft:brown_wool,{},
"(3, 16, 10)",minecraft:birch_planks,{},
"(4, 16, 10)",minecraft:stripped_oak_wood,{'axis': 'z'},
"(5, 16, 10)",minecraft:oak_planks,{},
"(6, 16, 10)",minecraft:stripped_birch_wood,{'axis': 'y'},
"(7, 16, 10)",minecraft:birch_planks,{},
"(8, 16, 10)",minecraft:oak_planks,{},
"(9, 16, 10)",minecraft:birch_planks,{},
"(10, 16, 10)",minecraft:stripped_oak_wood,{'axis': 'y'},
"(11, 16, 10)",minecraft:oak_planks,{},
"(3, 17, 9)",minecraft:stripped_birch_wood,{'axis': 'z'},
"(4, 17, 9)",minecraft:birch_planks,{},
"(5, 17, 9)",minecraft:stripped_birch_wood,{'axis': 'z'},
"(6, 17, 9)",minecraft:birch_planks,{},
"(7, 17, 9)",minecraft:birch_planks,{},
"(8, 17, 9)",minecraft:stripped_birch_wood,{'axis': 'z'},
"(9, 17, 9)",minecraft:birch_planks,{},
"(10, 17, 9)",minecraft:birch_planks,{},
"(11, 17, 9)",minecraft:stripped_birch_wood,{'axis': 'z'},
