Position,BlockID,States,Data
"(7, 0, 1)",minecraft:tuff_brick_wall,"{'east': 'low', 'north': 'none', 'south': 'tall', 'up': 'true', 'waterlogged': 'false', 'west': 'none'}",
"(8, 0, 1)",minecraft:hay_block,{'axis': 'y'},
"(9, 0, 1)",minecraft:tuff_brick_wall,"{'east': 'none', 'north': 'none', 'south': 'low', 'up': 'true', 'waterlogged': 'false', 'west': 'low'}",
"(6, 0, 2)",minecraft:spruce_stairs,"{'facing': 'south', 'half': 'bottom', 'shape': 'straight', 'waterlogged': 'false'}",
"(7, 0, 2)",minecraft:hay_block,{'axis': 'y'},
"(8, 0, 2)",minecraft:hay_block,{'axis': 'y'},
"(9, 0, 2)",minecraft:hay_block,{'axis': 'y'},
"(10, 0, 2)",minecraft:spruce_stairs,"{'facing': 'south', 'half': 'bottom', 'shape': 'straight', 'waterlogged': 'false'}",
"(13, 0, 2)",minecraft:decorated_pot,"{'cracked': 'false', 'facing': 'south', 'waterlogged': 'false'}","{components: {}, id: ""minecraft:decorated_pot""}"
"(14, 0, 2)",minecraft:spruce_stairs,"{'facing': 'south', 'half': 'bottom', 'shape': 'straight', 'waterlogged': 'false'}",
"(2, 0, 3)",minecraft:stone_bricks,{},
"(3, 0, 3)",minecraft:stone_bricks,{},
"(4, 0, 3)",minecraft:tuff_bricks,{},
"(5, 0, 3)",minecraft:tuff_bricks,{},
"(6, 0, 3)",minecraft:oak_log,{'axis': 'y'},
"(7, 0, 3)",minecraft:stone_bricks,{},
"(8, 0, 3)",minecraft:stone_bricks,{},
"(9, 0, 3)",minecraft:stone_bricks,{},
"(10, 0, 3)",minecraft:oak_log,{'axis': 'y'},
"(11, 0, 3)",minecraft:stone_bricks,{},
"(12, 0, 3)",minecraft:stone_bricks,{},
"(13, 0, 3)",minecraft:stone_bricks,{},
"(14, 0, 3)",minecraft:oak_log,{'axis': 'y'},
"(15, 0, 3)",minecraft:dark_oak_stairs,"{'facing': 'west', 'half': 'top', 'shape': 'straight', 'waterlogged': 'false'}",
"(16, 0, 3)",minecraft:dark_oak_slab,"{'type': 'top', 'waterlogged': 'false'}",
"(17, 0, 3)",minecraft:dark_oak_slab,"{'type': 'top', 'waterlogged': 'false'}",
"(1, 0, 4)",minecraft:jigsaw,{'orientation': 'up_west'},"{components: {}, joint: ""rollable"", name: ""minecraft:empty"", pool: ""minecraft:empty"", final_state: ""minecraft:air"", placement_priority: 0, selection_priority: 0, id: ""minecraft:jigsaw"", target: ""minecraft:empty""}"
"(2, 0, 4)",minecraft:tuff_brick_stairs,"{'facing': 'east', 'half': 'bottom', 'shape': 'straight', 'waterlogged': 'false'}",
"(3, 0, 4)",minecraft:tuff_bricks,{},
"(4, 0, 4)",minecraft:stone_bricks,{},
"(5, 0, 4)",minecraft:stone_bricks,{},
"(6, 0, 4)",minecraft:stone_bricks,{},
"(7, 0, 4)",minecraft:stone_bricks,{},
"(8, 0, 4)",minecraft:tuff_bricks,{},
"(9, 0, 4)",minecraft:tuff_bricks,{},
"(10, 0, 4)",minecraft:stone_bricks,{},
"(11, 0, 4)",minecraft:stone_bricks,{},
"(12, 0, 4)",minecraft:stone_bricks,{},
"(13, 0, 4)",minecraft:stone_bricks,{},
"(14, 0, 4)",minecraft:stone_bricks,{},
"(15, 0, 4)",minecraft:spruce_stairs,"{'facing': 'west', 'half': 'top', 'shape': 'straight', 'waterlogged': 'false'}",
"(16, 0, 4)",minecraft:spruce_slab,"{'type': 'top', 'waterlogged': 'false'}",
"(17, 0, 4)",minecraft:spruce_slab,"{'type': 'top', 'waterlogged': 'false'}",
"(2, 0, 5)",minecraft:tuff_brick_stairs,"{'facing': 'east', 'half': 'bottom', 'shape': 'straight', 'waterlogged': 'false'}",
"(3, 0, 5)",minecraft:stone_bricks,{},
"(4, 0, 5)",minecraft:stone_bricks,{},
"(5, 0, 5)",minecraft:tuff_bricks,{},
"(6, 0, 5)",minecraft:stone_bricks,{},
"(7, 0, 5)",minecraft:stone_bricks,{},
"(8, 0, 5)",minecraft:tuff_bricks,{},
"(9, 0, 5)",minecraft:stone_bricks,{},
"(10, 0, 5)",minecraft:stone_bricks,{},
"(11, 0, 5)",minecraft:granite,{},
"(12, 0, 5)",minecraft:stripped_spruce_wood,{'axis': 'y'},
"(13, 0, 5)",minecraft:tuff_bricks,{},
"(14, 0, 5)",minecraft:stone_bricks,{},
"(15, 0, 5)",minecraft:spruce_stairs,"{'facing': 'west', 'half': 'top', 'shape': 'straight', 'waterlogged': 'false'}",
"(16, 0, 5)",minecraft:spruce_slab,"{'type': 'top', 'waterlogged': 'false'}",
"(17, 0, 5)",minecraft:spruce_slab,"{'type': 'top', 'waterlogged': 'false'}",
"(2, 0, 6)",minecraft:tuff_bricks,{},
"(3, 0, 6)",minecraft:stone_bricks,{},
"(4, 0, 6)",minecraft:tuff_bricks,{},
"(5, 0, 6)",minecraft:tuff_bricks,{},
"(6, 0, 6)",minecraft:stone_bricks,{},
"(7, 0, 6)",minecraft:stone_bricks,{},
"(8, 0, 6)",minecraft:stone_bricks,{},
"(9, 0, 6)",minecraft:tuff_bricks,{},
"(10, 0, 6)",minecraft:stone_bricks,{},
"(11, 0, 6)",minecraft:tuff_bricks,{},
"(12, 0, 6)",minecraft:tuff_bricks,{},
"(13, 0, 6)",minecraft:stone_bricks,{},
"(14, 0, 6)",minecraft:stone_bricks,{},
"(15, 0, 6)",minecraft:spruce_stairs,"{'facing': 'west', 'half': 'top', 'shape': 'straight', 'waterlogged': 'false'}",
"(16, 0, 6)",minecraft:spruce_slab,"{'type': 'top', 'waterlogged': 'false'}",
"(17, 0, 6)",minecraft:spruce_slab,"{'type': 'top', 'waterlogged': 'false'}",
"(1, 0, 7)",minecraft:spruce_stairs,"{'facing': 'east', 'half': 'bottom', 'shape': 'straight', 'waterlogged': 'false'}",
"(2, 0, 7)",minecraft:oak_log,{'axis': 'y'},
"(3, 0, 7)",minecraft:stone_bricks,{},
"(4, 0, 7)",minecraft:stone_bricks,{},
"(5, 0, 7)",minecraft:stone_bricks,{},
"(6, 0, 7)",minecraft:stone_bricks,{},
"(7, 0, 7)",minecraft:stone_bricks,{},
"(8, 0, 7)",minecraft:tuff_bricks,{},
"(9, 0, 7)",minecraft:tuff_bricks,{},
"(10, 0, 7)",minecraft:stone_bricks,{},
"(11, 0, 7)",minecraft:stone_bricks,{},
"(12, 0, 7)",minecraft:stone_bricks,{},
"(13, 0, 7)",minecraft:stone_bricks,{},
"(14, 0, 7)",minecraft:oak_log,{'axis': 'y'},
"(15, 0, 7)",minecraft:dark_oak_stairs,"{'facing': 'south', 'half': 'top', 'shape': 'outer_right', 'waterlogged': 'false'}",
"(16, 0, 7)",minecraft:dark_oak_slab,"{'type': 'top', 'waterlogged': 'false'}",
"(17, 0, 7)",minecraft:dark_oak_slab,"{'type': 'top', 'waterlogged': 'false'}",
"(0, 0, 8)",minecraft:spruce_trapdoor,"{'facing': 'west', 'half': 'bottom', 'open': 'true', 'powered': 'false', 'waterlogged': 'false'}",
"(1, 0, 8)",minecraft:lilac,{'half': 'lower'},
"(2, 0, 8)",minecraft:tuff_bricks,{},
"(3, 0, 8)",minecraft:stone_bricks,{},
"(4, 0, 8)",minecraft:stone_bricks,{},
"(5, 0, 8)",minecraft:tuff_bricks,{},
"(6, 0, 8)",minecraft:tuff_bricks,{},
"(7, 0, 8)",minecraft:stone_bricks,{},
"(8, 0, 8)",minecraft:stone_bricks,{},
"(9, 0, 8)",minecraft:tuff_bricks,{},
"(10, 0, 8)",minecraft:tuff_bricks,{},
"(11, 0, 8)",minecraft:stone_bricks,{},
"(12, 0, 8)",minecraft:stone_bricks,{},
"(13, 0, 8)",minecraft:stone_bricks,{},
"(14, 0, 8)",minecraft:stone_bricks,{},
"(15, 0, 8)",minecraft:spruce_stairs,"{'facing': 'west', 'half': 'top', 'shape': 'straight', 'waterlogged': 'false'}",
"(16, 0, 8)",minecraft:spruce_slab,"{'type': 'top', 'waterlogged': 'false'}",
"(17, 0, 8)",minecraft:spruce_slab,"{'type': 'top', 'waterlogged': 'false'}",
"(0, 0, 9)",minecraft:spruce_trapdoor,"{'facing': 'west', 'half': 'bottom', 'open': 'true', 'powered': 'false', 'waterlogged': 'false'}",
"(1, 0, 9)",minecraft:large_fern,{'half': 'lower'},
"(2, 0, 9)",minecraft:stone_bricks,{},
"(3, 0, 9)",minecraft:tuff_bricks,{},
"(4, 0, 9)",minecraft:tuff_bricks,{},
"(5, 0, 9)",minecraft:stone_bricks,{},
"(6, 0, 9)",minecraft:stone_bricks,{},
"(7, 0, 9)",minecraft:tuff_bricks,{},
"(8, 0, 9)",minecraft:stone_bricks,{},
"(9, 0, 9)",minecraft:stone_bricks,{},
"(10, 0, 9)",minecraft:stone_bricks,{},
"(11, 0, 9)",minecraft:tuff_bricks,{},
"(12, 0, 9)",minecraft:stone_bricks,{},
"(13, 0, 9)",minecraft:tuff_bricks,{},
"(14, 0, 9)",minecraft:stone_bricks,{},
"(15, 0, 9)",minecraft:spruce_stairs,"{'facing': 'west', 'half': 'top', 'shape': 'straight', 'waterlogged': 'false'}",
"(16, 0, 9)",minecraft:spruce_slab,"{'type': 'top', 'waterlogged': 'false'}",
"(17, 0, 9)",minecraft:spruce_slab,"{'type': 'top', 'waterlogged': 'false'}",
"(0, 0, 10)",minecraft:spruce_trapdoor,"{'facing': 'west', 'half': 'bottom', 'open': 'true', 'powered': 'false', 'waterlogged': 'false'}",
"(1, 0, 10)",minecraft:lilac,{'half': 'lower'},
"(2, 0, 10)",minecraft:stone_bricks,{},
"(3, 0, 10)",minecraft:stone_bricks,{},
"(4, 0, 10)",minecraft:stone_bricks,{},
"(5, 0, 10)",minecraft:tuff_bricks,{},
"(6, 0, 10)",minecraft:stone_bricks,{},
"(7, 0, 10)",minecraft:tuff_bricks,{},
"(8, 0, 10)",minecraft:tuff_bricks,{},
"(9, 0, 10)",minecraft:tuff_bricks,{},
"(10, 0, 10)",minecraft:stone_bricks,{},
"(11, 0, 10)",minecraft:stone_bricks,{},
"(12, 0, 10)",minecraft:tuff_bricks,{},
"(13, 0, 10)",minecraft:tuff_bricks,{},
"(14, 0, 10)",minecraft:stone_bricks,{},
"(15, 0, 10)",minecraft:spruce_stairs,"{'facing': 'west', 'half': 'top', 'shape': 'straight', 'waterlogged': 'false'}",
"(16, 0, 10)",minecraft:spruce_slab,"{'type': 'top', 'waterlogged': 'false'}",
"(17, 0, 10)",minecraft:spruce_slab,"{'type': 'top', 'waterlogged': 'false'}",
"(1, 0, 11)",minecraft:spruce_stairs,"{'facing': 'east', 'half': 'bottom', 'shape': 'straight', 'waterlogged': 'false'}",
"(2, 0, 11)",minecraft:oak_log,{'axis': 'y'},
"(3, 0, 11)",minecraft:tuff_bricks,{},
"(4, 0, 11)",minecraft:stone_bricks,{},
"(5, 0, 11)",minecraft:stone_bricks,{},
"(6, 0, 11)",minecraft:oak_log,{'axis': 'y'},
"(7, 0, 11)",minecraft:stone_bricks,{},
"(8, 0, 11)",minecraft:tuff_bricks,{},
"(9, 0, 11)",minecraft:stone_bricks,{},
"(10, 0, 11)",minecraft:stone_bricks,{},
"(11, 0, 11)",minecraft:orange_banner,{'rotation': '0'},"{components: {}, id: ""minecraft:banner""}"
"(12, 0, 11)",minecraft:orange_banner,{'rotation': '0'},"{components: {}, id: ""minecraft:banner""}"
"(13, 0, 11)",minecraft:torch,{},
"(14, 0, 11)",minecraft:oak_log,{'axis': 'y'},
"(15, 0, 11)",minecraft:dark_oak_stairs,"{'facing': 'west', 'half': 'top', 'shape': 'straight', 'waterlogged': 'false'}",
"(16, 0, 11)",minecraft:dark_oak_slab,"{'type': 'top', 'waterlogged': 'false'}",
"(17, 0, 11)",minecraft:dark_oak_slab,"{'type': 'top', 'waterlogged': 'false'}",
"(0, 0, 12)",minecraft:spruce_trapdoor,"{'facing': 'west', 'half': 'bottom', 'open': 'true', 'powered': 'false', 'waterlogged': 'false'}",
"(1, 0, 12)",minecraft:lilac,{'half': 'lower'},
"(2, 0, 12)",minecraft:stone_bricks,{},
"(3, 0, 12)",minecraft:tuff_bricks,{},
"(4, 0, 12)",minecraft:stone_bricks,{},
"(5, 0, 12)",minecraft:stone_bricks,{},
"(6, 0, 12)",minecraft:stone_bricks,{},
"(7, 0, 12)",minecraft:stone_bricks,{},
"(8, 0, 12)",minecraft:stone_bricks,{},
"(9, 0, 12)",minecraft:tuff_bricks,{},
"(10, 0, 12)",minecraft:tuff_bricks,{},
"(11, 0, 12)",minecraft:stone_bricks,{},
"(12, 0, 12)",minecraft:stone_bricks,{},
"(13, 0, 12)",minecraft:orange_banner,{'rotation': '4'},"{components: {}, id: ""minecraft:banner""}"
"(14, 0, 12)",minecraft:stone_bricks,{},
"(15, 0, 12)",minecraft:spruce_stairs,"{'facing': 'west', 'half': 'top', 'shape': 'straight', 'waterlogged': 'false'}",
"(16, 0, 12)",minecraft:spruce_slab,"{'type': 'top', 'waterlogged': 'false'}",
"(17, 0, 12)",minecraft:spruce_slab,"{'type': 'top', 'waterlogged': 'false'}",
"(0, 0, 13)",minecraft:spruce_trapdoor,"{'facing': 'west', 'half': 'bottom', 'open': 'true', 'powered': 'false', 'waterlogged': 'false'}",
"(1, 0, 13)",minecraft:lilac,{'half': 'lower'},
"(2, 0, 13)",minecraft:tuff_bricks,{},
"(3, 0, 13)",minecraft:stone_bricks,{},
"(4, 0, 13)",minecraft:stone_bricks,{},
"(5, 0, 13)",minecraft:tuff_bricks,{},
"(6, 0, 13)",minecraft:tuff_bricks,{},
"(7, 0, 13)",minecraft:stone_bricks,{},
"(8, 0, 13)",minecraft:stone_bricks,{},
"(9, 0, 13)",minecraft:stone_bricks,{},
"(10, 0, 13)",minecraft:tuff_bricks,{},
"(11, 0, 13)",minecraft:tuff_bricks,{},
"(12, 0, 13)",minecraft:stone_bricks,{},
"(13, 0, 13)",minecraft:stone_bricks,{},
"(14, 0, 13)",minecraft:stone_bricks,{},
"(15, 0, 13)",minecraft:spruce_stairs,"{'facing': 'west', 'half': 'top', 'shape': 'straight', 'waterlogged': 'false'}",
"(16, 0, 13)",minecraft:spruce_slab,"{'type': 'top', 'waterlogged': 'false'}",
"(17, 0, 13)",minecraft:spruce_slab,"{'type': 'top', 'waterlogged': 'false'}",
"(0, 0, 14)",minecraft:spruce_trapdoor,"{'facing': 'west', 'half': 'bottom', 'open': 'true', 'powered': 'false', 'waterlogged': 'false'}",
"(1, 0, 14)",minecraft:large_fern,{'half': 'lower'},
"(2, 0, 14)",minecraft:tuff_bricks,{},
"(3, 0, 14)",minecraft:tuff_brick_stairs,"{'facing': 'south', 'half': 'top', 'shape': 'straight', 'waterlogged': 'false'}",
"(4, 0, 14)",minecraft:tuff_brick_stairs,"{'facing': 'south', 'half': 'top', 'shape': 'straight', 'waterlogged': 'true'}",
"(5, 0, 14)",minecraft:tuff_brick_stairs,"{'facing': 'south', 'half': 'top', 'shape': 'straight', 'waterlogged': 'true'}",
"(6, 0, 14)",minecraft:tuff_bricks,{},
"(7, 0, 14)",minecraft:stone_bricks,{},
"(8, 0, 14)",minecraft:stone_bricks,{},
"(9, 0, 14)",minecraft:stone_bricks,{},
"(10, 0, 14)",minecraft:stone_bricks,{},
"(11, 0, 14)",minecraft:cobbled_deepslate,{},
"(12, 0, 14)",minecraft:cobbled_deepslate,{},
"(13, 0, 14)",minecraft:stone_bricks,{},
"(14, 0, 14)",minecraft:stone_bricks,{},
"(15, 0, 14)",minecraft:spruce_stairs,"{'facing': 'west', 'half': 'top', 'shape': 'straight', 'waterlogged': 'false'}",
"(16, 0, 14)",minecraft:spruce_slab,"{'type': 'top', 'waterlogged': 'false'}",
"(17, 0, 14)",minecraft:spruce_slab,"{'type': 'top', 'waterlogged': 'false'}",
"(1, 0, 15)",minecraft:spruce_stairs,"{'facing': 'east', 'half': 'bottom', 'shape': 'straight', 'waterlogged': 'false'}",
"(2, 0, 15)",minecraft:oak_log,{'axis': 'y'},
"(3, 0, 15)",minecraft:tuff_bricks,{},
"(4, 0, 15)",minecraft:stone_bricks,{},
"(5, 0, 15)",minecraft:stone_bricks,{},
"(6, 0, 15)",minecraft:oak_log,{'axis': 'y'},
"(7, 0, 15)",minecraft:tuff_bricks,{},
"(8, 0, 15)",minecraft:tuff_bricks,{},
"(9, 0, 15)",minecraft:stone_bricks,{},
"(10, 0, 15)",minecraft:infested_cobblestone,{},
"(11, 0, 15)",minecraft:cobbled_deepslate,{},
"(12, 0, 15)",minecraft:cobbled_deepslate,{},
"(13, 0, 15)",minecraft:stone_bricks,{},
"(14, 0, 15)",minecraft:oak_log,{'axis': 'y'},
"(15, 0, 15)",minecraft:dark_oak_stairs,"{'facing': 'north', 'half': 'bottom', 'shape': 'straight', 'waterlogged': 'false'}",
"(16, 0, 15)",minecraft:dark_oak_stairs,"{'facing': 'north', 'half': 'bottom', 'shape': 'straight', 'waterlogged': 'false'}",
"(17, 0, 15)",minecraft:dark_oak_slab,"{'type': 'top', 'waterlogged': 'false'}",
"(1, 0, 16)",minecraft:decorated_pot,"{'cracked': 'false', 'facing': 'south', 'waterlogged': 'false'}","{components: {}, id: ""minecraft:decorated_pot""}"
"(2, 0, 16)",minecraft:spruce_stairs,"{'facing': 'north', 'half': 'bottom', 'shape': 'straight', 'waterlogged': 'false'}",
"(3, 0, 16)",minecraft:grindstone,"{'face': 'floor', 'facing': 'north'}",
"(5, 0, 16)",minecraft:smithing_table,{},
"(6, 0, 16)",minecraft:spruce_stairs,"{'facing': 'north', 'half': 'bottom', 'shape': 'straight', 'waterlogged': 'false'}",
"(10, 0, 16)",minecraft:deepslate_bricks,{},
"(11, 0, 16)",minecraft:campfire,"{'facing': 'north', 'lit': 'true', 'signal_fire': 'false', 'waterlogged': 'false'}","{components: {}, Items: [], CookingTimes: [I; 0, 0, 0, 0], CookingTotalTimes: [I; 0, 0, 0, 0], id: ""minecraft:campfire""}"
"(12, 0, 16)",minecraft:campfire,"{'facing': 'north', 'lit': 'true', 'signal_fire': 'false', 'waterlogged': 'false'}","{components: {}, Items: [], CookingTimes: [I; 0, 0, 0, 0], CookingTotalTimes: [I; 0, 0, 0, 0], id: ""minecraft:campfire""}"
"(13, 0, 16)",minecraft:deepslate_bricks,{},
"(14, 0, 16)",minecraft:spruce_stairs,"{'facing': 'north', 'half': 'bottom', 'shape': 'straight', 'waterlogged': 'false'}",
"(16, 0, 16)",minecraft:jigsaw,{'orientation': 'up_south'},"{components: {}, joint: ""rollable"", name: ""minecraft:empty"", pool: ""minecraft:empty"", final_state: ""minecraft:air"", placement_priority: 0, selection_priority: 0, id: ""minecraft:jigsaw"", target: ""minecraft:empty""}"
"(10, 0, 17)",minecraft:iron_bars,"{'east': 'true', 'north': 'true', 'south': 'false', 'waterlogged': 'false', 'west': 'false'}",
"(11, 0, 17)",minecraft:iron_bars,"{'east': 'true', 'north': 'false', 'south': 'false', 'waterlogged': 'false', 'west': 'true'}",
"(12, 0, 17)",minecraft:iron_bars,"{'east': 'true', 'north': 'false', 'south': 'false', 'waterlogged': 'false', 'west': 'true'}",
"(13, 0, 17)",minecraft:iron_bars,"{'east': 'false', 'north': 'true', 'south': 'false', 'waterlogged': 'false', 'west': 'true'}",
"(1, 0, 19)",minecraft:spruce_stairs,"{'facing': 'west', 'half': 'top', 'shape': 'straight', 'waterlogged': 'false'}",
"(2, 0, 19)",minecraft:spruce_slab,"{'type': 'top', 'waterlogged': 'false'}",
"(3, 0, 19)",minecraft:spruce_slab,"{'type': 'top', 'waterlogged': 'false'}",
"(4, 0, 19)",minecraft:spruce_slab,"{'type': 'top', 'waterlogged': 'false'}",
"(5, 0, 19)",minecraft:spruce_stairs,"{'facing': 'east', 'half': 'top', 'shape': 'straight', 'waterlogged': 'false'}",
"(13, 0, 20)",minecraft:anvil,{'facing': 'south'},
"(2, 0, 21)",minecraft:tuff_brick_wall,"{'east': 'none', 'north': 'none', 'south': 'none', 'up': 'true', 'waterlogged': 'false', 'west': 'none'}",
"(6, 0, 21)",minecraft:tuff_brick_wall,"{'east': 'none', 'north': 'none', 'south': 'none', 'up': 'true', 'waterlogged': 'false', 'west': 'none'}",
"(10, 0, 21)",minecraft:tuff_brick_wall,"{'east': 'none', 'north': 'none', 'south': 'none', 'up': 'true', 'waterlogged': 'false', 'west': 'none'}",
"(14, 0, 21)",minecraft:tuff_brick_wall,"{'east': 'none', 'north': 'none', 'south': 'none', 'up': 'true', 'waterlogged': 'false', 'west': 'none'}",
"(7, 1, 1)",minecraft:spruce_fence,"{'east': 'false', 'north': 'false', 'south': 'true', 'waterlogged': 'false', 'west': 'false'}",
"(9, 1, 1)",minecraft:spruce_fence,"{'east': 'false', 'north': 'false', 'south': 'false', 'waterlogged': 'false', 'west': 'false'}",
"(7, 1, 2)",minecraft:hay_block,{'axis': 'y'},
"(8, 1, 2)",minecraft:hay_block,{'axis': 'y'},
"(13, 1, 2)",minecraft:potted_bamboo,{},
"(2, 1, 3)",minecraft:spruce_wall_hanging_sign,"{'facing': 'north', 'waterlogged': 'false'}","{back_text: {has_glowing_text: 0b, color: ""black"", messages: ["""", """", """", """"]}, components: {}, is_waxed: 0b, id: ""minecraft:hanging_sign"", front_text: {has_glowing_text: 0b, color: ""black"", messages: ["""", """", """", """"]}}"
"(3, 1, 3)",minecraft:spruce_wall_hanging_sign,"{'facing': 'north', 'waterlogged': 'false'}","{back_text: {has_glowing_text: 0b, color: ""black"", messages: ["""", """", """", """"]}, components: {}, is_waxed: 0b, id: ""minecraft:hanging_sign"", front_text: {has_glowing_text: 0b, color: ""black"", messages: ["""", """", """", """"]}}"
"(4, 1, 3)",minecraft:spruce_wall_hanging_sign,"{'facing': 'north', 'waterlogged': 'false'}","{back_text: {has_glowing_text: 0b, color: ""black"", messages: ["""", """", """", """"]}, components: {}, is_waxed: 0b, id: ""minecraft:hanging_sign"", front_text: {has_glowing_text: 0b, color: ""black"", messages: ["""", """", """", """"]}}"
"(5, 1, 3)",minecraft:spruce_wall_hanging_sign,"{'facing': 'north', 'waterlogged': 'false'}","{back_text: {has_glowing_text: 0b, color: ""black"", messages: ["""", """", """", """"]}, components: {}, is_waxed: 0b, id: ""minecraft:hanging_sign"", front_text: {has_glowing_text: 0b, color: ""black"", messages: ["""", """", """", """"]}}"
"(6, 1, 3)",minecraft:stripped_spruce_wood,{'axis': 'y'},
"(7, 1, 3)",minecraft:terracotta,{},
"(8, 1, 3)",minecraft:granite,{},
"(9, 1, 3)",minecraft:granite,{},
"(10, 1, 3)",minecraft:stripped_spruce_wood,{'axis': 'y'},
"(11, 1, 3)",minecraft:stone_bricks,{},
"(12, 1, 3)",minecraft:stone_bricks,{},
"(13, 1, 3)",minecraft:tuff_bricks,{},
"(14, 1, 3)",minecraft:stripped_spruce_wood,{'axis': 'y'},
"(15, 1, 3)",minecraft:spruce_wall_hanging_sign,"{'facing': 'south', 'waterlogged': 'false'}","{back_text: {has_glowing_text: 0b, color: ""black"", messages: ["""", """", """", """"]}, components: {}, is_waxed: 0b, id: ""minecraft:hanging_sign"", front_text: {has_glowing_text: 0b, color: ""black"", messages: ["""", """", """", """"]}}"
"(16, 1, 3)",minecraft:spruce_wall_hanging_sign,"{'facing': 'south', 'waterlogged': 'false'}","{back_text: {has_glowing_text: 0b, color: ""black"", messages: ["""", """", """", """"]}, components: {}, is_waxed: 0b, id: ""minecraft:hanging_sign"", front_text: {has_glowing_text: 0b, color: ""black"", messages: ["""", """", """", """"]}}"
"(17, 1, 3)",minecraft:spruce_wood,{'axis': 'y'},
"(5, 1, 4)",minecraft:decorated_pot,"{'cracked': 'false', 'facing': 'east', 'waterlogged': 'false'}","{components: {}, id: ""minecraft:decorated_pot""}"
"(6, 1, 4)",minecraft:granite,{},
"(7, 1, 4)",minecraft:decorated_pot,"{'cracked': 'false', 'facing': 'north', 'waterlogged': 'false'}","{components: {}, id: ""minecraft:decorated_pot""}"
"(11, 1, 4)",minecraft:spruce_stairs,"{'facing': 'east', 'half': 'bottom', 'shape': 'straight', 'waterlogged': 'false'}",
"(14, 1, 4)",minecraft:tuff_bricks,{},
"(17, 1, 4)",minecraft:spruce_wall_hanging_sign,"{'facing': 'east', 'waterlogged': 'false'}","{back_text: {has_glowing_text: 0b, color: ""black"", messages: ["""", """", """", """"]}, components: {}, is_waxed: 0b, id: ""minecraft:hanging_sign"", front_text: {has_glowing_text: 0b, color: ""black"", messages: ["""", """", """", """"]}}"
"(6, 1, 5)",minecraft:spruce_door,"{'facing': 'east', 'half': 'lower', 'hinge': 'left', 'open': 'false', 'powered': 'false'}",
"(10, 1, 5)",minecraft:stone_bricks,{},
"(11, 1, 5)",minecraft:stone_bricks,{},
"(12, 1, 5)",minecraft:stripped_spruce_wood,{'axis': 'y'},
"(14, 1, 5)",minecraft:stone_bricks,{},
"(17, 1, 5)",minecraft:spruce_wall_hanging_sign,"{'facing': 'east', 'waterlogged': 'false'}","{back_text: {has_glowing_text: 0b, color: ""black"", messages: ["""", """", """", """"]}, components: {}, is_waxed: 0b, id: ""minecraft:hanging_sign"", front_text: {has_glowing_text: 0b, color: ""black"", messages: ["""", """", """", """"]}}"
"(2, 1, 6)",minecraft:spruce_wall_hanging_sign,"{'facing': 'west', 'waterlogged': 'false'}","{back_text: {has_glowing_text: 0b, color: ""black"", messages: ["""", """", """", """"]}, components: {}, is_waxed: 0b, id: ""minecraft:hanging_sign"", front_text: {has_glowing_text: 0b, color: ""black"", messages: ["""", """", """", """"]}}"
"(6, 1, 6)",minecraft:terracotta,{},
"(14, 1, 6)",minecraft:stone_bricks,{},
"(17, 1, 6)",minecraft:spruce_wall_hanging_sign,"{'facing': 'east', 'waterlogged': 'false'}","{back_text: {has_glowing_text: 0b, color: ""black"", messages: ["""", """", """", """"]}, components: {}, is_waxed: 0b, id: ""minecraft:hanging_sign"", front_text: {has_glowing_text: 0b, color: ""black"", messages: ["""", """", """", """"]}}"
"(2, 1, 7)",minecraft:stripped_spruce_wood,{'axis': 'y'},
"(3, 1, 7)",minecraft:granite,{},
"(4, 1, 7)",minecraft:granite,{},
"(5, 1, 7)",minecraft:terracotta,{},
"(6, 1, 7)",minecraft:stripped_spruce_wood,{'axis': 'y'},
"(7, 1, 7)",minecraft:crafting_table,{},
"(10, 1, 7)",minecraft:stripped_spruce_wood,{'axis': 'y'},
"(11, 1, 7)",minecraft:stone_bricks,{},
"(12, 1, 7)",minecraft:tuff_bricks,{},
"(13, 1, 7)",minecraft:tuff_bricks,{},
"(14, 1, 7)",minecraft:stripped_spruce_wood,{'axis': 'y'},
"(17, 1, 7)",minecraft:spruce_wood,{'axis': 'y'},
"(1, 1, 8)",minecraft:lilac,{'half': 'upper'},
"(2, 1, 8)",minecraft:terracotta,{},
"(3, 1, 8)",minecraft:barrel,"{'facing': 'down', 'open': 'false'}","{components: {}, Items: [], id: ""minecraft:barrel""}"
"(5, 1, 8)",minecraft:decorated_pot,"{'cracked': 'false', 'facing': 'west', 'waterlogged': 'false'}","{components: {}, id: ""minecraft:decorated_pot""}"
"(10, 1, 8)",minecraft:dark_oak_stairs,"{'facing': 'north', 'half': 'top', 'shape': 'straight', 'waterlogged': 'false'}",
"(11, 1, 8)",minecraft:cartography_table,{},
"(12, 1, 8)",minecraft:dark_oak_stairs,"{'facing': 'north', 'half': 'top', 'shape': 'straight', 'waterlogged': 'false'}",
"(13, 1, 8)",minecraft:decorated_pot,"{'cracked': 'false', 'facing': 'east', 'waterlogged': 'false'}","{components: {}, id: ""minecraft:decorated_pot""}"
"(14, 1, 8)",minecraft:granite,{},
"(17, 1, 8)",minecraft:spruce_wall_hanging_sign,"{'facing': 'east', 'waterlogged': 'false'}","{back_text: {has_glowing_text: 0b, color: ""black"", messages: ["""", """", """", """"]}, components: {}, is_waxed: 0b, id: ""minecraft:hanging_sign"", front_text: {has_glowing_text: 0b, color: ""black"", messages: ["""", """", """", """"]}}"
"(1, 1, 9)",minecraft:large_fern,{'half': 'upper'},
"(2, 1, 9)",minecraft:granite,{},
"(3, 1, 9)",minecraft:smoker,"{'facing': 'east', 'lit': 'false'}","{lit_total_time: 0s, components: {}, cooking_time_spent: 0s, cooking_total_time: 0s, Items: [], id: ""minecraft:smoker"", lit_time_remaining: 0s, RecipesUsed: {}}"
"(14, 1, 9)",minecraft:spruce_door,"{'facing': 'west', 'half': 'lower', 'hinge': 'left', 'open': 'false', 'powered': 'false'}",
"(17, 1, 9)",minecraft:spruce_wall_hanging_sign,"{'facing': 'east', 'waterlogged': 'false'}","{back_text: {has_glowing_text: 0b, color: ""black"", messages: ["""", """", """", """"]}, components: {}, is_waxed: 0b, id: ""minecraft:hanging_sign"", front_text: {has_glowing_text: 0b, color: ""black"", messages: ["""", """", """", """"]}}"
"(1, 1, 10)",minecraft:lilac,{'half': 'upper'},
"(2, 1, 10)",minecraft:granite,{},
"(3, 1, 10)",minecraft:barrel,"{'facing': 'down', 'open': 'false'}","{components: {}, Items: [], id: ""minecraft:barrel""}"
"(11, 1, 10)",minecraft:scaffolding,"{'bottom': 'false', 'distance': '0', 'waterlogged': 'false'}",
"(14, 1, 10)",minecraft:granite,{},
"(17, 1, 10)",minecraft:spruce_wall_hanging_sign,"{'facing': 'east', 'waterlogged': 'false'}","{back_text: {has_glowing_text: 0b, color: ""black"", messages: ["""", """", """", """"]}, components: {}, is_waxed: 0b, id: ""minecraft:hanging_sign"", front_text: {has_glowing_text: 0b, color: ""black"", messages: ["""", """", """", """"]}}"
"(2, 1, 11)",minecraft:stripped_spruce_wood,{'axis': 'y'},
"(3, 1, 11)",minecraft:barrel,"{'facing': 'down', 'open': 'false'}","{components: {}, Items: [], id: ""minecraft:barrel""}"
"(6, 1, 11)",minecraft:stripped_spruce_wood,{'axis': 'y'},
"(7, 1, 11)",minecraft:oak_wall_sign,"{'facing': 'north', 'waterlogged': 'false'}","{back_text: {has_glowing_text: 0b, color: ""black"", messages: ["""", """", """", """"]}, components: {}, is_waxed: 0b, id: ""minecraft:sign"", front_text: {has_glowing_text: 0b, color: ""black"", messages: ["""", """", """", """"]}}"
"(9, 1, 11)",minecraft:oak_wall_sign,"{'facing': 'north', 'waterlogged': 'false'}","{back_text: {has_glowing_text: 0b, color: ""black"", messages: ["""", """", """", """"]}, components: {}, is_waxed: 0b, id: ""minecraft:sign"", front_text: {has_glowing_text: 0b, color: ""black"", messages: ["""", """", """", """"]}}"
"(10, 1, 11)",minecraft:jungle_wall_sign,"{'facing': 'west', 'waterlogged': 'false'}","{back_text: {has_glowing_text: 0b, color: ""black"", messages: ["""", """", """", """"]}, components: {}, is_waxed: 0b, id: ""minecraft:sign"", front_text: {has_glowing_text: 0b, color: ""black"", messages: ["""", """", """", """"]}}"
"(11, 1, 11)",minecraft:waxed_exposed_cut_copper_stairs,"{'facing': 'north', 'half': 'bottom', 'shape': 'straight', 'waterlogged': 'false'}",
"(12, 1, 11)",minecraft:waxed_exposed_cut_copper_stairs,"{'facing': 'north', 'half': 'bottom', 'shape': 'straight', 'waterlogged': 'false'}",
"(13, 1, 11)",minecraft:waxed_exposed_cut_copper_stairs,"{'facing': 'east', 'half': 'bottom', 'shape': 'inner_left', 'waterlogged': 'false'}",
"(14, 1, 11)",minecraft:stripped_spruce_wood,{'axis': 'y'},
"(17, 1, 11)",minecraft:spruce_wood,{'axis': 'y'},
"(1, 1, 12)",minecraft:lilac,{'half': 'upper'},
"(2, 1, 12)",minecraft:granite,{},
"(3, 1, 12)",minecraft:oak_stairs,"{'facing': 'west', 'half': 'bottom', 'shape': 'straight', 'waterlogged': 'false'}",
"(6, 1, 12)",minecraft:jungle_trapdoor,"{'facing': 'west', 'half': 'bottom', 'open': 'true', 'powered': 'false', 'waterlogged': 'false'}",
"(7, 1, 12)",minecraft:oak_stairs,"{'facing': 'west', 'half': 'bottom', 'shape': 'straight', 'waterlogged': 'false'}",
"(8, 1, 12)",minecraft:spruce_fence_gate,"{'facing': 'west', 'in_wall': 'false', 'open': 'false', 'powered': 'false'}",
"(9, 1, 12)",minecraft:spruce_stairs,"{'facing': 'east', 'half': 'bottom', 'shape': 'straight', 'waterlogged': 'false'}",
"(13, 1, 12)",minecraft:waxed_exposed_cut_copper_stairs,"{'facing': 'east', 'half': 'bottom', 'shape': 'straight', 'waterlogged': 'false'}",
"(14, 1, 12)",minecraft:granite,{},
"(17, 1, 12)",minecraft:spruce_wall_hanging_sign,"{'facing': 'east', 'waterlogged': 'false'}","{back_text: {has_glowing_text: 0b, color: ""black"", messages: ["""", """", """", """"]}, components: {}, is_waxed: 0b, id: ""minecraft:hanging_sign"", front_text: {has_glowing_text: 0b, color: ""black"", messages: ["""", """", """", """"]}}"
"(1, 1, 13)",minecraft:lilac,{'half': 'upper'},
"(2, 1, 13)",minecraft:granite,{},
"(3, 1, 13)",minecraft:oak_wall_sign,"{'facing': 'south', 'waterlogged': 'false'}","{back_text: {has_glowing_text: 0b, color: ""black"", messages: ["""", """", """", """"]}, components: {}, is_waxed: 0b, id: ""minecraft:sign"", front_text: {has_glowing_text: 0b, color: ""black"", messages: ["""", """", """", """"]}}"
"(6, 1, 13)",minecraft:jungle_trapdoor,"{'facing': 'west', 'half': 'bottom', 'open': 'true', 'powered': 'false', 'waterlogged': 'false'}",
"(7, 1, 13)",minecraft:spruce_fence_gate,"{'facing': 'east', 'in_wall': 'false', 'open': 'true', 'powered': 'false'}",
"(8, 1, 13)",minecraft:spruce_fence_gate,"{'facing': 'west', 'in_wall': 'false', 'open': 'false', 'powered': 'false'}",
"(9, 1, 13)",minecraft:oak_fence_gate,"{'facing': 'west', 'in_wall': 'false', 'open': 'true', 'powered': 'false'}",
"(13, 1, 13)",minecraft:jungle_wall_sign,"{'facing': 'south', 'waterlogged': 'false'}","{back_text: {has_glowing_text: 0b, color: ""black"", messages: ["""", """", """", """"]}, components: {}, is_waxed: 0b, id: ""minecraft:sign"", front_text: {has_glowing_text: 0b, color: ""black"", messages: ["""", """", """", """"]}}"
"(14, 1, 13)",minecraft:granite,{},
"(17, 1, 13)",minecraft:spruce_wall_hanging_sign,"{'facing': 'east', 'waterlogged': 'false'}","{back_text: {has_glowing_text: 0b, color: ""black"", messages: ["""", """", """", """"]}, components: {}, is_waxed: 0b, id: ""minecraft:hanging_sign"", front_text: {has_glowing_text: 0b, color: ""black"", messages: ["""", """", """", """"]}}"
"(1, 1, 14)",minecraft:large_fern,{'half': 'upper'},
"(2, 1, 14)",minecraft:granite,{},
"(3, 1, 14)",minecraft:spruce_stairs,"{'facing': 'south', 'half': 'top', 'shape': 'straight', 'waterlogged': 'false'}",
"(4, 1, 14)",minecraft:water_cauldron,{'level': '3'},
"(5, 1, 14)",minecraft:spruce_stairs,"{'facing': 'south', 'half': 'top', 'shape': 'straight', 'waterlogged': 'false'}",
"(6, 1, 14)",minecraft:oak_trapdoor,"{'facing': 'west', 'half': 'bottom', 'open': 'true', 'powered': 'false', 'waterlogged': 'false'}",
"(7, 1, 14)",minecraft:spruce_stairs,"{'facing': 'west', 'half': 'bottom', 'shape': 'straight', 'waterlogged': 'false'}",
"(8, 1, 14)",minecraft:spruce_fence_gate,"{'facing': 'west', 'in_wall': 'false', 'open': 'false', 'powered': 'false'}",
"(9, 1, 14)",minecraft:oak_stairs,"{'facing': 'east', 'half': 'bottom', 'shape': 'straight', 'waterlogged': 'false'}",
"(10, 1, 14)",minecraft:cobbled_deepslate_stairs,"{'facing': 'east', 'half': 'bottom', 'shape': 'straight', 'waterlogged': 'false'}",
"(13, 1, 14)",minecraft:cobbled_deepslate_stairs,"{'facing': 'west', 'half': 'bottom', 'shape': 'straight', 'waterlogged': 'false'}",
"(14, 1, 14)",minecraft:granite,{},
"(17, 1, 14)",minecraft:spruce_wall_hanging_sign,"{'facing': 'east', 'waterlogged': 'false'}","{back_text: {has_glowing_text: 0b, color: ""black"", messages: ["""", """", """", """"]}, components: {}, is_waxed: 0b, id: ""minecraft:hanging_sign"", front_text: {has_glowing_text: 0b, color: ""black"", messages: ["""", """", """", """"]}}"
"(2, 1, 15)",minecraft:stripped_spruce_wood,{'axis': 'y'},
"(3, 1, 15)",minecraft:terracotta,{},
"(4, 1, 15)",minecraft:granite,{},
"(5, 1, 15)",minecraft:granite,{},
"(6, 1, 15)",minecraft:stripped_spruce_wood,{'axis': 'y'},
"(7, 1, 15)",minecraft:granite,{},
"(8, 1, 15)",minecraft:granite,{},
"(9, 1, 15)",minecraft:granite,{},
"(10, 1, 15)",minecraft:cobbled_deepslate,{},
"(11, 1, 15)",minecraft:campfire,"{'facing': 'north', 'lit': 'true', 'signal_fire': 'false', 'waterlogged': 'false'}","{components: {}, Items: [], CookingTimes: [I; 0, 0, 0, 0], CookingTotalTimes: [I; 0, 0, 0, 0], id: ""minecraft:campfire""}"
"(12, 1, 15)",minecraft:campfire,"{'facing': 'north', 'lit': 'true', 'signal_fire': 'false', 'waterlogged': 'false'}","{components: {}, Items: [], CookingTimes: [I; 0, 0, 0, 0], CookingTotalTimes: [I; 0, 0, 0, 0], id: ""minecraft:campfire""}"
"(13, 1, 15)",minecraft:cobbled_deepslate,{},
"(14, 1, 15)",minecraft:stripped_spruce_wood,{'axis': 'y'},
"(17, 1, 15)",minecraft:spruce_wood,{'axis': 'y'},
"(1, 1, 16)",minecraft:potted_bamboo,{},
"(10, 1, 16)",minecraft:deepslate_bricks,{},
"(13, 1, 16)",minecraft:deepslate_bricks,{},
"(5, 1, 18)",minecraft:spruce_trapdoor,"{'facing': 'north', 'half': 'bottom', 'open': 'true', 'powered': 'false', 'waterlogged': 'false'}",
"(2, 1, 19)",minecraft:stonecutter,{'facing': 'north'},
"(4, 1, 19)",minecraft:oak_log,{'axis': 'x'},
"(5, 1, 19)",minecraft:oak_log,{'axis': 'x'},
"(6, 1, 19)",minecraft:oak_log,{'axis': 'x'},
"(7, 1, 19)",minecraft:oak_log,{'axis': 'x'},
"(5, 1, 20)",minecraft:spruce_trapdoor,"{'facing': 'south', 'half': 'bottom', 'open': 'true', 'powered': 'false', 'waterlogged': 'false'}",
"(2, 1, 21)",minecraft:spruce_fence,"{'east': 'false', 'north': 'false', 'south': 'false', 'waterlogged': 'false', 'west': 'false'}",
"(6, 1, 21)",minecraft:spruce_fence,"{'east': 'false', 'north': 'false', 'south': 'false', 'waterlogged': 'false', 'west': 'false'}",
"(10, 1, 21)",minecraft:dark_oak_fence,"{'east': 'false', 'north': 'false', 'south': 'false', 'waterlogged': 'false', 'west': 'false'}",
"(14, 1, 21)",minecraft:spruce_fence,"{'east': 'false', 'north': 'false', 'south': 'false', 'waterlogged': 'false', 'west': 'false'}",
"(7, 2, 1)",minecraft:oak_fence,"{'east': 'false', 'north': 'false', 'south': 'false', 'waterlogged': 'false', 'west': 'false'}",
"(9, 2, 1)",minecraft:oak_fence,"{'east': 'false', 'north': 'false', 'south': 'false', 'waterlogged': 'false', 'west': 'false'}",
"(8, 2, 2)",minecraft:hay_block,{'axis': 'y'},
"(13, 2, 2)",minecraft:oak_leaves,"{'distance': '7', 'persistent': 'true', 'waterlogged': 'false'}",
"(2, 2, 3)",minecraft:dark_oak_fence,"{'east': 'false', 'north': 'false', 'south': 'false', 'waterlogged': 'false', 'west': 'false'}",
"(6, 2, 3)",minecraft:oak_wood,{'axis': 'y'},
"(7, 2, 3)",minecraft:terracotta,{},
"(8, 2, 3)",minecraft:terracotta,{},
"(9, 2, 3)",minecraft:granite,{},
"(10, 2, 3)",minecraft:oak_wood,{'axis': 'y'},
"(11, 2, 3)",minecraft:tuff_bricks,{},
"(12, 2, 3)",minecraft:tuff_bricks,{},
"(13, 2, 3)",minecraft:tuff_bricks,{},
"(14, 2, 3)",minecraft:oak_wood,{'axis': 'y'},
"(16, 2, 3)",minecraft:lantern,"{'hanging': 'false', 'waterlogged': 'false'}",
"(17, 2, 3)",minecraft:dark_oak_fence,"{'east': 'false', 'north': 'false', 'south': 'false', 'waterlogged': 'false', 'west': 'false'}",
"(5, 2, 4)",minecraft:potted_bamboo,{},
"(6, 2, 4)",minecraft:terracotta,{},
"(7, 2, 4)",minecraft:potted_bamboo,{},
"(12, 2, 4)",minecraft:spruce_slab,"{'type': 'bottom', 'waterlogged': 'false'}",
"(13, 2, 4)",minecraft:spruce_slab,"{'type': 'top', 'waterlogged': 'false'}",
"(14, 2, 4)",minecraft:tuff_bricks,{},
"(6, 2, 5)",minecraft:spruce_door,"{'facing': 'east', 'half': 'upper', 'hinge': 'left', 'open': 'false', 'powered': 'false'}",
"(10, 2, 5)",minecraft:stone_bricks,{},
"(11, 2, 5)",minecraft:tuff_bricks,{},
"(12, 2, 5)",minecraft:stripped_spruce_wood,{'axis': 'y'},
"(14, 2, 5)",minecraft:tuff_bricks,{},
"(6, 2, 6)",minecraft:terracotta,{},
"(14, 2, 6)",minecraft:tuff_bricks,{},
"(2, 2, 7)",minecraft:oak_wood,{'axis': 'y'},
"(3, 2, 7)",minecraft:granite,{},
"(4, 2, 7)",minecraft:white_stained_glass_pane,"{'east': 'true', 'north': 'false', 'south': 'false', 'waterlogged': 'false', 'west': 'true'}",
"(5, 2, 7)",minecraft:terracotta,{},
"(6, 2, 7)",minecraft:oak_log,{'axis': 'y'},
"(7, 2, 7)",minecraft:potted_dark_oak_sapling,{},
"(10, 2, 7)",minecraft:oak_log,{'axis': 'y'},
"(11, 2, 7)",minecraft:tuff_bricks,{},
"(12, 2, 7)",minecraft:tuff_bricks,{},
"(13, 2, 7)",minecraft:tuff_bricks,{},
"(14, 2, 7)",minecraft:oak_wood,{'axis': 'y'},
"(17, 2, 7)",minecraft:spruce_fence,"{'east': 'false', 'north': 'false', 'south': 'false', 'waterlogged': 'false', 'west': 'false'}",
"(2, 2, 8)",minecraft:terracotta,{},
"(5, 2, 8)",minecraft:potted_cactus,{},
"(13, 2, 8)",minecraft:potted_bamboo,{},
"(14, 2, 8)",minecraft:terracotta,{},
"(2, 2, 9)",minecraft:white_stained_glass_pane,"{'east': 'false', 'north': 'true', 'south': 'true', 'waterlogged': 'false', 'west': 'false'}",
"(14, 2, 9)",minecraft:spruce_door,"{'facing': 'west', 'half': 'upper', 'hinge': 'left', 'open': 'false', 'powered': 'false'}",
"(2, 2, 10)",minecraft:granite,{},
"(11, 2, 10)",minecraft:pointed_dripstone,"{'thickness': 'frustum', 'vertical_direction': 'up', 'waterlogged': 'false'}",
"(14, 2, 10)",minecraft:granite,{},
"(2, 2, 11)",minecraft:oak_wood,{'axis': 'y'},
"(6, 2, 11)",minecraft:oak_log,{'axis': 'y'},
"(13, 2, 11)",minecraft:spruce_trapdoor,"{'facing': 'north', 'half': 'top', 'open': 'false', 'powered': 'false', 'waterlogged': 'false'}",
"(14, 2, 11)",minecraft:oak_wood,{'axis': 'y'},
"(17, 2, 11)",minecraft:dark_oak_fence,"{'east': 'false', 'north': 'false', 'south': 'false', 'waterlogged': 'false', 'west': 'false'}",
"(2, 2, 12)",minecraft:terracotta,{},
"(6, 2, 12)",minecraft:oak_trapdoor,"{'facing': 'west', 'half': 'bottom', 'open': 'true', 'powered': 'false', 'waterlogged': 'false'}",
"(8, 2, 12)",minecraft:spruce_trapdoor,"{'facing': 'north', 'half': 'bottom', 'open': 'false', 'powered': 'false', 'waterlogged': 'false'}",
"(13, 2, 12)",minecraft:spruce_trapdoor,"{'facing': 'south', 'half': 'top', 'open': 'false', 'powered': 'false', 'waterlogged': 'false'}",
"(14, 2, 12)",minecraft:terracotta,{},
"(2, 2, 13)",minecraft:white_stained_glass_pane,"{'east': 'false', 'north': 'true', 'south': 'true', 'waterlogged': 'false', 'west': 'false'}",
"(6, 2, 13)",minecraft:oak_trapdoor,"{'facing': 'west', 'half': 'bottom', 'open': 'true', 'powered': 'false', 'waterlogged': 'false'}",
"(8, 2, 13)",minecraft:spruce_trapdoor,"{'facing': 'north', 'half': 'bottom', 'open': 'false', 'powered': 'false', 'waterlogged': 'false'}",
"(14, 2, 13)",minecraft:white_stained_glass_pane,"{'east': 'false', 'north': 'true', 'south': 'true', 'waterlogged': 'false', 'west': 'false'}",
"(2, 2, 14)",minecraft:granite,{},
"(3, 2, 14)",minecraft:brewing_stand,"{'has_bottle_0': 'true', 'has_bottle_1': 'true', 'has_bottle_2': 'true'}","{components: {}, Fuel: 0b, Items: [{components: {""minecraft:potion_contents"": {potion: ""minecraft:water""}}, count: 1, Slot: 0b, id: ""minecraft:potion""}, {components: {""minecraft:potion_contents"": {potion: ""minecraft:water""}}, count: 1, Slot: 1b, id: ""minecraft:potion""}, {components: {""minecraft:potion_contents"": {potion: ""minecraft:water""}}, count: 1, Slot: 2b, id: ""minecraft:potion""}], id: ""minecraft:brewing_stand"", BrewTime: 0s}"
"(6, 2, 14)",minecraft:jungle_trapdoor,"{'facing': 'west', 'half': 'bottom', 'open': 'true', 'powered': 'false', 'waterlogged': 'false'}",
"(8, 2, 14)",minecraft:spruce_trapdoor,"{'facing': 'north', 'half': 'bottom', 'open': 'false', 'powered': 'false', 'waterlogged': 'false'}",
"(10, 2, 14)",minecraft:cobbled_deepslate_stairs,"{'facing': 'east', 'half': 'top', 'shape': 'straight', 'waterlogged': 'false'}",
"(11, 2, 14)",minecraft:cobbled_deepslate_slab,"{'type': 'top', 'waterlogged': 'false'}",
"(12, 2, 14)",minecraft:cobbled_deepslate_slab,"{'type': 'top', 'waterlogged': 'false'}",
"(13, 2, 14)",minecraft:cobbled_deepslate_stairs,"{'facing': 'west', 'half': 'top', 'shape': 'straight', 'waterlogged': 'false'}",
"(14, 2, 14)",minecraft:granite,{},
"(2, 2, 15)",minecraft:oak_wood,{'axis': 'y'},
"(3, 2, 15)",minecraft:terracotta,{},
"(4, 2, 15)",minecraft:white_stained_glass_pane,"{'east': 'true', 'north': 'false', 'south': 'false', 'waterlogged': 'false', 'west': 'true'}",
"(5, 2, 15)",minecraft:terracotta,{},
"(6, 2, 15)",minecraft:oak_wood,{'axis': 'y'},
"(7, 2, 15)",minecraft:terracotta,{},
"(8, 2, 15)",minecraft:white_stained_glass_pane,"{'east': 'true', 'north': 'false', 'south': 'false', 'waterlogged': 'false', 'west': 'true'}",
"(9, 2, 15)",minecraft:terracotta,{},
"(10, 2, 15)",minecraft:cobbled_deepslate,{},
"(11, 2, 15)",minecraft:furnace,"{'facing': 'north', 'lit': 'false'}","{lit_total_time: 0s, components: {}, cooking_time_spent: 0s, cooking_total_time: 0s, Items: [], id: ""minecraft:furnace"", lit_time_remaining: 0s, RecipesUsed: {}}"
"(12, 2, 15)",minecraft:furnace,"{'facing': 'north', 'lit': 'false'}","{lit_total_time: 0s, components: {}, cooking_time_spent: 0s, cooking_total_time: 0s, Items: [], id: ""minecraft:furnace"", lit_time_remaining: 0s, RecipesUsed: {}}"
"(13, 2, 15)",minecraft:cobbled_deepslate,{},
"(14, 2, 15)",minecraft:oak_wood,{'axis': 'y'},
"(17, 2, 15)",minecraft:dark_oak_fence,"{'east': 'false', 'north': 'false', 'south': 'false', 'waterlogged': 'false', 'west': 'false'}",
"(1, 2, 16)",minecraft:oak_leaves,"{'distance': '7', 'persistent': 'true', 'waterlogged': 'false'}",
"(10, 2, 16)",minecraft:cobbled_deepslate_stairs,"{'facing': 'north', 'half': 'bottom', 'shape': 'straight', 'waterlogged': 'false'}",
"(11, 2, 16)",minecraft:blast_furnace,"{'facing': 'south', 'lit': 'false'}","{lit_total_time: 0s, components: {}, cooking_time_spent: 0s, cooking_total_time: 0s, Items: [], id: ""minecraft:blast_furnace"", lit_time_remaining: 0s, RecipesUsed: {}}"
"(12, 2, 16)",minecraft:blast_furnace,"{'facing': 'south', 'lit': 'false'}","{lit_total_time: 0s, components: {}, cooking_time_spent: 0s, cooking_total_time: 0s, Items: [], id: ""minecraft:blast_furnace"", lit_time_remaining: 0s, RecipesUsed: {}}"
"(13, 2, 16)",minecraft:cobbled_deepslate_stairs,"{'facing': 'north', 'half': 'bottom', 'shape': 'straight', 'waterlogged': 'false'}",
"(5, 2, 19)",minecraft:spruce_trapdoor,"{'facing': 'north', 'half': 'bottom', 'open': 'false', 'powered': 'false', 'waterlogged': 'false'}",
"(2, 2, 21)",minecraft:oak_fence,"{'east': 'false', 'north': 'false', 'south': 'false', 'waterlogged': 'false', 'west': 'false'}",
"(6, 2, 21)",minecraft:oak_fence,"{'east': 'false', 'north': 'false', 'south': 'false', 'waterlogged': 'false', 'west': 'false'}",
"(10, 2, 21)",minecraft:spruce_fence,"{'east': 'false', 'north': 'false', 'south': 'false', 'waterlogged': 'false', 'west': 'false'}",
"(14, 2, 21)",minecraft:oak_fence,"{'east': 'false', 'north': 'false', 'south': 'false', 'waterlogged': 'false', 'west': 'false'}",
"(8, 3, 0)",minecraft:oak_wall_sign,"{'facing': 'north', 'waterlogged': 'false'}","{back_text: {has_glowing_text: 0b, color: ""black"", messages: ["""", """", """", """"]}, components: {}, is_waxed: 0b, id: ""minecraft:sign"", front_text: {has_glowing_text: 0b, color: ""black"", messages: [""  "", """", """", """"]}}"
"(7, 3, 1)",minecraft:spruce_slab,"{'type': 'bottom', 'waterlogged': 'false'}",
"(8, 3, 1)",minecraft:spruce_trapdoor,"{'facing': 'north', 'half': 'top', 'open': 'false', 'powered': 'false', 'waterlogged': 'false'}",
"(9, 3, 1)",minecraft:oak_slab,"{'type': 'bottom', 'waterlogged': 'false'}",
"(6, 3, 2)",minecraft:spruce_wall_sign,"{'facing': 'west', 'waterlogged': 'false'}","{back_text: {has_glowing_text: 0b, color: ""black"", messages: ["""", """", """", """"]}, components: {}, is_waxed: 0b, id: ""minecraft:sign"", front_text: {has_glowing_text: 0b, color: ""black"", messages: ["""", """", """", """"]}}"
"(7, 3, 2)",minecraft:oak_slab,"{'type': 'top', 'waterlogged': 'false'}",
"(8, 3, 2)",minecraft:spruce_slab,"{'type': 'top', 'waterlogged': 'false'}",
"(9, 3, 2)",minecraft:oak_trapdoor,"{'facing': 'north', 'half': 'top', 'open': 'false', 'powered': 'false', 'waterlogged': 'false'}",
"(10, 3, 2)",minecraft:spruce_wall_sign,"{'facing': 'east', 'waterlogged': 'false'}","{back_text: {has_glowing_text: 0b, color: ""black"", messages: ["""", """", """", """"]}, components: {}, is_waxed: 0b, id: ""minecraft:sign"", front_text: {has_glowing_text: 0b, color: ""black"", messages: ["""", """", """", """"]}}"
"(13, 3, 2)",minecraft:oak_leaves,"{'distance': '7', 'persistent': 'true', 'waterlogged': 'false'}",
"(2, 3, 3)",minecraft:spruce_fence,"{'east': 'false', 'north': 'false', 'south': 'false', 'waterlogged': 'false', 'west': 'false'}",
"(6, 3, 3)",minecraft:mangrove_wood,{'axis': 'y'},
"(7, 3, 3)",minecraft:brown_wool,{},
"(8, 3, 3)",minecraft:terracotta,{},
"(9, 3, 3)",minecraft:terracotta,{},
"(10, 3, 3)",minecraft:mangrove_wood,{'axis': 'y'},
"(11, 3, 3)",minecraft:tuff_bricks,{},
"(12, 3, 3)",minecraft:deepslate_bricks,{},
"(13, 3, 3)",minecraft:deepslate_bricks,{},
"(14, 3, 3)",minecraft:mangrove_wood,{'axis': 'y'},
"(17, 3, 3)",minecraft:spruce_fence,"{'east': 'false', 'north': 'false', 'south': 'false', 'waterlogged': 'false', 'west': 'false'}",
"(5, 3, 4)",minecraft:oak_leaves,"{'distance': '7', 'persistent': 'true', 'waterlogged': 'false'}",
"(6, 3, 4)",minecraft:brown_wool,{},
"(7, 3, 4)",minecraft:azalea_leaves,"{'distance': '7', 'persistent': 'true', 'waterlogged': 'false'}",
"(8, 3, 4)",minecraft:spruce_trapdoor,"{'facing': 'east', 'half': 'top', 'open': 'false', 'powered': 'false', 'waterlogged': 'false'}",
"(9, 3, 4)",minecraft:spruce_trapdoor,"{'facing': 'east', 'half': 'top', 'open': 'false', 'powered': 'false', 'waterlogged': 'false'}",
"(14, 3, 4)",minecraft:deepslate_bricks,{},
"(6, 3, 5)",minecraft:terracotta,{},
"(10, 3, 5)",minecraft:tuff_bricks,{},
"(11, 3, 5)",minecraft:tuff_bricks,{},
"(12, 3, 5)",minecraft:stripped_spruce_wood,{'axis': 'y'},
"(13, 3, 5)",minecraft:spruce_stairs,"{'facing': 'south', 'half': 'bottom', 'shape': 'straight', 'waterlogged': 'false'}",
"(14, 3, 5)",minecraft:deepslate_bricks,{},
"(2, 3, 6)",minecraft:lantern,"{'hanging': 'true', 'waterlogged': 'false'}",
"(4, 3, 6)",minecraft:oak_fence_gate,"{'facing': 'south', 'in_wall': 'false', 'open': 'true', 'powered': 'false'}",
"(6, 3, 6)",minecraft:terracotta,{},
"(13, 3, 6)",minecraft:lantern,"{'hanging': 'true', 'waterlogged': 'false'}",
"(14, 3, 6)",minecraft:tuff_bricks,{},
"(2, 3, 7)",minecraft:mangrove_wood,{'axis': 'y'},
"(3, 3, 7)",minecraft:terracotta,{},
"(4, 3, 7)",minecraft:white_stained_glass_pane,"{'east': 'true', 'north': 'false', 'south': 'false', 'waterlogged': 'false', 'west': 'true'}",
"(5, 3, 7)",minecraft:brown_wool,{},
"(6, 3, 7)",minecraft:mangrove_wood,{'axis': 'y'},
"(10, 3, 7)",minecraft:mangrove_wood,{'axis': 'y'},
"(11, 3, 7)",minecraft:tuff_bricks,{},
"(12, 3, 7)",minecraft:deepslate_bricks,{},
"(13, 3, 7)",minecraft:deepslate_bricks,{},
"(14, 3, 7)",minecraft:mangrove_wood,{'axis': 'y'},
"(17, 3, 7)",minecraft:oak_fence,"{'east': 'false', 'north': 'false', 'south': 'false', 'waterlogged': 'false', 'west': 'false'}",
"(2, 3, 8)",minecraft:brown_wool,{},
"(5, 3, 8)",minecraft:birch_leaves,"{'distance': '7', 'persistent': 'true', 'waterlogged': 'false'}",
"(11, 3, 8)",minecraft:spruce_trapdoor,"{'facing': 'west', 'half': 'top', 'open': 'false', 'powered': 'false', 'waterlogged': 'false'}",
"(12, 3, 8)",minecraft:spruce_trapdoor,"{'facing': 'west', 'half': 'top', 'open': 'false', 'powered': 'false', 'waterlogged': 'false'}",
"(13, 3, 8)",minecraft:oak_leaves,"{'distance': '7', 'persistent': 'true', 'waterlogged': 'false'}",
"(14, 3, 8)",minecraft:brown_wool,{},
"(1, 3, 9)",minecraft:oak_fence_gate,"{'facing': 'east', 'in_wall': 'false', 'open': 'true', 'powered': 'false'}",
"(2, 3, 9)",minecraft:white_stained_glass_pane,"{'east': 'false', 'north': 'true', 'south': 'true', 'waterlogged': 'false', 'west': 'false'}",
"(14, 3, 9)",minecraft:terracotta,{},
"(2, 3, 10)",minecraft:terracotta,{},
"(3, 3, 10)",minecraft:orange_wall_banner,{'facing': 'east'},"{components: {}, id: ""minecraft:banner""}"
"(11, 3, 10)",minecraft:pointed_dripstone,"{'thickness': 'tip', 'vertical_direction': 'up', 'waterlogged': 'false'}",
"(14, 3, 10)",minecraft:terracotta,{},
"(2, 3, 11)",minecraft:mangrove_wood,{'axis': 'y'},
"(5, 3, 11)",minecraft:cyan_wall_banner,{'facing': 'west'},"{components: {}, id: ""minecraft:banner""}"
"(6, 3, 11)",minecraft:mangrove_wood,{'axis': 'y'},
"(14, 3, 11)",minecraft:mangrove_wood,{'axis': 'y'},
"(17, 3, 11)",minecraft:spruce_fence,"{'east': 'false', 'north': 'false', 'south': 'false', 'waterlogged': 'false', 'west': 'false'}",
"(2, 3, 12)",minecraft:terracotta,{},
"(6, 3, 12)",minecraft:jungle_trapdoor,"{'facing': 'west', 'half': 'bottom', 'open': 'true', 'powered': 'false', 'waterlogged': 'false'}",
"(13, 3, 12)",minecraft:potted_cherry_sapling,{},
"(14, 3, 12)",minecraft:terracotta,{},
"(1, 3, 13)",minecraft:oak_fence_gate,"{'facing': 'east', 'in_wall': 'false', 'open': 'true', 'powered': 'false'}",
"(2, 3, 13)",minecraft:white_stained_glass_pane,"{'east': 'false', 'north': 'true', 'south': 'true', 'waterlogged': 'false', 'west': 'false'}",
"(6, 3, 13)",minecraft:jungle_trapdoor,"{'facing': 'west', 'half': 'bottom', 'open': 'true', 'powered': 'false', 'waterlogged': 'false'}",
"(14, 3, 13)",minecraft:white_stained_glass_pane,"{'east': 'false', 'north': 'true', 'south': 'true', 'waterlogged': 'false', 'west': 'false'}",
"(2, 3, 14)",minecraft:terracotta,{},
"(3, 3, 14)",minecraft:spruce_trapdoor,"{'facing': 'east', 'half': 'top', 'open': 'false', 'powered': 'false', 'waterlogged': 'false'}",
"(4, 3, 14)",minecraft:spruce_trapdoor,"{'facing': 'east', 'half': 'top', 'open': 'false', 'powered': 'false', 'waterlogged': 'false'}",
"(5, 3, 14)",minecraft:spruce_trapdoor,"{'facing': 'east', 'half': 'top', 'open': 'false', 'powered': 'false', 'waterlogged': 'false'}",
"(6, 3, 14)",minecraft:oak_trapdoor,"{'facing': 'west', 'half': 'bottom', 'open': 'true', 'powered': 'false', 'waterlogged': 'false'}",
"(7, 3, 14)",minecraft:spruce_trapdoor,"{'facing': 'east', 'half': 'top', 'open': 'false', 'powered': 'false', 'waterlogged': 'false'}",
"(8, 3, 14)",minecraft:spruce_trapdoor,"{'facing': 'east', 'half': 'top', 'open': 'false', 'powered': 'false', 'waterlogged': 'false'}",
"(9, 3, 14)",minecraft:spruce_trapdoor,"{'facing': 'east', 'half': 'top', 'open': 'false', 'powered': 'false', 'waterlogged': 'false'}",
"(10, 3, 14)",minecraft:potted_orange_tulip,{},
"(13, 3, 14)",minecraft:yellow_candle,"{'candles': '4', 'lit': 'true', 'waterlogged': 'false'}",
"(14, 3, 14)",minecraft:terracotta,{},
"(2, 3, 15)",minecraft:mangrove_wood,{'axis': 'y'},
"(3, 3, 15)",minecraft:brown_wool,{},
"(4, 3, 15)",minecraft:white_stained_glass_pane,"{'east': 'true', 'north': 'false', 'south': 'false', 'waterlogged': 'false', 'west': 'true'}",
"(5, 3, 15)",minecraft:terracotta,{},
"(6, 3, 15)",minecraft:mangrove_wood,{'axis': 'y'},
"(7, 3, 15)",minecraft:brown_wool,{},
"(8, 3, 15)",minecraft:white_stained_glass_pane,"{'east': 'true', 'north': 'false', 'south': 'false', 'waterlogged': 'false', 'west': 'true'}",
"(9, 3, 15)",minecraft:terracotta,{},
"(10, 3, 15)",minecraft:basalt,{'axis': 'z'},
"(11, 3, 15)",minecraft:cobbled_deepslate,{},
"(12, 3, 15)",minecraft:basalt,{'axis': 'z'},
"(13, 3, 15)",minecraft:cobbled_deepslate,{},
"(14, 3, 15)",minecraft:mangrove_wood,{'axis': 'y'},
"(17, 3, 15)",minecraft:spruce_fence,"{'east': 'false', 'north': 'false', 'south': 'false', 'waterlogged': 'false', 'west': 'false'}",
"(1, 3, 16)",minecraft:azalea_leaves,"{'distance': '7', 'persistent': 'true', 'waterlogged': 'false'}",
"(11, 3, 16)",minecraft:cobbled_deepslate,{},
"(12, 3, 16)",minecraft:cobbled_deepslate,{},
"(2, 3, 19)",minecraft:jungle_slab,"{'type': 'top', 'waterlogged': 'false'}",
"(6, 3, 19)",minecraft:jungle_slab,"{'type': 'top', 'waterlogged': 'false'}",
"(14, 3, 19)",minecraft:jungle_slab,"{'type': 'top', 'waterlogged': 'false'}",
"(2, 3, 20)",minecraft:jungle_slab,"{'type': 'top', 'waterlogged': 'false'}",
"(3, 3, 20)",minecraft:mud_brick_slab,"{'type': 'top', 'waterlogged': 'false'}",
"(4, 3, 20)",minecraft:mud_brick_slab,"{'type': 'top', 'waterlogged': 'false'}",
"(5, 3, 20)",minecraft:mud_brick_slab,"{'type': 'top', 'waterlogged': 'false'}",
"(6, 3, 20)",minecraft:mud_brick_slab,"{'type': 'top', 'waterlogged': 'false'}",
"(7, 3, 20)",minecraft:mud_brick_slab,"{'type': 'top', 'waterlogged': 'false'}",
"(8, 3, 20)",minecraft:jungle_slab,"{'type': 'top', 'waterlogged': 'false'}",
"(9, 3, 20)",minecraft:jungle_slab,"{'type': 'top', 'waterlogged': 'false'}",
"(10, 3, 20)",minecraft:mud_brick_slab,"{'type': 'top', 'waterlogged': 'false'}",
"(11, 3, 20)",minecraft:mud_brick_slab,"{'type': 'top', 'waterlogged': 'false'}",
"(12, 3, 20)",minecraft:mud_brick_slab,"{'type': 'top', 'waterlogged': 'false'}",
"(13, 3, 20)",minecraft:mud_brick_slab,"{'type': 'top', 'waterlogged': 'false'}",
"(14, 3, 20)",minecraft:mud_brick_slab,"{'type': 'top', 'waterlogged': 'false'}",
"(2, 3, 21)",minecraft:mud_brick_slab,"{'type': 'bottom', 'waterlogged': 'false'}",
"(3, 3, 21)",minecraft:mud_brick_slab,"{'type': 'top', 'waterlogged': 'false'}",
"(4, 3, 21)",minecraft:mud_brick_slab,"{'type': 'top', 'waterlogged': 'false'}",
"(5, 3, 21)",minecraft:mud_brick_slab,"{'type': 'top', 'waterlogged': 'false'}",
"(6, 3, 21)",minecraft:mud_brick_slab,"{'type': 'bottom', 'waterlogged': 'false'}",
"(7, 3, 21)",minecraft:mud_brick_slab,"{'type': 'top', 'waterlogged': 'false'}",
"(8, 3, 21)",minecraft:mud_brick_slab,"{'type': 'top', 'waterlogged': 'false'}",
"(9, 3, 21)",minecraft:mud_brick_slab,"{'type': 'top', 'waterlogged': 'false'}",
"(10, 3, 21)",minecraft:mud_brick_slab,"{'type': 'bottom', 'waterlogged': 'false'}",
"(11, 3, 21)",minecraft:mud_brick_slab,"{'type': 'top', 'waterlogged': 'false'}",
"(12, 3, 21)",minecraft:mud_brick_slab,"{'type': 'top', 'waterlogged': 'false'}",
"(13, 3, 21)",minecraft:mud_brick_slab,"{'type': 'top', 'waterlogged': 'false'}",
"(14, 3, 21)",minecraft:mud_brick_slab,"{'type': 'bottom', 'waterlogged': 'false'}",
"(3, 4, 1)",minecraft:flowering_azalea_leaves,"{'distance': '7', 'persistent': 'true', 'waterlogged': 'false'}",
"(6, 4, 2)",minecraft:spruce_fence,"{'east': 'false', 'north': 'false', 'south': 'true', 'waterlogged': 'false', 'west': 'false'}",
"(8, 4, 2)",minecraft:oak_trapdoor,"{'facing': 'north', 'half': 'bottom', 'open': 'false', 'powered': 'false', 'waterlogged': 'false'}",
"(10, 4, 2)",minecraft:spruce_fence,"{'east': 'false', 'north': 'false', 'south': 'true', 'waterlogged': 'false', 'west': 'false'}",
"(14, 4, 2)",minecraft:spruce_fence,"{'east': 'false', 'north': 'false', 'south': 'true', 'waterlogged': 'false', 'west': 'false'}",
"(15, 4, 2)",minecraft:bamboo_wall_sign,"{'facing': 'north', 'waterlogged': 'false'}","{back_text: {has_glowing_text: 0b, color: ""black"", messages: ["""", """", """", """"]}, components: {}, is_waxed: 0b, id: ""minecraft:sign"", front_text: {has_glowing_text: 0b, color: ""black"", messages: ["""", """", """", """"]}}"
"(16, 4, 2)",minecraft:bamboo_wall_sign,"{'facing': 'north', 'waterlogged': 'false'}","{back_text: {has_glowing_text: 0b, color: ""black"", messages: ["""", """", """", """"]}, components: {}, is_waxed: 0b, id: ""minecraft:sign"", front_text: {has_glowing_text: 0b, color: ""black"", messages: ["""", """", """", """"]}}"
"(2, 4, 3)",minecraft:oak_fence,"{'east': 'false', 'north': 'false', 'south': 'false', 'waterlogged': 'false', 'west': 'false'}",
"(5, 4, 3)",minecraft:spruce_fence,"{'east': 'true', 'north': 'false', 'south': 'false', 'waterlogged': 'false', 'west': 'false'}",
"(6, 4, 3)",minecraft:stripped_dark_oak_wood,{'axis': 'y'},
"(7, 4, 3)",minecraft:brown_wool,{},
"(8, 4, 3)",minecraft:brown_wool,{},
"(9, 4, 3)",minecraft:brown_wool,{},
"(10, 4, 3)",minecraft:stripped_dark_oak_wood,{'axis': 'y'},
"(11, 4, 3)",minecraft:deepslate_bricks,{},
"(12, 4, 3)",minecraft:deepslate_bricks,{},
"(13, 4, 3)",minecraft:deepslate_bricks,{},
"(14, 4, 3)",minecraft:stripped_dark_oak_wood,{'axis': 'y'},
"(15, 4, 3)",minecraft:spruce_fence,"{'east': 'false', 'north': 'false', 'south': 'false', 'waterlogged': 'false', 'west': 'true'}",
"(16, 4, 3)",minecraft:bamboo_slab,"{'type': 'top', 'waterlogged': 'false'}",
"(17, 4, 3)",minecraft:bamboo_slab,"{'type': 'bottom', 'waterlogged': 'false'}",
"(5, 4, 4)",minecraft:oak_leaves,"{'distance': '7', 'persistent': 'true', 'waterlogged': 'false'}",
"(6, 4, 4)",minecraft:brown_wool,{},
"(7, 4, 4)",minecraft:flowering_azalea_leaves,"{'distance': '7', 'persistent': 'true', 'waterlogged': 'false'}",
"(8, 4, 4)",minecraft:potted_warped_fungus,{},
"(9, 4, 4)",minecraft:light_gray_candle,"{'candles': '4', 'lit': 'true', 'waterlogged': 'false'}",
"(10, 4, 4)",minecraft:deepslate_bricks,{},
"(14, 4, 4)",minecraft:deepslate_bricks,{},
"(15, 4, 4)",minecraft:bamboo_mosaic_slab,"{'type': 'top', 'waterlogged': 'false'}",
"(16, 4, 4)",minecraft:birch_slab,"{'type': 'top', 'waterlogged': 'false'}",
"(17, 4, 4)",minecraft:bamboo_mosaic_slab,"{'type': 'bottom', 'waterlogged': 'false'}",
"(6, 4, 5)",minecraft:brown_wool,{},
"(10, 4, 5)",minecraft:deepslate_bricks,{},
"(11, 4, 5)",minecraft:deepslate_bricks,{},
"(12, 4, 5)",minecraft:oak_log,{'axis': 'y'},
"(14, 4, 5)",minecraft:deepslate_bricks,{},
"(15, 4, 5)",minecraft:bamboo_mosaic_slab,"{'type': 'top', 'waterlogged': 'false'}",
"(16, 4, 5)",minecraft:birch_slab,"{'type': 'top', 'waterlogged': 'false'}",
"(17, 4, 5)",minecraft:bamboo_mosaic_slab,"{'type': 'bottom', 'waterlogged': 'false'}",
"(2, 4, 6)",minecraft:dark_oak_fence,"{'east': 'false', 'north': 'false', 'south': 'true', 'waterlogged': 'false', 'west': 'false'}",
"(4, 4, 6)",minecraft:oxidized_copper_trapdoor,"{'facing': 'north', 'half': 'bottom', 'open': 'false', 'powered': 'false', 'waterlogged': 'false'}",
"(6, 4, 6)",minecraft:brown_wool,{},
"(10, 4, 6)",minecraft:deepslate_bricks,{},
"(12, 4, 6)",minecraft:spruce_slab,"{'type': 'top', 'waterlogged': 'false'}",
"(13, 4, 6)",minecraft:spruce_slab,"{'type': 'bottom', 'waterlogged': 'false'}",
"(14, 4, 6)",minecraft:deepslate_bricks,{},
"(15, 4, 6)",minecraft:birch_slab,"{'type': 'top', 'waterlogged': 'false'}",
"(16, 4, 6)",minecraft:bamboo_slab,"{'type': 'top', 'waterlogged': 'false'}",
"(17, 4, 6)",minecraft:bamboo_slab,"{'type': 'bottom', 'waterlogged': 'false'}",
"(1, 4, 7)",minecraft:dark_oak_fence,"{'east': 'true', 'north': 'false', 'south': 'false', 'waterlogged': 'false', 'west': 'false'}",
"(2, 4, 7)",minecraft:stripped_dark_oak_wood,{'axis': 'y'},
"(3, 4, 7)",minecraft:brown_wool,{},
"(4, 4, 7)",minecraft:brown_wool,{},
"(5, 4, 7)",minecraft:brown_wool,{},
"(6, 4, 7)",minecraft:stripped_dark_oak_wood,{'axis': 'y'},
"(7, 4, 7)",minecraft:dark_oak_fence,"{'east': 'false', 'north': 'false', 'south': 'false', 'waterlogged': 'false', 'west': 'true'}",
"(9, 4, 7)",minecraft:dark_oak_fence,"{'east': 'true', 'north': 'false', 'south': 'false', 'waterlogged': 'false', 'west': 'false'}",
"(10, 4, 7)",minecraft:stripped_dark_oak_wood,{'axis': 'y'},
"(11, 4, 7)",minecraft:deepslate_bricks,{},
"(12, 4, 7)",minecraft:deepslate_bricks,{},
"(13, 4, 7)",minecraft:deepslate_bricks,{},
"(14, 4, 7)",minecraft:stripped_dark_oak_wood,{'axis': 'y'},
"(15, 4, 7)",minecraft:dark_oak_fence,"{'east': 'false', 'north': 'false', 'south': 'false', 'waterlogged': 'false', 'west': 'true'}",
"(16, 4, 7)",minecraft:bamboo_mosaic_slab,"{'type': 'top', 'waterlogged': 'false'}",
"(17, 4, 7)",minecraft:birch_slab,"{'type': 'bottom', 'waterlogged': 'false'}",
"(2, 4, 8)",minecraft:brown_wool,{},
"(5, 4, 8)",minecraft:birch_leaves,"{'distance': '7', 'persistent': 'true', 'waterlogged': 'false'}",
"(6, 4, 8)",minecraft:dark_oak_fence,"{'east': 'false', 'north': 'true', 'south': 'false', 'waterlogged': 'false', 'west': 'false'}",
"(10, 4, 8)",minecraft:dark_oak_fence,"{'east': 'false', 'north': 'true', 'south': 'false', 'waterlogged': 'false', 'west': 'false'}",
"(11, 4, 8)",minecraft:candle,"{'candles': '4', 'lit': 'true', 'waterlogged': 'false'}",
"(13, 4, 8)",minecraft:oak_leaves,"{'distance': '7', 'persistent': 'true', 'waterlogged': 'false'}",
"(14, 4, 8)",minecraft:brown_wool,{},
"(15, 4, 8)",minecraft:bamboo_slab,"{'type': 'top', 'waterlogged': 'false'}",
"(16, 4, 8)",minecraft:bamboo_slab,"{'type': 'top', 'waterlogged': 'false'}",
"(17, 4, 8)",minecraft:birch_slab,"{'type': 'bottom', 'waterlogged': 'false'}",
"(1, 4, 9)",minecraft:oxidized_copper_trapdoor,"{'facing': 'west', 'half': 'bottom', 'open': 'false', 'powered': 'false', 'waterlogged': 'false'}",
"(2, 4, 9)",minecraft:brown_wool,{},
"(3, 4, 9)",minecraft:cobbled_deepslate_stairs,"{'facing': 'west', 'half': 'bottom', 'shape': 'straight', 'waterlogged': 'false'}",
"(6, 4, 9)",minecraft:lantern,"{'hanging': 'true', 'waterlogged': 'false'}",
"(14, 4, 9)",minecraft:brown_wool,{},
"(15, 4, 9)",minecraft:bamboo_slab,"{'type': 'top', 'waterlogged': 'false'}",
"(16, 4, 9)",minecraft:bamboo_slab,"{'type': 'top', 'waterlogged': 'false'}",
"(17, 4, 9)",minecraft:bamboo_slab,"{'type': 'bottom', 'waterlogged': 'false'}",
"(2, 4, 10)",minecraft:brown_wool,{},
"(6, 4, 10)",minecraft:dark_oak_fence,"{'east': 'false', 'north': 'false', 'south': 'true', 'waterlogged': 'false', 'west': 'false'}",
"(13, 4, 10)",minecraft:light_gray_wall_banner,{'facing': 'west'},"{components: {}, id: ""minecraft:banner""}"
"(14, 4, 10)",minecraft:brown_wool,{},
"(15, 4, 10)",minecraft:birch_slab,"{'type': 'top', 'waterlogged': 'false'}",
"(16, 4, 10)",minecraft:birch_slab,"{'type': 'top', 'waterlogged': 'false'}",
"(17, 4, 10)",minecraft:bamboo_slab,"{'type': 'bottom', 'waterlogged': 'false'}",
"(1, 4, 11)",minecraft:dark_oak_fence,"{'east': 'true', 'north': 'false', 'south': 'false', 'waterlogged': 'false', 'west': 'false'}",
"(2, 4, 11)",minecraft:stripped_dark_oak_wood,{'axis': 'y'},
"(3, 4, 11)",minecraft:dark_oak_fence,"{'east': 'false', 'north': 'false', 'south': 'false', 'waterlogged': 'false', 'west': 'true'}",
"(5, 4, 11)",minecraft:dark_oak_fence,"{'east': 'true', 'north': 'false', 'south': 'false', 'waterlogged': 'false', 'west': 'false'}",
"(6, 4, 11)",minecraft:stripped_dark_oak_wood,{'axis': 'y'},
"(7, 4, 11)",minecraft:dark_oak_fence,"{'east': 'false', 'north': 'false', 'south': 'false', 'waterlogged': 'false', 'west': 'true'}",
"(13, 4, 11)",minecraft:dark_oak_fence,"{'east': 'true', 'north': 'false', 'south': 'false', 'waterlogged': 'false', 'west': 'false'}",
"(14, 4, 11)",minecraft:stripped_dark_oak_wood,{'axis': 'y'},
"(15, 4, 11)",minecraft:dark_oak_fence,"{'east': 'false', 'north': 'false', 'south': 'false', 'waterlogged': 'false', 'west': 'true'}",
"(16, 4, 11)",minecraft:birch_slab,"{'type': 'top', 'waterlogged': 'false'}",
"(17, 4, 11)",minecraft:bamboo_mosaic_slab,"{'type': 'bottom', 'waterlogged': 'false'}",
"(2, 4, 12)",minecraft:brown_wool,{},
"(6, 4, 12)",minecraft:oak_trapdoor,"{'facing': 'west', 'half': 'top', 'open': 'true', 'powered': 'false', 'waterlogged': 'false'}",
"(14, 4, 12)",minecraft:brown_wool,{},
"(15, 4, 12)",minecraft:bamboo_mosaic_slab,"{'type': 'top', 'waterlogged': 'false'}",
"(16, 4, 12)",minecraft:bamboo_slab,"{'type': 'top', 'waterlogged': 'false'}",
"(17, 4, 12)",minecraft:bamboo_mosaic_slab,"{'type': 'bottom', 'waterlogged': 'false'}",
"(1, 4, 13)",minecraft:oxidized_copper_trapdoor,"{'facing': 'west', 'half': 'bottom', 'open': 'false', 'powered': 'false', 'waterlogged': 'false'}",
"(2, 4, 13)",minecraft:brown_wool,{},
"(6, 4, 13)",minecraft:jungle_trapdoor,"{'facing': 'west', 'half': 'top', 'open': 'true', 'powered': 'false', 'waterlogged': 'false'}",
"(14, 4, 13)",minecraft:brown_wool,{},
"(15, 4, 13)",minecraft:bamboo_mosaic_slab,"{'type': 'top', 'waterlogged': 'false'}",
"(16, 4, 13)",minecraft:bamboo_slab,"{'type': 'top', 'waterlogged': 'false'}",
"(17, 4, 13)",minecraft:bamboo_slab,"{'type': 'bottom', 'waterlogged': 'false'}",
"(2, 4, 14)",minecraft:brown_wool,{},
"(4, 4, 14)",minecraft:lime_candle,"{'candles': '4', 'lit': 'true', 'waterlogged': 'false'}",
"(5, 4, 14)",minecraft:potted_torchflower,{},
"(6, 4, 14)",minecraft:oak_trapdoor,"{'facing': 'west', 'half': 'top', 'open': 'true', 'powered': 'false', 'waterlogged': 'false'}",
"(7, 4, 14)",minecraft:gray_candle,"{'candles': '4', 'lit': 'true', 'waterlogged': 'false'}",
"(9, 4, 14)",minecraft:amethyst_cluster,"{'facing': 'up', 'waterlogged': 'false'}",
"(14, 4, 14)",minecraft:brown_wool,{},
"(15, 4, 14)",minecraft:birch_slab,"{'type': 'top', 'waterlogged': 'false'}",
"(16, 4, 14)",minecraft:bamboo_mosaic_slab,"{'type': 'top', 'waterlogged': 'false'}",
"(17, 4, 14)",minecraft:birch_slab,"{'type': 'bottom', 'waterlogged': 'false'}",
"(1, 4, 15)",minecraft:dark_oak_fence,"{'east': 'true', 'north': 'false', 'south': 'false', 'waterlogged': 'false', 'west': 'false'}",
"(2, 4, 15)",minecraft:stripped_dark_oak_wood,{'axis': 'y'},
"(3, 4, 15)",minecraft:brown_wool,{},
"(4, 4, 15)",minecraft:brown_wool,{},
"(5, 4, 15)",minecraft:brown_wool,{},
"(6, 4, 15)",minecraft:stripped_dark_oak_wood,{'axis': 'y'},
"(7, 4, 15)",minecraft:brown_wool,{},
"(8, 4, 15)",minecraft:brown_wool,{},
"(9, 4, 15)",minecraft:brown_wool,{},
"(10, 4, 15)",minecraft:cobbled_deepslate,{},
"(11, 4, 15)",minecraft:cobbled_deepslate,{},
"(12, 4, 15)",minecraft:cobbled_deepslate,{},
"(13, 4, 15)",minecraft:basalt,{'axis': 'z'},
"(14, 4, 15)",minecraft:stripped_dark_oak_wood,{'axis': 'y'},
"(15, 4, 15)",minecraft:dark_oak_fence,"{'east': 'false', 'north': 'false', 'south': 'false', 'waterlogged': 'false', 'west': 'true'}",
"(16, 4, 15)",minecraft:bamboo_mosaic_slab,"{'type': 'top', 'waterlogged': 'false'}",
"(17, 4, 15)",minecraft:birch_slab,"{'type': 'bottom', 'waterlogged': 'false'}",
"(2, 4, 16)",minecraft:dark_oak_fence,"{'east': 'false', 'north': 'true', 'south': 'false', 'waterlogged': 'false', 'west': 'false'}",
"(3, 4, 16)",minecraft:oak_slab,"{'type': 'top', 'waterlogged': 'false'}",
"(4, 4, 16)",minecraft:oak_slab,"{'type': 'top', 'waterlogged': 'false'}",
"(5, 4, 16)",minecraft:oak_slab,"{'type': 'top', 'waterlogged': 'false'}",
"(6, 4, 16)",minecraft:dark_oak_fence,"{'east': 'false', 'north': 'true', 'south': 'false', 'waterlogged': 'false', 'west': 'false'}",
"(7, 4, 16)",minecraft:oak_slab,"{'type': 'top', 'waterlogged': 'false'}",
"(8, 4, 16)",minecraft:oak_slab,"{'type': 'top', 'waterlogged': 'false'}",
"(9, 4, 16)",minecraft:oak_slab,"{'type': 'top', 'waterlogged': 'false'}",
"(10, 4, 16)",minecraft:dark_oak_fence,"{'east': 'true', 'north': 'true', 'south': 'false', 'waterlogged': 'false', 'west': 'false'}",
"(11, 4, 16)",minecraft:cobbled_deepslate,{},
"(12, 4, 16)",minecraft:basalt,{'axis': 'z'},
"(13, 4, 16)",minecraft:oak_slab,"{'type': 'top', 'waterlogged': 'false'}",
"(14, 4, 16)",minecraft:dark_oak_fence,"{'east': 'false', 'north': 'true', 'south': 'false', 'waterlogged': 'false', 'west': 'false'}",
"(15, 4, 16)",minecraft:bamboo_wall_sign,"{'facing': 'south', 'waterlogged': 'false'}","{back_text: {has_glowing_text: 0b, color: ""black"", messages: ["""", """", """", """"]}, components: {}, is_waxed: 0b, id: ""minecraft:sign"", front_text: {has_glowing_text: 0b, color: ""black"", messages: ["""", """", """", """"]}}"
"(16, 4, 16)",minecraft:bamboo_wall_sign,"{'facing': 'south', 'waterlogged': 'false'}","{back_text: {has_glowing_text: 0b, color: ""black"", messages: ["""", """", """", """"]}, components: {}, is_waxed: 0b, id: ""minecraft:sign"", front_text: {has_glowing_text: 0b, color: ""black"", messages: ["""", """", """", """"]}}"
"(2, 4, 17)",minecraft:oak_slab,"{'type': 'bottom', 'waterlogged': 'false'}",
"(3, 4, 17)",minecraft:oak_slab,"{'type': 'top', 'waterlogged': 'false'}",
"(4, 4, 17)",minecraft:jungle_slab,"{'type': 'top', 'waterlogged': 'false'}",
"(5, 4, 17)",minecraft:jungle_slab,"{'type': 'top', 'waterlogged': 'false'}",
"(6, 4, 17)",minecraft:oak_slab,"{'type': 'bottom', 'waterlogged': 'false'}",
"(7, 4, 17)",minecraft:oak_slab,"{'type': 'top', 'waterlogged': 'false'}",
"(8, 4, 17)",minecraft:jungle_slab,"{'type': 'top', 'waterlogged': 'false'}",
"(9, 4, 17)",minecraft:oak_slab,"{'type': 'top', 'waterlogged': 'false'}",
"(10, 4, 17)",minecraft:oak_slab,"{'type': 'bottom', 'waterlogged': 'false'}",
"(11, 4, 17)",minecraft:jungle_slab,"{'type': 'top', 'waterlogged': 'false'}",
"(12, 4, 17)",minecraft:jungle_slab,"{'type': 'top', 'waterlogged': 'false'}",
"(13, 4, 17)",minecraft:oak_slab,"{'type': 'top', 'waterlogged': 'false'}",
"(14, 4, 17)",minecraft:oak_slab,"{'type': 'bottom', 'waterlogged': 'false'}",
"(2, 4, 18)",minecraft:jungle_slab,"{'type': 'bottom', 'waterlogged': 'false'}",
"(3, 4, 18)",minecraft:jungle_slab,"{'type': 'bottom', 'waterlogged': 'false'}",
"(4, 4, 18)",minecraft:jungle_slab,"{'type': 'bottom', 'waterlogged': 'false'}",
"(5, 4, 18)",minecraft:jungle_slab,"{'type': 'bottom', 'waterlogged': 'false'}",
"(6, 4, 18)",minecraft:jungle_slab,"{'type': 'bottom', 'waterlogged': 'false'}",
"(7, 4, 18)",minecraft:jungle_slab,"{'type': 'bottom', 'waterlogged': 'false'}",
"(8, 4, 18)",minecraft:jungle_slab,"{'type': 'bottom', 'waterlogged': 'false'}",
"(9, 4, 18)",minecraft:jungle_slab,"{'type': 'bottom', 'waterlogged': 'false'}",
"(10, 4, 18)",minecraft:jungle_slab,"{'type': 'bottom', 'waterlogged': 'false'}",
"(11, 4, 18)",minecraft:jungle_slab,"{'type': 'bottom', 'waterlogged': 'false'}",
"(12, 4, 18)",minecraft:jungle_slab,"{'type': 'bottom', 'waterlogged': 'false'}",
"(13, 4, 18)",minecraft:jungle_slab,"{'type': 'bottom', 'waterlogged': 'false'}",
"(14, 4, 18)",minecraft:jungle_slab,"{'type': 'bottom', 'waterlogged': 'false'}",
"(3, 4, 19)",minecraft:jungle_slab,"{'type': 'bottom', 'waterlogged': 'false'}",
"(4, 4, 19)",minecraft:mud_brick_slab,"{'type': 'bottom', 'waterlogged': 'false'}",
"(5, 4, 19)",minecraft:jungle_slab,"{'type': 'bottom', 'waterlogged': 'false'}",
"(7, 4, 19)",minecraft:jungle_slab,"{'type': 'bottom', 'waterlogged': 'false'}",
"(8, 4, 19)",minecraft:jungle_slab,"{'type': 'bottom', 'waterlogged': 'false'}",
"(9, 4, 19)",minecraft:jungle_slab,"{'type': 'bottom', 'waterlogged': 'false'}",
"(10, 4, 19)",minecraft:jungle_slab,"{'type': 'bottom', 'waterlogged': 'false'}",
"(11, 4, 19)",minecraft:mud_brick_slab,"{'type': 'bottom', 'waterlogged': 'false'}",
"(12, 4, 19)",minecraft:mud_brick_slab,"{'type': 'bottom', 'waterlogged': 'false'}",
"(13, 4, 19)",minecraft:jungle_slab,"{'type': 'bottom', 'waterlogged': 'false'}",
"(3, 5, 1)",minecraft:flowering_azalea_leaves,"{'distance': '7', 'persistent': 'true', 'waterlogged': 'false'}",
"(2, 5, 2)",minecraft:mud_brick_slab,"{'type': 'bottom', 'waterlogged': 'false'}",
"(3, 5, 2)",minecraft:jungle_slab,"{'type': 'top', 'waterlogged': 'false'}",
"(6, 5, 2)",minecraft:oak_log,{'axis': 'z'},
"(7, 5, 2)",minecraft:spruce_stairs,"{'facing': 'south', 'half': 'top', 'shape': 'straight', 'waterlogged': 'false'}",
"(8, 5, 2)",minecraft:dark_oak_slab,"{'type': 'top', 'waterlogged': 'false'}",
"(9, 5, 2)",minecraft:spruce_stairs,"{'facing': 'south', 'half': 'top', 'shape': 'straight', 'waterlogged': 'false'}",
"(10, 5, 2)",minecraft:oak_log,{'axis': 'z'},
"(11, 5, 2)",minecraft:dark_oak_stairs,"{'facing': 'south', 'half': 'top', 'shape': 'straight', 'waterlogged': 'false'}",
"(12, 5, 2)",minecraft:dark_oak_slab,"{'type': 'top', 'waterlogged': 'false'}",
"(13, 5, 2)",minecraft:spruce_stairs,"{'facing': 'south', 'half': 'top', 'shape': 'straight', 'waterlogged': 'false'}",
"(14, 5, 2)",minecraft:oak_log,{'axis': 'z'},
"(1, 5, 3)",minecraft:mud_brick_slab,"{'type': 'bottom', 'waterlogged': 'false'}",
"(2, 5, 3)",minecraft:jungle_slab,"{'type': 'bottom', 'waterlogged': 'false'}",
"(3, 5, 3)",minecraft:jungle_slab,"{'type': 'top', 'waterlogged': 'false'}",
"(5, 5, 3)",minecraft:oak_log,{'axis': 'x'},
"(6, 5, 3)",minecraft:stripped_dark_oak_wood,{'axis': 'y'},
"(7, 5, 3)",minecraft:stripped_dark_oak_wood,{'axis': 'x'},
"(8, 5, 3)",minecraft:stripped_dark_oak_wood,{'axis': 'x'},
"(9, 5, 3)",minecraft:stripped_dark_oak_wood,{'axis': 'x'},
"(10, 5, 3)",minecraft:oak_log,{'axis': 'y'},
"(11, 5, 3)",minecraft:stripped_dark_oak_wood,{'axis': 'x'},
"(12, 5, 3)",minecraft:stripped_dark_oak_wood,{'axis': 'x'},
"(13, 5, 3)",minecraft:stripped_dark_oak_wood,{'axis': 'x'},
"(14, 5, 3)",minecraft:oak_log,{'axis': 'y'},
"(15, 5, 3)",minecraft:oak_log,{'axis': 'x'},
"(1, 5, 4)",minecraft:jungle_slab,"{'type': 'top', 'waterlogged': 'false'}",
"(2, 5, 4)",minecraft:mud_brick_slab,"{'type': 'top', 'waterlogged': 'false'}",
"(5, 5, 4)",minecraft:spruce_stairs,"{'facing': 'east', 'half': 'top', 'shape': 'straight', 'waterlogged': 'false'}",
"(6, 5, 4)",minecraft:stripped_dark_oak_wood,{'axis': 'z'},
"(7, 5, 4)",minecraft:spruce_slab,"{'type': 'top', 'waterlogged': 'false'}",
"(8, 5, 4)",minecraft:spruce_slab,"{'type': 'top', 'waterlogged': 'false'}",
"(9, 5, 4)",minecraft:spruce_stairs,"{'facing': 'north', 'half': 'top', 'shape': 'inner_right', 'waterlogged': 'false'}",
"(10, 5, 4)",minecraft:stripped_dark_oak_wood,{'axis': 'z'},
"(11, 5, 4)",minecraft:lantern,"{'hanging': 'true', 'waterlogged': 'false'}",
"(14, 5, 4)",minecraft:stripped_dark_oak_wood,{'axis': 'z'},
"(15, 5, 4)",minecraft:dark_oak_stairs,"{'facing': 'west', 'half': 'top', 'shape': 'straight', 'waterlogged': 'false'}",
"(1, 5, 5)",minecraft:mud_brick_slab,"{'type': 'top', 'waterlogged': 'false'}",
"(2, 5, 5)",minecraft:oak_slab,"{'type': 'top', 'waterlogged': 'false'}",
"(5, 5, 5)",minecraft:dark_oak_slab,"{'type': 'top', 'waterlogged': 'false'}",
"(6, 5, 5)",minecraft:stripped_dark_oak_wood,{'axis': 'z'},
"(7, 5, 5)",minecraft:spruce_slab,"{'type': 'top', 'waterlogged': 'false'}",
"(8, 5, 5)",minecraft:spruce_trapdoor,"{'facing': 'west', 'half': 'top', 'open': 'false', 'powered': 'false', 'waterlogged': 'false'}",
"(9, 5, 5)",minecraft:spruce_stairs,"{'facing': 'east', 'half': 'top', 'shape': 'straight', 'waterlogged': 'false'}",
"(10, 5, 5)",minecraft:stripped_dark_oak_wood,{'axis': 'z'},
"(11, 5, 5)",minecraft:stripped_dark_oak_wood,{'axis': 'x'},
"(12, 5, 5)",minecraft:oak_log,{'axis': 'y'},
"(14, 5, 5)",minecraft:stripped_dark_oak_wood,{'axis': 'z'},
"(15, 5, 5)",minecraft:dark_oak_slab,"{'type': 'top', 'waterlogged': 'false'}",
"(0, 5, 6)",minecraft:mud_brick_slab,"{'type': 'top', 'waterlogged': 'false'}",
"(2, 5, 6)",minecraft:oak_log,{'axis': 'z'},
"(3, 5, 6)",minecraft:dark_oak_stairs,"{'facing': 'south', 'half': 'top', 'shape': 'straight', 'waterlogged': 'false'}",
"(4, 5, 6)",minecraft:dark_oak_slab,"{'type': 'top', 'waterlogged': 'false'}",
"(5, 5, 6)",minecraft:spruce_stairs,"{'facing': 'east', 'half': 'top', 'shape': 'straight', 'waterlogged': 'false'}",
"(6, 5, 6)",minecraft:stripped_dark_oak_wood,{'axis': 'z'},
"(7, 5, 6)",minecraft:spruce_stairs,"{'facing': 'west', 'half': 'top', 'shape': 'straight', 'waterlogged': 'false'}",
"(8, 5, 6)",minecraft:spruce_slab,"{'type': 'top', 'waterlogged': 'false'}",
"(9, 5, 6)",minecraft:spruce_slab,"{'type': 'top', 'waterlogged': 'false'}",
"(10, 5, 6)",minecraft:stripped_dark_oak_wood,{'axis': 'z'},
"(11, 5, 6)",minecraft:spruce_slab,"{'type': 'bottom', 'waterlogged': 'false'}",
"(14, 5, 6)",minecraft:stripped_dark_oak_wood,{'axis': 'z'},
"(15, 5, 6)",minecraft:dark_oak_stairs,"{'facing': 'west', 'half': 'top', 'shape': 'straight', 'waterlogged': 'false'}",
"(0, 5, 7)",minecraft:mud_brick_slab,"{'type': 'top', 'waterlogged': 'false'}",
"(1, 5, 7)",minecraft:oak_log,{'axis': 'x'},
"(2, 5, 7)",minecraft:stripped_dark_oak_wood,{'axis': 'y'},
"(3, 5, 7)",minecraft:stripped_dark_oak_wood,{'axis': 'x'},
"(4, 5, 7)",minecraft:stripped_dark_oak_wood,{'axis': 'x'},
"(5, 5, 7)",minecraft:stripped_dark_oak_wood,{'axis': 'x'},
"(6, 5, 7)",minecraft:oak_log,{'axis': 'y'},
"(7, 5, 7)",minecraft:stripped_dark_oak_wood,{'axis': 'x'},
"(8, 5, 7)",minecraft:mangrove_wood,{'axis': 'x'},
"(9, 5, 7)",minecraft:stripped_dark_oak_wood,{'axis': 'x'},
"(10, 5, 7)",minecraft:oak_log,{'axis': 'y'},
"(11, 5, 7)",minecraft:stripped_dark_oak_wood,{'axis': 'x'},
"(12, 5, 7)",minecraft:stripped_dark_oak_wood,{'axis': 'x'},
"(13, 5, 7)",minecraft:stripped_dark_oak_wood,{'axis': 'x'},
"(14, 5, 7)",minecraft:oak_log,{'axis': 'y'},
"(15, 5, 7)",minecraft:oak_log,{'axis': 'x'},
"(0, 5, 8)",minecraft:mud_brick_slab,"{'type': 'top', 'waterlogged': 'false'}",
"(1, 5, 8)",minecraft:dark_oak_stairs,"{'facing': 'north', 'half': 'top', 'shape': 'straight', 'waterlogged': 'false'}",
"(2, 5, 8)",minecraft:stripped_dark_oak_wood,{'axis': 'z'},
"(3, 5, 8)",minecraft:spruce_slab,"{'type': 'top', 'waterlogged': 'false'}",
"(4, 5, 8)",minecraft:spruce_slab,"{'type': 'top', 'waterlogged': 'false'}",
"(5, 5, 8)",minecraft:spruce_stairs,"{'facing': 'north', 'half': 'top', 'shape': 'inner_right', 'waterlogged': 'false'}",
"(6, 5, 8)",minecraft:stripped_dark_oak_wood,{'axis': 'z'},
"(7, 5, 8)",minecraft:spruce_stairs,"{'facing': 'west', 'half': 'top', 'shape': 'straight', 'waterlogged': 'false'}",
"(8, 5, 8)",minecraft:spruce_slab,"{'type': 'top', 'waterlogged': 'false'}",
"(9, 5, 8)",minecraft:spruce_stairs,"{'facing': 'north', 'half': 'top', 'shape': 'straight', 'waterlogged': 'false'}",
"(10, 5, 8)",minecraft:stripped_dark_oak_wood,{'axis': 'z'},
"(11, 5, 8)",minecraft:spruce_slab,"{'type': 'top', 'waterlogged': 'false'}",
"(12, 5, 8)",minecraft:spruce_stairs,"{'facing': 'north', 'half': 'top', 'shape': 'straight', 'waterlogged': 'false'}",
"(13, 5, 8)",minecraft:spruce_slab,"{'type': 'top', 'waterlogged': 'false'}",
"(14, 5, 8)",minecraft:stripped_dark_oak_wood,{'axis': 'z'},
"(15, 5, 8)",minecraft:dark_oak_stairs,"{'facing': 'west', 'half': 'top', 'shape': 'straight', 'waterlogged': 'false'}",
"(16, 5, 8)",minecraft:flowering_azalea_leaves,"{'distance': '7', 'persistent': 'true', 'waterlogged': 'false'}",
"(0, 5, 9)",minecraft:mud_brick_slab,"{'type': 'top', 'waterlogged': 'false'}",
"(1, 5, 9)",minecraft:dark_oak_slab,"{'type': 'top', 'waterlogged': 'false'}",
"(2, 5, 9)",minecraft:stripped_dark_oak_wood,{'axis': 'z'},
"(3, 5, 9)",minecraft:cobbled_deepslate_wall,"{'east': 'none', 'north': 'none', 'south': 'none', 'up': 'true', 'waterlogged': 'false', 'west': 'tall'}",
"(4, 5, 9)",minecraft:spruce_trapdoor,"{'facing': 'east', 'half': 'top', 'open': 'false', 'powered': 'false', 'waterlogged': 'false'}",
"(5, 5, 9)",minecraft:spruce_stairs,"{'facing': 'east', 'half': 'top', 'shape': 'straight', 'waterlogged': 'false'}",
"(6, 5, 9)",minecraft:mangrove_wood,{'axis': 'z'},
"(7, 5, 9)",minecraft:spruce_slab,"{'type': 'top', 'waterlogged': 'false'}",
"(8, 5, 9)",minecraft:spruce_trapdoor,"{'facing': 'north', 'half': 'top', 'open': 'false', 'powered': 'false', 'waterlogged': 'false'}",
"(9, 5, 9)",minecraft:spruce_slab,"{'type': 'top', 'waterlogged': 'false'}",
"(10, 5, 9)",minecraft:mangrove_wood,{'axis': 'z'},
"(11, 5, 9)",minecraft:spruce_slab,"{'type': 'top', 'waterlogged': 'false'}",
"(12, 5, 9)",minecraft:spruce_trapdoor,"{'facing': 'west', 'half': 'top', 'open': 'false', 'powered': 'false', 'waterlogged': 'false'}",
"(13, 5, 9)",minecraft:spruce_stairs,"{'facing': 'east', 'half': 'top', 'shape': 'straight', 'waterlogged': 'false'}",
"(14, 5, 9)",minecraft:stripped_dark_oak_wood,{'axis': 'z'},
"(15, 5, 9)",minecraft:dark_oak_slab,"{'type': 'top', 'waterlogged': 'false'}",
"(16, 5, 9)",minecraft:flowering_azalea_leaves,"{'distance': '7', 'persistent': 'true', 'waterlogged': 'false'}",
"(0, 5, 10)",minecraft:mud_brick_slab,"{'type': 'top', 'waterlogged': 'false'}",
"(1, 5, 10)",minecraft:dark_oak_stairs,"{'facing': 'south', 'half': 'top', 'shape': 'straight', 'waterlogged': 'false'}",
"(2, 5, 10)",minecraft:stripped_dark_oak_wood,{'axis': 'z'},
"(3, 5, 10)",minecraft:spruce_stairs,"{'facing': 'west', 'half': 'top', 'shape': 'straight', 'waterlogged': 'false'}",
"(4, 5, 10)",minecraft:spruce_slab,"{'type': 'top', 'waterlogged': 'false'}",
"(5, 5, 10)",minecraft:spruce_slab,"{'type': 'top', 'waterlogged': 'false'}",
"(6, 5, 10)",minecraft:stripped_dark_oak_wood,{'axis': 'z'},
"(7, 5, 10)",minecraft:spruce_slab,"{'type': 'top', 'waterlogged': 'false'}",
"(8, 5, 10)",minecraft:spruce_stairs,"{'facing': 'south', 'half': 'top', 'shape': 'straight', 'waterlogged': 'false'}",
"(9, 5, 10)",minecraft:spruce_slab,"{'type': 'top', 'waterlogged': 'false'}",
"(10, 5, 10)",minecraft:stripped_dark_oak_wood,{'axis': 'z'},
"(11, 5, 10)",minecraft:spruce_stairs,"{'facing': 'west', 'half': 'top', 'shape': 'inner_left', 'waterlogged': 'false'}",
"(12, 5, 10)",minecraft:spruce_stairs,"{'facing': 'south', 'half': 'top', 'shape': 'straight', 'waterlogged': 'false'}",
"(13, 5, 10)",minecraft:spruce_slab,"{'type': 'top', 'waterlogged': 'false'}",
"(14, 5, 10)",minecraft:stripped_dark_oak_wood,{'axis': 'z'},
"(15, 5, 10)",minecraft:dark_oak_stairs,"{'facing': 'west', 'half': 'top', 'shape': 'straight', 'waterlogged': 'false'}",
"(0, 5, 11)",minecraft:mud_brick_slab,"{'type': 'top', 'waterlogged': 'false'}",
"(1, 5, 11)",minecraft:oak_log,{'axis': 'x'},
"(2, 5, 11)",minecraft:oak_log,{'axis': 'y'},
"(3, 5, 11)",minecraft:stripped_dark_oak_wood,{'axis': 'x'},
"(4, 5, 11)",minecraft:mangrove_wood,{'axis': 'x'},
"(5, 5, 11)",minecraft:stripped_dark_oak_wood,{'axis': 'x'},
"(6, 5, 11)",minecraft:oak_log,{'axis': 'y'},
"(7, 5, 11)",minecraft:stripped_dark_oak_wood,{'axis': 'x'},
"(8, 5, 11)",minecraft:mangrove_wood,{'axis': 'x'},
"(9, 5, 11)",minecraft:mangrove_wood,{'axis': 'x'},
"(10, 5, 11)",minecraft:stripped_dark_oak_wood,{'axis': 'x'},
"(11, 5, 11)",minecraft:mangrove_wood,{'axis': 'x'},
"(12, 5, 11)",minecraft:stripped_dark_oak_wood,{'axis': 'x'},
"(13, 5, 11)",minecraft:stripped_dark_oak_wood,{'axis': 'x'},
"(14, 5, 11)",minecraft:oak_log,{'axis': 'y'},
"(15, 5, 11)",minecraft:oak_log,{'axis': 'x'},
"(0, 5, 12)",minecraft:mud_brick_slab,"{'type': 'top', 'waterlogged': 'false'}",
"(1, 5, 12)",minecraft:dark_oak_stairs,"{'facing': 'north', 'half': 'top', 'shape': 'straight', 'waterlogged': 'false'}",
"(2, 5, 12)",minecraft:stripped_dark_oak_wood,{'axis': 'z'},
"(3, 5, 12)",minecraft:spruce_slab,"{'type': 'top', 'waterlogged': 'false'}",
"(4, 5, 12)",minecraft:spruce_slab,"{'type': 'top', 'waterlogged': 'false'}",
"(5, 5, 12)",minecraft:spruce_stairs,"{'facing': 'east', 'half': 'top', 'shape': 'straight', 'waterlogged': 'false'}",
"(6, 5, 12)",minecraft:stripped_dark_oak_wood,{'axis': 'z'},
"(7, 5, 12)",minecraft:spruce_stairs,"{'facing': 'west', 'half': 'top', 'shape': 'straight', 'waterlogged': 'false'}",
"(8, 5, 12)",minecraft:spruce_slab,"{'type': 'top', 'waterlogged': 'false'}",
"(9, 5, 12)",minecraft:spruce_stairs,"{'facing': 'north', 'half': 'top', 'shape': 'straight', 'waterlogged': 'false'}",
"(10, 5, 12)",minecraft:stripped_dark_oak_wood,{'axis': 'z'},
"(11, 5, 12)",minecraft:spruce_slab,"{'type': 'top', 'waterlogged': 'false'}",
"(12, 5, 12)",minecraft:spruce_slab,"{'type': 'top', 'waterlogged': 'false'}",
"(13, 5, 12)",minecraft:spruce_stairs,"{'facing': 'east', 'half': 'top', 'shape': 'straight', 'waterlogged': 'false'}",
"(14, 5, 12)",minecraft:stripped_dark_oak_wood,{'axis': 'z'},
"(15, 5, 12)",minecraft:dark_oak_stairs,"{'facing': 'west', 'half': 'top', 'shape': 'straight', 'waterlogged': 'false'}",
"(0, 5, 13)",minecraft:mud_brick_slab,"{'type': 'top', 'waterlogged': 'false'}",
"(1, 5, 13)",minecraft:dark_oak_slab,"{'type': 'top', 'waterlogged': 'false'}",
"(2, 5, 13)",minecraft:stripped_dark_oak_wood,{'axis': 'z'},
"(3, 5, 13)",minecraft:spruce_slab,"{'type': 'top', 'waterlogged': 'false'}",
"(4, 5, 13)",minecraft:spruce_trapdoor,"{'facing': 'north', 'half': 'top', 'open': 'false', 'powered': 'false', 'waterlogged': 'false'}",
"(5, 5, 13)",minecraft:spruce_stairs,"{'facing': 'east', 'half': 'top', 'shape': 'straight', 'waterlogged': 'false'}",
"(6, 5, 13)",minecraft:mangrove_wood,{'axis': 'z'},
"(7, 5, 13)",minecraft:spruce_slab,"{'type': 'top', 'waterlogged': 'false'}",
"(8, 5, 13)",minecraft:spruce_trapdoor,"{'facing': 'north', 'half': 'top', 'open': 'false', 'powered': 'false', 'waterlogged': 'false'}",
"(9, 5, 13)",minecraft:spruce_slab,"{'type': 'top', 'waterlogged': 'false'}",
"(10, 5, 13)",minecraft:mangrove_wood,{'axis': 'z'},
"(11, 5, 13)",minecraft:spruce_slab,"{'type': 'top', 'waterlogged': 'false'}",
"(12, 5, 13)",minecraft:spruce_trapdoor,"{'facing': 'north', 'half': 'top', 'open': 'false', 'powered': 'false', 'waterlogged': 'false'}",
"(13, 5, 13)",minecraft:spruce_slab,"{'type': 'top', 'waterlogged': 'false'}",
"(14, 5, 13)",minecraft:stripped_dark_oak_wood,{'axis': 'z'},
"(15, 5, 13)",minecraft:dark_oak_slab,"{'type': 'top', 'waterlogged': 'false'}",
"(0, 5, 14)",minecraft:mud_brick_slab,"{'type': 'top', 'waterlogged': 'false'}",
"(1, 5, 14)",minecraft:spruce_stairs,"{'facing': 'south', 'half': 'top', 'shape': 'straight', 'waterlogged': 'false'}",
"(2, 5, 14)",minecraft:stripped_dark_oak_wood,{'axis': 'z'},
"(3, 5, 14)",minecraft:spruce_stairs,"{'facing': 'south', 'half': 'top', 'shape': 'straight', 'waterlogged': 'false'}",
"(4, 5, 14)",minecraft:spruce_slab,"{'type': 'top', 'waterlogged': 'false'}",
"(5, 5, 14)",minecraft:spruce_slab,"{'type': 'top', 'waterlogged': 'false'}",
"(6, 5, 14)",minecraft:stripped_dark_oak_wood,{'axis': 'z'},
"(7, 5, 14)",minecraft:spruce_stairs,"{'facing': 'south', 'half': 'top', 'shape': 'straight', 'waterlogged': 'false'}",
"(8, 5, 14)",minecraft:spruce_stairs,"{'facing': 'south', 'half': 'top', 'shape': 'straight', 'waterlogged': 'false'}",
"(9, 5, 14)",minecraft:spruce_slab,"{'type': 'top', 'waterlogged': 'false'}",
"(10, 5, 14)",minecraft:mangrove_wood,{'axis': 'z'},
"(11, 5, 14)",minecraft:spruce_stairs,"{'facing': 'west', 'half': 'top', 'shape': 'inner_left', 'waterlogged': 'false'}",
"(12, 5, 14)",minecraft:spruce_stairs,"{'facing': 'south', 'half': 'top', 'shape': 'straight', 'waterlogged': 'false'}",
"(13, 5, 14)",minecraft:spruce_slab,"{'type': 'top', 'waterlogged': 'false'}",
"(14, 5, 14)",minecraft:stripped_dark_oak_wood,{'axis': 'z'},
"(15, 5, 14)",minecraft:dark_oak_stairs,"{'facing': 'west', 'half': 'top', 'shape': 'straight', 'waterlogged': 'false'}",
"(0, 5, 15)",minecraft:mud_brick_slab,"{'type': 'top', 'waterlogged': 'false'}",
"(1, 5, 15)",minecraft:oak_log,{'axis': 'x'},
"(2, 5, 15)",minecraft:oak_log,{'axis': 'y'},
"(3, 5, 15)",minecraft:stripped_dark_oak_wood,{'axis': 'x'},
"(4, 5, 15)",minecraft:stripped_dark_oak_wood,{'axis': 'x'},
"(5, 5, 15)",minecraft:stripped_dark_oak_wood,{'axis': 'x'},
"(6, 5, 15)",minecraft:oak_log,{'axis': 'y'},
"(7, 5, 15)",minecraft:stripped_dark_oak_wood,{'axis': 'x'},
"(8, 5, 15)",minecraft:stripped_dark_oak_wood,{'axis': 'x'},
"(9, 5, 15)",minecraft:stripped_dark_oak_wood,{'axis': 'x'},
"(10, 5, 15)",minecraft:cobblestone,{},
"(11, 5, 15)",minecraft:basalt,{'axis': 'z'},
"(12, 5, 15)",minecraft:tuff,{},
"(13, 5, 15)",minecraft:cobbled_deepslate,{},
"(14, 5, 15)",minecraft:oak_log,{'axis': 'y'},
"(15, 5, 15)",minecraft:oak_log,{'axis': 'x'},
"(0, 5, 16)",minecraft:mud_brick_slab,"{'type': 'top', 'waterlogged': 'false'}",
"(2, 5, 16)",minecraft:oak_log,{'axis': 'z'},
"(3, 5, 16)",minecraft:dark_oak_stairs,"{'facing': 'north', 'half': 'top', 'shape': 'straight', 'waterlogged': 'false'}",
"(4, 5, 16)",minecraft:dark_oak_slab,"{'type': 'top', 'waterlogged': 'false'}",
"(5, 5, 16)",minecraft:spruce_stairs,"{'facing': 'north', 'half': 'top', 'shape': 'straight', 'waterlogged': 'false'}",
"(6, 5, 16)",minecraft:oak_log,{'axis': 'z'},
"(7, 5, 16)",minecraft:dark_oak_stairs,"{'facing': 'north', 'half': 'top', 'shape': 'straight', 'waterlogged': 'false'}",
"(8, 5, 16)",minecraft:dark_oak_slab,"{'type': 'top', 'waterlogged': 'false'}",
"(9, 5, 16)",minecraft:spruce_stairs,"{'facing': 'north', 'half': 'top', 'shape': 'straight', 'waterlogged': 'false'}",
"(10, 5, 16)",minecraft:oak_log,{'axis': 'z'},
"(11, 5, 16)",minecraft:basalt,{'axis': 'z'},
"(12, 5, 16)",minecraft:tuff,{},
"(13, 5, 16)",minecraft:dark_oak_stairs,"{'facing': 'north', 'half': 'top', 'shape': 'straight', 'waterlogged': 'false'}",
"(14, 5, 16)",minecraft:oak_log,{'axis': 'z'},
"(3, 6, 2)",minecraft:azalea_leaves,"{'distance': '7', 'persistent': 'true', 'waterlogged': 'false'}",
"(4, 6, 2)",minecraft:jungle_slab,"{'type': 'bottom', 'waterlogged': 'false'}",
"(5, 6, 2)",minecraft:jungle_slab,"{'type': 'top', 'waterlogged': 'false'}",
"(6, 6, 2)",minecraft:spruce_stairs,"{'facing': 'south', 'half': 'bottom', 'shape': 'straight', 'waterlogged': 'false'}",
"(8, 6, 2)",minecraft:spruce_slab,"{'type': 'bottom', 'waterlogged': 'false'}",
"(10, 6, 2)",minecraft:spruce_stairs,"{'facing': 'south', 'half': 'bottom', 'shape': 'straight', 'waterlogged': 'false'}",
"(12, 6, 2)",minecraft:spruce_slab,"{'type': 'bottom', 'waterlogged': 'false'}",
"(14, 6, 2)",minecraft:spruce_stairs,"{'facing': 'south', 'half': 'bottom', 'shape': 'straight', 'waterlogged': 'false'}",
"(3, 6, 3)",minecraft:azalea_leaves,"{'distance': '7', 'persistent': 'true', 'waterlogged': 'false'}",
"(4, 6, 3)",minecraft:jungle_slab,"{'type': 'double', 'waterlogged': 'false'}",
"(5, 6, 3)",minecraft:dark_oak_stairs,"{'facing': 'east', 'half': 'bottom', 'shape': 'straight', 'waterlogged': 'false'}",
"(6, 6, 3)",minecraft:stripped_dark_oak_wood,{'axis': 'y'},
"(7, 6, 3)",minecraft:granite,{},
"(8, 6, 3)",minecraft:granite,{},
"(9, 6, 3)",minecraft:terracotta,{},
"(10, 6, 3)",minecraft:oak_log,{'axis': 'y'},
"(11, 6, 3)",minecraft:granite,{},
"(12, 6, 3)",minecraft:granite,{},
"(13, 6, 3)",minecraft:terracotta,{},
"(14, 6, 3)",minecraft:oak_log,{'axis': 'y'},
"(15, 6, 3)",minecraft:spruce_stairs,"{'facing': 'west', 'half': 'bottom', 'shape': 'straight', 'waterlogged': 'false'}",
"(3, 6, 4)",minecraft:mud_brick_slab,"{'type': 'bottom', 'waterlogged': 'false'}",
"(4, 6, 4)",minecraft:jungle_slab,"{'type': 'top', 'waterlogged': 'false'}",
"(5, 6, 4)",minecraft:oak_slab,"{'type': 'top', 'waterlogged': 'false'}",
"(6, 6, 4)",minecraft:brown_wool,{},
"(7, 6, 4)",minecraft:crafting_table,{},
"(11, 6, 4)",minecraft:spruce_slab,"{'type': 'bottom', 'waterlogged': 'false'}",
"(12, 6, 4)",minecraft:spruce_slab,"{'type': 'top', 'waterlogged': 'false'}",
"(14, 6, 4)",minecraft:brown_wool,{},
"(2, 6, 5)",minecraft:jungle_slab,"{'type': 'bottom', 'waterlogged': 'false'}",
"(3, 6, 5)",minecraft:mud_brick_slab,"{'type': 'double', 'waterlogged': 'false'}",
"(4, 6, 5)",minecraft:oak_slab,"{'type': 'top', 'waterlogged': 'false'}",
"(5, 6, 5)",minecraft:dark_oak_slab,"{'type': 'bottom', 'waterlogged': 'false'}",
"(6, 6, 5)",minecraft:brown_wool,{},
"(7, 6, 5)",minecraft:ender_chest,"{'facing': 'east', 'waterlogged': 'false'}","{components: {}, id: ""minecraft:ender_chest""}"
"(10, 6, 5)",minecraft:granite,{},
"(11, 6, 5)",minecraft:granite,{},
"(12, 6, 5)",minecraft:oak_log,{'axis': 'y'},
"(14, 6, 5)",minecraft:terracotta,{},
"(15, 6, 5)",minecraft:dark_oak_slab,"{'type': 'bottom', 'waterlogged': 'false'}",
"(1, 6, 6)",minecraft:mud_brick_slab,"{'type': 'bottom', 'waterlogged': 'false'}",
"(2, 6, 6)",minecraft:jungle_slab,"{'type': 'bottom', 'waterlogged': 'false'}",
"(3, 6, 6)",minecraft:stripped_jungle_wood,{'axis': 'y'},
"(4, 6, 6)",minecraft:dark_oak_slab,"{'type': 'bottom', 'waterlogged': 'false'}",
"(5, 6, 6)",minecraft:oak_slab,"{'type': 'top', 'waterlogged': 'false'}",
"(6, 6, 6)",minecraft:brown_wool,{},
"(7, 6, 6)",minecraft:loom,{'facing': 'east'},
"(14, 6, 6)",minecraft:terracotta,{},
"(15, 6, 6)",minecraft:oak_leaves,"{'distance': '1', 'persistent': 'true', 'waterlogged': 'false'}",
"(1, 6, 7)",minecraft:jungle_slab,"{'type': 'bottom', 'waterlogged': 'false'}",
"(2, 6, 7)",minecraft:mud_brick_slab,"{'type': 'bottom', 'waterlogged': 'false'}",
"(3, 6, 7)",minecraft:jungle_slab,"{'type': 'double', 'waterlogged': 'false'}",
"(4, 6, 7)",minecraft:brown_wool,{},
"(5, 6, 7)",minecraft:brown_wool,{},
"(6, 6, 7)",minecraft:mangrove_wood,{'axis': 'y'},
"(7, 6, 7)",minecraft:spruce_trapdoor,"{'facing': 'north', 'half': 'bottom', 'open': 'true', 'powered': 'false', 'waterlogged': 'false'}",
"(10, 6, 7)",minecraft:oak_log,{'axis': 'y'},
"(11, 6, 7)",minecraft:granite,{},
"(12, 6, 7)",minecraft:granite,{},
"(13, 6, 7)",minecraft:terracotta,{},
"(14, 6, 7)",minecraft:oak_log,{'axis': 'y'},
"(15, 6, 7)",minecraft:dark_oak_stairs,"{'facing': 'west', 'half': 'bottom', 'shape': 'straight', 'waterlogged': 'false'}",
"(1, 6, 8)",minecraft:mud_brick_slab,"{'type': 'bottom', 'waterlogged': 'false'}",
"(2, 6, 8)",minecraft:jungle_slab,"{'type': 'bottom', 'waterlogged': 'false'}",
"(3, 6, 8)",minecraft:mud_brick_slab,"{'type': 'top', 'waterlogged': 'false'}",
"(4, 6, 8)",minecraft:oak_slab,"{'type': 'top', 'waterlogged': 'false'}",
"(5, 6, 8)",minecraft:oak_slab,"{'type': 'top', 'waterlogged': 'false'}",
"(6, 6, 8)",minecraft:chest,"{'facing': 'south', 'type': 'right', 'waterlogged': 'false'}","{components: {}, Items: [], id: ""minecraft:chest""}"
"(7, 6, 8)",minecraft:chest,"{'facing': 'south', 'type': 'left', 'waterlogged': 'false'}","{components: {}, Items: [], id: ""minecraft:chest""}"
"(10, 6, 8)",minecraft:fletching_table,{},
"(11, 6, 8)",minecraft:anvil,{'facing': 'east'},
"(12, 6, 8)",minecraft:decorated_pot,"{'cracked': 'false', 'facing': 'north', 'waterlogged': 'false'}","{components: {}, id: ""minecraft:decorated_pot""}"
"(13, 6, 8)",minecraft:barrel,"{'facing': 'west', 'open': 'false'}","{components: {}, Items: [], id: ""minecraft:barrel""}"
"(14, 6, 8)",minecraft:brown_wool,{},
"(15, 6, 8)",minecraft:azalea_leaves,"{'distance': '7', 'persistent': 'true', 'waterlogged': 'false'}",
"(1, 6, 9)",minecraft:mud_brick_slab,"{'type': 'bottom', 'waterlogged': 'false'}",
"(2, 6, 9)",minecraft:mud_brick_slab,"{'type': 'bottom', 'waterlogged': 'false'}",
"(3, 6, 9)",minecraft:cobbled_deepslate,{},
"(4, 6, 9)",minecraft:oak_slab,"{'type': 'top', 'waterlogged': 'false'}",
"(5, 6, 9)",minecraft:oak_slab,"{'type': 'top', 'waterlogged': 'false'}",
"(6, 6, 9)",minecraft:chest,"{'facing': 'south', 'type': 'right', 'waterlogged': 'false'}","{components: {}, Items: [], id: ""minecraft:chest""}"
"(7, 6, 9)",minecraft:chest,"{'facing': 'south', 'type': 'left', 'waterlogged': 'false'}","{components: {}, Items: [], id: ""minecraft:chest""}"
"(13, 6, 9)",minecraft:barrel,"{'facing': 'west', 'open': 'false'}","{components: {}, Items: [], id: ""minecraft:barrel""}"
"(14, 6, 9)",minecraft:brown_wool,{},
"(15, 6, 9)",minecraft:spruce_slab,"{'type': 'bottom', 'waterlogged': 'false'}",
"(1, 6, 10)",minecraft:mud_brick_slab,"{'type': 'bottom', 'waterlogged': 'false'}",
"(2, 6, 10)",minecraft:jungle_slab,"{'type': 'bottom', 'waterlogged': 'false'}",
"(3, 6, 10)",minecraft:stripped_jungle_wood,{'axis': 'y'},
"(4, 6, 10)",minecraft:jungle_planks,{},
"(5, 6, 10)",minecraft:stripped_jungle_wood,{'axis': 'y'},
"(6, 6, 10)",minecraft:granite,{},
"(7, 6, 10)",minecraft:oak_stairs,"{'facing': 'west', 'half': 'top', 'shape': 'straight', 'waterlogged': 'false'}",
"(13, 6, 10)",minecraft:barrel,"{'facing': 'west', 'open': 'false'}","{components: {}, Items: [], id: ""minecraft:barrel""}"
"(14, 6, 10)",minecraft:terracotta,{},
"(16, 6, 10)",minecraft:azalea_leaves,"{'distance': '7', 'persistent': 'true', 'waterlogged': 'false'}",
"(1, 6, 11)",minecraft:jungle_slab,"{'type': 'bottom', 'waterlogged': 'false'}",
"(2, 6, 11)",minecraft:jungle_slab,"{'type': 'bottom', 'waterlogged': 'false'}",
"(3, 6, 11)",minecraft:stripped_jungle_wood,{'axis': 'y'},
"(4, 6, 11)",minecraft:jungle_planks,{},
"(5, 6, 11)",minecraft:jungle_planks,{},
"(6, 6, 11)",minecraft:stripped_oak_wood,{'axis': 'x'},
"(7, 6, 11)",minecraft:jungle_stairs,"{'facing': 'west', 'half': 'top', 'shape': 'straight', 'waterlogged': 'false'}",
"(8, 6, 11)",minecraft:blue_wall_banner,{'facing': 'east'},"{components: {}, id: ""minecraft:banner""}"
"(13, 6, 11)",minecraft:barrel,"{'facing': 'west', 'open': 'false'}","{components: {}, Items: [], id: ""minecraft:barrel""}"
"(14, 6, 11)",minecraft:mangrove_wood,{'axis': 'y'},
"(15, 6, 11)",minecraft:dark_oak_stairs,"{'facing': 'west', 'half': 'bottom', 'shape': 'straight', 'waterlogged': 'false'}",
"(1, 6, 12)",minecraft:jungle_slab,"{'type': 'bottom', 'waterlogged': 'false'}",
"(2, 6, 12)",minecraft:jungle_slab,"{'type': 'bottom', 'waterlogged': 'false'}",
"(3, 6, 12)",minecraft:mud_brick_slab,"{'type': 'top', 'waterlogged': 'false'}",
"(4, 6, 12)",minecraft:stripped_jungle_wood,{'axis': 'y'},
"(5, 6, 12)",minecraft:jungle_planks,{},
"(6, 6, 12)",minecraft:oak_planks,{},
"(7, 6, 12)",minecraft:oak_stairs,"{'facing': 'west', 'half': 'top', 'shape': 'straight', 'waterlogged': 'false'}",
"(13, 6, 12)",minecraft:barrel,"{'facing': 'west', 'open': 'false'}","{components: {}, Items: [], id: ""minecraft:barrel""}"
"(14, 6, 12)",minecraft:brown_wool,{},
"(1, 6, 13)",minecraft:mud_brick_slab,"{'type': 'bottom', 'waterlogged': 'false'}",
"(2, 6, 13)",minecraft:jungle_slab,"{'type': 'bottom', 'waterlogged': 'false'}",
"(3, 6, 13)",minecraft:mud_brick_slab,"{'type': 'top', 'waterlogged': 'false'}",
"(4, 6, 13)",minecraft:oak_slab,"{'type': 'top', 'waterlogged': 'false'}",
"(5, 6, 13)",minecraft:oak_slab,"{'type': 'top', 'waterlogged': 'false'}",
"(6, 6, 13)",minecraft:chest,"{'facing': 'south', 'type': 'right', 'waterlogged': 'false'}","{components: {}, Items: [], id: ""minecraft:chest""}"
"(7, 6, 13)",minecraft:chest,"{'facing': 'south', 'type': 'left', 'waterlogged': 'false'}","{components: {}, Items: [], id: ""minecraft:chest""}"
"(10, 6, 13)",minecraft:orange_bed,"{'facing': 'south', 'occupied': 'false', 'part': 'foot'}","{components: {}, id: ""minecraft:bed""}"
"(13, 6, 13)",minecraft:barrel,"{'facing': 'west', 'open': 'false'}","{components: {}, Items: [], id: ""minecraft:barrel""}"
"(14, 6, 13)",minecraft:brown_wool,{},
"(15, 6, 13)",minecraft:dark_oak_slab,"{'type': 'bottom', 'waterlogged': 'false'}",
"(1, 6, 14)",minecraft:mud_brick_slab,"{'type': 'bottom', 'waterlogged': 'false'}",
"(2, 6, 14)",minecraft:mud_brick_slab,"{'type': 'bottom', 'waterlogged': 'false'}",
"(3, 6, 14)",minecraft:stripped_jungle_wood,{'axis': 'x'},
"(4, 6, 14)",minecraft:oak_slab,"{'type': 'top', 'waterlogged': 'false'}",
"(5, 6, 14)",minecraft:oak_slab,"{'type': 'top', 'waterlogged': 'false'}",
"(6, 6, 14)",minecraft:chest,"{'facing': 'south', 'type': 'right', 'waterlogged': 'false'}","{components: {}, Items: [], id: ""minecraft:chest""}"
"(7, 6, 14)",minecraft:chest,"{'facing': 'south', 'type': 'left', 'waterlogged': 'false'}","{components: {}, Items: [], id: ""minecraft:chest""}"
"(9, 6, 14)",minecraft:beehive,"{'facing': 'north', 'honey_level': '0'}","{components: {}, id: ""minecraft:beehive"", bees: []}"
"(10, 6, 14)",minecraft:orange_bed,"{'facing': 'south', 'occupied': 'false', 'part': 'head'}","{components: {}, id: ""minecraft:bed""}"
"(13, 6, 14)",minecraft:barrel,"{'facing': 'west', 'open': 'false'}","{components: {}, Items: [], id: ""minecraft:barrel""}"
"(14, 6, 14)",minecraft:terracotta,{},
"(1, 6, 15)",minecraft:mud_brick_slab,"{'type': 'bottom', 'waterlogged': 'false'}",
"(2, 6, 15)",minecraft:mud_brick_slab,"{'type': 'bottom', 'waterlogged': 'false'}",
"(3, 6, 15)",minecraft:jungle_slab,"{'type': 'double', 'waterlogged': 'false'}",
"(4, 6, 15)",minecraft:brown_wool,{},
"(5, 6, 15)",minecraft:brown_wool,{},
"(6, 6, 15)",minecraft:oak_log,{'axis': 'y'},
"(7, 6, 15)",minecraft:terracotta,{},
"(8, 6, 15)",minecraft:granite,{},
"(9, 6, 15)",minecraft:granite,{},
"(10, 6, 15)",minecraft:cobblestone,{},
"(11, 6, 15)",minecraft:cobblestone,{},
"(12, 6, 15)",minecraft:tuff,{},
"(13, 6, 15)",minecraft:tuff_stairs,"{'facing': 'north', 'half': 'bottom', 'shape': 'straight', 'waterlogged': 'false'}",
"(14, 6, 15)",minecraft:oak_log,{'axis': 'y'},
"(15, 6, 15)",minecraft:dark_oak_stairs,"{'facing': 'west', 'half': 'bottom', 'shape': 'straight', 'waterlogged': 'false'}",
"(1, 6, 16)",minecraft:mud_brick_slab,"{'type': 'bottom', 'waterlogged': 'false'}",
"(2, 6, 16)",minecraft:jungle_slab,"{'type': 'bottom', 'waterlogged': 'false'}",
"(3, 6, 16)",minecraft:mud_brick_slab,"{'type': 'top', 'waterlogged': 'false'}",
"(4, 6, 16)",minecraft:spruce_slab,"{'type': 'bottom', 'waterlogged': 'false'}",
"(6, 6, 16)",minecraft:dark_oak_stairs,"{'facing': 'north', 'half': 'bottom', 'shape': 'straight', 'waterlogged': 'false'}",
"(8, 6, 16)",minecraft:spruce_slab,"{'type': 'bottom', 'waterlogged': 'false'}",
"(10, 6, 16)",minecraft:dark_oak_stairs,"{'facing': 'north', 'half': 'bottom', 'shape': 'straight', 'waterlogged': 'false'}",
"(11, 6, 16)",minecraft:tuff_wall,"{'east': 'tall', 'north': 'tall', 'south': 'none', 'up': 'true', 'waterlogged': 'false', 'west': 'none'}",
"(12, 6, 16)",minecraft:basalt,{'axis': 'z'},
"(14, 6, 16)",minecraft:dark_oak_stairs,"{'facing': 'north', 'half': 'bottom', 'shape': 'straight', 'waterlogged': 'false'}",
"(5, 7, 2)",minecraft:stripped_jungle_wood,{'axis': 'x'},
"(6, 7, 2)",minecraft:spruce_fence,"{'east': 'false', 'north': 'false', 'south': 'true', 'waterlogged': 'false', 'west': 'true'}",
"(8, 7, 2)",minecraft:oak_fence_gate,"{'facing': 'south', 'in_wall': 'false', 'open': 'true', 'powered': 'false'}",
"(14, 7, 2)",minecraft:spruce_fence,"{'east': 'true', 'north': 'false', 'south': 'true', 'waterlogged': 'false', 'west': 'false'}",
"(15, 7, 2)",minecraft:jungle_planks,{},
"(5, 7, 3)",minecraft:oak_planks,{},
"(6, 7, 3)",minecraft:stripped_dark_oak_wood,{'axis': 'y'},
"(7, 7, 3)",minecraft:granite,{},
"(8, 7, 3)",minecraft:white_stained_glass_pane,"{'east': 'true', 'north': 'false', 'south': 'false', 'waterlogged': 'false', 'west': 'true'}",
"(9, 7, 3)",minecraft:terracotta,{},
"(10, 7, 3)",minecraft:mangrove_wood,{'axis': 'y'},
"(11, 7, 3)",minecraft:terracotta,{},
"(12, 7, 3)",minecraft:terracotta,{},
"(13, 7, 3)",minecraft:brown_wool,{},
"(14, 7, 3)",minecraft:stripped_dark_oak_wood,{'axis': 'y'},
"(15, 7, 3)",minecraft:jungle_planks,{},
"(4, 7, 4)",minecraft:oak_leaves,"{'distance': '7', 'persistent': 'true', 'waterlogged': 'false'}",
"(5, 7, 4)",minecraft:jungle_planks,{},
"(6, 7, 4)",minecraft:terracotta,{},
"(7, 7, 4)",minecraft:potted_oxeye_daisy,{},
"(13, 7, 4)",minecraft:spruce_slab,"{'type': 'bottom', 'waterlogged': 'false'}",
"(14, 7, 4)",minecraft:terracotta,{},
"(15, 7, 4)",minecraft:jungle_planks,{},
"(4, 7, 5)",minecraft:jungle_slab,"{'type': 'bottom', 'waterlogged': 'false'}",
"(5, 7, 5)",minecraft:jungle_planks,{},
"(6, 7, 5)",minecraft:terracotta,{},
"(10, 7, 5)",minecraft:terracotta,{},
"(11, 7, 5)",minecraft:terracotta,{},
"(12, 7, 5)",minecraft:mangrove_wood,{'axis': 'y'},
"(13, 7, 5)",minecraft:spruce_slab,"{'type': 'top', 'waterlogged': 'false'}",
"(14, 7, 5)",minecraft:terracotta,{},
"(15, 7, 5)",minecraft:stripped_jungle_wood,{'axis': 'y'},
"(4, 7, 6)",minecraft:jungle_slab,"{'type': 'bottom', 'waterlogged': 'false'}",
"(5, 7, 6)",minecraft:oak_planks,{},
"(6, 7, 6)",minecraft:terracotta,{},
"(13, 7, 6)",minecraft:lantern,"{'hanging': 'true', 'waterlogged': 'false'}",
"(14, 7, 6)",minecraft:terracotta,{},
"(15, 7, 6)",minecraft:stripped_jungle_wood,{'axis': 'y'},
"(4, 7, 7)",minecraft:jungle_slab,"{'type': 'bottom', 'waterlogged': 'false'}",
"(5, 7, 7)",minecraft:jungle_planks,{},
"(6, 7, 7)",minecraft:stripped_dark_oak_wood,{'axis': 'y'},
"(7, 7, 7)",minecraft:spruce_trapdoor,"{'facing': 'north', 'half': 'bottom', 'open': 'true', 'powered': 'false', 'waterlogged': 'false'}",
"(10, 7, 7)",minecraft:mangrove_wood,{'axis': 'y'},
"(11, 7, 7)",minecraft:terracotta,{},
"(12, 7, 7)",minecraft:terracotta,{},
"(13, 7, 7)",minecraft:terracotta,{},
"(14, 7, 7)",minecraft:oak_log,{'axis': 'y'},
"(15, 7, 7)",minecraft:jungle_planks,{},
"(4, 7, 8)",minecraft:jungle_slab,"{'type': 'bottom', 'waterlogged': 'false'}",
"(5, 7, 8)",minecraft:stripped_jungle_wood,{'axis': 'y'},
"(6, 7, 8)",minecraft:chest,"{'facing': 'south', 'type': 'right', 'waterlogged': 'false'}","{components: {}, Items: [], id: ""minecraft:chest""}"
"(7, 7, 8)",minecraft:chest,"{'facing': 'south', 'type': 'left', 'waterlogged': 'false'}","{components: {}, Items: [], id: ""minecraft:chest""}"
"(12, 7, 8)",minecraft:potted_azalea_bush,{},
"(14, 7, 8)",minecraft:barrel,"{'facing': 'west', 'open': 'false'}","{components: {}, Items: [], id: ""minecraft:barrel""}"
"(15, 7, 8)",minecraft:jungle_planks,{},
"(3, 7, 9)",minecraft:tuff_wall,"{'east': 'none', 'north': 'none', 'south': 'none', 'up': 'true', 'waterlogged': 'false', 'west': 'none'}",
"(4, 7, 9)",minecraft:jungle_stairs,"{'facing': 'east', 'half': 'bottom', 'shape': 'straight', 'waterlogged': 'false'}",
"(5, 7, 9)",minecraft:jungle_planks,{},
"(6, 7, 9)",minecraft:chest,"{'facing': 'south', 'type': 'right', 'waterlogged': 'false'}","{components: {}, Items: [], id: ""minecraft:chest""}"
"(7, 7, 9)",minecraft:chest,"{'facing': 'south', 'type': 'left', 'waterlogged': 'false'}","{components: {}, Items: [], id: ""minecraft:chest""}"
"(14, 7, 9)",minecraft:barrel,"{'facing': 'west', 'open': 'false'}","{components: {}, Items: [], id: ""minecraft:barrel""}"
"(15, 7, 9)",minecraft:jungle_planks,{},
"(5, 7, 10)",minecraft:potted_torchflower,{},
"(6, 7, 10)",minecraft:bamboo_trapdoor,"{'facing': 'east', 'half': 'top', 'open': 'true', 'powered': 'false', 'waterlogged': 'false'}",
"(13, 7, 10)",minecraft:potted_lily_of_the_valley,{},
"(14, 7, 10)",minecraft:barrel,"{'facing': 'west', 'open': 'false'}","{components: {}, Items: [], id: ""minecraft:barrel""}"
"(15, 7, 10)",minecraft:jungle_planks,{},
"(6, 7, 11)",minecraft:bamboo_trapdoor,"{'facing': 'east', 'half': 'top', 'open': 'true', 'powered': 'false', 'waterlogged': 'false'}",
"(7, 7, 11)",minecraft:blue_carpet,{},
"(14, 7, 11)",minecraft:barrel,"{'facing': 'west', 'open': 'false'}","{components: {}, Items: [], id: ""minecraft:barrel""}"
"(15, 7, 11)",minecraft:birch_planks,{},
"(16, 7, 11)",minecraft:azalea_leaves,"{'distance': '7', 'persistent': 'true', 'waterlogged': 'false'}",
"(5, 7, 12)",minecraft:azalea_leaves,"{'distance': '7', 'persistent': 'true', 'waterlogged': 'false'}",
"(6, 7, 12)",minecraft:bamboo_trapdoor,"{'facing': 'east', 'half': 'top', 'open': 'true', 'powered': 'false', 'waterlogged': 'false'}",
"(7, 7, 12)",minecraft:potted_cherry_sapling,{},
"(14, 7, 12)",minecraft:barrel,"{'facing': 'west', 'open': 'false'}","{components: {}, Items: [], id: ""minecraft:barrel""}"
"(15, 7, 12)",minecraft:stripped_jungle_wood,{'axis': 'x'},
"(4, 7, 13)",minecraft:jungle_stairs,"{'facing': 'east', 'half': 'bottom', 'shape': 'straight', 'waterlogged': 'false'}",
"(5, 7, 13)",minecraft:jungle_planks,{},
"(6, 7, 13)",minecraft:chest,"{'facing': 'south', 'type': 'right', 'waterlogged': 'false'}","{components: {}, Items: [], id: ""minecraft:chest""}"
"(7, 7, 13)",minecraft:chest,"{'facing': 'south', 'type': 'left', 'waterlogged': 'false'}","{components: {}, Items: [], id: ""minecraft:chest""}"
"(14, 7, 13)",minecraft:barrel,"{'facing': 'west', 'open': 'false'}","{components: {}, Items: [], id: ""minecraft:barrel""}"
"(15, 7, 13)",minecraft:stripped_jungle_wood,{'axis': 'x'},
"(4, 7, 14)",minecraft:azalea_leaves,"{'distance': '7', 'persistent': 'true', 'waterlogged': 'false'}",
"(5, 7, 14)",minecraft:jungle_planks,{},
"(6, 7, 14)",minecraft:chest,"{'facing': 'south', 'type': 'right', 'waterlogged': 'false'}","{components: {}, Items: [], id: ""minecraft:chest""}"
"(7, 7, 14)",minecraft:chest,"{'facing': 'south', 'type': 'left', 'waterlogged': 'false'}","{components: {}, Items: [], id: ""minecraft:chest""}"
"(9, 7, 14)",minecraft:waxed_lightning_rod,"{'facing': 'down', 'powered': 'false', 'waterlogged': 'false'}",
"(11, 7, 14)",minecraft:brown_wall_banner,{'facing': 'north'},"{components: {}, id: ""minecraft:banner""}"
"(13, 7, 14)",minecraft:potted_oak_sapling,{},
"(14, 7, 14)",minecraft:barrel,"{'facing': 'west', 'open': 'false'}","{components: {}, Items: [], id: ""minecraft:barrel""}"
"(15, 7, 14)",minecraft:jungle_planks,{},
"(3, 7, 15)",minecraft:flowering_azalea_leaves,"{'distance': '7', 'persistent': 'true', 'waterlogged': 'false'}",
"(4, 7, 15)",minecraft:jungle_slab,"{'type': 'bottom', 'waterlogged': 'false'}",
"(5, 7, 15)",minecraft:oak_planks,{},
"(6, 7, 15)",minecraft:stripped_dark_oak_wood,{'axis': 'y'},
"(7, 7, 15)",minecraft:brown_wool,{},
"(8, 7, 15)",minecraft:white_stained_glass_pane,"{'east': 'true', 'north': 'false', 'south': 'false', 'waterlogged': 'false', 'west': 'true'}",
"(9, 7, 15)",minecraft:terracotta,{},
"(10, 7, 15)",minecraft:tuff,{},
"(11, 7, 15)",minecraft:tuff,{},
"(12, 7, 15)",minecraft:tuff_stairs,"{'facing': 'south', 'half': 'bottom', 'shape': 'straight', 'waterlogged': 'false'}",
"(13, 7, 15)",minecraft:tuff,{},
"(14, 7, 15)",minecraft:stripped_dark_oak_wood,{'axis': 'y'},
"(15, 7, 15)",minecraft:jungle_planks,{},
"(4, 7, 16)",minecraft:jungle_slab,"{'type': 'bottom', 'waterlogged': 'false'}",
"(5, 7, 16)",minecraft:stripped_jungle_wood,{'axis': 'y'},
"(6, 7, 16)",minecraft:dark_oak_fence,"{'east': 'false', 'north': 'true', 'south': 'false', 'waterlogged': 'false', 'west': 'true'}",
"(8, 7, 16)",minecraft:oak_fence_gate,"{'facing': 'north', 'in_wall': 'false', 'open': 'true', 'powered': 'false'}",
"(11, 7, 16)",minecraft:tuff,{},
"(12, 7, 16)",minecraft:tuff_stairs,"{'facing': 'north', 'half': 'top', 'shape': 'straight', 'waterlogged': 'false'}",
"(14, 7, 16)",minecraft:dark_oak_fence,"{'east': 'true', 'north': 'true', 'south': 'false', 'waterlogged': 'false', 'west': 'false'}",
"(15, 7, 16)",minecraft:stripped_jungle_wood,{'axis': 'x'},
"(6, 8, 2)",minecraft:oak_planks,{},
"(8, 8, 2)",minecraft:oxidized_copper_trapdoor,"{'facing': 'north', 'half': 'bottom', 'open': 'false', 'powered': 'false', 'waterlogged': 'false'}",
"(10, 8, 2)",minecraft:spruce_fence,"{'east': 'false', 'north': 'false', 'south': 'true', 'waterlogged': 'false', 'west': 'false'}",
"(14, 8, 2)",minecraft:stripped_jungle_wood,{'axis': 'x'},
"(6, 8, 3)",minecraft:stripped_oak_wood,{'axis': 'y'},
"(7, 8, 3)",minecraft:stripped_dark_oak_wood,{'axis': 'z'},
"(8, 8, 3)",minecraft:brown_wool,{},
"(9, 8, 3)",minecraft:brown_wool,{},
"(10, 8, 3)",minecraft:stripped_dark_oak_wood,{'axis': 'y'},
"(11, 8, 3)",minecraft:brown_wool,{},
"(12, 8, 3)",minecraft:brown_wool,{},
"(13, 8, 3)",minecraft:stripped_dark_oak_wood,{'axis': 'z'},
"(14, 8, 3)",minecraft:stripped_dark_oak_wood,{'axis': 'y'},
"(6, 8, 4)",minecraft:oak_planks,{},
"(7, 8, 4)",minecraft:spruce_trapdoor,"{'facing': 'east', 'half': 'top', 'open': 'false', 'powered': 'false', 'waterlogged': 'false'}",
"(8, 8, 4)",minecraft:spruce_trapdoor,"{'facing': 'east', 'half': 'top', 'open': 'false', 'powered': 'false', 'waterlogged': 'false'}",
"(9, 8, 4)",minecraft:spruce_trapdoor,"{'facing': 'west', 'half': 'top', 'open': 'false', 'powered': 'false', 'waterlogged': 'false'}",
"(10, 8, 4)",minecraft:spruce_trapdoor,"{'facing': 'west', 'half': 'top', 'open': 'false', 'powered': 'false', 'waterlogged': 'false'}",
"(14, 8, 4)",minecraft:brown_wool,{},
"(5, 8, 5)",minecraft:azalea_leaves,"{'distance': '7', 'persistent': 'true', 'waterlogged': 'false'}",
"(6, 8, 5)",minecraft:oak_planks,{},
"(7, 8, 5)",minecraft:green_wall_banner,{'facing': 'east'},"{components: {}, id: ""minecraft:banner""}"
"(10, 8, 5)",minecraft:brown_wool,{},
"(11, 8, 5)",minecraft:brown_wool,{},
"(12, 8, 5)",minecraft:mangrove_wood,{'axis': 'y'},
"(14, 8, 5)",minecraft:brown_wool,{},
"(6, 8, 6)",minecraft:stripped_oak_wood,{'axis': 'y'},
"(7, 8, 6)",minecraft:cyan_wall_banner,{'facing': 'east'},"{components: {}, id: ""minecraft:banner""}"
"(12, 8, 6)",minecraft:spruce_slab,"{'type': 'top', 'waterlogged': 'false'}",
"(13, 8, 6)",minecraft:spruce_slab,"{'type': 'bottom', 'waterlogged': 'false'}",
"(14, 8, 6)",minecraft:terracotta,{},
"(6, 8, 7)",minecraft:oak_planks,{},
"(10, 8, 7)",minecraft:mangrove_wood,{'axis': 'y'},
"(11, 8, 7)",minecraft:brown_wool,{},
"(12, 8, 7)",minecraft:brown_wool,{},
"(13, 8, 7)",minecraft:brown_wool,{},
"(14, 8, 7)",minecraft:stripped_dark_oak_wood,{'axis': 'y'},
"(6, 8, 8)",minecraft:jungle_planks,{},
"(10, 8, 8)",minecraft:spruce_trapdoor,"{'facing': 'south', 'half': 'top', 'open': 'false', 'powered': 'false', 'waterlogged': 'false'}",
"(11, 8, 8)",minecraft:spruce_trapdoor,"{'facing': 'south', 'half': 'top', 'open': 'false', 'powered': 'false', 'waterlogged': 'false'}",
"(12, 8, 8)",minecraft:moss_block,{},
"(14, 8, 8)",minecraft:oak_planks,{},
"(5, 8, 9)",minecraft:jungle_planks,{},
"(6, 8, 9)",minecraft:oak_planks,{},
"(14, 8, 9)",minecraft:oak_planks,{},
"(6, 8, 10)",minecraft:bamboo_trapdoor,"{'facing': 'east', 'half': 'top', 'open': 'true', 'powered': 'false', 'waterlogged': 'false'}",
"(14, 8, 10)",minecraft:oak_planks,{},
"(6, 8, 11)",minecraft:bamboo_trapdoor,"{'facing': 'east', 'half': 'top', 'open': 'true', 'powered': 'false', 'waterlogged': 'false'}",
"(14, 8, 11)",minecraft:oak_planks,{},
"(15, 8, 11)",minecraft:azalea_leaves,"{'distance': '7', 'persistent': 'true', 'waterlogged': 'false'}",
"(6, 8, 12)",minecraft:bamboo_trapdoor,"{'facing': 'east', 'half': 'top', 'open': 'true', 'powered': 'false', 'waterlogged': 'false'}",
"(14, 8, 12)",minecraft:oak_planks,{},
"(4, 8, 13)",minecraft:azalea_leaves,"{'distance': '1', 'persistent': 'true', 'waterlogged': 'false'}",
"(5, 8, 13)",minecraft:stripped_oak_wood,{'axis': 'y'},
"(6, 8, 13)",minecraft:birch_planks,{},
"(14, 8, 13)",minecraft:jungle_planks,{},
"(6, 8, 14)",minecraft:oak_planks,{},
"(9, 8, 14)",minecraft:lantern,"{'hanging': 'false', 'waterlogged': 'false'}",
"(10, 8, 14)",minecraft:spruce_trapdoor,"{'facing': 'west', 'half': 'top', 'open': 'false', 'powered': 'false', 'waterlogged': 'false'}",
"(11, 8, 14)",minecraft:spruce_trapdoor,"{'facing': 'west', 'half': 'top', 'open': 'false', 'powered': 'false', 'waterlogged': 'false'}",
"(12, 8, 14)",minecraft:spruce_trapdoor,"{'facing': 'west', 'half': 'top', 'open': 'false', 'powered': 'false', 'waterlogged': 'false'}",
"(13, 8, 14)",minecraft:spruce_trapdoor,"{'facing': 'west', 'half': 'top', 'open': 'false', 'powered': 'false', 'waterlogged': 'false'}",
"(14, 8, 14)",minecraft:jungle_planks,{},
"(6, 8, 15)",minecraft:stripped_oak_wood,{'axis': 'y'},
"(7, 8, 15)",minecraft:stripped_dark_oak_wood,{'axis': 'z'},
"(8, 8, 15)",minecraft:brown_wool,{},
"(9, 8, 15)",minecraft:brown_wool,{},
"(10, 8, 15)",minecraft:tuff,{},
"(11, 8, 15)",minecraft:tuff,{},
"(12, 8, 15)",minecraft:tuff,{},
"(13, 8, 15)",minecraft:tuff,{},
"(14, 8, 15)",minecraft:oak_planks,{},
"(6, 8, 16)",minecraft:oak_planks,{},
"(8, 8, 16)",minecraft:oxidized_copper_trapdoor,"{'facing': 'south', 'half': 'bottom', 'open': 'false', 'powered': 'false', 'waterlogged': 'false'}",
"(10, 8, 16)",minecraft:dark_oak_fence,"{'east': 'false', 'north': 'true', 'south': 'false', 'waterlogged': 'false', 'west': 'false'}",
"(11, 8, 16)",minecraft:tuff_stairs,"{'facing': 'north', 'half': 'bottom', 'shape': 'straight', 'waterlogged': 'false'}",
"(12, 8, 16)",minecraft:tuff_wall,"{'east': 'none', 'north': 'tall', 'south': 'none', 'up': 'true', 'waterlogged': 'false', 'west': 'none'}",
"(14, 8, 16)",minecraft:oak_planks,{},
"(7, 9, 2)",minecraft:oak_planks,{},
"(8, 9, 2)",minecraft:dark_oak_slab,"{'type': 'top', 'waterlogged': 'false'}",
"(9, 9, 2)",minecraft:spruce_stairs,"{'facing': 'south', 'half': 'top', 'shape': 'straight', 'waterlogged': 'false'}",
"(10, 9, 2)",minecraft:oak_log,{'axis': 'z'},
"(11, 9, 2)",minecraft:dark_oak_stairs,"{'facing': 'south', 'half': 'top', 'shape': 'straight', 'waterlogged': 'false'}",
"(12, 9, 2)",minecraft:dark_oak_slab,"{'type': 'top', 'waterlogged': 'false'}",
"(13, 9, 2)",minecraft:oak_planks,{},
"(14, 9, 2)",minecraft:oak_log,{'axis': 'z'},
"(7, 9, 3)",minecraft:oak_planks,{},
"(8, 9, 3)",minecraft:stripped_dark_oak_wood,{'axis': 'x'},
"(9, 9, 3)",minecraft:stripped_dark_oak_wood,{'axis': 'x'},
"(10, 9, 3)",minecraft:oak_log,{'axis': 'y'},
"(11, 9, 3)",minecraft:stripped_dark_oak_wood,{'axis': 'x'},
"(12, 9, 3)",minecraft:stripped_dark_oak_wood,{'axis': 'x'},
"(13, 9, 3)",minecraft:stripped_dark_oak_wood,{'axis': 'x'},
"(14, 9, 3)",minecraft:oak_log,{'axis': 'y'},
"(15, 9, 3)",minecraft:oak_log,{'axis': 'x'},
"(7, 9, 4)",minecraft:stripped_oak_wood,{'axis': 'x'},
"(8, 9, 4)",minecraft:light_blue_candle,"{'candles': '4', 'lit': 'true', 'waterlogged': 'false'}",
"(9, 9, 4)",minecraft:potted_cornflower,{},
"(10, 9, 4)",minecraft:stripped_dark_oak_wood,{'axis': 'z'},
"(14, 9, 4)",minecraft:stripped_dark_oak_wood,{'axis': 'z'},
"(15, 9, 4)",minecraft:dark_oak_stairs,"{'facing': 'west', 'half': 'top', 'shape': 'straight', 'waterlogged': 'false'}",
"(6, 9, 5)",minecraft:oak_leaves,"{'distance': '7', 'persistent': 'true', 'waterlogged': 'false'}",
"(7, 9, 5)",minecraft:oak_planks,{},
"(10, 9, 5)",minecraft:stripped_dark_oak_wood,{'axis': 'z'},
"(11, 9, 5)",minecraft:stripped_dark_oak_wood,{'axis': 'x'},
"(12, 9, 5)",minecraft:mangrove_wood,{'axis': 'y'},
"(14, 9, 5)",minecraft:stripped_dark_oak_wood,{'axis': 'z'},
"(15, 9, 5)",minecraft:dark_oak_slab,"{'type': 'top', 'waterlogged': 'false'}",
"(7, 9, 6)",minecraft:oak_planks,{},
"(10, 9, 6)",minecraft:stripped_dark_oak_wood,{'axis': 'z'},
"(11, 9, 6)",minecraft:spruce_slab,"{'type': 'bottom', 'waterlogged': 'false'}",
"(14, 9, 6)",minecraft:stripped_dark_oak_wood,{'axis': 'z'},
"(15, 9, 6)",minecraft:spruce_stairs,"{'facing': 'west', 'half': 'top', 'shape': 'straight', 'waterlogged': 'false'}",
"(7, 9, 7)",minecraft:oak_planks,{},
"(8, 9, 7)",minecraft:azalea_leaves,"{'distance': '7', 'persistent': 'true', 'waterlogged': 'false'}",
"(10, 9, 7)",minecraft:stripped_dark_oak_wood,{'axis': 'y'},
"(11, 9, 7)",minecraft:stripped_dark_oak_wood,{'axis': 'x'},
"(12, 9, 7)",minecraft:mangrove_wood,{'axis': 'x'},
"(13, 9, 7)",minecraft:stripped_dark_oak_wood,{'axis': 'x'},
"(14, 9, 7)",minecraft:oak_log,{'axis': 'y'},
"(15, 9, 7)",minecraft:oak_log,{'axis': 'x'},
"(7, 9, 8)",minecraft:stripped_oak_wood,{'axis': 'x'},
"(10, 9, 8)",minecraft:orange_candle,"{'candles': '4', 'lit': 'true', 'waterlogged': 'false'}",
"(11, 9, 8)",minecraft:anvil,{'facing': 'east'},
"(13, 9, 8)",minecraft:oak_planks,{},
"(14, 9, 8)",minecraft:oak_log,{'axis': 'z'},
"(5, 9, 9)",minecraft:oak_stairs,"{'facing': 'south', 'half': 'bottom', 'shape': 'straight', 'waterlogged': 'false'}",
"(6, 9, 9)",minecraft:oak_stairs,"{'facing': 'south', 'half': 'bottom', 'shape': 'straight', 'waterlogged': 'false'}",
"(7, 9, 9)",minecraft:stripped_oak_wood,{'axis': 'x'},
"(12, 9, 9)",minecraft:azalea_leaves,"{'distance': '1', 'persistent': 'true', 'waterlogged': 'false'}",
"(13, 9, 9)",minecraft:oak_planks,{},
"(5, 9, 10)",minecraft:oak_stairs,"{'facing': 'north', 'half': 'top', 'shape': 'straight', 'waterlogged': 'false'}",
"(6, 9, 10)",minecraft:bamboo_trapdoor,"{'facing': 'east', 'half': 'top', 'open': 'true', 'powered': 'false', 'waterlogged': 'false'}",
"(13, 9, 10)",minecraft:oak_planks,{},
"(14, 9, 10)",minecraft:oak_leaves,"{'distance': '7', 'persistent': 'true', 'waterlogged': 'false'}",
"(6, 9, 11)",minecraft:bamboo_trapdoor,"{'facing': 'east', 'half': 'top', 'open': 'true', 'powered': 'false', 'waterlogged': 'false'}",
"(13, 9, 11)",minecraft:stripped_oak_wood,{'axis': 'y'},
"(5, 9, 12)",minecraft:oak_stairs,"{'facing': 'south', 'half': 'top', 'shape': 'straight', 'waterlogged': 'false'}",
"(6, 9, 12)",minecraft:bamboo_trapdoor,"{'facing': 'east', 'half': 'top', 'open': 'true', 'powered': 'false', 'waterlogged': 'false'}",
"(7, 9, 12)",minecraft:azalea_leaves,"{'distance': '7', 'persistent': 'true', 'waterlogged': 'false'}",
"(13, 9, 12)",minecraft:oak_planks,{},
"(5, 9, 13)",minecraft:oak_stairs,"{'facing': 'north', 'half': 'bottom', 'shape': 'straight', 'waterlogged': 'false'}",
"(6, 9, 13)",minecraft:oak_stairs,"{'facing': 'north', 'half': 'bottom', 'shape': 'straight', 'waterlogged': 'false'}",
"(7, 9, 13)",minecraft:oak_planks,{},
"(8, 9, 13)",minecraft:azalea_leaves,"{'distance': '1', 'persistent': 'true', 'waterlogged': 'false'}",
"(12, 9, 13)",minecraft:azalea_leaves,"{'distance': '1', 'persistent': 'true', 'waterlogged': 'false'}",
"(13, 9, 13)",minecraft:stripped_oak_wood,{'axis': 'y'},
"(7, 9, 14)",minecraft:stripped_oak_wood,{'axis': 'x'},
"(10, 9, 14)",minecraft:pointed_dripstone,"{'thickness': 'frustum', 'vertical_direction': 'up', 'waterlogged': 'false'}",
"(11, 9, 14)",minecraft:potted_blue_orchid,{},
"(13, 9, 14)",minecraft:oak_planks,{},
"(7, 9, 15)",minecraft:oak_planks,{},
"(8, 9, 15)",minecraft:stripped_dark_oak_wood,{'axis': 'x'},
"(9, 9, 15)",minecraft:oak_log,{'axis': 'x'},
"(10, 9, 15)",minecraft:tuff,{},
"(11, 9, 15)",minecraft:tuff,{},
"(12, 9, 15)",minecraft:tuff,{},
"(13, 9, 15)",minecraft:cobblestone,{},
"(7, 9, 16)",minecraft:oak_planks,{},
"(8, 9, 16)",minecraft:dark_oak_slab,"{'type': 'top', 'waterlogged': 'false'}",
"(9, 9, 16)",minecraft:spruce_stairs,"{'facing': 'north', 'half': 'top', 'shape': 'straight', 'waterlogged': 'false'}",
"(10, 9, 16)",minecraft:oak_log,{'axis': 'z'},
"(11, 9, 16)",minecraft:cobblestone,{},
"(12, 9, 16)",minecraft:tuff,{},
"(13, 9, 16)",minecraft:stripped_oak_wood,{'axis': 'x'},
"(8, 10, 2)",minecraft:oak_planks,{},
"(10, 10, 2)",minecraft:spruce_stairs,"{'facing': 'south', 'half': 'bottom', 'shape': 'straight', 'waterlogged': 'false'}",
"(12, 10, 2)",minecraft:oak_planks,{},
"(13, 10, 2)",minecraft:oak_leaves,"{'distance': '7', 'persistent': 'true', 'waterlogged': 'false'}",
"(14, 10, 2)",minecraft:spruce_stairs,"{'facing': 'south', 'half': 'bottom', 'shape': 'straight', 'waterlogged': 'false'}",
"(8, 10, 3)",minecraft:stripped_birch_wood,{'axis': 'y'},
"(9, 10, 3)",minecraft:stripped_dark_oak_wood,{'axis': 'z'},
"(10, 10, 3)",minecraft:oak_log,{'axis': 'y'},
"(11, 10, 3)",minecraft:stripped_dark_oak_wood,{'axis': 'z'},
"(12, 10, 3)",minecraft:terracotta,{},
"(13, 10, 3)",minecraft:terracotta,{},
"(14, 10, 3)",minecraft:oak_log,{'axis': 'y'},
"(15, 10, 3)",minecraft:spruce_stairs,"{'facing': 'west', 'half': 'bottom', 'shape': 'straight', 'waterlogged': 'false'}",
"(8, 10, 4)",minecraft:oak_planks,{},
"(10, 10, 4)",minecraft:terracotta,{},
"(11, 10, 4)",minecraft:spruce_slab,"{'type': 'bottom', 'waterlogged': 'false'}",
"(12, 10, 4)",minecraft:spruce_slab,"{'type': 'top', 'waterlogged': 'false'}",
"(13, 10, 4)",minecraft:lantern,"{'hanging': 'true', 'waterlogged': 'false'}",
"(14, 10, 4)",minecraft:terracotta,{},
"(8, 10, 5)",minecraft:stripped_oak_wood,{'axis': 'y'},
"(10, 10, 5)",minecraft:terracotta,{},
"(12, 10, 5)",minecraft:mangrove_wood,{'axis': 'y'},
"(14, 10, 5)",minecraft:granite,{},
"(15, 10, 5)",minecraft:spruce_slab,"{'type': 'bottom', 'waterlogged': 'false'}",
"(7, 10, 6)",minecraft:azalea_leaves,"{'distance': '7', 'persistent': 'true', 'waterlogged': 'false'}",
"(8, 10, 6)",minecraft:birch_planks,{},
"(10, 10, 6)",minecraft:terracotta,{},
"(14, 10, 6)",minecraft:granite,{},
"(8, 10, 7)",minecraft:birch_planks,{},
"(10, 10, 7)",minecraft:stripped_dark_oak_wood,{'axis': 'y'},
"(11, 10, 7)",minecraft:terracotta,{},
"(12, 10, 7)",minecraft:terracotta,{},
"(13, 10, 7)",minecraft:terracotta,{},
"(14, 10, 7)",minecraft:oak_log,{'axis': 'y'},
"(15, 10, 7)",minecraft:spruce_stairs,"{'facing': 'west', 'half': 'bottom', 'shape': 'straight', 'waterlogged': 'false'}",
"(8, 10, 8)",minecraft:oak_planks,{},
"(9, 10, 8)",minecraft:flowering_azalea_leaves,"{'distance': '7', 'persistent': 'true', 'waterlogged': 'false'}",
"(12, 10, 8)",minecraft:oak_planks,{},
"(13, 10, 8)",minecraft:oak_leaves,"{'distance': '2', 'persistent': 'true', 'waterlogged': 'false'}",
"(14, 10, 8)",minecraft:dark_oak_stairs,"{'facing': 'north', 'half': 'bottom', 'shape': 'straight', 'waterlogged': 'false'}",
"(7, 10, 9)",minecraft:oak_leaves,"{'distance': '1', 'persistent': 'true', 'waterlogged': 'false'}",
"(8, 10, 9)",minecraft:oak_planks,{},
"(10, 10, 9)",minecraft:oak_leaves,"{'distance': '2', 'persistent': 'true', 'waterlogged': 'false'}",
"(11, 10, 9)",minecraft:azalea_leaves,"{'distance': '1', 'persistent': 'true', 'waterlogged': 'false'}",
"(12, 10, 9)",minecraft:stripped_oak_wood,{'axis': 'y'},
"(13, 10, 9)",minecraft:azalea_leaves,"{'distance': '1', 'persistent': 'true', 'waterlogged': 'false'}",
"(5, 10, 10)",minecraft:oak_slab,"{'type': 'bottom', 'waterlogged': 'false'}",
"(6, 10, 10)",minecraft:oak_slab,"{'type': 'bottom', 'waterlogged': 'false'}",
"(7, 10, 10)",minecraft:oak_planks,{},
"(8, 10, 10)",minecraft:stripped_oak_wood,{'axis': 'y'},
"(9, 10, 10)",minecraft:oak_leaves,"{'distance': '1', 'persistent': 'true', 'waterlogged': 'false'}",
"(12, 10, 10)",minecraft:birch_planks,{},
"(5, 10, 11)",minecraft:oak_slab,"{'type': 'bottom', 'waterlogged': 'false'}",
"(6, 10, 11)",minecraft:oak_planks,{},
"(7, 10, 11)",minecraft:birch_planks,{},
"(8, 10, 11)",minecraft:birch_planks,{},
"(10, 10, 11)",minecraft:oak_leaves,"{'distance': '7', 'persistent': 'true', 'waterlogged': 'false'}",
"(12, 10, 11)",minecraft:stripped_birch_wood,{'axis': 'y'},
"(5, 10, 12)",minecraft:oak_slab,"{'type': 'bottom', 'waterlogged': 'false'}",
"(6, 10, 12)",minecraft:oak_slab,"{'type': 'bottom', 'waterlogged': 'false'}",
"(7, 10, 12)",minecraft:oak_planks,{},
"(8, 10, 12)",minecraft:stripped_oak_wood,{'axis': 'y'},
"(9, 10, 12)",minecraft:azalea_leaves,"{'distance': '1', 'persistent': 'true', 'waterlogged': 'false'}",
"(11, 10, 12)",minecraft:flowering_azalea_leaves,"{'distance': '1', 'persistent': 'true', 'waterlogged': 'false'}",
"(12, 10, 12)",minecraft:oak_planks,{},
"(8, 10, 13)",minecraft:stripped_oak_wood,{'axis': 'x'},
"(10, 10, 13)",minecraft:oak_leaves,"{'distance': '7', 'persistent': 'true', 'waterlogged': 'false'}",
"(12, 10, 13)",minecraft:oak_planks,{},
"(8, 10, 14)",minecraft:oak_planks,{},
"(9, 10, 14)",minecraft:azalea_leaves,"{'distance': '1', 'persistent': 'true', 'waterlogged': 'false'}",
"(10, 10, 14)",minecraft:pointed_dripstone,"{'thickness': 'tip', 'vertical_direction': 'up', 'waterlogged': 'false'}",
"(12, 10, 14)",minecraft:birch_planks,{},
"(8, 10, 15)",minecraft:birch_planks,{},
"(9, 10, 15)",minecraft:stripped_dark_oak_wood,{'axis': 'z'},
"(10, 10, 15)",minecraft:cobblestone,{},
"(11, 10, 15)",minecraft:tuff_stairs,"{'facing': 'west', 'half': 'top', 'shape': 'straight', 'waterlogged': 'false'}",
"(12, 10, 15)",minecraft:cobblestone,{},
"(13, 10, 15)",minecraft:tuff_stairs,"{'facing': 'west', 'half': 'bottom', 'shape': 'straight', 'waterlogged': 'false'}",
"(8, 10, 16)",minecraft:stripped_oak_wood,{'axis': 'x'},
"(10, 10, 16)",minecraft:dark_oak_stairs,"{'facing': 'north', 'half': 'bottom', 'shape': 'straight', 'waterlogged': 'false'}",
"(11, 10, 16)",minecraft:tuff,{},
"(12, 10, 16)",minecraft:mossy_cobblestone,{},
"(9, 11, 2)",minecraft:birch_planks,{},
"(10, 11, 2)",minecraft:spruce_fence,"{'east': 'true', 'north': 'false', 'south': 'true', 'waterlogged': 'false', 'west': 'true'}",
"(11, 11, 2)",minecraft:birch_planks,{},
"(9, 11, 3)",minecraft:birch_planks,{},
"(10, 11, 3)",minecraft:oak_log,{'axis': 'y'},
"(11, 11, 3)",minecraft:terracotta,{},
"(12, 11, 3)",minecraft:terracotta,{},
"(13, 11, 3)",minecraft:terracotta,{},
"(14, 11, 3)",minecraft:mangrove_wood,{'axis': 'y'},
"(9, 11, 4)",minecraft:stripped_birch_wood,{'axis': 'x'},
"(10, 11, 4)",minecraft:terracotta,{},
"(13, 11, 4)",minecraft:spruce_slab,"{'type': 'bottom', 'waterlogged': 'false'}",
"(14, 11, 4)",minecraft:brown_wool,{},
"(9, 11, 5)",minecraft:birch_planks,{},
"(10, 11, 5)",minecraft:terracotta,{},
"(12, 11, 5)",minecraft:stripped_dark_oak_wood,{'axis': 'y'},
"(13, 11, 5)",minecraft:spruce_slab,"{'type': 'top', 'waterlogged': 'false'}",
"(14, 11, 5)",minecraft:terracotta,{},
"(9, 11, 6)",minecraft:birch_planks,{},
"(10, 11, 6)",minecraft:terracotta,{},
"(14, 11, 6)",minecraft:granite,{},
"(8, 11, 7)",minecraft:oak_leaves,"{'distance': '7', 'persistent': 'true', 'waterlogged': 'false'}",
"(9, 11, 7)",minecraft:birch_planks,{},
"(10, 11, 7)",minecraft:stripped_dark_oak_wood,{'axis': 'y'},
"(11, 11, 7)",minecraft:terracotta,{},
"(12, 11, 7)",minecraft:terracotta,{},
"(13, 11, 7)",minecraft:brown_wool,{},
"(14, 11, 7)",minecraft:mangrove_wood,{'axis': 'y'},
"(8, 11, 8)",minecraft:oak_leaves,"{'distance': '7', 'persistent': 'true', 'waterlogged': 'false'}",
"(9, 11, 8)",minecraft:birch_planks,{},
"(11, 11, 8)",minecraft:birch_planks,{},
"(12, 11, 8)",minecraft:oak_leaves,"{'distance': '7', 'persistent': 'true', 'waterlogged': 'false'}",
"(9, 11, 9)",minecraft:birch_planks,{},
"(11, 11, 9)",minecraft:stripped_birch_wood,{'axis': 'x'},
"(9, 11, 10)",minecraft:stripped_birch_wood,{'axis': 'x'},
"(10, 11, 10)",minecraft:azalea_leaves,"{'distance': '1', 'persistent': 'true', 'waterlogged': 'false'}",
"(11, 11, 10)",minecraft:stripped_birch_wood,{'axis': 'y'},
"(9, 11, 11)",minecraft:stripped_birch_wood,{'axis': 'x'},
"(10, 11, 11)",minecraft:spore_blossom,{},
"(11, 11, 11)",minecraft:birch_planks,{},
"(9, 11, 12)",minecraft:birch_planks,{},
"(10, 11, 12)",minecraft:oak_leaves,"{'distance': '1', 'persistent': 'true', 'waterlogged': 'false'}",
"(11, 11, 12)",minecraft:stripped_oak_wood,{'axis': 'x'},
"(9, 11, 13)",minecraft:birch_planks,{},
"(11, 11, 13)",minecraft:birch_planks,{},
"(9, 11, 14)",minecraft:stripped_birch_wood,{'axis': 'x'},
"(11, 11, 14)",minecraft:stripped_birch_wood,{'axis': 'y'},
"(9, 11, 15)",minecraft:stripped_birch_wood,{'axis': 'x'},
"(10, 11, 15)",minecraft:cobblestone,{},
"(11, 11, 15)",minecraft:cobblestone,{},
"(12, 11, 15)",minecraft:cobblestone,{},
"(9, 11, 16)",minecraft:birch_planks,{},
"(10, 11, 16)",minecraft:dark_oak_fence,"{'east': 'false', 'north': 'true', 'south': 'false', 'waterlogged': 'false', 'west': 'true'}",
"(11, 11, 16)",minecraft:cobblestone_wall,"{'east': 'none', 'north': 'tall', 'south': 'none', 'up': 'true', 'waterlogged': 'false', 'west': 'none'}",
"(12, 11, 16)",minecraft:cobblestone_stairs,"{'facing': 'north', 'half': 'bottom', 'shape': 'straight', 'waterlogged': 'false'}",
"(10, 12, 2)",minecraft:stripped_birch_wood,{'axis': 'x'},
"(14, 12, 2)",minecraft:spruce_fence,"{'east': 'false', 'north': 'false', 'south': 'true', 'waterlogged': 'false', 'west': 'false'}",
"(9, 12, 3)",minecraft:dark_oak_fence,"{'east': 'true', 'north': 'false', 'south': 'false', 'waterlogged': 'false', 'west': 'false'}",
"(10, 12, 3)",minecraft:oak_log,{'axis': 'y'},
"(11, 12, 3)",minecraft:brown_wool,{},
"(12, 12, 3)",minecraft:brown_wool,{},
"(13, 12, 3)",minecraft:brown_wool,{},
"(14, 12, 3)",minecraft:stripped_dark_oak_wood,{'axis': 'y'},
"(15, 12, 3)",minecraft:spruce_fence,"{'east': 'false', 'north': 'false', 'south': 'false', 'waterlogged': 'false', 'west': 'true'}",
"(10, 12, 4)",minecraft:brown_wool,{},
"(14, 12, 4)",minecraft:brown_wool,{},
"(10, 12, 5)",minecraft:brown_wool,{},
"(12, 12, 5)",minecraft:stripped_dark_oak_wood,{'axis': 'y'},
"(14, 12, 5)",minecraft:brown_wool,{},
"(10, 12, 6)",minecraft:terracotta,{},
"(11, 12, 6)",minecraft:lantern,"{'hanging': 'true', 'waterlogged': 'false'}",
"(12, 12, 6)",minecraft:spruce_slab,"{'type': 'top', 'waterlogged': 'false'}",
"(13, 12, 6)",minecraft:spruce_slab,"{'type': 'bottom', 'waterlogged': 'false'}",
"(14, 12, 6)",minecraft:terracotta,{},
"(9, 12, 7)",minecraft:oak_leaves,"{'distance': '1', 'persistent': 'true', 'waterlogged': 'false'}",
"(10, 12, 7)",minecraft:oak_log,{'axis': 'y'},
"(11, 12, 7)",minecraft:terracotta,{},
"(12, 12, 7)",minecraft:brown_wool,{},
"(13, 12, 7)",minecraft:brown_wool,{},
"(14, 12, 7)",minecraft:stripped_dark_oak_wood,{'axis': 'x'},
"(15, 12, 7)",minecraft:dark_oak_fence,"{'east': 'false', 'north': 'false', 'south': 'false', 'waterlogged': 'false', 'west': 'true'}",
"(10, 12, 8)",minecraft:birch_planks,{},
"(14, 12, 8)",minecraft:dark_oak_fence,"{'east': 'false', 'north': 'true', 'south': 'false', 'waterlogged': 'false', 'west': 'false'}",
"(10, 12, 9)",minecraft:stripped_birch_wood,{'axis': 'x'},
"(11, 12, 9)",minecraft:oak_leaves,"{'distance': '1', 'persistent': 'true', 'waterlogged': 'false'}",
"(10, 12, 10)",minecraft:birch_planks,{},
"(10, 12, 11)",minecraft:birch_planks,{},
"(10, 12, 12)",minecraft:stripped_birch_wood,{'axis': 'x'},
"(10, 12, 13)",minecraft:stripped_birch_wood,{'axis': 'y'},
"(10, 12, 14)",minecraft:birch_planks,{},
"(10, 12, 15)",minecraft:cobblestone,{},
"(11, 12, 15)",minecraft:cobblestone,{},
"(12, 12, 15)",minecraft:cobblestone_wall,"{'east': 'none', 'north': 'none', 'south': 'none', 'up': 'true', 'waterlogged': 'false', 'west': 'tall'}",
"(10, 12, 16)",minecraft:birch_planks,{},
"(11, 12, 16)",minecraft:cobblestone_stairs,"{'facing': 'north', 'half': 'bottom', 'shape': 'straight', 'waterlogged': 'false'}",
"(10, 13, 2)",minecraft:oak_log,{'axis': 'z'},
"(11, 13, 2)",minecraft:spruce_stairs,"{'facing': 'south', 'half': 'top', 'shape': 'straight', 'waterlogged': 'false'}",
"(12, 13, 2)",minecraft:dark_oak_slab,"{'type': 'top', 'waterlogged': 'false'}",
"(13, 13, 2)",minecraft:spruce_stairs,"{'facing': 'south', 'half': 'top', 'shape': 'straight', 'waterlogged': 'false'}",
"(14, 13, 2)",minecraft:oak_log,{'axis': 'z'},
"(9, 13, 3)",minecraft:oak_log,{'axis': 'x'},
"(10, 13, 3)",minecraft:oak_log,{'axis': 'y'},
"(11, 13, 3)",minecraft:stripped_dark_oak_wood,{'axis': 'x'},
"(12, 13, 3)",minecraft:stripped_dark_oak_wood,{'axis': 'x'},
"(13, 13, 3)",minecraft:stripped_dark_oak_wood,{'axis': 'x'},
"(14, 13, 3)",minecraft:oak_log,{'axis': 'y'},
"(15, 13, 3)",minecraft:oak_log,{'axis': 'x'},
"(9, 13, 4)",minecraft:dark_oak_stairs,"{'facing': 'east', 'half': 'top', 'shape': 'straight', 'waterlogged': 'false'}",
"(10, 13, 4)",minecraft:stripped_dark_oak_wood,{'axis': 'z'},
"(11, 13, 4)",minecraft:spruce_slab,"{'type': 'top', 'waterlogged': 'false'}",
"(12, 13, 4)",minecraft:spruce_slab,"{'type': 'top', 'waterlogged': 'false'}",
"(14, 13, 4)",minecraft:stripped_dark_oak_wood,{'axis': 'z'},
"(15, 13, 4)",minecraft:spruce_stairs,"{'facing': 'west', 'half': 'top', 'shape': 'straight', 'waterlogged': 'false'}",
"(9, 13, 5)",minecraft:dark_oak_slab,"{'type': 'top', 'waterlogged': 'false'}",
"(10, 13, 5)",minecraft:stripped_dark_oak_wood,{'axis': 'z'},
"(11, 13, 5)",minecraft:spruce_slab,"{'type': 'top', 'waterlogged': 'false'}",
"(12, 13, 5)",minecraft:stripped_dark_oak_wood,{'axis': 'y'},
"(14, 13, 5)",minecraft:stripped_dark_oak_wood,{'axis': 'z'},
"(15, 13, 5)",minecraft:dark_oak_slab,"{'type': 'top', 'waterlogged': 'false'}",
"(9, 13, 6)",minecraft:spruce_stairs,"{'facing': 'east', 'half': 'top', 'shape': 'straight', 'waterlogged': 'false'}",
"(10, 13, 6)",minecraft:stripped_dark_oak_wood,{'axis': 'z'},
"(11, 13, 6)",minecraft:spruce_slab,"{'type': 'bottom', 'waterlogged': 'false'}",
"(14, 13, 6)",minecraft:stripped_dark_oak_wood,{'axis': 'z'},
"(15, 13, 6)",minecraft:spruce_stairs,"{'facing': 'west', 'half': 'top', 'shape': 'straight', 'waterlogged': 'false'}",
"(9, 13, 7)",minecraft:oak_log,{'axis': 'x'},
"(10, 13, 7)",minecraft:oak_log,{'axis': 'y'},
"(11, 13, 7)",minecraft:stripped_dark_oak_wood,{'axis': 'x'},
"(12, 13, 7)",minecraft:stripped_dark_oak_wood,{'axis': 'x'},
"(13, 13, 7)",minecraft:stripped_dark_oak_wood,{'axis': 'x'},
"(14, 13, 7)",minecraft:oak_log,{'axis': 'y'},
"(15, 13, 7)",minecraft:oak_log,{'axis': 'x'},
"(9, 13, 8)",minecraft:oak_leaves,"{'distance': '1', 'persistent': 'true', 'waterlogged': 'false'}",
"(10, 13, 8)",minecraft:oak_log,{'axis': 'z'},
"(11, 13, 8)",minecraft:dark_oak_stairs,"{'facing': 'north', 'half': 'top', 'shape': 'straight', 'waterlogged': 'false'}",
"(12, 13, 8)",minecraft:dark_oak_slab,"{'type': 'top', 'waterlogged': 'false'}",
"(13, 13, 8)",minecraft:dark_oak_stairs,"{'facing': 'north', 'half': 'top', 'shape': 'straight', 'waterlogged': 'false'}",
"(14, 13, 8)",minecraft:oak_log,{'axis': 'z'},
"(10, 13, 9)",minecraft:oak_leaves,"{'distance': '1', 'persistent': 'true', 'waterlogged': 'false'}",
"(10, 13, 15)",minecraft:cobblestone_stairs,"{'facing': 'east', 'half': 'bottom', 'shape': 'straight', 'waterlogged': 'false'}",
"(11, 13, 15)",minecraft:mossy_cobblestone,{},
"(12, 13, 15)",minecraft:cobblestone,{},
"(10, 14, 2)",minecraft:spruce_stairs,"{'facing': 'south', 'half': 'bottom', 'shape': 'straight', 'waterlogged': 'false'}",
"(12, 14, 2)",minecraft:spruce_slab,"{'type': 'bottom', 'waterlogged': 'false'}",
"(14, 14, 2)",minecraft:spruce_stairs,"{'facing': 'south', 'half': 'bottom', 'shape': 'straight', 'waterlogged': 'false'}",
"(9, 14, 3)",minecraft:spruce_stairs,"{'facing': 'east', 'half': 'bottom', 'shape': 'straight', 'waterlogged': 'false'}",
"(10, 14, 3)",minecraft:stripped_spruce_wood,{'axis': 'y'},
"(11, 14, 3)",minecraft:spruce_wall_hanging_sign,"{'facing': 'south', 'waterlogged': 'false'}","{back_text: {has_glowing_text: 0b, color: ""black"", messages: ["""", """", """", """"]}, components: {}, is_waxed: 0b, id: ""minecraft:hanging_sign"", front_text: {has_glowing_text: 0b, color: ""black"", messages: ["""", """", """", """"]}}"
"(12, 14, 3)",minecraft:spruce_wall_hanging_sign,"{'facing': 'south', 'waterlogged': 'false'}","{back_text: {has_glowing_text: 0b, color: ""black"", messages: ["""", """", """", """"]}, components: {}, is_waxed: 0b, id: ""minecraft:hanging_sign"", front_text: {has_glowing_text: 0b, color: ""black"", messages: ["""", """", """", """"]}}"
"(13, 14, 3)",minecraft:oak_leaves,"{'distance': '1', 'persistent': 'true', 'waterlogged': 'false'}",
"(14, 14, 3)",minecraft:stripped_spruce_wood,{'axis': 'y'},
"(15, 14, 3)",minecraft:spruce_stairs,"{'facing': 'west', 'half': 'bottom', 'shape': 'straight', 'waterlogged': 'false'}",
"(10, 14, 4)",minecraft:spruce_wall_hanging_sign,"{'facing': 'east', 'waterlogged': 'false'}","{back_text: {has_glowing_text: 0b, color: ""black"", messages: ["""", """", """", """"]}, components: {}, is_waxed: 0b, id: ""minecraft:hanging_sign"", front_text: {has_glowing_text: 0b, color: ""black"", messages: ["""", """", """", """"]}}"
"(14, 14, 4)",minecraft:spruce_wall_hanging_sign,"{'facing': 'west', 'waterlogged': 'false'}","{back_text: {has_glowing_text: 0b, color: ""black"", messages: ["""", """", """", """"]}, components: {}, is_waxed: 0b, id: ""minecraft:hanging_sign"", front_text: {has_glowing_text: 0b, color: ""black"", messages: ["""", """", """", """"]}}"
"(9, 14, 5)",minecraft:spruce_slab,"{'type': 'bottom', 'waterlogged': 'false'}",
"(10, 14, 5)",minecraft:spruce_wall_hanging_sign,"{'facing': 'east', 'waterlogged': 'false'}","{back_text: {has_glowing_text: 0b, color: ""black"", messages: ["""", """", """", """"]}, components: {}, is_waxed: 0b, id: ""minecraft:hanging_sign"", front_text: {has_glowing_text: 0b, color: ""black"", messages: ["""", """", """", """"]}}"
"(14, 14, 5)",minecraft:spruce_wall_hanging_sign,"{'facing': 'west', 'waterlogged': 'false'}","{back_text: {has_glowing_text: 0b, color: ""black"", messages: ["""", """", """", """"]}, components: {}, is_waxed: 0b, id: ""minecraft:hanging_sign"", front_text: {has_glowing_text: 0b, color: ""black"", messages: ["""", """", """", """"]}}"
"(15, 14, 5)",minecraft:spruce_slab,"{'type': 'bottom', 'waterlogged': 'false'}",
"(10, 14, 6)",minecraft:spruce_wall_hanging_sign,"{'facing': 'east', 'waterlogged': 'false'}","{back_text: {has_glowing_text: 0b, color: ""black"", messages: ["""", """", """", """"]}, components: {}, is_waxed: 0b, id: ""minecraft:hanging_sign"", front_text: {has_glowing_text: 0b, color: ""black"", messages: ["""", """", """", """"]}}"
"(14, 14, 6)",minecraft:spruce_wall_hanging_sign,"{'facing': 'west', 'waterlogged': 'false'}","{back_text: {has_glowing_text: 0b, color: ""black"", messages: ["""", """", """", """"]}, components: {}, is_waxed: 0b, id: ""minecraft:hanging_sign"", front_text: {has_glowing_text: 0b, color: ""black"", messages: ["""", """", """", """"]}}"
"(9, 14, 7)",minecraft:dark_oak_stairs,"{'facing': 'east', 'half': 'bottom', 'shape': 'straight', 'waterlogged': 'false'}",
"(10, 14, 7)",minecraft:stripped_spruce_wood,{'axis': 'y'},
"(11, 14, 7)",minecraft:oak_leaves,"{'distance': '1', 'persistent': 'true', 'waterlogged': 'false'}",
"(12, 14, 7)",minecraft:spruce_wall_hanging_sign,"{'facing': 'north', 'waterlogged': 'false'}","{back_text: {has_glowing_text: 0b, color: ""black"", messages: ["""", """", """", """"]}, components: {}, is_waxed: 0b, id: ""minecraft:hanging_sign"", front_text: {has_glowing_text: 0b, color: ""black"", messages: ["""", """", """", """"]}}"
"(13, 14, 7)",minecraft:spruce_wall_hanging_sign,"{'facing': 'north', 'waterlogged': 'false'}","{back_text: {has_glowing_text: 0b, color: ""black"", messages: ["""", """", """", """"]}, components: {}, is_waxed: 0b, id: ""minecraft:hanging_sign"", front_text: {has_glowing_text: 0b, color: ""black"", messages: ["""", """", """", """"]}}"
"(14, 14, 7)",minecraft:stripped_spruce_wood,{'axis': 'y'},
"(15, 14, 7)",minecraft:spruce_stairs,"{'facing': 'west', 'half': 'bottom', 'shape': 'straight', 'waterlogged': 'false'}",
"(10, 14, 8)",minecraft:dark_oak_stairs,"{'facing': 'north', 'half': 'bottom', 'shape': 'straight', 'waterlogged': 'false'}",
"(12, 14, 8)",minecraft:spruce_slab,"{'type': 'bottom', 'waterlogged': 'false'}",
"(14, 14, 8)",minecraft:dark_oak_stairs,"{'facing': 'north', 'half': 'bottom', 'shape': 'straight', 'waterlogged': 'false'}",
"(11, 14, 14)",minecraft:spruce_trapdoor,"{'facing': 'north', 'half': 'top', 'open': 'true', 'powered': 'false', 'waterlogged': 'false'}",
"(10, 14, 15)",minecraft:spruce_trapdoor,"{'facing': 'west', 'half': 'top', 'open': 'true', 'powered': 'false', 'waterlogged': 'false'}",
"(11, 14, 15)",minecraft:hay_block,{'axis': 'y'},
"(12, 14, 15)",minecraft:cobblestone_stairs,"{'facing': 'west', 'half': 'bottom', 'shape': 'straight', 'waterlogged': 'false'}",
"(11, 14, 16)",minecraft:spruce_trapdoor,"{'facing': 'south', 'half': 'top', 'open': 'true', 'powered': 'false', 'waterlogged': 'false'}",
"(10, 15, 3)",minecraft:oak_log,{'axis': 'y'},
"(14, 15, 3)",minecraft:oak_log,{'axis': 'y'},
"(10, 15, 4)",minecraft:potted_cherry_sapling,{},
"(14, 15, 6)",minecraft:potted_blue_orchid,{},
"(10, 15, 7)",minecraft:oak_log,{'axis': 'y'},
"(14, 15, 7)",minecraft:oak_log,{'axis': 'y'},
"(11, 15, 14)",minecraft:spruce_trapdoor,"{'facing': 'north', 'half': 'bottom', 'open': 'true', 'powered': 'false', 'waterlogged': 'false'}",
"(10, 15, 15)",minecraft:spruce_trapdoor,"{'facing': 'west', 'half': 'bottom', 'open': 'true', 'powered': 'false', 'waterlogged': 'false'}",
"(11, 15, 15)",minecraft:campfire,"{'facing': 'west', 'lit': 'true', 'signal_fire': 'true', 'waterlogged': 'false'}","{components: {}, Items: [], CookingTimes: [I; 0, 0, 0, 0], CookingTotalTimes: [I; 0, 0, 0, 0], id: ""minecraft:campfire""}"
"(12, 15, 15)",minecraft:spruce_trapdoor,"{'facing': 'east', 'half': 'bottom', 'open': 'true', 'powered': 'false', 'waterlogged': 'false'}",
"(11, 15, 16)",minecraft:spruce_trapdoor,"{'facing': 'south', 'half': 'bottom', 'open': 'true', 'powered': 'false', 'waterlogged': 'false'}",
"(10, 16, 3)",minecraft:mangrove_wood,{'axis': 'y'},
"(11, 16, 3)",minecraft:dark_oak_trapdoor,"{'facing': 'east', 'half': 'top', 'open': 'true', 'powered': 'false', 'waterlogged': 'false'}",
"(13, 16, 3)",minecraft:spruce_trapdoor,"{'facing': 'west', 'half': 'top', 'open': 'true', 'powered': 'false', 'waterlogged': 'false'}",
"(14, 16, 3)",minecraft:mangrove_wood,{'axis': 'y'},
"(10, 16, 4)",minecraft:spruce_trapdoor,"{'facing': 'south', 'half': 'top', 'open': 'true', 'powered': 'false', 'waterlogged': 'false'}",
"(14, 16, 4)",minecraft:spruce_trapdoor,"{'facing': 'south', 'half': 'top', 'open': 'true', 'powered': 'false', 'waterlogged': 'false'}",
"(12, 16, 5)",minecraft:bell,"{'attachment': 'ceiling', 'facing': 'east', 'powered': 'false'}","{components: {}, id: ""minecraft:bell""}"
"(10, 16, 6)",minecraft:spruce_trapdoor,"{'facing': 'north', 'half': 'top', 'open': 'true', 'powered': 'false', 'waterlogged': 'false'}",
"(14, 16, 6)",minecraft:dark_oak_trapdoor,"{'facing': 'north', 'half': 'top', 'open': 'true', 'powered': 'false', 'waterlogged': 'false'}",
"(10, 16, 7)",minecraft:mangrove_wood,{'axis': 'y'},
"(11, 16, 7)",minecraft:spruce_trapdoor,"{'facing': 'east', 'half': 'top', 'open': 'true', 'powered': 'false', 'waterlogged': 'false'}",
"(13, 16, 7)",minecraft:spruce_trapdoor,"{'facing': 'west', 'half': 'top', 'open': 'true', 'powered': 'false', 'waterlogged': 'false'}",
"(14, 16, 7)",minecraft:mangrove_wood,{'axis': 'y'},
"(11, 16, 15)",minecraft:cobbled_deepslate_wall,"{'east': 'none', 'north': 'none', 'south': 'none', 'up': 'true', 'waterlogged': 'false', 'west': 'none'}",
"(10, 17, 2)",minecraft:spruce_fence,"{'east': 'false', 'north': 'false', 'south': 'true', 'waterlogged': 'false', 'west': 'false'}",
"(14, 17, 2)",minecraft:spruce_fence,"{'east': 'false', 'north': 'false', 'south': 'true', 'waterlogged': 'false', 'west': 'false'}",
"(9, 17, 3)",minecraft:spruce_fence,"{'east': 'true', 'north': 'false', 'south': 'false', 'waterlogged': 'false', 'west': 'false'}",
"(10, 17, 3)",minecraft:stripped_dark_oak_wood,{'axis': 'z'},
"(11, 17, 3)",minecraft:dark_oak_stairs,"{'facing': 'west', 'half': 'top', 'shape': 'straight', 'waterlogged': 'false'}",
"(12, 17, 3)",minecraft:dark_oak_trapdoor,"{'facing': 'north', 'half': 'top', 'open': 'false', 'powered': 'false', 'waterlogged': 'false'}",
"(13, 17, 3)",minecraft:dark_oak_stairs,"{'facing': 'east', 'half': 'top', 'shape': 'straight', 'waterlogged': 'false'}",
"(14, 17, 3)",minecraft:stripped_dark_oak_wood,{'axis': 'y'},
"(15, 17, 3)",minecraft:spruce_fence,"{'east': 'false', 'north': 'false', 'south': 'false', 'waterlogged': 'false', 'west': 'true'}",
"(10, 17, 4)",minecraft:dark_oak_stairs,"{'facing': 'north', 'half': 'top', 'shape': 'straight', 'waterlogged': 'false'}",
"(14, 17, 4)",minecraft:dark_oak_stairs,"{'facing': 'north', 'half': 'top', 'shape': 'straight', 'waterlogged': 'false'}",
"(10, 17, 5)",minecraft:dark_oak_trapdoor,"{'facing': 'east', 'half': 'top', 'open': 'false', 'powered': 'false', 'waterlogged': 'false'}",
"(12, 17, 5)",minecraft:iron_chain,"{'axis': 'y', 'waterlogged': 'false'}",
"(14, 17, 5)",minecraft:dark_oak_trapdoor,"{'facing': 'north', 'half': 'top', 'open': 'false', 'powered': 'false', 'waterlogged': 'false'}",
"(10, 17, 6)",minecraft:dark_oak_stairs,"{'facing': 'south', 'half': 'top', 'shape': 'straight', 'waterlogged': 'false'}",
"(14, 17, 6)",minecraft:dark_oak_stairs,"{'facing': 'south', 'half': 'top', 'shape': 'straight', 'waterlogged': 'false'}",
"(9, 17, 7)",minecraft:dark_oak_fence,"{'east': 'true', 'north': 'false', 'south': 'false', 'waterlogged': 'false', 'west': 'false'}",
"(10, 17, 7)",minecraft:stripped_dark_oak_wood,{'axis': 'y'},
"(11, 17, 7)",minecraft:dark_oak_stairs,"{'facing': 'west', 'half': 'top', 'shape': 'straight', 'waterlogged': 'false'}",
"(12, 17, 7)",minecraft:dark_oak_trapdoor,"{'facing': 'north', 'half': 'top', 'open': 'false', 'powered': 'false', 'waterlogged': 'false'}",
"(13, 17, 7)",minecraft:dark_oak_stairs,"{'facing': 'east', 'half': 'top', 'shape': 'straight', 'waterlogged': 'false'}",
"(14, 17, 7)",minecraft:stripped_dark_oak_wood,{'axis': 'y'},
"(15, 17, 7)",minecraft:dark_oak_fence,"{'east': 'false', 'north': 'false', 'south': 'false', 'waterlogged': 'false', 'west': 'true'}",
"(10, 17, 8)",minecraft:dark_oak_fence,"{'east': 'false', 'north': 'true', 'south': 'false', 'waterlogged': 'false', 'west': 'false'}",
"(14, 17, 8)",minecraft:dark_oak_fence,"{'east': 'false', 'north': 'true', 'south': 'false', 'waterlogged': 'false', 'west': 'false'}",
"(10, 18, 2)",minecraft:jungle_slab,"{'type': 'bottom', 'waterlogged': 'false'}",
"(11, 18, 2)",minecraft:jungle_slab,"{'type': 'bottom', 'waterlogged': 'false'}",
"(12, 18, 2)",minecraft:jungle_stairs,"{'facing': 'south', 'half': 'bottom', 'shape': 'straight', 'waterlogged': 'false'}",
"(13, 18, 2)",minecraft:jungle_slab,"{'type': 'bottom', 'waterlogged': 'false'}",
"(14, 18, 2)",minecraft:jungle_slab,"{'type': 'bottom', 'waterlogged': 'false'}",
"(9, 18, 3)",minecraft:jungle_slab,"{'type': 'bottom', 'waterlogged': 'false'}",
"(10, 18, 3)",minecraft:jungle_planks,{},
"(11, 18, 3)",minecraft:oak_stairs,"{'facing': 'north', 'half': 'top', 'shape': 'straight', 'waterlogged': 'false'}",
"(12, 18, 3)",minecraft:oak_stairs,"{'facing': 'north', 'half': 'top', 'shape': 'straight', 'waterlogged': 'false'}",
"(13, 18, 3)",minecraft:jungle_planks,{},
"(14, 18, 3)",minecraft:oak_planks,{},
"(15, 18, 3)",minecraft:jungle_slab,"{'type': 'bottom', 'waterlogged': 'false'}",
"(9, 18, 4)",minecraft:jungle_slab,"{'type': 'bottom', 'waterlogged': 'false'}",
"(10, 18, 4)",minecraft:jungle_planks,{},
"(14, 18, 4)",minecraft:oak_stairs,"{'facing': 'east', 'half': 'top', 'shape': 'straight', 'waterlogged': 'false'}",
"(15, 18, 4)",minecraft:jungle_slab,"{'type': 'bottom', 'waterlogged': 'false'}",
"(9, 18, 5)",minecraft:jungle_stairs,"{'facing': 'east', 'half': 'bottom', 'shape': 'straight', 'waterlogged': 'false'}",
"(10, 18, 5)",minecraft:oak_stairs,"{'facing': 'west', 'half': 'top', 'shape': 'straight', 'waterlogged': 'false'}",
"(12, 18, 5)",minecraft:oak_fence,"{'east': 'false', 'north': 'false', 'south': 'false', 'waterlogged': 'false', 'west': 'false'}",
"(14, 18, 5)",minecraft:oak_stairs,"{'facing': 'east', 'half': 'top', 'shape': 'straight', 'waterlogged': 'false'}",
"(15, 18, 5)",minecraft:jungle_stairs,"{'facing': 'west', 'half': 'bottom', 'shape': 'straight', 'waterlogged': 'false'}",
"(9, 18, 6)",minecraft:jungle_slab,"{'type': 'bottom', 'waterlogged': 'false'}",
"(10, 18, 6)",minecraft:jungle_planks,{},
"(14, 18, 6)",minecraft:jungle_planks,{},
"(15, 18, 6)",minecraft:jungle_slab,"{'type': 'bottom', 'waterlogged': 'false'}",
"(9, 18, 7)",minecraft:jungle_slab,"{'type': 'bottom', 'waterlogged': 'false'}",
"(10, 18, 7)",minecraft:oak_planks,{},
"(11, 18, 7)",minecraft:jungle_planks,{},
"(12, 18, 7)",minecraft:oak_stairs,"{'facing': 'south', 'half': 'top', 'shape': 'straight', 'waterlogged': 'false'}",
"(13, 18, 7)",minecraft:jungle_planks,{},
"(14, 18, 7)",minecraft:oak_planks,{},
"(15, 18, 7)",minecraft:jungle_slab,"{'type': 'bottom', 'waterlogged': 'false'}",
"(10, 18, 8)",minecraft:jungle_slab,"{'type': 'bottom', 'waterlogged': 'false'}",
"(11, 18, 8)",minecraft:jungle_slab,"{'type': 'bottom', 'waterlogged': 'false'}",
"(12, 18, 8)",minecraft:jungle_stairs,"{'facing': 'north', 'half': 'bottom', 'shape': 'straight', 'waterlogged': 'false'}",
"(13, 18, 8)",minecraft:jungle_slab,"{'type': 'bottom', 'waterlogged': 'false'}",
"(14, 18, 8)",minecraft:jungle_slab,"{'type': 'bottom', 'waterlogged': 'false'}",
"(11, 19, 3)",minecraft:oak_stairs,"{'facing': 'east', 'half': 'bottom', 'shape': 'straight', 'waterlogged': 'false'}",
"(12, 19, 3)",minecraft:jungle_planks,{},
"(13, 19, 3)",minecraft:oak_stairs,"{'facing': 'west', 'half': 'bottom', 'shape': 'straight', 'waterlogged': 'false'}",
"(10, 19, 4)",minecraft:jungle_stairs,"{'facing': 'south', 'half': 'bottom', 'shape': 'straight', 'waterlogged': 'false'}",
"(11, 19, 4)",minecraft:oak_planks,{},
"(12, 19, 4)",minecraft:oak_planks,{},
"(13, 19, 4)",minecraft:oak_planks,{},
"(14, 19, 4)",minecraft:oak_stairs,"{'facing': 'south', 'half': 'bottom', 'shape': 'straight', 'waterlogged': 'false'}",
"(10, 19, 5)",minecraft:jungle_planks,{},
"(11, 19, 5)",minecraft:oak_planks,{},
"(12, 19, 5)",minecraft:stripped_oak_log,{'axis': 'y'},
"(13, 19, 5)",minecraft:oak_planks,{},
"(14, 19, 5)",minecraft:jungle_planks,{},
"(10, 19, 6)",minecraft:oak_stairs,"{'facing': 'north', 'half': 'bottom', 'shape': 'straight', 'waterlogged': 'false'}",
"(11, 19, 6)",minecraft:oak_planks,{},
"(12, 19, 6)",minecraft:oak_planks,{},
"(13, 19, 6)",minecraft:jungle_planks,{},
"(14, 19, 6)",minecraft:oak_stairs,"{'facing': 'north', 'half': 'bottom', 'shape': 'straight', 'waterlogged': 'false'}",
"(11, 19, 7)",minecraft:oak_stairs,"{'facing': 'east', 'half': 'bottom', 'shape': 'straight', 'waterlogged': 'false'}",
"(12, 19, 7)",minecraft:jungle_planks,{},
"(13, 19, 7)",minecraft:oak_stairs,"{'facing': 'west', 'half': 'bottom', 'shape': 'straight', 'waterlogged': 'false'}",
"(12, 20, 3)",minecraft:oak_stairs,"{'facing': 'south', 'half': 'bottom', 'shape': 'straight', 'waterlogged': 'false'}",
"(11, 20, 4)",minecraft:oak_fence,"{'east': 'true', 'north': 'false', 'south': 'true', 'waterlogged': 'false', 'west': 'false'}",
"(12, 20, 4)",minecraft:oak_planks,{},
"(13, 20, 4)",minecraft:oak_fence,"{'east': 'false', 'north': 'false', 'south': 'true', 'waterlogged': 'false', 'west': 'true'}",
"(10, 20, 5)",minecraft:oak_stairs,"{'facing': 'east', 'half': 'bottom', 'shape': 'straight', 'waterlogged': 'false'}",
"(11, 20, 5)",minecraft:oak_planks,{},
"(12, 20, 5)",minecraft:oak_planks,{},
"(13, 20, 5)",minecraft:oak_planks,{},
"(14, 20, 5)",minecraft:oak_stairs,"{'facing': 'west', 'half': 'bottom', 'shape': 'straight', 'waterlogged': 'false'}",
"(11, 20, 6)",minecraft:oak_fence,"{'east': 'true', 'north': 'true', 'south': 'false', 'waterlogged': 'false', 'west': 'false'}",
"(12, 20, 6)",minecraft:oak_planks,{},
"(13, 20, 6)",minecraft:oak_fence,"{'east': 'false', 'north': 'true', 'south': 'false', 'waterlogged': 'false', 'west': 'true'}",
"(12, 20, 7)",minecraft:oak_stairs,"{'facing': 'north', 'half': 'bottom', 'shape': 'straight', 'waterlogged': 'false'}",
"(12, 21, 4)",minecraft:oak_stairs,"{'facing': 'south', 'half': 'bottom', 'shape': 'straight', 'waterlogged': 'false'}",
"(11, 21, 5)",minecraft:oak_stairs,"{'facing': 'east', 'half': 'bottom', 'shape': 'straight', 'waterlogged': 'false'}",
"(12, 21, 5)",minecraft:oak_planks,{},
"(13, 21, 5)",minecraft:birch_stairs,"{'facing': 'west', 'half': 'bottom', 'shape': 'straight', 'waterlogged': 'false'}",
"(12, 21, 6)",minecraft:birch_stairs,"{'facing': 'north', 'half': 'bottom', 'shape': 'straight', 'waterlogged': 'false'}",
"(12, 22, 5)",minecraft:birch_planks,{},
