Position,BlockID,States,Data
"(11, 0, 0)",minecraft:spruce_trapdoor,"{'facing': 'north', 'half': 'bottom', 'open': 'true', 'powered': 'false', 'waterlogged': 'false'}",
"(12, 0, 0)",minecraft:spruce_trapdoor,"{'facing': 'north', 'half': 'bottom', 'open': 'true', 'powered': 'false', 'waterlogged': 'false'}",
"(13, 0, 0)",minecraft:spruce_trapdoor,"{'facing': 'north', 'half': 'bottom', 'open': 'true', 'powered': 'false', 'waterlogged': 'false'}",
"(14, 0, 0)",minecraft:spruce_trapdoor,"{'facing': 'north', 'half': 'bottom', 'open': 'true', 'powered': 'false', 'waterlogged': 'false'}",
"(15, 0, 0)",minecraft:spruce_trapdoor,"{'facing': 'north', 'half': 'bottom', 'open': 'true', 'powered': 'false', 'waterlogged': 'false'}",
"(4, 0, 1)",minecraft:spruce_stairs,"{'facing': 'south', 'half': 'bottom', 'shape': 'straight', 'waterlogged': 'false'}",
"(5, 0, 1)",minecraft:oak_leaves,"{'distance': '7', 'persistent': 'true', 'waterlogged': 'false'}",
"(7, 0, 1)",minecraft:oak_leaves,"{'distance': '7', 'persistent': 'true', 'waterlogged': 'false'}",
"(9, 0, 1)",minecraft:azalea_leaves,"{'distance': '7', 'persistent': 'true', 'waterlogged': 'false'}",
"(10, 0, 1)",minecraft:spruce_stairs,"{'facing': 'south', 'half': 'bottom', 'shape': 'straight', 'waterlogged': 'false'}",
"(11, 0, 1)",minecraft:farmland,{'moisture': '7'},
"(12, 0, 1)",minecraft:farmland,{'moisture': '7'},
"(13, 0, 1)",minecraft:farmland,{'moisture': '7'},
"(14, 0, 1)",minecraft:farmland,{'moisture': '7'},
"(15, 0, 1)",minecraft:farmland,{'moisture': '7'},
"(16, 0, 1)",minecraft:spruce_stairs,"{'facing': 'south', 'half': 'bottom', 'shape': 'straight', 'waterlogged': 'false'}",
"(3, 0, 2)",minecraft:spruce_stairs,"{'facing': 'east', 'half': 'bottom', 'shape': 'straight', 'waterlogged': 'false'}",
"(4, 0, 2)",minecraft:oak_log,{'axis': 'y'},
"(5, 0, 2)",minecraft:tuff_bricks,{},
"(6, 0, 2)",minecraft:tuff_bricks,{},
"(7, 0, 2)",minecraft:stone_bricks,{},
"(8, 0, 2)",minecraft:tuff_bricks,{},
"(9, 0, 2)",minecraft:stone_bricks,{},
"(10, 0, 2)",minecraft:water,{'level': '0'},
"(11, 0, 2)",minecraft:stone_bricks,{},
"(12, 0, 2)",minecraft:stone_bricks,{},
"(13, 0, 2)",minecraft:stone_bricks,{},
"(14, 0, 2)",minecraft:stone_bricks,{},
"(15, 0, 2)",minecraft:stone_bricks,{},
"(16, 0, 2)",minecraft:water,{'level': '0'},
"(17, 0, 2)",minecraft:spruce_stairs,"{'facing': 'west', 'half': 'bottom', 'shape': 'straight', 'waterlogged': 'false'}",
"(3, 0, 3)",minecraft:spruce_trapdoor,"{'facing': 'north', 'half': 'bottom', 'open': 'true', 'powered': 'false', 'waterlogged': 'false'}",
"(4, 0, 3)",minecraft:stone_bricks,{},
"(5, 0, 3)",minecraft:tuff_bricks,{},
"(6, 0, 3)",minecraft:stone_bricks,{},
"(7, 0, 3)",minecraft:tuff_bricks,{},
"(8, 0, 3)",minecraft:stone_bricks,{},
"(9, 0, 3)",minecraft:stone_bricks,{},
"(10, 0, 3)",minecraft:stone_bricks,{},
"(11, 0, 3)",minecraft:stone_bricks,{},
"(12, 0, 3)",minecraft:tuff_bricks,{},
"(13, 0, 3)",minecraft:tuff_bricks,{},
"(14, 0, 3)",minecraft:stone_bricks,{},
"(15, 0, 3)",minecraft:tuff_bricks,{},
"(16, 0, 3)",minecraft:stone_bricks,{},
"(17, 0, 3)",minecraft:cobbled_deepslate,{},
"(18, 0, 3)",minecraft:cobbled_deepslate_wall,"{'east': 'none', 'north': 'none', 'south': 'tall', 'up': 'true', 'waterlogged': 'false', 'west': 'tall'}",
"(2, 0, 4)",minecraft:spruce_trapdoor,"{'facing': 'west', 'half': 'bottom', 'open': 'true', 'powered': 'false', 'waterlogged': 'false'}",
"(3, 0, 4)",minecraft:lilac,{'half': 'lower'},
"(4, 0, 4)",minecraft:tuff_bricks,{},
"(5, 0, 4)",minecraft:stone_bricks,{},
"(6, 0, 4)",minecraft:tuff_bricks,{},
"(7, 0, 4)",minecraft:tuff_bricks,{},
"(8, 0, 4)",minecraft:stone_bricks,{},
"(9, 0, 4)",minecraft:tuff_bricks,{},
"(10, 0, 4)",minecraft:stone_bricks,{},
"(11, 0, 4)",minecraft:stone_bricks,{},
"(12, 0, 4)",minecraft:tuff_bricks,{},
"(13, 0, 4)",minecraft:stone_bricks,{},
"(14, 0, 4)",minecraft:stone_bricks,{},
"(15, 0, 4)",minecraft:infested_cracked_stone_bricks,{},
"(16, 0, 4)",minecraft:stone_bricks,{},
"(17, 0, 4)",minecraft:cobblestone,{},
"(18, 0, 4)",minecraft:cobbled_deepslate,{},
"(19, 0, 4)",minecraft:cobbled_deepslate_wall,"{'east': 'none', 'north': 'none', 'south': 'low', 'up': 'true', 'waterlogged': 'false', 'west': 'low'}",
"(2, 0, 5)",minecraft:spruce_trapdoor,"{'facing': 'west', 'half': 'bottom', 'open': 'true', 'powered': 'false', 'waterlogged': 'false'}",
"(3, 0, 5)",minecraft:peony,{'half': 'lower'},
"(4, 0, 5)",minecraft:stone_bricks,{},
"(5, 0, 5)",minecraft:stone_bricks,{},
"(6, 0, 5)",minecraft:stone_bricks,{},
"(7, 0, 5)",minecraft:stone_bricks,{},
"(8, 0, 5)",minecraft:stone_bricks,{},
"(9, 0, 5)",minecraft:stone_bricks,{},
"(10, 0, 5)",minecraft:tuff_bricks,{},
"(11, 0, 5)",minecraft:stone_bricks,{},
"(12, 0, 5)",minecraft:stone_bricks,{},
"(13, 0, 5)",minecraft:stone_bricks,{},
"(14, 0, 5)",minecraft:tuff_bricks,{},
"(15, 0, 5)",minecraft:stone_bricks,{},
"(16, 0, 5)",minecraft:blast_furnace,"{'facing': 'west', 'lit': 'false'}","{lit_total_time: 0s, components: {}, cooking_time_spent: 0s, cooking_total_time: 0s, Items: [], id: ""minecraft:blast_furnace"", lit_time_remaining: 0s, RecipesUsed: {}}"
"(17, 0, 5)",minecraft:cobblestone,{},
"(18, 0, 5)",minecraft:cobblestone,{},
"(19, 0, 5)",minecraft:cobbled_deepslate,{},
"(2, 0, 6)",minecraft:spruce_trapdoor,"{'facing': 'west', 'half': 'bottom', 'open': 'true', 'powered': 'false', 'waterlogged': 'false'}",
"(3, 0, 6)",minecraft:lilac,{'half': 'lower'},
"(4, 0, 6)",minecraft:tuff_bricks,{},
"(5, 0, 6)",minecraft:stone_bricks,{},
"(6, 0, 6)",minecraft:tuff_bricks,{},
"(7, 0, 6)",minecraft:tuff_bricks,{},
"(8, 0, 6)",minecraft:stone_bricks,{},
"(9, 0, 6)",minecraft:tuff_bricks,{},
"(10, 0, 6)",minecraft:tuff_bricks,{},
"(11, 0, 6)",minecraft:stone_bricks,{},
"(12, 0, 6)",minecraft:tuff_bricks,{},
"(13, 0, 6)",minecraft:stone_bricks,{},
"(14, 0, 6)",minecraft:stone_bricks,{},
"(15, 0, 6)",minecraft:tuff_bricks,{},
"(16, 0, 6)",minecraft:stone_bricks,{},
"(17, 0, 6)",minecraft:cobblestone,{},
"(18, 0, 6)",minecraft:cobbled_deepslate,{},
"(2, 0, 7)",minecraft:spruce_trapdoor,"{'facing': 'west', 'half': 'bottom', 'open': 'true', 'powered': 'false', 'waterlogged': 'false'}",
"(3, 0, 7)",minecraft:peony,{'half': 'lower'},
"(4, 0, 7)",minecraft:tuff_bricks,{},
"(5, 0, 7)",minecraft:stone_bricks,{},
"(6, 0, 7)",minecraft:stone_bricks,{},
"(7, 0, 7)",minecraft:stone_bricks,{},
"(8, 0, 7)",minecraft:stone_bricks,{},
"(9, 0, 7)",minecraft:tuff_bricks,{},
"(10, 0, 7)",minecraft:stone_bricks,{},
"(11, 0, 7)",minecraft:tuff_bricks,{},
"(12, 0, 7)",minecraft:tuff_bricks,{},
"(13, 0, 7)",minecraft:stone_bricks,{},
"(14, 0, 7)",minecraft:tuff_bricks,{},
"(15, 0, 7)",minecraft:tuff_bricks,{},
"(16, 0, 7)",minecraft:stone_bricks,{},
"(17, 0, 7)",minecraft:cobbled_deepslate,{},
"(18, 0, 7)",minecraft:cobbled_deepslate_wall,"{'east': 'none', 'north': 'low', 'south': 'none', 'up': 'true', 'waterlogged': 'false', 'west': 'low'}",
"(1, 0, 8)",minecraft:stripped_dark_oak_wood,{'axis': 'y'},
"(2, 0, 8)",minecraft:spruce_stairs,"{'facing': 'south', 'half': 'top', 'shape': 'straight', 'waterlogged': 'false'}",
"(3, 0, 8)",minecraft:spruce_planks,{},
"(4, 0, 8)",minecraft:oak_log,{'axis': 'y'},
"(5, 0, 8)",minecraft:tuff_bricks,{},
"(6, 0, 8)",minecraft:stone_bricks,{},
"(7, 0, 8)",minecraft:stone_bricks,{},
"(8, 0, 8)",minecraft:tuff_bricks,{},
"(9, 0, 8)",minecraft:tuff_bricks,{},
"(10, 0, 8)",minecraft:stone_bricks,{},
"(11, 0, 8)",minecraft:tuff_bricks,{},
"(12, 0, 8)",minecraft:stone_bricks,{},
"(13, 0, 8)",minecraft:stone_bricks,{},
"(14, 0, 8)",minecraft:stone_bricks,{},
"(15, 0, 8)",minecraft:tuff_bricks,{},
"(16, 0, 8)",minecraft:oak_log,{'axis': 'y'},
"(17, 0, 8)",minecraft:spruce_stairs,"{'facing': 'west', 'half': 'bottom', 'shape': 'straight', 'waterlogged': 'false'}",
"(1, 0, 9)",minecraft:spruce_stairs,"{'facing': 'east', 'half': 'top', 'shape': 'straight', 'waterlogged': 'false'}",
"(2, 0, 9)",minecraft:spruce_planks,{},
"(3, 0, 9)",minecraft:spruce_planks,{},
"(4, 0, 9)",minecraft:stone_bricks,{},
"(5, 0, 9)",minecraft:stone_bricks,{},
"(6, 0, 9)",minecraft:tuff_bricks,{},
"(7, 0, 9)",minecraft:stone_bricks,{},
"(8, 0, 9)",minecraft:stone_bricks,{},
"(9, 0, 9)",minecraft:stone_bricks,{},
"(10, 0, 9)",minecraft:tuff_bricks,{},
"(11, 0, 9)",minecraft:stone_bricks,{},
"(12, 0, 9)",minecraft:stone_bricks,{},
"(13, 0, 9)",minecraft:tuff_bricks,{},
"(14, 0, 9)",minecraft:stone_bricks,{},
"(15, 0, 9)",minecraft:stone_bricks,{},
"(16, 0, 9)",minecraft:tuff_bricks,{},
"(1, 0, 10)",minecraft:spruce_stairs,"{'facing': 'east', 'half': 'top', 'shape': 'straight', 'waterlogged': 'false'}",
"(2, 0, 10)",minecraft:spruce_planks,{},
"(3, 0, 10)",minecraft:spruce_planks,{},
"(4, 0, 10)",minecraft:tuff_bricks,{},
"(5, 0, 10)",minecraft:stone_bricks,{},
"(6, 0, 10)",minecraft:stone_bricks,{},
"(7, 0, 10)",minecraft:mangrove_slab,"{'type': 'top', 'waterlogged': 'true'}",
"(8, 0, 10)",minecraft:mangrove_slab,"{'type': 'top', 'waterlogged': 'true'}",
"(9, 0, 10)",minecraft:mangrove_slab,"{'type': 'top', 'waterlogged': 'true'}",
"(10, 0, 10)",minecraft:cherry_slab,"{'type': 'top', 'waterlogged': 'true'}",
"(11, 0, 10)",minecraft:cherry_slab,"{'type': 'top', 'waterlogged': 'true'}",
"(12, 0, 10)",minecraft:cherry_slab,"{'type': 'top', 'waterlogged': 'true'}",
"(13, 0, 10)",minecraft:tuff_bricks,{},
"(14, 0, 10)",minecraft:tuff_bricks,{},
"(15, 0, 10)",minecraft:tuff_bricks,{},
"(16, 0, 10)",minecraft:stone_bricks,{},
"(17, 0, 10)",minecraft:oak_leaves,"{'distance': '7', 'persistent': 'true', 'waterlogged': 'false'}",
"(0, 0, 11)",minecraft:jigsaw,{'orientation': 'up_west'},"{components: {}, joint: ""rollable"", name: ""minecraft:empty"", pool: ""minecraft:empty"", final_state: ""minecraft:air"", placement_priority: 0, selection_priority: 0, id: ""minecraft:jigsaw"", target: ""minecraft:empty""}"
"(1, 0, 11)",minecraft:spruce_stairs,"{'facing': 'east', 'half': 'bottom', 'shape': 'straight', 'waterlogged': 'false'}",
"(2, 0, 11)",minecraft:spruce_planks,{},
"(3, 0, 11)",minecraft:spruce_planks,{},
"(4, 0, 11)",minecraft:stone_bricks,{},
"(5, 0, 11)",minecraft:stone_bricks,{},
"(6, 0, 11)",minecraft:tuff_bricks,{},
"(7, 0, 11)",minecraft:mangrove_slab,"{'type': 'top', 'waterlogged': 'true'}",
"(8, 0, 11)",minecraft:mangrove_slab,"{'type': 'top', 'waterlogged': 'true'}",
"(9, 0, 11)",minecraft:cherry_slab,"{'type': 'top', 'waterlogged': 'true'}",
"(10, 0, 11)",minecraft:mangrove_slab,"{'type': 'top', 'waterlogged': 'true'}",
"(11, 0, 11)",minecraft:cherry_slab,"{'type': 'top', 'waterlogged': 'true'}",
"(12, 0, 11)",minecraft:cherry_slab,"{'type': 'top', 'waterlogged': 'true'}",
"(13, 0, 11)",minecraft:stone_bricks,{},
"(14, 0, 11)",minecraft:stone_bricks,{},
"(15, 0, 11)",minecraft:stone_bricks,{},
"(16, 0, 11)",minecraft:tuff_bricks,{},
"(17, 0, 11)",minecraft:spruce_trapdoor,"{'facing': 'north', 'half': 'bottom', 'open': 'true', 'powered': 'false', 'waterlogged': 'false'}",
"(1, 0, 12)",minecraft:spruce_stairs,"{'facing': 'east', 'half': 'top', 'shape': 'straight', 'waterlogged': 'false'}",
"(2, 0, 12)",minecraft:spruce_planks,{},
"(3, 0, 12)",minecraft:spruce_planks,{},
"(4, 0, 12)",minecraft:stone_bricks,{},
"(5, 0, 12)",minecraft:tuff_bricks,{},
"(6, 0, 12)",minecraft:infested_cracked_stone_bricks,{},
"(7, 0, 12)",minecraft:stone_bricks,{},
"(8, 0, 12)",minecraft:tuff_bricks,{},
"(9, 0, 12)",minecraft:tuff_bricks,{},
"(10, 0, 12)",minecraft:stone_bricks,{},
"(11, 0, 12)",minecraft:stone_bricks,{},
"(12, 0, 12)",minecraft:stone_bricks,{},
"(13, 0, 12)",minecraft:stone_bricks,{},
"(14, 0, 12)",minecraft:tuff_bricks,{},
"(15, 0, 12)",minecraft:stone_bricks,{},
"(16, 0, 12)",minecraft:stone_bricks,{},
"(17, 0, 12)",minecraft:spruce_trapdoor,"{'facing': 'east', 'half': 'top', 'open': 'false', 'powered': 'false', 'waterlogged': 'false'}",
"(18, 0, 12)",minecraft:spruce_door,"{'facing': 'east', 'half': 'lower', 'hinge': 'left', 'open': 'false', 'powered': 'false'}",
"(1, 0, 13)",minecraft:spruce_stairs,"{'facing': 'east', 'half': 'top', 'shape': 'straight', 'waterlogged': 'false'}",
"(2, 0, 13)",minecraft:spruce_planks,{},
"(3, 0, 13)",minecraft:spruce_planks,{},
"(4, 0, 13)",minecraft:stone_bricks,{},
"(5, 0, 13)",minecraft:tuff_bricks,{},
"(6, 0, 13)",minecraft:tuff_bricks,{},
"(7, 0, 13)",minecraft:stone_bricks,{},
"(8, 0, 13)",minecraft:stone_bricks,{},
"(9, 0, 13)",minecraft:tuff_bricks,{},
"(10, 0, 13)",minecraft:tuff_bricks,{},
"(11, 0, 13)",minecraft:stone_bricks,{},
"(12, 0, 13)",minecraft:tuff_bricks,{},
"(13, 0, 13)",minecraft:tuff_bricks,{},
"(14, 0, 13)",minecraft:stone_bricks,{},
"(15, 0, 13)",minecraft:tuff_bricks,{},
"(16, 0, 13)",minecraft:stone_bricks,{},
"(17, 0, 13)",minecraft:barrel,"{'facing': 'east', 'open': 'false'}","{components: {}, Items: [], id: ""minecraft:barrel""}"
"(18, 0, 13)",minecraft:spruce_door,"{'facing': 'east', 'half': 'lower', 'hinge': 'right', 'open': 'false', 'powered': 'false'}",
"(1, 0, 14)",minecraft:stripped_dark_oak_wood,{'axis': 'y'},
"(2, 0, 14)",minecraft:spruce_stairs,"{'facing': 'north', 'half': 'top', 'shape': 'straight', 'waterlogged': 'false'}",
"(3, 0, 14)",minecraft:spruce_planks,{},
"(4, 0, 14)",minecraft:oak_log,{'axis': 'y'},
"(5, 0, 14)",minecraft:tuff_bricks,{},
"(6, 0, 14)",minecraft:tuff_bricks,{},
"(7, 0, 14)",minecraft:stone_bricks,{},
"(8, 0, 14)",minecraft:tuff_bricks,{},
"(9, 0, 14)",minecraft:tuff_bricks,{},
"(10, 0, 14)",minecraft:stone_bricks,{},
"(11, 0, 14)",minecraft:stone_bricks,{},
"(12, 0, 14)",minecraft:tuff_bricks,{},
"(13, 0, 14)",minecraft:stone_bricks,{},
"(14, 0, 14)",minecraft:tuff_bricks,{},
"(15, 0, 14)",minecraft:tuff_bricks,{},
"(16, 0, 14)",minecraft:water,{'level': '0'},
"(17, 0, 14)",minecraft:spruce_stairs,"{'facing': 'west', 'half': 'bottom', 'shape': 'straight', 'waterlogged': 'false'}",
"(3, 0, 15)",minecraft:oak_leaves,"{'distance': '7', 'persistent': 'true', 'waterlogged': 'false'}",
"(4, 0, 15)",minecraft:spruce_stairs,"{'facing': 'north', 'half': 'bottom', 'shape': 'straight', 'waterlogged': 'false'}",
"(6, 0, 15)",minecraft:oak_leaves,"{'distance': '7', 'persistent': 'true', 'waterlogged': 'false'}",
"(7, 0, 15)",minecraft:oak_leaves,"{'distance': '7', 'persistent': 'true', 'waterlogged': 'false'}",
"(10, 0, 15)",minecraft:spruce_stairs,"{'facing': 'north', 'half': 'bottom', 'shape': 'straight', 'waterlogged': 'false'}",
"(11, 0, 15)",minecraft:spruce_planks,{},
"(15, 0, 15)",minecraft:spruce_planks,{},
"(16, 0, 15)",minecraft:spruce_stairs,"{'facing': 'north', 'half': 'bottom', 'shape': 'straight', 'waterlogged': 'false'}",
"(10, 0, 16)",minecraft:spruce_wall_sign,"{'facing': 'west', 'waterlogged': 'false'}","{back_text: {has_glowing_text: 0b, color: ""black"", messages: ["""", """", """", """"]}, components: {}, is_waxed: 0b, id: ""minecraft:sign"", front_text: {has_glowing_text: 0b, color: ""black"", messages: ["""", """", """", """"]}}"
"(11, 0, 16)",minecraft:spruce_planks,{},
"(12, 0, 16)",minecraft:spruce_trapdoor,"{'facing': 'north', 'half': 'bottom', 'open': 'true', 'powered': 'false', 'waterlogged': 'false'}",
"(13, 0, 16)",minecraft:spruce_trapdoor,"{'facing': 'north', 'half': 'bottom', 'open': 'true', 'powered': 'false', 'waterlogged': 'false'}",
"(14, 0, 16)",minecraft:spruce_door,"{'facing': 'north', 'half': 'lower', 'hinge': 'left', 'open': 'false', 'powered': 'false'}",
"(15, 0, 16)",minecraft:stripped_spruce_wood,{'axis': 'x'},
"(16, 0, 16)",minecraft:spruce_wall_sign,"{'facing': 'east', 'waterlogged': 'false'}","{back_text: {has_glowing_text: 0b, color: ""black"", messages: ["""", """", """", """"]}, components: {}, is_waxed: 0b, id: ""minecraft:sign"", front_text: {has_glowing_text: 0b, color: ""black"", messages: ["""", """", """", """"]}}"
"(11, 0, 17)",minecraft:spruce_wall_sign,"{'facing': 'south', 'waterlogged': 'false'}","{back_text: {has_glowing_text: 0b, color: ""black"", messages: ["""", """", """", """"]}, components: {}, is_waxed: 0b, id: ""minecraft:sign"", front_text: {has_glowing_text: 0b, color: ""black"", messages: ["""", """", """", """"]}}"
"(12, 0, 17)",minecraft:spruce_wall_sign,"{'facing': 'south', 'waterlogged': 'false'}","{back_text: {has_glowing_text: 0b, color: ""black"", messages: ["""", """", """", """"]}, components: {}, is_waxed: 0b, id: ""minecraft:sign"", front_text: {has_glowing_text: 0b, color: ""black"", messages: ["""", """", """", """"]}}"
"(13, 0, 17)",minecraft:spruce_wall_sign,"{'facing': 'south', 'waterlogged': 'false'}","{back_text: {has_glowing_text: 0b, color: ""black"", messages: ["""", """", """", """"]}, components: {}, is_waxed: 0b, id: ""minecraft:sign"", front_text: {has_glowing_text: 0b, color: ""black"", messages: ["""", """", """", """"]}}"
"(15, 0, 17)",minecraft:spruce_wall_sign,"{'facing': 'south', 'waterlogged': 'false'}","{back_text: {has_glowing_text: 0b, color: ""black"", messages: ["""", """", """", """"]}, components: {}, is_waxed: 0b, id: ""minecraft:sign"", front_text: {has_glowing_text: 0b, color: ""black"", messages: ["""", """", """", """"]}}"
"(6, 1, 1)",minecraft:azalea_leaves,"{'distance': '7', 'persistent': 'true', 'waterlogged': 'false'}",
"(11, 1, 1)",minecraft:wheat,{'age': '7'},
"(12, 1, 1)",minecraft:wheat,{'age': '7'},
"(13, 1, 1)",minecraft:wheat,{'age': '7'},
"(14, 1, 1)",minecraft:wheat,{'age': '7'},
"(15, 1, 1)",minecraft:wheat,{'age': '7'},
"(4, 1, 2)",minecraft:oak_log,{'axis': 'y'},
"(5, 1, 2)",minecraft:terracotta,{},
"(6, 1, 2)",minecraft:granite,{},
"(7, 1, 2)",minecraft:granite,{},
"(8, 1, 2)",minecraft:terracotta,{},
"(9, 1, 2)",minecraft:terracotta,{},
"(10, 1, 2)",minecraft:oak_log,{'axis': 'y'},
"(11, 1, 2)",minecraft:granite,{},
"(12, 1, 2)",minecraft:granite,{},
"(13, 1, 2)",minecraft:terracotta,{},
"(14, 1, 2)",minecraft:granite,{},
"(15, 1, 2)",minecraft:terracotta,{},
"(16, 1, 2)",minecraft:oak_log,{'axis': 'y'},
"(4, 1, 3)",minecraft:terracotta,{},
"(5, 1, 3)",minecraft:spruce_wall_sign,"{'facing': 'west', 'waterlogged': 'false'}","{back_text: {has_glowing_text: 0b, color: ""black"", messages: ["""", """", """", """"]}, components: {}, is_waxed: 0b, id: ""minecraft:sign"", front_text: {has_glowing_text: 0b, color: ""black"", messages: ["""", """", """", """"]}}"
"(6, 1, 3)",minecraft:spruce_stairs,"{'facing': 'north', 'half': 'bottom', 'shape': 'straight', 'waterlogged': 'false'}",
"(7, 1, 3)",minecraft:spruce_fence_gate,"{'facing': 'south', 'in_wall': 'false', 'open': 'true', 'powered': 'false'}",
"(8, 1, 3)",minecraft:spruce_stairs,"{'facing': 'north', 'half': 'bottom', 'shape': 'straight', 'waterlogged': 'false'}",
"(9, 1, 3)",minecraft:spruce_fence_gate,"{'facing': 'south', 'in_wall': 'false', 'open': 'true', 'powered': 'false'}",
"(10, 1, 3)",minecraft:spruce_stairs,"{'facing': 'north', 'half': 'bottom', 'shape': 'straight', 'waterlogged': 'false'}",
"(11, 1, 3)",minecraft:spruce_wall_sign,"{'facing': 'east', 'waterlogged': 'false'}","{back_text: {has_glowing_text: 0b, color: ""black"", messages: ["""", """", """", """"]}, components: {}, is_waxed: 0b, id: ""minecraft:sign"", front_text: {has_glowing_text: 0b, color: ""black"", messages: ["""", """", """", """"]}}"
"(13, 1, 3)",minecraft:barrel,"{'facing': 'down', 'open': 'false'}","{components: {}, Items: [], id: ""minecraft:barrel""}"
"(14, 1, 3)",minecraft:barrel,"{'facing': 'down', 'open': 'false'}","{components: {}, Items: [], id: ""minecraft:barrel""}"
"(15, 1, 3)",minecraft:cauldron,{},
"(16, 1, 3)",minecraft:terracotta,{},
"(17, 1, 3)",minecraft:cobbled_deepslate,{},
"(18, 1, 3)",minecraft:cobbled_deepslate_wall,"{'east': 'none', 'north': 'none', 'south': 'low', 'up': 'true', 'waterlogged': 'false', 'west': 'low'}",
"(3, 1, 4)",minecraft:lilac,{'half': 'upper'},
"(4, 1, 4)",minecraft:terracotta,{},
"(5, 1, 4)",minecraft:spruce_wall_sign,"{'facing': 'north', 'waterlogged': 'false'}","{back_text: {has_glowing_text: 0b, color: ""black"", messages: ["""", """", """", """"]}, components: {}, is_waxed: 0b, id: ""minecraft:sign"", front_text: {has_glowing_text: 0b, color: ""black"", messages: ["""", """", """", """"]}}"
"(6, 1, 4)",minecraft:spruce_trapdoor,"{'facing': 'west', 'half': 'top', 'open': 'false', 'powered': 'false', 'waterlogged': 'false'}",
"(7, 1, 4)",minecraft:spruce_trapdoor,"{'facing': 'north', 'half': 'top', 'open': 'false', 'powered': 'false', 'waterlogged': 'false'}",
"(8, 1, 4)",minecraft:spruce_trapdoor,"{'facing': 'north', 'half': 'top', 'open': 'false', 'powered': 'false', 'waterlogged': 'false'}",
"(9, 1, 4)",minecraft:spruce_trapdoor,"{'facing': 'north', 'half': 'top', 'open': 'false', 'powered': 'false', 'waterlogged': 'false'}",
"(10, 1, 4)",minecraft:spruce_trapdoor,"{'facing': 'east', 'half': 'top', 'open': 'false', 'powered': 'false', 'waterlogged': 'false'}",
"(11, 1, 4)",minecraft:spruce_wall_sign,"{'facing': 'north', 'waterlogged': 'false'}","{back_text: {has_glowing_text: 0b, color: ""black"", messages: ["""", """", """", """"]}, components: {}, is_waxed: 0b, id: ""minecraft:sign"", front_text: {has_glowing_text: 0b, color: ""black"", messages: ["""", """", """", """"]}}"
"(13, 1, 4)",minecraft:spruce_wall_sign,"{'facing': 'north', 'waterlogged': 'false'}","{back_text: {has_glowing_text: 0b, color: ""black"", messages: ["""", """", """", """"]}, components: {}, is_waxed: 0b, id: ""minecraft:sign"", front_text: {has_glowing_text: 0b, color: ""black"", messages: ["""", """", """", """"]}}"
"(16, 1, 4)",minecraft:cobbled_deepslate,{},
"(17, 1, 4)",minecraft:cobbled_deepslate,{},
"(18, 1, 4)",minecraft:cobbled_deepslate,{},
"(3, 1, 5)",minecraft:peony,{'half': 'upper'},
"(4, 1, 5)",minecraft:granite,{},
"(5, 1, 5)",minecraft:spruce_stairs,"{'facing': 'west', 'half': 'bottom', 'shape': 'straight', 'waterlogged': 'false'}",
"(6, 1, 5)",minecraft:spruce_trapdoor,"{'facing': 'west', 'half': 'top', 'open': 'false', 'powered': 'false', 'waterlogged': 'false'}",
"(7, 1, 5)",minecraft:spruce_stairs,"{'facing': 'east', 'half': 'top', 'shape': 'straight', 'waterlogged': 'false'}",
"(8, 1, 5)",minecraft:spruce_slab,"{'type': 'top', 'waterlogged': 'false'}",
"(9, 1, 5)",minecraft:spruce_stairs,"{'facing': 'west', 'half': 'top', 'shape': 'straight', 'waterlogged': 'false'}",
"(10, 1, 5)",minecraft:spruce_trapdoor,"{'facing': 'east', 'half': 'top', 'open': 'false', 'powered': 'false', 'waterlogged': 'false'}",
"(11, 1, 5)",minecraft:spruce_stairs,"{'facing': 'east', 'half': 'bottom', 'shape': 'straight', 'waterlogged': 'false'}",
"(12, 1, 5)",minecraft:spruce_wall_sign,"{'facing': 'west', 'waterlogged': 'false'}","{back_text: {has_glowing_text: 0b, color: ""black"", messages: ["""", """", """", """"]}, components: {}, is_waxed: 0b, id: ""minecraft:sign"", front_text: {has_glowing_text: 0b, color: ""black"", messages: ["""", """", """", """"]}}"
"(13, 1, 5)",minecraft:barrel,"{'facing': 'down', 'open': 'false'}","{components: {}, Items: [], id: ""minecraft:barrel""}"
"(14, 1, 5)",minecraft:spruce_wall_sign,"{'facing': 'east', 'waterlogged': 'false'}","{back_text: {has_glowing_text: 0b, color: ""black"", messages: ["""", """", """", """"]}, components: {}, is_waxed: 0b, id: ""minecraft:sign"", front_text: {has_glowing_text: 0b, color: ""black"", messages: ["""", """", """", """"]}}"
"(17, 1, 5)",minecraft:campfire,"{'facing': 'east', 'lit': 'true', 'signal_fire': 'false', 'waterlogged': 'false'}","{components: {}, Items: [], CookingTimes: [I; 0, 0, 0, 0], CookingTotalTimes: [I; 0, 0, 0, 0], id: ""minecraft:campfire""}"
"(18, 1, 5)",minecraft:cobbled_deepslate,{},
"(19, 1, 5)",minecraft:cobbled_deepslate_wall,"{'east': 'none', 'north': 'none', 'south': 'none', 'up': 'true', 'waterlogged': 'false', 'west': 'low'}",
"(3, 1, 6)",minecraft:lilac,{'half': 'upper'},
"(4, 1, 6)",minecraft:granite,{},
"(5, 1, 6)",minecraft:spruce_wall_sign,"{'facing': 'south', 'waterlogged': 'false'}","{back_text: {has_glowing_text: 0b, color: ""black"", messages: ["""", """", """", """"]}, components: {}, is_waxed: 0b, id: ""minecraft:sign"", front_text: {has_glowing_text: 0b, color: ""black"", messages: ["""", """", """", """"]}}"
"(6, 1, 6)",minecraft:spruce_trapdoor,"{'facing': 'west', 'half': 'top', 'open': 'false', 'powered': 'false', 'waterlogged': 'false'}",
"(7, 1, 6)",minecraft:spruce_trapdoor,"{'facing': 'south', 'half': 'top', 'open': 'false', 'powered': 'false', 'waterlogged': 'false'}",
"(8, 1, 6)",minecraft:spruce_trapdoor,"{'facing': 'south', 'half': 'top', 'open': 'false', 'powered': 'false', 'waterlogged': 'false'}",
"(9, 1, 6)",minecraft:spruce_trapdoor,"{'facing': 'south', 'half': 'top', 'open': 'false', 'powered': 'false', 'waterlogged': 'false'}",
"(10, 1, 6)",minecraft:spruce_trapdoor,"{'facing': 'east', 'half': 'top', 'open': 'false', 'powered': 'false', 'waterlogged': 'false'}",
"(11, 1, 6)",minecraft:spruce_wall_sign,"{'facing': 'south', 'waterlogged': 'false'}","{back_text: {has_glowing_text: 0b, color: ""black"", messages: ["""", """", """", """"]}, components: {}, is_waxed: 0b, id: ""minecraft:sign"", front_text: {has_glowing_text: 0b, color: ""black"", messages: ["""", """", """", """"]}}"
"(12, 1, 6)",minecraft:spruce_wall_sign,"{'facing': 'west', 'waterlogged': 'false'}","{back_text: {has_glowing_text: 0b, color: ""black"", messages: ["""", """", """", """"]}, components: {}, is_waxed: 0b, id: ""minecraft:sign"", front_text: {has_glowing_text: 0b, color: ""black"", messages: ["""", """", """", """"]}}"
"(13, 1, 6)",minecraft:barrel,"{'facing': 'down', 'open': 'false'}","{components: {}, Items: [], id: ""minecraft:barrel""}"
"(14, 1, 6)",minecraft:spruce_wall_sign,"{'facing': 'east', 'waterlogged': 'false'}","{back_text: {has_glowing_text: 0b, color: ""black"", messages: ["""", """", """", """"]}, components: {}, is_waxed: 0b, id: ""minecraft:sign"", front_text: {has_glowing_text: 0b, color: ""black"", messages: ["""", """", """", """"]}}"
"(16, 1, 6)",minecraft:cobbled_deepslate,{},
"(17, 1, 6)",minecraft:cobbled_deepslate,{},
"(18, 1, 6)",minecraft:basalt,{'axis': 'x'},
"(3, 1, 7)",minecraft:peony,{'half': 'upper'},
"(4, 1, 7)",minecraft:granite,{},
"(5, 1, 7)",minecraft:spruce_wall_sign,"{'facing': 'west', 'waterlogged': 'false'}","{back_text: {has_glowing_text: 0b, color: ""black"", messages: ["""", """", """", """"]}, components: {}, is_waxed: 0b, id: ""minecraft:sign"", front_text: {has_glowing_text: 0b, color: ""black"", messages: ["""", """", """", """"]}}"
"(6, 1, 7)",minecraft:spruce_stairs,"{'facing': 'south', 'half': 'bottom', 'shape': 'straight', 'waterlogged': 'false'}",
"(7, 1, 7)",minecraft:spruce_fence_gate,"{'facing': 'north', 'in_wall': 'false', 'open': 'true', 'powered': 'false'}",
"(8, 1, 7)",minecraft:spruce_stairs,"{'facing': 'south', 'half': 'bottom', 'shape': 'straight', 'waterlogged': 'false'}",
"(9, 1, 7)",minecraft:spruce_fence_gate,"{'facing': 'north', 'in_wall': 'false', 'open': 'true', 'powered': 'false'}",
"(10, 1, 7)",minecraft:spruce_stairs,"{'facing': 'south', 'half': 'bottom', 'shape': 'straight', 'waterlogged': 'false'}",
"(11, 1, 7)",minecraft:spruce_wall_sign,"{'facing': 'east', 'waterlogged': 'false'}","{back_text: {has_glowing_text: 0b, color: ""black"", messages: ["""", """", """", """"]}, components: {}, is_waxed: 0b, id: ""minecraft:sign"", front_text: {has_glowing_text: 0b, color: ""black"", messages: ["""", """", """", """"]}}"
"(13, 1, 7)",minecraft:spruce_wall_sign,"{'facing': 'south', 'waterlogged': 'false'}","{back_text: {has_glowing_text: 0b, color: ""black"", messages: ["""", """", """", """"]}, components: {}, is_waxed: 0b, id: ""minecraft:sign"", front_text: {has_glowing_text: 0b, color: ""black"", messages: ["""", """", """", """"]}}"
"(15, 1, 7)",minecraft:scaffolding,"{'bottom': 'false', 'distance': '0', 'waterlogged': 'false'}",
"(16, 1, 7)",minecraft:terracotta,{},
"(17, 1, 7)",minecraft:cobbled_deepslate_stairs,"{'facing': 'north', 'half': 'bottom', 'shape': 'straight', 'waterlogged': 'false'}",
"(1, 1, 8)",minecraft:spruce_wood,{'axis': 'y'},
"(2, 1, 8)",minecraft:spruce_wall_hanging_sign,"{'facing': 'south', 'waterlogged': 'false'}","{back_text: {has_glowing_text: 0b, color: ""black"", messages: ["""", """", """", """"]}, components: {}, is_waxed: 0b, id: ""minecraft:hanging_sign"", front_text: {has_glowing_text: 0b, color: ""black"", messages: ["""", """", """", """"]}}"
"(3, 1, 8)",minecraft:oak_wall_hanging_sign,"{'facing': 'south', 'waterlogged': 'false'}","{back_text: {has_glowing_text: 0b, color: ""black"", messages: ["""", """", """", """"]}, components: {}, is_waxed: 0b, id: ""minecraft:hanging_sign"", front_text: {has_glowing_text: 0b, color: ""black"", messages: ["""", """", """", """"]}}"
"(4, 1, 8)",minecraft:oak_log,{'axis': 'y'},
"(5, 1, 8)",minecraft:oak_trapdoor,"{'facing': 'north', 'half': 'bottom', 'open': 'true', 'powered': 'false', 'waterlogged': 'false'}",
"(6, 1, 8)",minecraft:oak_trapdoor,"{'facing': 'north', 'half': 'bottom', 'open': 'true', 'powered': 'false', 'waterlogged': 'false'}",
"(7, 1, 8)",minecraft:oak_trapdoor,"{'facing': 'north', 'half': 'bottom', 'open': 'true', 'powered': 'false', 'waterlogged': 'false'}",
"(9, 1, 8)",minecraft:oak_trapdoor,"{'facing': 'north', 'half': 'bottom', 'open': 'true', 'powered': 'false', 'waterlogged': 'false'}",
"(10, 1, 8)",minecraft:oak_log,{'axis': 'y'},
"(11, 1, 8)",minecraft:oak_trapdoor,"{'facing': 'north', 'half': 'bottom', 'open': 'true', 'powered': 'false', 'waterlogged': 'false'}",
"(12, 1, 8)",minecraft:smoker,"{'facing': 'north', 'lit': 'false'}","{lit_total_time: 0s, components: {}, cooking_time_spent: 0s, cooking_total_time: 0s, Items: [], id: ""minecraft:smoker"", lit_time_remaining: 0s, RecipesUsed: {}}"
"(13, 1, 8)",minecraft:oak_trapdoor,"{'facing': 'north', 'half': 'bottom', 'open': 'true', 'powered': 'false', 'waterlogged': 'false'}",
"(15, 1, 8)",minecraft:scaffolding,"{'bottom': 'false', 'distance': '0', 'waterlogged': 'false'}",
"(16, 1, 8)",minecraft:oak_log,{'axis': 'y'},
"(17, 1, 8)",minecraft:azalea_leaves,"{'distance': '1', 'persistent': 'true', 'waterlogged': 'false'}",
"(1, 1, 9)",minecraft:oak_wall_hanging_sign,"{'facing': 'east', 'waterlogged': 'false'}","{back_text: {has_glowing_text: 0b, color: ""black"", messages: ["""", """", """", """"]}, components: {}, is_waxed: 0b, id: ""minecraft:hanging_sign"", front_text: {has_glowing_text: 0b, color: ""black"", messages: ["""", """", """", """"]}}"
"(4, 1, 9)",minecraft:terracotta,{},
"(5, 1, 9)",minecraft:decorated_pot,"{'cracked': 'false', 'facing': 'north', 'waterlogged': 'false'}","{components: {}, id: ""minecraft:decorated_pot""}"
"(10, 1, 9)",minecraft:scaffolding,"{'bottom': 'false', 'distance': '0', 'waterlogged': 'false'}",
"(12, 1, 9)",minecraft:oak_trapdoor,"{'facing': 'south', 'half': 'bottom', 'open': 'true', 'powered': 'false', 'waterlogged': 'false'}",
"(15, 1, 9)",minecraft:oak_trapdoor,"{'facing': 'south', 'half': 'bottom', 'open': 'true', 'powered': 'false', 'waterlogged': 'false'}",
"(16, 1, 9)",minecraft:terracotta,{},
"(17, 1, 9)",minecraft:azalea_leaves,"{'distance': '2', 'persistent': 'true', 'waterlogged': 'false'}",
"(1, 1, 10)",minecraft:spruce_wall_hanging_sign,"{'facing': 'east', 'waterlogged': 'false'}","{back_text: {has_glowing_text: 0b, color: ""black"", messages: ["""", """", """", """"]}, components: {}, is_waxed: 0b, id: ""minecraft:hanging_sign"", front_text: {has_glowing_text: 0b, color: ""black"", messages: ["""", """", """", """"]}}"
"(4, 1, 10)",minecraft:spruce_door,"{'facing': 'east', 'half': 'lower', 'hinge': 'left', 'open': 'false', 'powered': 'false'}",
"(7, 1, 10)",minecraft:fire_coral_fan,{'waterlogged': 'false'},
"(8, 1, 10)",minecraft:fire_coral_fan,{'waterlogged': 'false'},
"(9, 1, 10)",minecraft:fire_coral_fan,{'waterlogged': 'false'},
"(10, 1, 10)",minecraft:brain_coral_fan,{'waterlogged': 'false'},
"(11, 1, 10)",minecraft:brain_coral_fan,{'waterlogged': 'false'},
"(12, 1, 10)",minecraft:brain_coral_fan,{'waterlogged': 'false'},
"(15, 1, 10)",minecraft:scaffolding,"{'bottom': 'false', 'distance': '0', 'waterlogged': 'false'}",
"(16, 1, 10)",minecraft:terracotta,{},
"(3, 1, 11)",minecraft:spruce_trapdoor,"{'facing': 'north', 'half': 'bottom', 'open': 'true', 'powered': 'false', 'waterlogged': 'false'}",
"(4, 1, 11)",minecraft:terracotta,{},
"(5, 1, 11)",minecraft:jungle_wall_sign,"{'facing': 'north', 'waterlogged': 'false'}","{back_text: {has_glowing_text: 0b, color: ""black"", messages: ["""", """", """", """"]}, components: {}, is_waxed: 0b, id: ""minecraft:sign"", front_text: {has_glowing_text: 0b, color: ""black"", messages: ["""", """", """", """"]}}"
"(7, 1, 11)",minecraft:fire_coral_fan,{'waterlogged': 'false'},
"(8, 1, 11)",minecraft:fire_coral_fan,{'waterlogged': 'false'},
"(9, 1, 11)",minecraft:brain_coral_fan,{'waterlogged': 'false'},
"(10, 1, 11)",minecraft:fire_coral_fan,{'waterlogged': 'false'},
"(11, 1, 11)",minecraft:brain_coral_fan,{'waterlogged': 'false'},
"(12, 1, 11)",minecraft:brain_coral_fan,{'waterlogged': 'false'},
"(14, 1, 11)",minecraft:oak_trapdoor,"{'facing': 'north', 'half': 'bottom', 'open': 'true', 'powered': 'false', 'waterlogged': 'false'}",
"(15, 1, 11)",minecraft:scaffolding,"{'bottom': 'false', 'distance': '0', 'waterlogged': 'false'}",
"(16, 1, 11)",minecraft:terracotta,{},
"(17, 1, 11)",minecraft:spruce_trapdoor,"{'facing': 'north', 'half': 'bottom', 'open': 'true', 'powered': 'false', 'waterlogged': 'false'}",
"(1, 1, 12)",minecraft:oak_wall_hanging_sign,"{'facing': 'east', 'waterlogged': 'false'}","{back_text: {has_glowing_text: 0b, color: ""black"", messages: ["""", """", """", """"]}, components: {}, is_waxed: 0b, id: ""minecraft:hanging_sign"", front_text: {has_glowing_text: 0b, color: ""black"", messages: ["""", """", """", """"]}}"
"(2, 1, 12)",minecraft:spruce_trapdoor,"{'facing': 'west', 'half': 'bottom', 'open': 'true', 'powered': 'false', 'waterlogged': 'false'}",
"(3, 1, 12)",minecraft:grass_block,{'snowy': 'false'},
"(4, 1, 12)",minecraft:granite,{},
"(5, 1, 12)",minecraft:waxed_exposed_cut_copper_stairs,"{'facing': 'west', 'half': 'bottom', 'shape': 'straight', 'waterlogged': 'false'}",
"(13, 1, 12)",minecraft:oak_trapdoor,"{'facing': 'west', 'half': 'bottom', 'open': 'true', 'powered': 'false', 'waterlogged': 'false'}",
"(15, 1, 12)",minecraft:oak_trapdoor,"{'facing': 'south', 'half': 'bottom', 'open': 'true', 'powered': 'false', 'waterlogged': 'false'}",
"(16, 1, 12)",minecraft:granite,{},
"(18, 1, 12)",minecraft:spruce_door,"{'facing': 'east', 'half': 'upper', 'hinge': 'left', 'open': 'false', 'powered': 'false'}",
"(1, 1, 13)",minecraft:spruce_wall_hanging_sign,"{'facing': 'east', 'waterlogged': 'false'}","{back_text: {has_glowing_text: 0b, color: ""black"", messages: ["""", """", """", """"]}, components: {}, is_waxed: 0b, id: ""minecraft:hanging_sign"", front_text: {has_glowing_text: 0b, color: ""black"", messages: ["""", """", """", """"]}}"
"(2, 1, 13)",minecraft:spruce_trapdoor,"{'facing': 'west', 'half': 'bottom', 'open': 'true', 'powered': 'false', 'waterlogged': 'false'}",
"(3, 1, 13)",minecraft:grass_block,{'snowy': 'false'},
"(4, 1, 13)",minecraft:granite,{},
"(5, 1, 13)",minecraft:waxed_exposed_cut_copper_stairs,"{'facing': 'west', 'half': 'bottom', 'shape': 'inner_left', 'waterlogged': 'false'}",
"(6, 1, 13)",minecraft:waxed_exposed_cut_copper_stairs,"{'facing': 'south', 'half': 'bottom', 'shape': 'straight', 'waterlogged': 'false'}",
"(7, 1, 13)",minecraft:waxed_exposed_cut_copper_stairs,"{'facing': 'south', 'half': 'bottom', 'shape': 'straight', 'waterlogged': 'false'}",
"(8, 1, 13)",minecraft:jungle_wall_sign,"{'facing': 'east', 'waterlogged': 'false'}","{back_text: {has_glowing_text: 0b, color: ""black"", messages: ["""", """", """", """"]}, components: {}, is_waxed: 0b, id: ""minecraft:sign"", front_text: {has_glowing_text: 0b, color: ""black"", messages: ["""", """", """", """"]}}"
"(9, 1, 13)",minecraft:composter,{'level': '0'},
"(10, 1, 13)",minecraft:jungle_wall_sign,"{'facing': 'west', 'waterlogged': 'false'}","{back_text: {has_glowing_text: 0b, color: ""black"", messages: ["""", """", """", """"]}, components: {}, is_waxed: 0b, id: ""minecraft:sign"", front_text: {has_glowing_text: 0b, color: ""black"", messages: ["""", """", """", """"]}}"
"(11, 1, 13)",minecraft:waxed_exposed_cut_copper_stairs,"{'facing': 'south', 'half': 'bottom', 'shape': 'straight', 'waterlogged': 'false'}",
"(12, 1, 13)",minecraft:jungle_wall_sign,"{'facing': 'east', 'waterlogged': 'false'}","{back_text: {has_glowing_text: 0b, color: ""black"", messages: ["""", """", """", """"]}, components: {}, is_waxed: 0b, id: ""minecraft:sign"", front_text: {has_glowing_text: 0b, color: ""black"", messages: ["""", """", """", """"]}}"
"(14, 1, 13)",minecraft:spruce_stairs,"{'facing': 'east', 'half': 'bottom', 'shape': 'straight', 'waterlogged': 'false'}",
"(15, 1, 13)",minecraft:spruce_trapdoor,"{'facing': 'east', 'half': 'top', 'open': 'true', 'powered': 'false', 'waterlogged': 'false'}",
"(16, 1, 13)",minecraft:granite,{},
"(17, 1, 13)",minecraft:lantern,"{'hanging': 'false', 'waterlogged': 'false'}",
"(18, 1, 13)",minecraft:spruce_door,"{'facing': 'east', 'half': 'upper', 'hinge': 'right', 'open': 'false', 'powered': 'false'}",
"(1, 1, 14)",minecraft:spruce_wood,{'axis': 'y'},
"(2, 1, 14)",minecraft:spruce_wall_hanging_sign,"{'facing': 'north', 'waterlogged': 'false'}","{back_text: {has_glowing_text: 0b, color: ""black"", messages: ["""", """", """", """"]}, components: {}, is_waxed: 0b, id: ""minecraft:hanging_sign"", front_text: {has_glowing_text: 0b, color: ""black"", messages: ["""", """", """", """"]}}"
"(3, 1, 14)",minecraft:spruce_wall_hanging_sign,"{'facing': 'north', 'waterlogged': 'false'}","{back_text: {has_glowing_text: 0b, color: ""black"", messages: ["""", """", """", """"]}, components: {}, is_waxed: 0b, id: ""minecraft:hanging_sign"", front_text: {has_glowing_text: 0b, color: ""black"", messages: ["""", """", """", """"]}}"
"(4, 1, 14)",minecraft:oak_log,{'axis': 'y'},
"(5, 1, 14)",minecraft:granite,{},
"(6, 1, 14)",minecraft:granite,{},
"(7, 1, 14)",minecraft:granite,{},
"(8, 1, 14)",minecraft:terracotta,{},
"(9, 1, 14)",minecraft:terracotta,{},
"(10, 1, 14)",minecraft:oak_log,{'axis': 'y'},
"(11, 1, 14)",minecraft:granite,{},
"(12, 1, 14)",minecraft:granite,{},
"(13, 1, 14)",minecraft:granite,{},
"(14, 1, 14)",minecraft:terracotta,{},
"(15, 1, 14)",minecraft:terracotta,{},
"(16, 1, 14)",minecraft:oak_log,{'axis': 'y'},
"(17, 1, 14)",minecraft:spruce_trapdoor,"{'facing': 'south', 'half': 'bottom', 'open': 'true', 'powered': 'false', 'waterlogged': 'false'}",
"(6, 1, 15)",minecraft:azalea_leaves,"{'distance': '7', 'persistent': 'true', 'waterlogged': 'false'}",
"(11, 1, 15)",minecraft:spruce_planks,{},
"(15, 1, 15)",minecraft:stripped_spruce_wood,{'axis': 'x'},
"(11, 1, 16)",minecraft:stripped_spruce_wood,{'axis': 'z'},
"(12, 1, 16)",minecraft:oak_trapdoor,"{'facing': 'north', 'half': 'bottom', 'open': 'true', 'powered': 'false', 'waterlogged': 'false'}",
"(13, 1, 16)",minecraft:spruce_trapdoor,"{'facing': 'north', 'half': 'bottom', 'open': 'true', 'powered': 'false', 'waterlogged': 'false'}",
"(14, 1, 16)",minecraft:spruce_door,"{'facing': 'north', 'half': 'upper', 'hinge': 'left', 'open': 'false', 'powered': 'false'}",
"(15, 1, 16)",minecraft:spruce_planks,{},
"(6, 2, 1)",minecraft:oak_fence_gate,"{'facing': 'south', 'in_wall': 'false', 'open': 'true', 'powered': 'false'}",
"(8, 2, 1)",minecraft:oak_fence_gate,"{'facing': 'south', 'in_wall': 'false', 'open': 'true', 'powered': 'false'}",
"(12, 2, 1)",minecraft:oak_fence_gate,"{'facing': 'south', 'in_wall': 'false', 'open': 'true', 'powered': 'false'}",
"(14, 2, 1)",minecraft:oak_fence_gate,"{'facing': 'south', 'in_wall': 'false', 'open': 'true', 'powered': 'false'}",
"(4, 2, 2)",minecraft:mangrove_wood,{'axis': 'y'},
"(5, 2, 2)",minecraft:terracotta,{},
"(6, 2, 2)",minecraft:white_stained_glass_pane,"{'east': 'true', 'north': 'false', 'south': 'false', 'waterlogged': 'false', 'west': 'true'}",
"(7, 2, 2)",minecraft:white_stained_glass_pane,"{'east': 'true', 'north': 'false', 'south': 'false', 'waterlogged': 'false', 'west': 'true'}",
"(8, 2, 2)",minecraft:white_stained_glass_pane,"{'east': 'true', 'north': 'false', 'south': 'false', 'waterlogged': 'false', 'west': 'true'}",
"(9, 2, 2)",minecraft:terracotta,{},
"(10, 2, 2)",minecraft:mangrove_wood,{'axis': 'y'},
"(11, 2, 2)",minecraft:terracotta,{},
"(12, 2, 2)",minecraft:white_stained_glass_pane,"{'east': 'true', 'north': 'false', 'south': 'false', 'waterlogged': 'false', 'west': 'true'}",
"(13, 2, 2)",minecraft:white_stained_glass_pane,"{'east': 'true', 'north': 'false', 'south': 'false', 'waterlogged': 'false', 'west': 'true'}",
"(14, 2, 2)",minecraft:white_stained_glass_pane,"{'east': 'true', 'north': 'false', 'south': 'false', 'waterlogged': 'false', 'west': 'true'}",
"(15, 2, 2)",minecraft:terracotta,{},
"(16, 2, 2)",minecraft:mangrove_wood,{'axis': 'y'},
"(4, 2, 3)",minecraft:brown_wool,{},
"(5, 2, 3)",minecraft:spruce_trapdoor,"{'facing': 'south', 'half': 'top', 'open': 'false', 'powered': 'false', 'waterlogged': 'false'}",
"(6, 2, 3)",minecraft:spruce_trapdoor,"{'facing': 'south', 'half': 'top', 'open': 'false', 'powered': 'false', 'waterlogged': 'false'}",
"(9, 2, 3)",minecraft:spruce_trapdoor,"{'facing': 'south', 'half': 'top', 'open': 'false', 'powered': 'false', 'waterlogged': 'false'}",
"(13, 2, 3)",minecraft:brewing_stand,"{'has_bottle_0': 'false', 'has_bottle_1': 'false', 'has_bottle_2': 'false'}","{components: {}, Fuel: 0b, Items: [], id: ""minecraft:brewing_stand"", BrewTime: 0s}"
"(15, 2, 3)",minecraft:lever,"{'face': 'wall', 'facing': 'south', 'powered': 'true'}",
"(16, 2, 3)",minecraft:brown_wool,{},
"(17, 2, 3)",minecraft:cobbled_deepslate_stairs,"{'facing': 'west', 'half': 'bottom', 'shape': 'straight', 'waterlogged': 'false'}",
"(3, 2, 4)",minecraft:oak_fence_gate,"{'facing': 'east', 'in_wall': 'false', 'open': 'true', 'powered': 'false'}",
"(4, 2, 4)",minecraft:white_stained_glass_pane,"{'east': 'false', 'north': 'true', 'south': 'true', 'waterlogged': 'false', 'west': 'false'}",
"(16, 2, 4)",minecraft:cobbled_deepslate_stairs,"{'facing': 'east', 'half': 'bottom', 'shape': 'straight', 'waterlogged': 'false'}",
"(17, 2, 4)",minecraft:cobbled_deepslate,{},
"(18, 2, 4)",minecraft:basalt,{'axis': 'x'},
"(4, 2, 5)",minecraft:white_stained_glass_pane,"{'east': 'false', 'north': 'true', 'south': 'true', 'waterlogged': 'false', 'west': 'false'}",
"(7, 2, 5)",minecraft:cake,{'bites': '0'},
"(9, 2, 5)",minecraft:candle,"{'candles': '4', 'lit': 'true', 'waterlogged': 'false'}",
"(17, 2, 5)",minecraft:furnace,"{'facing': 'west', 'lit': 'false'}","{lit_total_time: 0s, components: {}, cooking_time_spent: 0s, cooking_total_time: 0s, Items: [], id: ""minecraft:furnace"", lit_time_remaining: 0s, RecipesUsed: {}}"
"(18, 2, 5)",minecraft:cobbled_deepslate,{},
"(3, 2, 6)",minecraft:oak_fence_gate,"{'facing': 'east', 'in_wall': 'false', 'open': 'true', 'powered': 'false'}",
"(4, 2, 6)",minecraft:white_stained_glass_pane,"{'east': 'false', 'north': 'true', 'south': 'true', 'waterlogged': 'false', 'west': 'false'}",
"(13, 2, 6)",minecraft:turtle_egg,"{'eggs': '2', 'hatch': '0'}",
"(16, 2, 6)",minecraft:cobbled_deepslate_stairs,"{'facing': 'east', 'half': 'bottom', 'shape': 'straight', 'waterlogged': 'false'}",
"(17, 2, 6)",minecraft:basalt,{'axis': 'z'},
"(18, 2, 6)",minecraft:cobbled_deepslate_wall,"{'east': 'none', 'north': 'low', 'south': 'none', 'up': 'true', 'waterlogged': 'false', 'west': 'low'}",
"(1, 2, 7)",minecraft:flowering_azalea_leaves,"{'distance': '7', 'persistent': 'true', 'waterlogged': 'false'}",
"(4, 2, 7)",minecraft:terracotta,{},
"(5, 2, 7)",minecraft:spruce_trapdoor,"{'facing': 'east', 'half': 'top', 'open': 'false', 'powered': 'false', 'waterlogged': 'false'}",
"(15, 2, 7)",minecraft:brown_candle,"{'candles': '4', 'lit': 'true', 'waterlogged': 'false'}",
"(16, 2, 7)",minecraft:terracotta,{},
"(1, 2, 8)",minecraft:oak_fence,"{'east': 'false', 'north': 'false', 'south': 'false', 'waterlogged': 'false', 'west': 'false'}",
"(2, 2, 8)",minecraft:lantern,"{'hanging': 'false', 'waterlogged': 'false'}",
"(4, 2, 8)",minecraft:mangrove_wood,{'axis': 'y'},
"(5, 2, 8)",minecraft:oak_trapdoor,"{'facing': 'north', 'half': 'bottom', 'open': 'true', 'powered': 'false', 'waterlogged': 'false'}",
"(6, 2, 8)",minecraft:oak_trapdoor,"{'facing': 'north', 'half': 'bottom', 'open': 'true', 'powered': 'false', 'waterlogged': 'false'}",
"(7, 2, 8)",minecraft:oak_trapdoor,"{'facing': 'north', 'half': 'bottom', 'open': 'true', 'powered': 'false', 'waterlogged': 'false'}",
"(9, 2, 8)",minecraft:oak_trapdoor,"{'facing': 'north', 'half': 'bottom', 'open': 'true', 'powered': 'false', 'waterlogged': 'false'}",
"(10, 2, 8)",minecraft:mangrove_wood,{'axis': 'y'},
"(11, 2, 8)",minecraft:oak_trapdoor,"{'facing': 'north', 'half': 'bottom', 'open': 'true', 'powered': 'false', 'waterlogged': 'false'}",
"(12, 2, 8)",minecraft:spruce_trapdoor,"{'facing': 'north', 'half': 'top', 'open': 'false', 'powered': 'false', 'waterlogged': 'false'}",
"(13, 2, 8)",minecraft:oak_trapdoor,"{'facing': 'north', 'half': 'bottom', 'open': 'true', 'powered': 'false', 'waterlogged': 'false'}",
"(15, 2, 8)",minecraft:sea_pickle,"{'pickles': '3', 'waterlogged': 'false'}",
"(16, 2, 8)",minecraft:mangrove_wood,{'axis': 'y'},
"(4, 2, 9)",minecraft:brown_wool,{},
"(5, 2, 9)",minecraft:potted_bamboo,{},
"(6, 2, 9)",minecraft:cyan_wall_banner,{'facing': 'south'},"{components: {}, id: ""minecraft:banner""}"
"(9, 2, 9)",minecraft:cyan_wall_banner,{'facing': 'south'},"{components: {}, id: ""minecraft:banner""}"
"(10, 2, 9)",minecraft:lantern,"{'hanging': 'false', 'waterlogged': 'false'}",
"(11, 2, 9)",minecraft:cyan_wall_banner,{'facing': 'south'},"{components: {}, id: ""minecraft:banner""}"
"(12, 2, 9)",minecraft:oak_trapdoor,"{'facing': 'south', 'half': 'bottom', 'open': 'true', 'powered': 'false', 'waterlogged': 'false'}",
"(13, 2, 9)",minecraft:cyan_wall_banner,{'facing': 'south'},"{components: {}, id: ""minecraft:banner""}"
"(15, 2, 9)",minecraft:oak_trapdoor,"{'facing': 'south', 'half': 'bottom', 'open': 'true', 'powered': 'false', 'waterlogged': 'false'}",
"(16, 2, 9)",minecraft:brown_wool,{},
"(4, 2, 10)",minecraft:spruce_door,"{'facing': 'east', 'half': 'upper', 'hinge': 'left', 'open': 'false', 'powered': 'false'}",
"(15, 2, 10)",minecraft:potted_cornflower,{},
"(16, 2, 10)",minecraft:white_stained_glass_pane,"{'east': 'false', 'north': 'true', 'south': 'true', 'waterlogged': 'false', 'west': 'false'}",
"(17, 2, 10)",minecraft:oak_fence_gate,"{'facing': 'west', 'in_wall': 'false', 'open': 'true', 'powered': 'false'}",
"(4, 2, 11)",minecraft:terracotta,{},
"(14, 2, 11)",minecraft:oak_trapdoor,"{'facing': 'north', 'half': 'top', 'open': 'true', 'powered': 'false', 'waterlogged': 'false'}",
"(15, 2, 11)",minecraft:ender_chest,"{'facing': 'west', 'waterlogged': 'false'}","{components: {}, id: ""minecraft:ender_chest""}"
"(16, 2, 11)",minecraft:terracotta,{},
"(3, 2, 12)",minecraft:fern,{},
"(4, 2, 12)",minecraft:white_stained_glass_pane,"{'east': 'false', 'north': 'true', 'south': 'true', 'waterlogged': 'false', 'west': 'false'}",
"(13, 2, 12)",minecraft:oak_trapdoor,"{'facing': 'west', 'half': 'top', 'open': 'true', 'powered': 'false', 'waterlogged': 'false'}",
"(14, 2, 12)",minecraft:oak_trapdoor,"{'facing': 'north', 'half': 'bottom', 'open': 'true', 'powered': 'false', 'waterlogged': 'false'}",
"(15, 2, 12)",minecraft:oak_trapdoor,"{'facing': 'south', 'half': 'bottom', 'open': 'true', 'powered': 'false', 'waterlogged': 'false'}",
"(16, 2, 12)",minecraft:terracotta,{},
"(17, 2, 12)",minecraft:spruce_trapdoor,"{'facing': 'east', 'half': 'bottom', 'open': 'false', 'powered': 'false', 'waterlogged': 'false'}",
"(3, 2, 13)",minecraft:pitcher_plant,{'half': 'lower'},
"(4, 2, 13)",minecraft:terracotta,{},
"(9, 2, 13)",minecraft:oak_leaves,"{'distance': '7', 'persistent': 'true', 'waterlogged': 'false'}",
"(10, 2, 13)",minecraft:spruce_trapdoor,"{'facing': 'east', 'half': 'top', 'open': 'false', 'powered': 'false', 'waterlogged': 'false'}",
"(11, 2, 13)",minecraft:spruce_trapdoor,"{'facing': 'east', 'half': 'top', 'open': 'false', 'powered': 'false', 'waterlogged': 'false'}",
"(12, 2, 13)",minecraft:spruce_trapdoor,"{'facing': 'east', 'half': 'top', 'open': 'false', 'powered': 'false', 'waterlogged': 'false'}",
"(14, 2, 13)",minecraft:spruce_trapdoor,"{'facing': 'west', 'half': 'bottom', 'open': 'true', 'powered': 'false', 'waterlogged': 'false'}",
"(15, 2, 13)",minecraft:spruce_stairs,"{'facing': 'west', 'half': 'top', 'shape': 'straight', 'waterlogged': 'false'}",
"(16, 2, 13)",minecraft:terracotta,{},
"(17, 2, 13)",minecraft:spruce_trapdoor,"{'facing': 'east', 'half': 'bottom', 'open': 'false', 'powered': 'false', 'waterlogged': 'false'}",
"(1, 2, 14)",minecraft:oak_fence,"{'east': 'false', 'north': 'false', 'south': 'false', 'waterlogged': 'false', 'west': 'false'}",
"(4, 2, 14)",minecraft:mangrove_wood,{'axis': 'y'},
"(5, 2, 14)",minecraft:terracotta,{},
"(6, 2, 14)",minecraft:white_stained_glass_pane,"{'east': 'true', 'north': 'false', 'south': 'false', 'waterlogged': 'false', 'west': 'true'}",
"(7, 2, 14)",minecraft:white_stained_glass_pane,"{'east': 'true', 'north': 'false', 'south': 'false', 'waterlogged': 'false', 'west': 'true'}",
"(8, 2, 14)",minecraft:white_stained_glass_pane,"{'east': 'true', 'north': 'false', 'south': 'false', 'waterlogged': 'false', 'west': 'true'}",
"(9, 2, 14)",minecraft:terracotta,{},
"(10, 2, 14)",minecraft:mangrove_wood,{'axis': 'y'},
"(11, 2, 14)",minecraft:terracotta,{},
"(12, 2, 14)",minecraft:terracotta,{},
"(13, 2, 14)",minecraft:terracotta,{},
"(14, 2, 14)",minecraft:terracotta,{},
"(15, 2, 14)",minecraft:brown_wool,{},
"(16, 2, 14)",minecraft:mangrove_wood,{'axis': 'y'},
"(17, 2, 14)",minecraft:lantern,"{'hanging': 'true', 'waterlogged': 'false'}",
"(6, 2, 15)",minecraft:oak_fence_gate,"{'facing': 'north', 'in_wall': 'false', 'open': 'true', 'powered': 'false'}",
"(8, 2, 15)",minecraft:oak_fence_gate,"{'facing': 'north', 'in_wall': 'false', 'open': 'true', 'powered': 'false'}",
"(10, 2, 15)",minecraft:spruce_wall_sign,"{'facing': 'west', 'waterlogged': 'false'}","{back_text: {has_glowing_text: 0b, color: ""black"", messages: ["""", """", """", """"]}, components: {}, is_waxed: 0b, id: ""minecraft:sign"", front_text: {has_glowing_text: 0b, color: ""black"", messages: ["""", """", """", """"]}}"
"(11, 2, 15)",minecraft:stripped_spruce_wood,{'axis': 'x'},
"(15, 2, 15)",minecraft:spruce_planks,{},
"(16, 2, 15)",minecraft:spruce_wall_sign,"{'facing': 'east', 'waterlogged': 'false'}","{back_text: {has_glowing_text: 0b, color: ""black"", messages: ["""", """", """", """"]}, components: {}, is_waxed: 0b, id: ""minecraft:sign"", front_text: {has_glowing_text: 0b, color: ""black"", messages: ["""", """", """", """"]}}"
"(10, 2, 16)",minecraft:spruce_wall_sign,"{'facing': 'west', 'waterlogged': 'false'}","{back_text: {has_glowing_text: 0b, color: ""black"", messages: ["""", """", """", """"]}, components: {}, is_waxed: 0b, id: ""minecraft:sign"", front_text: {has_glowing_text: 0b, color: ""black"", messages: ["""", """", """", """"]}}"
"(11, 2, 16)",minecraft:dark_oak_slab,"{'type': 'double', 'waterlogged': 'false'}",
"(12, 2, 16)",minecraft:dark_oak_slab,"{'type': 'top', 'waterlogged': 'false'}",
"(13, 2, 16)",minecraft:dark_oak_slab,"{'type': 'top', 'waterlogged': 'false'}",
"(14, 2, 16)",minecraft:dark_oak_slab,"{'type': 'top', 'waterlogged': 'false'}",
"(15, 2, 16)",minecraft:dark_oak_slab,"{'type': 'double', 'waterlogged': 'false'}",
"(16, 2, 16)",minecraft:spruce_wall_sign,"{'facing': 'east', 'waterlogged': 'false'}","{back_text: {has_glowing_text: 0b, color: ""black"", messages: ["""", """", """", """"]}, components: {}, is_waxed: 0b, id: ""minecraft:sign"", front_text: {has_glowing_text: 0b, color: ""black"", messages: ["""", """", """", """"]}}"
"(11, 2, 17)",minecraft:dark_oak_slab,"{'type': 'bottom', 'waterlogged': 'false'}",
"(12, 2, 17)",minecraft:dark_oak_slab,"{'type': 'bottom', 'waterlogged': 'false'}",
"(13, 2, 17)",minecraft:dark_oak_slab,"{'type': 'bottom', 'waterlogged': 'false'}",
"(14, 2, 17)",minecraft:dark_oak_slab,"{'type': 'bottom', 'waterlogged': 'false'}",
"(15, 2, 17)",minecraft:dark_oak_slab,"{'type': 'bottom', 'waterlogged': 'false'}",
"(4, 3, 1)",minecraft:spruce_fence,"{'east': 'false', 'north': 'false', 'south': 'true', 'waterlogged': 'false', 'west': 'false'}",
"(6, 3, 1)",minecraft:oxidized_copper_trapdoor,"{'facing': 'north', 'half': 'bottom', 'open': 'false', 'powered': 'false', 'waterlogged': 'false'}",
"(7, 3, 1)",minecraft:oxidized_cut_copper_slab,"{'type': 'bottom', 'waterlogged': 'false'}",
"(8, 3, 1)",minecraft:oxidized_copper_trapdoor,"{'facing': 'north', 'half': 'bottom', 'open': 'false', 'powered': 'false', 'waterlogged': 'false'}",
"(10, 3, 1)",minecraft:spruce_fence,"{'east': 'false', 'north': 'false', 'south': 'true', 'waterlogged': 'false', 'west': 'false'}",
"(12, 3, 1)",minecraft:oxidized_copper_trapdoor,"{'facing': 'north', 'half': 'bottom', 'open': 'false', 'powered': 'false', 'waterlogged': 'false'}",
"(13, 3, 1)",minecraft:oxidized_cut_copper_slab,"{'type': 'bottom', 'waterlogged': 'false'}",
"(14, 3, 1)",minecraft:oxidized_copper_trapdoor,"{'facing': 'north', 'half': 'bottom', 'open': 'false', 'powered': 'false', 'waterlogged': 'false'}",
"(16, 3, 1)",minecraft:spruce_fence,"{'east': 'false', 'north': 'false', 'south': 'true', 'waterlogged': 'false', 'west': 'false'}",
"(3, 3, 2)",minecraft:spruce_fence,"{'east': 'true', 'north': 'false', 'south': 'false', 'waterlogged': 'false', 'west': 'false'}",
"(4, 3, 2)",minecraft:stripped_dark_oak_wood,{'axis': 'y'},
"(5, 3, 2)",minecraft:brown_wool,{},
"(6, 3, 2)",minecraft:brown_wool,{},
"(7, 3, 2)",minecraft:brown_wool,{},
"(8, 3, 2)",minecraft:brown_wool,{},
"(9, 3, 2)",minecraft:brown_wool,{},
"(10, 3, 2)",minecraft:stripped_dark_oak_wood,{'axis': 'y'},
"(11, 3, 2)",minecraft:brown_wool,{},
"(12, 3, 2)",minecraft:brown_wool,{},
"(13, 3, 2)",minecraft:brown_wool,{},
"(14, 3, 2)",minecraft:brown_wool,{},
"(15, 3, 2)",minecraft:brown_wool,{},
"(16, 3, 2)",minecraft:stripped_dark_oak_wood,{'axis': 'y'},
"(17, 3, 2)",minecraft:spruce_fence,"{'east': 'false', 'north': 'false', 'south': 'false', 'waterlogged': 'false', 'west': 'true'}",
"(4, 3, 3)",minecraft:brown_wool,{},
"(5, 3, 3)",minecraft:lantern,"{'hanging': 'false', 'waterlogged': 'false'}",
"(6, 3, 3)",minecraft:pointed_dripstone,"{'thickness': 'tip', 'vertical_direction': 'up', 'waterlogged': 'false'}",
"(9, 3, 3)",minecraft:potted_lily_of_the_valley,{},
"(10, 3, 3)",minecraft:dark_oak_fence,"{'east': 'false', 'north': 'true', 'south': 'false', 'waterlogged': 'false', 'west': 'false'}",
"(11, 3, 3)",minecraft:green_wall_banner,{'facing': 'south'},"{components: {}, id: ""minecraft:banner""}"
"(13, 3, 3)",minecraft:barrel,"{'facing': 'south', 'open': 'false'}","{components: {}, Items: [], id: ""minecraft:barrel""}"
"(14, 3, 3)",minecraft:barrel,"{'facing': 'south', 'open': 'false'}","{components: {}, Items: [], id: ""minecraft:barrel""}"
"(15, 3, 3)",minecraft:barrel,"{'facing': 'south', 'open': 'false'}","{components: {}, Items: [], id: ""minecraft:barrel""}"
"(16, 3, 3)",minecraft:brown_wool,{},
"(3, 3, 4)",minecraft:oxidized_copper_trapdoor,"{'facing': 'west', 'half': 'bottom', 'open': 'false', 'powered': 'false', 'waterlogged': 'false'}",
"(4, 3, 4)",minecraft:brown_wool,{},
"(13, 3, 4)",minecraft:spruce_wall_sign,"{'facing': 'south', 'waterlogged': 'false'}","{back_text: {has_glowing_text: 0b, color: ""black"", messages: ["""", """", """", """"]}, components: {}, is_waxed: 0b, id: ""minecraft:sign"", front_text: {has_glowing_text: 0b, color: ""black"", messages: ["""", """", """", """"]}}"
"(14, 3, 4)",minecraft:spruce_wall_sign,"{'facing': 'south', 'waterlogged': 'false'}","{back_text: {has_glowing_text: 0b, color: ""black"", messages: ["""", """", """", """"]}, components: {}, is_waxed: 0b, id: ""minecraft:sign"", front_text: {has_glowing_text: 0b, color: ""black"", messages: ["""", """", """", """"]}}"
"(15, 3, 4)",minecraft:spruce_wall_sign,"{'facing': 'south', 'waterlogged': 'false'}","{back_text: {has_glowing_text: 0b, color: ""black"", messages: ["""", """", """", """"]}, components: {}, is_waxed: 0b, id: ""minecraft:sign"", front_text: {has_glowing_text: 0b, color: ""black"", messages: ["""", """", """", """"]}}"
"(16, 3, 4)",minecraft:brown_wool,{},
"(17, 3, 4)",minecraft:cobbled_deepslate,{},
"(18, 3, 4)",minecraft:tuff_stairs,"{'facing': 'south', 'half': 'bottom', 'shape': 'straight', 'waterlogged': 'false'}",
"(3, 3, 5)",minecraft:oxidized_cut_copper_slab,"{'type': 'bottom', 'waterlogged': 'false'}",
"(4, 3, 5)",minecraft:brown_wool,{},
"(13, 3, 5)",minecraft:spruce_fence_gate,"{'facing': 'south', 'in_wall': 'false', 'open': 'true', 'powered': 'false'}",
"(16, 3, 5)",minecraft:brown_wool,{},
"(18, 3, 5)",minecraft:basalt,{'axis': 'x'},
"(3, 3, 6)",minecraft:oxidized_copper_trapdoor,"{'facing': 'west', 'half': 'bottom', 'open': 'false', 'powered': 'false', 'waterlogged': 'false'}",
"(4, 3, 6)",minecraft:brown_wool,{},
"(13, 3, 6)",minecraft:spruce_fence_gate,"{'facing': 'north', 'in_wall': 'false', 'open': 'true', 'powered': 'false'}",
"(16, 3, 6)",minecraft:brown_wool,{},
"(17, 3, 6)",minecraft:tuff_stairs,"{'facing': 'north', 'half': 'top', 'shape': 'straight', 'waterlogged': 'false'}",
"(1, 3, 7)",minecraft:azalea_leaves,"{'distance': '7', 'persistent': 'true', 'waterlogged': 'false'}",
"(4, 3, 7)",minecraft:terracotta,{},
"(5, 3, 7)",minecraft:potted_azure_bluet,{},
"(10, 3, 7)",minecraft:dark_oak_fence,"{'east': 'false', 'north': 'false', 'south': 'true', 'waterlogged': 'false', 'west': 'false'}",
"(16, 3, 7)",minecraft:brown_wool,{},
"(1, 3, 8)",minecraft:bamboo_slab,"{'type': 'bottom', 'waterlogged': 'false'}",
"(2, 3, 8)",minecraft:bamboo_slab,"{'type': 'top', 'waterlogged': 'false'}",
"(3, 3, 8)",minecraft:spruce_fence,"{'east': 'true', 'north': 'false', 'south': 'false', 'waterlogged': 'false', 'west': 'false'}",
"(4, 3, 8)",minecraft:stripped_dark_oak_wood,{'axis': 'y'},
"(5, 3, 8)",minecraft:oak_trapdoor,"{'facing': 'north', 'half': 'bottom', 'open': 'true', 'powered': 'false', 'waterlogged': 'false'}",
"(6, 3, 8)",minecraft:oak_trapdoor,"{'facing': 'north', 'half': 'bottom', 'open': 'true', 'powered': 'false', 'waterlogged': 'false'}",
"(7, 3, 8)",minecraft:oak_trapdoor,"{'facing': 'north', 'half': 'bottom', 'open': 'true', 'powered': 'false', 'waterlogged': 'false'}",
"(8, 3, 8)",minecraft:oak_trapdoor,"{'facing': 'north', 'half': 'top', 'open': 'true', 'powered': 'false', 'waterlogged': 'false'}",
"(9, 3, 8)",minecraft:oak_trapdoor,"{'facing': 'north', 'half': 'top', 'open': 'true', 'powered': 'false', 'waterlogged': 'false'}",
"(10, 3, 8)",minecraft:stripped_dark_oak_wood,{'axis': 'y'},
"(11, 3, 8)",minecraft:oak_trapdoor,"{'facing': 'north', 'half': 'bottom', 'open': 'true', 'powered': 'false', 'waterlogged': 'false'}",
"(12, 3, 8)",minecraft:potted_bamboo,{},
"(13, 3, 8)",minecraft:oak_trapdoor,"{'facing': 'north', 'half': 'bottom', 'open': 'true', 'powered': 'false', 'waterlogged': 'false'}",
"(15, 3, 8)",minecraft:dark_oak_fence,"{'east': 'true', 'north': 'false', 'south': 'true', 'waterlogged': 'false', 'west': 'false'}",
"(16, 3, 8)",minecraft:stripped_dark_oak_wood,{'axis': 'y'},
"(17, 3, 8)",minecraft:dark_oak_fence,"{'east': 'false', 'north': 'false', 'south': 'false', 'waterlogged': 'false', 'west': 'true'}",
"(1, 3, 9)",minecraft:birch_slab,"{'type': 'top', 'waterlogged': 'false'}",
"(4, 3, 9)",minecraft:brown_wool,{},
"(5, 3, 9)",minecraft:flowering_azalea_leaves,"{'distance': '7', 'persistent': 'true', 'waterlogged': 'false'}",
"(6, 3, 9)",minecraft:cyan_wall_banner,{'facing': 'south'},"{components: {}, id: ""minecraft:banner""}"
"(7, 3, 9)",minecraft:cyan_wall_banner,{'facing': 'south'},"{components: {}, id: ""minecraft:banner""}"
"(9, 3, 9)",minecraft:cyan_wall_banner,{'facing': 'south'},"{components: {}, id: ""minecraft:banner""}"
"(10, 3, 9)",minecraft:dark_oak_fence,"{'east': 'false', 'north': 'true', 'south': 'false', 'waterlogged': 'false', 'west': 'false'}",
"(12, 3, 9)",minecraft:oak_trapdoor,"{'facing': 'south', 'half': 'bottom', 'open': 'true', 'powered': 'false', 'waterlogged': 'false'}",
"(13, 3, 9)",minecraft:cyan_wall_banner,{'facing': 'south'},"{components: {}, id: ""minecraft:banner""}"
"(14, 3, 9)",minecraft:oak_trapdoor,"{'facing': 'south', 'half': 'top', 'open': 'true', 'powered': 'false', 'waterlogged': 'false'}",
"(15, 3, 9)",minecraft:oak_trapdoor,"{'facing': 'south', 'half': 'bottom', 'open': 'true', 'powered': 'false', 'waterlogged': 'false'}",
"(16, 3, 9)",minecraft:brown_wool,{},
"(4, 3, 10)",minecraft:brown_wool,{},
"(16, 3, 10)",minecraft:brown_wool,{},
"(17, 3, 10)",minecraft:oxidized_copper_trapdoor,"{'facing': 'east', 'half': 'bottom', 'open': 'false', 'powered': 'false', 'waterlogged': 'false'}",
"(4, 3, 11)",minecraft:brown_wool,{},
"(14, 3, 11)",minecraft:oak_trapdoor,"{'facing': 'north', 'half': 'top', 'open': 'true', 'powered': 'false', 'waterlogged': 'false'}",
"(15, 3, 11)",minecraft:oak_trapdoor,"{'facing': 'north', 'half': 'top', 'open': 'true', 'powered': 'false', 'waterlogged': 'false'}",
"(16, 3, 11)",minecraft:brown_wool,{},
"(4, 3, 12)",minecraft:brown_wool,{},
"(14, 3, 12)",minecraft:oak_trapdoor,"{'facing': 'east', 'half': 'top', 'open': 'true', 'powered': 'false', 'waterlogged': 'false'}",
"(15, 3, 12)",minecraft:spruce_stairs,"{'facing': 'south', 'half': 'top', 'shape': 'straight', 'waterlogged': 'false'}",
"(16, 3, 12)",minecraft:brown_wool,{},
"(1, 3, 13)",minecraft:bamboo_mosaic_slab,"{'type': 'top', 'waterlogged': 'false'}",
"(3, 3, 13)",minecraft:pitcher_plant,{'half': 'upper'},
"(4, 3, 13)",minecraft:terracotta,{},
"(5, 3, 13)",minecraft:orange_wall_banner,{'facing': 'north'},"{components: {}, id: ""minecraft:banner""}"
"(9, 3, 13)",minecraft:oak_leaves,"{'distance': '7', 'persistent': 'true', 'waterlogged': 'false'}",
"(10, 3, 13)",minecraft:dark_oak_fence,"{'east': 'false', 'north': 'false', 'south': 'true', 'waterlogged': 'false', 'west': 'false'}",
"(11, 3, 13)",minecraft:potted_torchflower,{},
"(12, 3, 13)",minecraft:cyan_candle,"{'candles': '4', 'lit': 'true', 'waterlogged': 'false'}",
"(15, 3, 13)",minecraft:spruce_stairs,"{'facing': 'east', 'half': 'bottom', 'shape': 'straight', 'waterlogged': 'false'}",
"(16, 3, 13)",minecraft:terracotta,{},
"(0, 3, 14)",minecraft:flowering_azalea_leaves,"{'distance': '7', 'persistent': 'true', 'waterlogged': 'false'}",
"(1, 3, 14)",minecraft:bamboo_slab,"{'type': 'bottom', 'waterlogged': 'false'}",
"(2, 3, 14)",minecraft:birch_slab,"{'type': 'top', 'waterlogged': 'false'}",
"(3, 3, 14)",minecraft:dark_oak_fence,"{'east': 'true', 'north': 'false', 'south': 'false', 'waterlogged': 'false', 'west': 'false'}",
"(4, 3, 14)",minecraft:stripped_dark_oak_wood,{'axis': 'y'},
"(5, 3, 14)",minecraft:terracotta,{},
"(6, 3, 14)",minecraft:brown_wool,{},
"(7, 3, 14)",minecraft:brown_wool,{},
"(8, 3, 14)",minecraft:brown_wool,{},
"(9, 3, 14)",minecraft:brown_wool,{},
"(10, 3, 14)",minecraft:stripped_dark_oak_wood,{'axis': 'y'},
"(11, 3, 14)",minecraft:terracotta,{},
"(12, 3, 14)",minecraft:brown_wool,{},
"(13, 3, 14)",minecraft:brown_wool,{},
"(14, 3, 14)",minecraft:brown_wool,{},
"(15, 3, 14)",minecraft:brown_wool,{},
"(16, 3, 14)",minecraft:stripped_dark_oak_wood,{'axis': 'y'},
"(17, 3, 14)",minecraft:dark_oak_fence,"{'east': 'false', 'north': 'false', 'south': 'false', 'waterlogged': 'false', 'west': 'true'}",
"(4, 3, 15)",minecraft:dark_oak_fence,"{'east': 'false', 'north': 'true', 'south': 'false', 'waterlogged': 'false', 'west': 'false'}",
"(6, 3, 15)",minecraft:oxidized_copper_trapdoor,"{'facing': 'south', 'half': 'bottom', 'open': 'false', 'powered': 'false', 'waterlogged': 'false'}",
"(7, 3, 15)",minecraft:oxidized_cut_copper_slab,"{'type': 'bottom', 'waterlogged': 'false'}",
"(8, 3, 15)",minecraft:oxidized_copper_trapdoor,"{'facing': 'south', 'half': 'bottom', 'open': 'false', 'powered': 'false', 'waterlogged': 'false'}",
"(10, 3, 15)",minecraft:dark_oak_fence,"{'east': 'false', 'north': 'true', 'south': 'false', 'waterlogged': 'false', 'west': 'false'}",
"(11, 3, 15)",minecraft:dark_oak_slab,"{'type': 'bottom', 'waterlogged': 'false'}",
"(12, 3, 15)",minecraft:dark_oak_slab,"{'type': 'bottom', 'waterlogged': 'false'}",
"(13, 3, 15)",minecraft:dark_oak_slab,"{'type': 'bottom', 'waterlogged': 'false'}",
"(14, 3, 15)",minecraft:dark_oak_slab,"{'type': 'bottom', 'waterlogged': 'false'}",
"(15, 3, 15)",minecraft:dark_oak_slab,"{'type': 'bottom', 'waterlogged': 'false'}",
"(16, 3, 15)",minecraft:dark_oak_fence,"{'east': 'false', 'north': 'true', 'south': 'false', 'waterlogged': 'false', 'west': 'false'}",
"(4, 4, 1)",minecraft:oak_log,{'axis': 'z'},
"(5, 4, 1)",minecraft:spruce_stairs,"{'facing': 'south', 'half': 'top', 'shape': 'straight', 'waterlogged': 'false'}",
"(6, 4, 1)",minecraft:dark_oak_slab,"{'type': 'top', 'waterlogged': 'false'}",
"(7, 4, 1)",minecraft:dark_oak_stairs,"{'facing': 'south', 'half': 'top', 'shape': 'straight', 'waterlogged': 'false'}",
"(8, 4, 1)",minecraft:dark_oak_slab,"{'type': 'top', 'waterlogged': 'false'}",
"(9, 4, 1)",minecraft:spruce_stairs,"{'facing': 'south', 'half': 'top', 'shape': 'straight', 'waterlogged': 'false'}",
"(10, 4, 1)",minecraft:oak_log,{'axis': 'z'},
"(11, 4, 1)",minecraft:dark_oak_stairs,"{'facing': 'south', 'half': 'top', 'shape': 'straight', 'waterlogged': 'false'}",
"(12, 4, 1)",minecraft:dark_oak_slab,"{'type': 'top', 'waterlogged': 'false'}",
"(13, 4, 1)",minecraft:spruce_stairs,"{'facing': 'south', 'half': 'top', 'shape': 'straight', 'waterlogged': 'false'}",
"(14, 4, 1)",minecraft:dark_oak_slab,"{'type': 'top', 'waterlogged': 'false'}",
"(15, 4, 1)",minecraft:spruce_stairs,"{'facing': 'south', 'half': 'top', 'shape': 'straight', 'waterlogged': 'false'}",
"(16, 4, 1)",minecraft:oak_log,{'axis': 'z'},
"(3, 4, 2)",minecraft:oak_log,{'axis': 'x'},
"(4, 4, 2)",minecraft:oak_log,{'axis': 'y'},
"(5, 4, 2)",minecraft:stripped_dark_oak_wood,{'axis': 'x'},
"(6, 4, 2)",minecraft:stripped_dark_oak_wood,{'axis': 'x'},
"(7, 4, 2)",minecraft:oak_log,{'axis': 'x'},
"(8, 4, 2)",minecraft:stripped_dark_oak_wood,{'axis': 'x'},
"(9, 4, 2)",minecraft:oak_log,{'axis': 'x'},
"(10, 4, 2)",minecraft:oak_log,{'axis': 'y'},
"(11, 4, 2)",minecraft:stripped_dark_oak_wood,{'axis': 'x'},
"(12, 4, 2)",minecraft:stripped_dark_oak_wood,{'axis': 'x'},
"(13, 4, 2)",minecraft:stripped_dark_oak_wood,{'axis': 'x'},
"(14, 4, 2)",minecraft:stripped_dark_oak_wood,{'axis': 'x'},
"(15, 4, 2)",minecraft:stripped_dark_oak_wood,{'axis': 'x'},
"(16, 4, 2)",minecraft:oak_log,{'axis': 'y'},
"(17, 4, 2)",minecraft:oak_log,{'axis': 'x'},
"(3, 4, 3)",minecraft:dark_oak_stairs,"{'facing': 'east', 'half': 'top', 'shape': 'straight', 'waterlogged': 'false'}",
"(4, 4, 3)",minecraft:stripped_dark_oak_wood,{'axis': 'z'},
"(5, 4, 3)",minecraft:oak_slab,"{'type': 'top', 'waterlogged': 'false'}",
"(6, 4, 3)",minecraft:oak_slab,"{'type': 'top', 'waterlogged': 'false'}",
"(7, 4, 3)",minecraft:oak_stairs,"{'facing': 'north', 'half': 'top', 'shape': 'straight', 'waterlogged': 'false'}",
"(8, 4, 3)",minecraft:oak_stairs,"{'facing': 'north', 'half': 'top', 'shape': 'straight', 'waterlogged': 'false'}",
"(9, 4, 3)",minecraft:oak_stairs,"{'facing': 'east', 'half': 'top', 'shape': 'inner_left', 'waterlogged': 'false'}",
"(10, 4, 3)",minecraft:stripped_dark_oak_wood,{'axis': 'z'},
"(11, 4, 3)",minecraft:oak_stairs,"{'facing': 'north', 'half': 'top', 'shape': 'straight', 'waterlogged': 'false'}",
"(12, 4, 3)",minecraft:oak_stairs,"{'facing': 'north', 'half': 'top', 'shape': 'straight', 'waterlogged': 'false'}",
"(13, 4, 3)",minecraft:oak_slab,"{'type': 'top', 'waterlogged': 'false'}",
"(14, 4, 3)",minecraft:oak_stairs,"{'facing': 'north', 'half': 'top', 'shape': 'straight', 'waterlogged': 'false'}",
"(15, 4, 3)",minecraft:oak_slab,"{'type': 'top', 'waterlogged': 'false'}",
"(16, 4, 3)",minecraft:stripped_dark_oak_wood,{'axis': 'z'},
"(17, 4, 3)",minecraft:spruce_stairs,"{'facing': 'west', 'half': 'top', 'shape': 'straight', 'waterlogged': 'false'}",
"(3, 4, 4)",minecraft:dark_oak_slab,"{'type': 'top', 'waterlogged': 'false'}",
"(4, 4, 4)",minecraft:stripped_dark_oak_wood,{'axis': 'z'},
"(5, 4, 4)",minecraft:oak_slab,"{'type': 'top', 'waterlogged': 'false'}",
"(6, 4, 4)",minecraft:oak_slab,"{'type': 'top', 'waterlogged': 'false'}",
"(7, 4, 4)",minecraft:oak_slab,"{'type': 'top', 'waterlogged': 'false'}",
"(8, 4, 4)",minecraft:oak_slab,"{'type': 'top', 'waterlogged': 'false'}",
"(9, 4, 4)",minecraft:oak_slab,"{'type': 'top', 'waterlogged': 'false'}",
"(10, 4, 4)",minecraft:stripped_dark_oak_wood,{'axis': 'z'},
"(11, 4, 4)",minecraft:oak_slab,"{'type': 'top', 'waterlogged': 'false'}",
"(12, 4, 4)",minecraft:oak_slab,"{'type': 'top', 'waterlogged': 'false'}",
"(13, 4, 4)",minecraft:oak_slab,"{'type': 'top', 'waterlogged': 'false'}",
"(14, 4, 4)",minecraft:oak_slab,"{'type': 'top', 'waterlogged': 'false'}",
"(15, 4, 4)",minecraft:oak_stairs,"{'facing': 'east', 'half': 'top', 'shape': 'straight', 'waterlogged': 'false'}",
"(16, 4, 4)",minecraft:stripped_dark_oak_wood,{'axis': 'z'},
"(17, 4, 4)",minecraft:tuff_stairs,"{'facing': 'west', 'half': 'top', 'shape': 'straight', 'waterlogged': 'false'}",
"(3, 4, 5)",minecraft:spruce_stairs,"{'facing': 'east', 'half': 'top', 'shape': 'straight', 'waterlogged': 'false'}",
"(4, 4, 5)",minecraft:oak_log,{'axis': 'z'},
"(5, 4, 5)",minecraft:oak_stairs,"{'facing': 'west', 'half': 'top', 'shape': 'straight', 'waterlogged': 'false'}",
"(6, 4, 5)",minecraft:oak_slab,"{'type': 'top', 'waterlogged': 'false'}",
"(7, 4, 5)",minecraft:oak_slab,"{'type': 'top', 'waterlogged': 'false'}",
"(8, 4, 5)",minecraft:oak_slab,"{'type': 'top', 'waterlogged': 'false'}",
"(9, 4, 5)",minecraft:oak_slab,"{'type': 'top', 'waterlogged': 'false'}",
"(10, 4, 5)",minecraft:stripped_dark_oak_wood,{'axis': 'z'},
"(11, 4, 5)",minecraft:oak_slab,"{'type': 'top', 'waterlogged': 'false'}",
"(12, 4, 5)",minecraft:oak_slab,"{'type': 'top', 'waterlogged': 'false'}",
"(13, 4, 5)",minecraft:oak_stairs,"{'facing': 'north', 'half': 'top', 'shape': 'straight', 'waterlogged': 'false'}",
"(14, 4, 5)",minecraft:oak_slab,"{'type': 'top', 'waterlogged': 'false'}",
"(15, 4, 5)",minecraft:oak_stairs,"{'facing': 'east', 'half': 'top', 'shape': 'straight', 'waterlogged': 'false'}",
"(16, 4, 5)",minecraft:stripped_dark_oak_wood,{'axis': 'z'},
"(17, 4, 5)",minecraft:basalt,{'axis': 'x'},
"(18, 4, 5)",minecraft:tuff_wall,"{'east': 'none', 'north': 'none', 'south': 'none', 'up': 'true', 'waterlogged': 'false', 'west': 'tall'}",
"(3, 4, 6)",minecraft:dark_oak_slab,"{'type': 'top', 'waterlogged': 'false'}",
"(4, 4, 6)",minecraft:stripped_dark_oak_wood,{'axis': 'z'},
"(5, 4, 6)",minecraft:oak_stairs,"{'facing': 'west', 'half': 'top', 'shape': 'straight', 'waterlogged': 'false'}",
"(6, 4, 6)",minecraft:oak_slab,"{'type': 'top', 'waterlogged': 'false'}",
"(7, 4, 6)",minecraft:oak_slab,"{'type': 'top', 'waterlogged': 'false'}",
"(8, 4, 6)",minecraft:oak_slab,"{'type': 'top', 'waterlogged': 'false'}",
"(9, 4, 6)",minecraft:oak_stairs,"{'facing': 'east', 'half': 'top', 'shape': 'straight', 'waterlogged': 'false'}",
"(10, 4, 6)",minecraft:stripped_dark_oak_wood,{'axis': 'z'},
"(11, 4, 6)",minecraft:oak_stairs,"{'facing': 'west', 'half': 'top', 'shape': 'straight', 'waterlogged': 'false'}",
"(12, 4, 6)",minecraft:oak_slab,"{'type': 'top', 'waterlogged': 'false'}",
"(13, 4, 6)",minecraft:oak_stairs,"{'facing': 'south', 'half': 'top', 'shape': 'straight', 'waterlogged': 'false'}",
"(14, 4, 6)",minecraft:oak_slab,"{'type': 'top', 'waterlogged': 'false'}",
"(15, 4, 6)",minecraft:oak_slab,"{'type': 'top', 'waterlogged': 'false'}",
"(16, 4, 6)",minecraft:stripped_dark_oak_wood,{'axis': 'z'},
"(17, 4, 6)",minecraft:tuff_wall,"{'east': 'none', 'north': 'tall', 'south': 'none', 'up': 'true', 'waterlogged': 'false', 'west': 'tall'}",
"(3, 4, 7)",minecraft:spruce_stairs,"{'facing': 'east', 'half': 'top', 'shape': 'straight', 'waterlogged': 'false'}",
"(4, 4, 7)",minecraft:stripped_dark_oak_wood,{'axis': 'z'},
"(5, 4, 7)",minecraft:oak_slab,"{'type': 'top', 'waterlogged': 'false'}",
"(6, 4, 7)",minecraft:oak_slab,"{'type': 'top', 'waterlogged': 'false'}",
"(7, 4, 7)",minecraft:oak_stairs,"{'facing': 'south', 'half': 'top', 'shape': 'straight', 'waterlogged': 'false'}",
"(8, 4, 7)",minecraft:oak_stairs,"{'facing': 'south', 'half': 'top', 'shape': 'straight', 'waterlogged': 'false'}",
"(9, 4, 7)",minecraft:oak_slab,"{'type': 'top', 'waterlogged': 'false'}",
"(10, 4, 7)",minecraft:stripped_dark_oak_wood,{'axis': 'z'},
"(11, 4, 7)",minecraft:oak_stairs,"{'facing': 'south', 'half': 'top', 'shape': 'inner_right', 'waterlogged': 'false'}",
"(12, 4, 7)",minecraft:oak_slab,"{'type': 'top', 'waterlogged': 'false'}",
"(13, 4, 7)",minecraft:oak_slab,"{'type': 'top', 'waterlogged': 'false'}",
"(14, 4, 7)",minecraft:oak_stairs,"{'facing': 'south', 'half': 'top', 'shape': 'straight', 'waterlogged': 'false'}",
"(15, 4, 7)",minecraft:oak_slab,"{'type': 'top', 'waterlogged': 'false'}",
"(16, 4, 7)",minecraft:stripped_dark_oak_wood,{'axis': 'z'},
"(17, 4, 7)",minecraft:dark_oak_stairs,"{'facing': 'west', 'half': 'top', 'shape': 'straight', 'waterlogged': 'false'}",
"(2, 4, 8)",minecraft:azalea_leaves,"{'distance': '1', 'persistent': 'true', 'waterlogged': 'false'}",
"(3, 4, 8)",minecraft:oak_log,{'axis': 'x'},
"(4, 4, 8)",minecraft:oak_log,{'axis': 'y'},
"(5, 4, 8)",minecraft:stripped_dark_oak_wood,{'axis': 'x'},
"(6, 4, 8)",minecraft:stripped_dark_oak_wood,{'axis': 'x'},
"(7, 4, 8)",minecraft:stripped_dark_oak_wood,{'axis': 'x'},
"(8, 4, 8)",minecraft:stripped_dark_oak_wood,{'axis': 'x'},
"(9, 4, 8)",minecraft:stripped_dark_oak_wood,{'axis': 'x'},
"(10, 4, 8)",minecraft:stripped_dark_oak_wood,{'axis': 'y'},
"(11, 4, 8)",minecraft:stripped_dark_oak_wood,{'axis': 'x'},
"(12, 4, 8)",minecraft:stripped_dark_oak_wood,{'axis': 'x'},
"(13, 4, 8)",minecraft:stripped_dark_oak_wood,{'axis': 'x'},
"(14, 4, 8)",minecraft:stripped_dark_oak_wood,{'axis': 'x'},
"(15, 4, 8)",minecraft:stripped_dark_oak_wood,{'axis': 'x'},
"(16, 4, 8)",minecraft:stripped_dark_oak_wood,{'axis': 'y'},
"(17, 4, 8)",minecraft:oak_log,{'axis': 'x'},
"(2, 4, 9)",minecraft:bamboo_mosaic_slab,"{'type': 'bottom', 'waterlogged': 'false'}",
"(3, 4, 9)",minecraft:birch_slab,"{'type': 'top', 'waterlogged': 'false'}",
"(4, 4, 9)",minecraft:stripped_dark_oak_wood,{'axis': 'z'},
"(5, 4, 9)",minecraft:oak_stairs,"{'facing': 'north', 'half': 'top', 'shape': 'inner_left', 'waterlogged': 'false'}",
"(6, 4, 9)",minecraft:oak_slab,"{'type': 'top', 'waterlogged': 'false'}",
"(7, 4, 9)",minecraft:oak_stairs,"{'facing': 'north', 'half': 'top', 'shape': 'straight', 'waterlogged': 'false'}",
"(8, 4, 9)",minecraft:oak_slab,"{'type': 'top', 'waterlogged': 'false'}",
"(9, 4, 9)",minecraft:oak_slab,"{'type': 'top', 'waterlogged': 'false'}",
"(10, 4, 9)",minecraft:stripped_dark_oak_wood,{'axis': 'z'},
"(11, 4, 9)",minecraft:oak_stairs,"{'facing': 'west', 'half': 'top', 'shape': 'inner_right', 'waterlogged': 'false'}",
"(12, 4, 9)",minecraft:oak_stairs,"{'facing': 'north', 'half': 'top', 'shape': 'straight', 'waterlogged': 'false'}",
"(13, 4, 9)",minecraft:oak_slab,"{'type': 'top', 'waterlogged': 'false'}",
"(14, 4, 9)",minecraft:oak_slab,"{'type': 'top', 'waterlogged': 'false'}",
"(15, 4, 9)",minecraft:oak_slab,"{'type': 'top', 'waterlogged': 'false'}",
"(16, 4, 9)",minecraft:stripped_dark_oak_wood,{'axis': 'z'},
"(17, 4, 9)",minecraft:spruce_stairs,"{'facing': 'west', 'half': 'top', 'shape': 'straight', 'waterlogged': 'false'}",
"(1, 4, 10)",minecraft:bamboo_slab,"{'type': 'bottom', 'waterlogged': 'false'}",
"(2, 4, 10)",minecraft:bamboo_slab,"{'type': 'top', 'waterlogged': 'false'}",
"(3, 4, 10)",minecraft:bamboo_mosaic_slab,"{'type': 'top', 'waterlogged': 'false'}",
"(4, 4, 10)",minecraft:stripped_dark_oak_wood,{'axis': 'z'},
"(5, 4, 10)",minecraft:oak_stairs,"{'facing': 'west', 'half': 'top', 'shape': 'straight', 'waterlogged': 'false'}",
"(6, 4, 10)",minecraft:oak_slab,"{'type': 'top', 'waterlogged': 'false'}",
"(7, 4, 10)",minecraft:oak_slab,"{'type': 'top', 'waterlogged': 'false'}",
"(8, 4, 10)",minecraft:oak_slab,"{'type': 'top', 'waterlogged': 'false'}",
"(9, 4, 10)",minecraft:oak_stairs,"{'facing': 'east', 'half': 'top', 'shape': 'straight', 'waterlogged': 'false'}",
"(10, 4, 10)",minecraft:stripped_dark_oak_wood,{'axis': 'z'},
"(11, 4, 10)",minecraft:oak_slab,"{'type': 'top', 'waterlogged': 'false'}",
"(12, 4, 10)",minecraft:oak_slab,"{'type': 'top', 'waterlogged': 'false'}",
"(13, 4, 10)",minecraft:oak_slab,"{'type': 'top', 'waterlogged': 'false'}",
"(14, 4, 10)",minecraft:oak_slab,"{'type': 'top', 'waterlogged': 'false'}",
"(15, 4, 10)",minecraft:oak_stairs,"{'facing': 'east', 'half': 'top', 'shape': 'straight', 'waterlogged': 'false'}",
"(16, 4, 10)",minecraft:stripped_dark_oak_wood,{'axis': 'z'},
"(17, 4, 10)",minecraft:dark_oak_slab,"{'type': 'top', 'waterlogged': 'false'}",
"(1, 4, 11)",minecraft:bamboo_slab,"{'type': 'top', 'waterlogged': 'false'}",
"(2, 4, 11)",minecraft:bamboo_mosaic_slab,"{'type': 'top', 'waterlogged': 'false'}",
"(3, 4, 11)",minecraft:bamboo_mosaic_slab,"{'type': 'top', 'waterlogged': 'false'}",
"(4, 4, 11)",minecraft:stripped_dark_oak_wood,{'axis': 'z'},
"(5, 4, 11)",minecraft:oak_slab,"{'type': 'top', 'waterlogged': 'false'}",
"(6, 4, 11)",minecraft:oak_slab,"{'type': 'top', 'waterlogged': 'false'}",
"(7, 4, 11)",minecraft:oak_slab,"{'type': 'top', 'waterlogged': 'false'}",
"(8, 4, 11)",minecraft:oak_slab,"{'type': 'top', 'waterlogged': 'false'}",
"(9, 4, 11)",minecraft:oak_stairs,"{'facing': 'east', 'half': 'top', 'shape': 'straight', 'waterlogged': 'false'}",
"(10, 4, 11)",minecraft:stripped_dark_oak_wood,{'axis': 'z'},
"(11, 4, 11)",minecraft:oak_stairs,"{'facing': 'west', 'half': 'top', 'shape': 'straight', 'waterlogged': 'false'}",
"(12, 4, 11)",minecraft:oak_slab,"{'type': 'top', 'waterlogged': 'false'}",
"(13, 4, 11)",minecraft:oak_slab,"{'type': 'top', 'waterlogged': 'false'}",
"(14, 4, 11)",minecraft:oak_stairs,"{'facing': 'south', 'half': 'top', 'shape': 'straight', 'waterlogged': 'false'}",
"(15, 4, 11)",minecraft:oak_stairs,"{'facing': 'east', 'half': 'top', 'shape': 'inner_right', 'waterlogged': 'false'}",
"(16, 4, 11)",minecraft:stripped_dark_oak_wood,{'axis': 'z'},
"(17, 4, 11)",minecraft:spruce_stairs,"{'facing': 'west', 'half': 'top', 'shape': 'straight', 'waterlogged': 'false'}",
"(1, 4, 12)",minecraft:bamboo_mosaic_slab,"{'type': 'bottom', 'waterlogged': 'false'}",
"(2, 4, 12)",minecraft:birch_slab,"{'type': 'top', 'waterlogged': 'false'}",
"(3, 4, 12)",minecraft:bamboo_slab,"{'type': 'top', 'waterlogged': 'false'}",
"(4, 4, 12)",minecraft:stripped_dark_oak_wood,{'axis': 'z'},
"(5, 4, 12)",minecraft:oak_slab,"{'type': 'top', 'waterlogged': 'false'}",
"(6, 4, 12)",minecraft:oak_slab,"{'type': 'top', 'waterlogged': 'false'}",
"(7, 4, 12)",minecraft:oak_slab,"{'type': 'top', 'waterlogged': 'false'}",
"(8, 4, 12)",minecraft:oak_slab,"{'type': 'top', 'waterlogged': 'false'}",
"(9, 4, 12)",minecraft:oak_slab,"{'type': 'top', 'waterlogged': 'false'}",
"(10, 4, 12)",minecraft:stripped_dark_oak_wood,{'axis': 'z'},
"(11, 4, 12)",minecraft:oak_stairs,"{'facing': 'west', 'half': 'top', 'shape': 'straight', 'waterlogged': 'false'}",
"(12, 4, 12)",minecraft:oak_slab,"{'type': 'top', 'waterlogged': 'false'}",
"(13, 4, 12)",minecraft:oak_stairs,"{'facing': 'east', 'half': 'top', 'shape': 'straight', 'waterlogged': 'false'}",
"(14, 4, 12)",minecraft:spruce_trapdoor,"{'facing': 'west', 'half': 'top', 'open': 'true', 'powered': 'false', 'waterlogged': 'false'}",
"(15, 4, 12)",minecraft:spruce_stairs,"{'facing': 'north', 'half': 'bottom', 'shape': 'straight', 'waterlogged': 'false'}",
"(16, 4, 12)",minecraft:stripped_dark_oak_wood,{'axis': 'z'},
"(17, 4, 12)",minecraft:dark_oak_slab,"{'type': 'top', 'waterlogged': 'false'}",
"(1, 4, 13)",minecraft:azalea_leaves,"{'distance': '7', 'persistent': 'true', 'waterlogged': 'false'}",
"(2, 4, 13)",minecraft:bamboo_slab,"{'type': 'bottom', 'waterlogged': 'false'}",
"(3, 4, 13)",minecraft:bamboo_mosaic_slab,"{'type': 'top', 'waterlogged': 'false'}",
"(4, 4, 13)",minecraft:stripped_dark_oak_wood,{'axis': 'z'},
"(5, 4, 13)",minecraft:oak_stairs,"{'facing': 'south', 'half': 'top', 'shape': 'straight', 'waterlogged': 'false'}",
"(6, 4, 13)",minecraft:oak_slab,"{'type': 'top', 'waterlogged': 'false'}",
"(7, 4, 13)",minecraft:oak_stairs,"{'facing': 'south', 'half': 'top', 'shape': 'straight', 'waterlogged': 'false'}",
"(8, 4, 13)",minecraft:oak_slab,"{'type': 'top', 'waterlogged': 'false'}",
"(9, 4, 13)",minecraft:oak_slab,"{'type': 'top', 'waterlogged': 'false'}",
"(10, 4, 13)",minecraft:stripped_dark_oak_wood,{'axis': 'z'},
"(11, 4, 13)",minecraft:oak_slab,"{'type': 'top', 'waterlogged': 'false'}",
"(12, 4, 13)",minecraft:oak_stairs,"{'facing': 'south', 'half': 'top', 'shape': 'straight', 'waterlogged': 'false'}",
"(13, 4, 13)",minecraft:oak_stairs,"{'facing': 'south', 'half': 'top', 'shape': 'inner_left', 'waterlogged': 'false'}",
"(16, 4, 13)",minecraft:stripped_dark_oak_wood,{'axis': 'z'},
"(17, 4, 13)",minecraft:dark_oak_stairs,"{'facing': 'west', 'half': 'top', 'shape': 'straight', 'waterlogged': 'false'}",
"(3, 4, 14)",minecraft:oak_log,{'axis': 'x'},
"(4, 4, 14)",minecraft:oak_log,{'axis': 'y'},
"(5, 4, 14)",minecraft:stripped_dark_oak_wood,{'axis': 'x'},
"(6, 4, 14)",minecraft:stripped_dark_oak_wood,{'axis': 'x'},
"(7, 4, 14)",minecraft:stripped_dark_oak_wood,{'axis': 'x'},
"(8, 4, 14)",minecraft:stripped_dark_oak_wood,{'axis': 'x'},
"(9, 4, 14)",minecraft:stripped_dark_oak_wood,{'axis': 'x'},
"(10, 4, 14)",minecraft:stripped_dark_oak_wood,{'axis': 'y'},
"(11, 4, 14)",minecraft:stripped_dark_oak_wood,{'axis': 'x'},
"(12, 4, 14)",minecraft:stripped_dark_oak_wood,{'axis': 'x'},
"(13, 4, 14)",minecraft:stripped_dark_oak_wood,{'axis': 'x'},
"(14, 4, 14)",minecraft:stripped_dark_oak_wood,{'axis': 'x'},
"(15, 4, 14)",minecraft:stripped_dark_oak_wood,{'axis': 'x'},
"(16, 4, 14)",minecraft:oak_log,{'axis': 'y'},
"(17, 4, 14)",minecraft:oak_log,{'axis': 'x'},
"(4, 4, 15)",minecraft:oak_log,{'axis': 'z'},
"(5, 4, 15)",minecraft:spruce_stairs,"{'facing': 'north', 'half': 'top', 'shape': 'straight', 'waterlogged': 'false'}",
"(6, 4, 15)",minecraft:dark_oak_slab,"{'type': 'top', 'waterlogged': 'false'}",
"(7, 4, 15)",minecraft:dark_oak_stairs,"{'facing': 'north', 'half': 'top', 'shape': 'straight', 'waterlogged': 'false'}",
"(8, 4, 15)",minecraft:dark_oak_slab,"{'type': 'top', 'waterlogged': 'false'}",
"(9, 4, 15)",minecraft:spruce_stairs,"{'facing': 'north', 'half': 'top', 'shape': 'straight', 'waterlogged': 'false'}",
"(10, 4, 15)",minecraft:oak_log,{'axis': 'z'},
"(11, 4, 15)",minecraft:spruce_stairs,"{'facing': 'north', 'half': 'top', 'shape': 'straight', 'waterlogged': 'false'}",
"(12, 4, 15)",minecraft:dark_oak_slab,"{'type': 'top', 'waterlogged': 'false'}",
"(13, 4, 15)",minecraft:dark_oak_stairs,"{'facing': 'north', 'half': 'top', 'shape': 'straight', 'waterlogged': 'false'}",
"(14, 4, 15)",minecraft:dark_oak_slab,"{'type': 'top', 'waterlogged': 'false'}",
"(15, 4, 15)",minecraft:dark_oak_stairs,"{'facing': 'north', 'half': 'top', 'shape': 'straight', 'waterlogged': 'false'}",
"(16, 4, 15)",minecraft:oak_log,{'axis': 'z'},
"(4, 5, 1)",minecraft:spruce_stairs,"{'facing': 'south', 'half': 'bottom', 'shape': 'straight', 'waterlogged': 'false'}",
"(6, 5, 1)",minecraft:spruce_slab,"{'type': 'bottom', 'waterlogged': 'false'}",
"(8, 5, 1)",minecraft:spruce_slab,"{'type': 'bottom', 'waterlogged': 'false'}",
"(10, 5, 1)",minecraft:spruce_stairs,"{'facing': 'south', 'half': 'bottom', 'shape': 'straight', 'waterlogged': 'false'}",
"(12, 5, 1)",minecraft:spruce_slab,"{'type': 'bottom', 'waterlogged': 'false'}",
"(14, 5, 1)",minecraft:spruce_slab,"{'type': 'bottom', 'waterlogged': 'false'}",
"(15, 5, 1)",minecraft:oak_leaves,"{'distance': '7', 'persistent': 'true', 'waterlogged': 'false'}",
"(16, 5, 1)",minecraft:spruce_stairs,"{'facing': 'south', 'half': 'bottom', 'shape': 'straight', 'waterlogged': 'false'}",
"(3, 5, 2)",minecraft:spruce_stairs,"{'facing': 'east', 'half': 'bottom', 'shape': 'straight', 'waterlogged': 'false'}",
"(4, 5, 2)",minecraft:oak_log,{'axis': 'y'},
"(5, 5, 2)",minecraft:spruce_wall_hanging_sign,"{'facing': 'south', 'waterlogged': 'false'}","{back_text: {has_glowing_text: 0b, color: ""black"", messages: ["""", """", """", """"]}, components: {}, is_waxed: 0b, id: ""minecraft:hanging_sign"", front_text: {has_glowing_text: 0b, color: ""black"", messages: ["""", """", """", """"]}}"
"(6, 5, 2)",minecraft:oak_wall_hanging_sign,"{'facing': 'south', 'waterlogged': 'false'}","{back_text: {has_glowing_text: 0b, color: ""black"", messages: ["""", """", """", """"]}, components: {}, is_waxed: 0b, id: ""minecraft:hanging_sign"", front_text: {has_glowing_text: 0b, color: ""black"", messages: ["""", """", """", """"]}}"
"(7, 5, 2)",minecraft:oak_wall_hanging_sign,"{'facing': 'south', 'waterlogged': 'false'}","{back_text: {has_glowing_text: 0b, color: ""black"", messages: ["""", """", """", """"]}, components: {}, is_waxed: 0b, id: ""minecraft:hanging_sign"", front_text: {has_glowing_text: 0b, color: ""black"", messages: ["""", """", """", """"]}}"
"(8, 5, 2)",minecraft:spruce_wall_hanging_sign,"{'facing': 'south', 'waterlogged': 'false'}","{back_text: {has_glowing_text: 0b, color: ""black"", messages: ["""", """", """", """"]}, components: {}, is_waxed: 0b, id: ""minecraft:hanging_sign"", front_text: {has_glowing_text: 0b, color: ""black"", messages: ["""", """", """", """"]}}"
"(9, 5, 2)",minecraft:oak_wall_hanging_sign,"{'facing': 'south', 'waterlogged': 'false'}","{back_text: {has_glowing_text: 0b, color: ""black"", messages: ["""", """", """", """"]}, components: {}, is_waxed: 0b, id: ""minecraft:hanging_sign"", front_text: {has_glowing_text: 0b, color: ""black"", messages: ["""", """", """", """"]}}"
"(10, 5, 2)",minecraft:oak_log,{'axis': 'y'},
"(11, 5, 2)",minecraft:granite,{},
"(12, 5, 2)",minecraft:terracotta,{},
"(13, 5, 2)",minecraft:granite,{},
"(14, 5, 2)",minecraft:granite,{},
"(15, 5, 2)",minecraft:terracotta,{},
"(16, 5, 2)",minecraft:oak_log,{'axis': 'y'},
"(17, 5, 2)",minecraft:spruce_stairs,"{'facing': 'west', 'half': 'bottom', 'shape': 'straight', 'waterlogged': 'false'}",
"(4, 5, 3)",minecraft:oak_wall_hanging_sign,"{'facing': 'east', 'waterlogged': 'false'}","{back_text: {has_glowing_text: 0b, color: ""black"", messages: ["""", """", """", """"]}, components: {}, is_waxed: 0b, id: ""minecraft:hanging_sign"", front_text: {has_glowing_text: 0b, color: ""black"", messages: ["""", """", """", """"]}}"
"(6, 5, 3)",minecraft:spruce_stairs,"{'facing': 'west', 'half': 'bottom', 'shape': 'straight', 'waterlogged': 'false'}",
"(7, 5, 3)",minecraft:spruce_fence,"{'east': 'false', 'north': 'false', 'south': 'false', 'waterlogged': 'false', 'west': 'false'}",
"(8, 5, 3)",minecraft:oak_stairs,"{'facing': 'east', 'half': 'bottom', 'shape': 'straight', 'waterlogged': 'false'}",
"(10, 5, 3)",minecraft:terracotta,{},
"(11, 5, 3)",minecraft:crafting_table,{},
"(12, 5, 3)",minecraft:spruce_trapdoor,"{'facing': 'east', 'half': 'top', 'open': 'false', 'powered': 'false', 'waterlogged': 'false'}",
"(13, 5, 3)",minecraft:spruce_trapdoor,"{'facing': 'east', 'half': 'bottom', 'open': 'true', 'powered': 'false', 'waterlogged': 'false'}",
"(15, 5, 3)",minecraft:beehive,"{'facing': 'west', 'honey_level': '0'}","{components: {}, id: ""minecraft:beehive"", bees: []}"
"(16, 5, 3)",minecraft:terracotta,{},
"(3, 5, 4)",minecraft:spruce_slab,"{'type': 'bottom', 'waterlogged': 'false'}",
"(4, 5, 4)",minecraft:spruce_wall_hanging_sign,"{'facing': 'east', 'waterlogged': 'false'}","{back_text: {has_glowing_text: 0b, color: ""black"", messages: ["""", """", """", """"]}, components: {}, is_waxed: 0b, id: ""minecraft:hanging_sign"", front_text: {has_glowing_text: 0b, color: ""black"", messages: ["""", """", """", """"]}}"
"(10, 5, 4)",minecraft:terracotta,{},
"(11, 5, 4)",minecraft:spruce_trapdoor,"{'facing': 'south', 'half': 'top', 'open': 'false', 'powered': 'false', 'waterlogged': 'false'}",
"(13, 5, 4)",minecraft:dark_oak_wall_sign,"{'facing': 'west', 'waterlogged': 'false'}","{back_text: {has_glowing_text: 0b, color: ""black"", messages: ["""", """", """", """"]}, components: {}, is_waxed: 0b, id: ""minecraft:sign"", front_text: {has_glowing_text: 0b, color: ""black"", messages: ["""", """", """", """"]}}"
"(14, 5, 4)",minecraft:cyan_bed,"{'facing': 'east', 'occupied': 'false', 'part': 'foot'}","{components: {}, id: ""minecraft:bed""}"
"(15, 5, 4)",minecraft:cyan_bed,"{'facing': 'east', 'occupied': 'false', 'part': 'head'}","{components: {}, id: ""minecraft:bed""}"
"(16, 5, 4)",minecraft:dark_oak_planks,{},
"(17, 5, 4)",minecraft:basalt,{'axis': 'x'},
"(4, 5, 5)",minecraft:spruce_wall_hanging_sign,"{'facing': 'east', 'waterlogged': 'false'}","{back_text: {has_glowing_text: 0b, color: ""black"", messages: ["""", """", """", """"]}, components: {}, is_waxed: 0b, id: ""minecraft:hanging_sign"", front_text: {has_glowing_text: 0b, color: ""black"", messages: ["""", """", """", """"]}}"
"(5, 5, 5)",minecraft:oak_stairs,"{'facing': 'north', 'half': 'bottom', 'shape': 'straight', 'waterlogged': 'false'}",
"(7, 5, 5)",minecraft:black_carpet,{},
"(8, 5, 5)",minecraft:gray_carpet,{},
"(10, 5, 5)",minecraft:terracotta,{},
"(11, 5, 5)",minecraft:spruce_trapdoor,"{'facing': 'south', 'half': 'bottom', 'open': 'true', 'powered': 'false', 'waterlogged': 'false'}",
"(13, 5, 5)",minecraft:dark_oak_trapdoor,"{'facing': 'west', 'half': 'bottom', 'open': 'true', 'powered': 'false', 'waterlogged': 'false'}",
"(14, 5, 5)",minecraft:cyan_bed,"{'facing': 'east', 'occupied': 'false', 'part': 'foot'}","{components: {}, id: ""minecraft:bed""}"
"(15, 5, 5)",minecraft:cyan_bed,"{'facing': 'east', 'occupied': 'false', 'part': 'head'}","{components: {}, id: ""minecraft:bed""}"
"(16, 5, 5)",minecraft:dark_oak_planks,{},
"(17, 5, 5)",minecraft:tuff,{},
"(18, 5, 5)",minecraft:tuff_wall,"{'east': 'none', 'north': 'none', 'south': 'none', 'up': 'true', 'waterlogged': 'false', 'west': 'tall'}",
"(3, 5, 6)",minecraft:spruce_slab,"{'type': 'bottom', 'waterlogged': 'false'}",
"(4, 5, 6)",minecraft:oak_wall_hanging_sign,"{'facing': 'east', 'waterlogged': 'false'}","{back_text: {has_glowing_text: 0b, color: ""black"", messages: ["""", """", """", """"]}, components: {}, is_waxed: 0b, id: ""minecraft:hanging_sign"", front_text: {has_glowing_text: 0b, color: ""black"", messages: ["""", """", """", """"]}}"
"(5, 5, 6)",minecraft:oak_fence,"{'east': 'false', 'north': 'false', 'south': 'false', 'waterlogged': 'false', 'west': 'false'}",
"(7, 5, 6)",minecraft:gray_carpet,{},
"(8, 5, 6)",minecraft:light_gray_carpet,{},
"(10, 5, 6)",minecraft:granite,{},
"(11, 5, 6)",minecraft:chiseled_bookshelf,"{'facing': 'east', 'slot_0_occupied': 'false', 'slot_1_occupied': 'false', 'slot_2_occupied': 'true', 'slot_3_occupied': 'true', 'slot_4_occupied': 'true', 'slot_5_occupied': 'false'}","{last_interacted_slot: 3, components: {}, Items: [{count: 1, Slot: 2b, id: ""minecraft:writable_book""}, {count: 1, Slot: 3b, id: ""minecraft:writable_book""}, {count: 1, Slot: 4b, id: ""minecraft:writable_book""}], id: ""minecraft:chiseled_bookshelf""}"
"(13, 5, 6)",minecraft:dark_oak_wall_sign,"{'facing': 'west', 'waterlogged': 'false'}","{back_text: {has_glowing_text: 0b, color: ""black"", messages: ["""", """", """", """"]}, components: {}, is_waxed: 0b, id: ""minecraft:sign"", front_text: {has_glowing_text: 0b, color: ""black"", messages: ["""", """", """", """"]}}"
"(14, 5, 6)",minecraft:cyan_bed,"{'facing': 'east', 'occupied': 'false', 'part': 'foot'}","{components: {}, id: ""minecraft:bed""}"
"(15, 5, 6)",minecraft:cyan_bed,"{'facing': 'east', 'occupied': 'false', 'part': 'head'}","{components: {}, id: ""minecraft:bed""}"
"(16, 5, 6)",minecraft:dark_oak_planks,{},
"(17, 5, 6)",minecraft:tuff,{},
"(4, 5, 7)",minecraft:oak_wall_hanging_sign,"{'facing': 'east', 'waterlogged': 'false'}","{back_text: {has_glowing_text: 0b, color: ""black"", messages: ["""", """", """", """"]}, components: {}, is_waxed: 0b, id: ""minecraft:hanging_sign"", front_text: {has_glowing_text: 0b, color: ""black"", messages: ["""", """", """", """"]}}"
"(5, 5, 7)",minecraft:spruce_stairs,"{'facing': 'south', 'half': 'bottom', 'shape': 'straight', 'waterlogged': 'false'}",
"(9, 5, 7)",minecraft:decorated_pot,"{'cracked': 'false', 'facing': 'east', 'waterlogged': 'false'}","{components: {}, id: ""minecraft:decorated_pot""}"
"(10, 5, 7)",minecraft:granite,{},
"(11, 5, 7)",minecraft:chiseled_bookshelf,"{'facing': 'east', 'slot_0_occupied': 'true', 'slot_1_occupied': 'true', 'slot_2_occupied': 'false', 'slot_3_occupied': 'false', 'slot_4_occupied': 'true', 'slot_5_occupied': 'true'}","{last_interacted_slot: 4, components: {}, Items: [{count: 1, Slot: 0b, id: ""minecraft:writable_book""}, {count: 1, Slot: 1b, id: ""minecraft:writable_book""}, {count: 1, Slot: 4b, id: ""minecraft:writable_book""}, {count: 1, Slot: 5b, id: ""minecraft:writable_book""}], id: ""minecraft:chiseled_bookshelf""}"
"(15, 5, 7)",minecraft:beehive,"{'facing': 'west', 'honey_level': '0'}","{components: {}, id: ""minecraft:beehive"", bees: []}"
"(16, 5, 7)",minecraft:granite,{},
"(3, 5, 8)",minecraft:spruce_stairs,"{'facing': 'east', 'half': 'bottom', 'shape': 'straight', 'waterlogged': 'false'}",
"(4, 5, 8)",minecraft:oak_log,{'axis': 'y'},
"(5, 5, 8)",minecraft:terracotta,{},
"(6, 5, 8)",minecraft:terracotta,{},
"(7, 5, 8)",minecraft:oak_door,"{'facing': 'south', 'half': 'lower', 'hinge': 'right', 'open': 'false', 'powered': 'false'}",
"(8, 5, 8)",minecraft:oak_door,"{'facing': 'south', 'half': 'lower', 'hinge': 'left', 'open': 'false', 'powered': 'false'}",
"(9, 5, 8)",minecraft:granite,{},
"(10, 5, 8)",minecraft:oak_log,{'axis': 'y'},
"(11, 5, 8)",minecraft:terracotta,{},
"(12, 5, 8)",minecraft:terracotta,{},
"(13, 5, 8)",minecraft:dark_oak_door,"{'facing': 'north', 'half': 'lower', 'hinge': 'left', 'open': 'false', 'powered': 'false'}",
"(14, 5, 8)",minecraft:granite,{},
"(15, 5, 8)",minecraft:granite,{},
"(16, 5, 8)",minecraft:oak_log,{'axis': 'y'},
"(17, 5, 8)",minecraft:spruce_stairs,"{'facing': 'west', 'half': 'bottom', 'shape': 'straight', 'waterlogged': 'false'}",
"(2, 5, 9)",minecraft:oak_leaves,"{'distance': '7', 'persistent': 'true', 'waterlogged': 'false'}",
"(4, 5, 9)",minecraft:terracotta,{},
"(5, 5, 9)",minecraft:grindstone,"{'face': 'floor', 'facing': 'west'}",
"(9, 5, 9)",minecraft:stonecutter,{'facing': 'south'},
"(10, 5, 9)",minecraft:terracotta,{},
"(11, 5, 9)",minecraft:decorated_pot,"{'cracked': 'false', 'facing': 'west', 'waterlogged': 'false'}","{components: {}, id: ""minecraft:decorated_pot""}"
"(13, 5, 9)",minecraft:red_carpet,{},
"(15, 5, 9)",minecraft:jukebox,{'has_record': 'false'},"{components: {}, id: ""minecraft:jukebox""}"
"(16, 5, 9)",minecraft:terracotta,{},
"(3, 5, 10)",minecraft:azalea_leaves,"{'distance': '7', 'persistent': 'true', 'waterlogged': 'false'}",
"(4, 5, 10)",minecraft:terracotta,{},
"(5, 5, 10)",minecraft:jungle_wall_sign,"{'facing': 'north', 'waterlogged': 'false'}","{back_text: {has_glowing_text: 0b, color: ""black"", messages: ["""", """", """", """"]}, components: {}, is_waxed: 0b, id: ""minecraft:sign"", front_text: {has_glowing_text: 0b, color: ""black"", messages: ["""", """", """", """"]}}"
"(6, 5, 10)",minecraft:cyan_carpet,{},
"(7, 5, 10)",minecraft:green_carpet,{},
"(8, 5, 10)",minecraft:green_carpet,{},
"(10, 5, 10)",minecraft:spruce_trapdoor,"{'facing': 'south', 'half': 'bottom', 'open': 'true', 'powered': 'false', 'waterlogged': 'false'}",
"(12, 5, 10)",minecraft:orange_carpet,{},
"(13, 5, 10)",minecraft:orange_carpet,{},
"(14, 5, 10)",minecraft:red_carpet,{},
"(16, 5, 10)",minecraft:terracotta,{},
"(17, 5, 10)",minecraft:spruce_slab,"{'type': 'bottom', 'waterlogged': 'false'}",
"(3, 5, 11)",minecraft:oak_leaves,"{'distance': '7', 'persistent': 'true', 'waterlogged': 'false'}",
"(4, 5, 11)",minecraft:granite,{},
"(5, 5, 11)",minecraft:waxed_exposed_cut_copper_stairs,"{'facing': 'west', 'half': 'bottom', 'shape': 'straight', 'waterlogged': 'false'}",
"(6, 5, 11)",minecraft:blue_carpet,{},
"(7, 5, 11)",minecraft:cyan_carpet,{},
"(8, 5, 11)",minecraft:green_carpet,{},
"(11, 5, 11)",minecraft:yellow_carpet,{},
"(12, 5, 11)",minecraft:orange_carpet,{},
"(13, 5, 11)",minecraft:orange_carpet,{},
"(14, 5, 11)",minecraft:oak_trapdoor,"{'facing': 'north', 'half': 'bottom', 'open': 'true', 'powered': 'false', 'waterlogged': 'false'}",
"(16, 5, 11)",minecraft:terracotta,{},
"(17, 5, 11)",minecraft:azalea_leaves,"{'distance': '7', 'persistent': 'true', 'waterlogged': 'false'}",
"(2, 5, 12)",minecraft:azalea_leaves,"{'distance': '7', 'persistent': 'true', 'waterlogged': 'false'}",
"(4, 5, 12)",minecraft:granite,{},
"(5, 5, 12)",minecraft:jungle_wall_sign,"{'facing': 'south', 'waterlogged': 'false'}","{back_text: {has_glowing_text: 0b, color: ""black"", messages: ["""", """", """", """"]}, components: {}, is_waxed: 0b, id: ""minecraft:sign"", front_text: {has_glowing_text: 0b, color: ""black"", messages: ["""", """", """", """"]}}"
"(6, 5, 12)",minecraft:blue_carpet,{},
"(7, 5, 12)",minecraft:blue_carpet,{},
"(8, 5, 12)",minecraft:cyan_carpet,{},
"(10, 5, 12)",minecraft:spruce_trapdoor,"{'facing': 'north', 'half': 'bottom', 'open': 'true', 'powered': 'false', 'waterlogged': 'false'}",
"(12, 5, 12)",minecraft:yellow_carpet,{},
"(13, 5, 12)",minecraft:oak_trapdoor,"{'facing': 'west', 'half': 'bottom', 'open': 'true', 'powered': 'false', 'waterlogged': 'false'}",
"(14, 5, 12)",minecraft:spruce_stairs,"{'facing': 'east', 'half': 'top', 'shape': 'straight', 'waterlogged': 'false'}",
"(15, 5, 12)",minecraft:spruce_trapdoor,"{'facing': 'east', 'half': 'bottom', 'open': 'true', 'powered': 'false', 'waterlogged': 'false'}",
"(16, 5, 12)",minecraft:granite,{},
"(17, 5, 12)",minecraft:dark_oak_slab,"{'type': 'bottom', 'waterlogged': 'false'}",
"(4, 5, 13)",minecraft:granite,{},
"(5, 5, 13)",minecraft:fletching_table,{},
"(6, 5, 13)",minecraft:smithing_table,{},
"(7, 5, 13)",minecraft:crafting_table,{},
"(8, 5, 13)",minecraft:loom,{'facing': 'north'},
"(9, 5, 13)",minecraft:cartography_table,{},
"(10, 5, 13)",minecraft:granite,{},
"(11, 5, 13)",minecraft:waxed_exposed_cut_copper_stairs,"{'facing': 'south', 'half': 'top', 'shape': 'straight', 'waterlogged': 'false'}",
"(12, 5, 13)",minecraft:waxed_exposed_cut_copper_stairs,"{'facing': 'south', 'half': 'bottom', 'shape': 'straight', 'waterlogged': 'false'}",
"(13, 5, 13)",minecraft:jungle_wall_sign,"{'facing': 'east', 'waterlogged': 'false'}","{back_text: {has_glowing_text: 0b, color: ""black"", messages: ["""", """", """", """"]}, components: {}, is_waxed: 0b, id: ""minecraft:sign"", front_text: {has_glowing_text: 0b, color: ""black"", messages: ["""", """", """", """"]}}"
"(14, 5, 13)",minecraft:oak_trapdoor,"{'facing': 'east', 'half': 'top', 'open': 'true', 'powered': 'false', 'waterlogged': 'false'}",
"(16, 5, 13)",minecraft:granite,{},
"(3, 5, 14)",minecraft:spruce_stairs,"{'facing': 'east', 'half': 'bottom', 'shape': 'straight', 'waterlogged': 'false'}",
"(4, 5, 14)",minecraft:oak_log,{'axis': 'y'},
"(5, 5, 14)",minecraft:terracotta,{},
"(6, 5, 14)",minecraft:terracotta,{},
"(7, 5, 14)",minecraft:granite,{},
"(8, 5, 14)",minecraft:granite,{},
"(9, 5, 14)",minecraft:granite,{},
"(10, 5, 14)",minecraft:oak_log,{'axis': 'y'},
"(11, 5, 14)",minecraft:granite,{},
"(12, 5, 14)",minecraft:granite,{},
"(13, 5, 14)",minecraft:granite,{},
"(14, 5, 14)",minecraft:terracotta,{},
"(15, 5, 14)",minecraft:terracotta,{},
"(16, 5, 14)",minecraft:oak_log,{'axis': 'y'},
"(17, 5, 14)",minecraft:dark_oak_stairs,"{'facing': 'west', 'half': 'bottom', 'shape': 'straight', 'waterlogged': 'false'}",
"(4, 5, 15)",minecraft:dark_oak_stairs,"{'facing': 'north', 'half': 'bottom', 'shape': 'straight', 'waterlogged': 'false'}",
"(6, 5, 15)",minecraft:spruce_slab,"{'type': 'bottom', 'waterlogged': 'false'}",
"(8, 5, 15)",minecraft:spruce_slab,"{'type': 'bottom', 'waterlogged': 'false'}",
"(10, 5, 15)",minecraft:dark_oak_stairs,"{'facing': 'north', 'half': 'bottom', 'shape': 'straight', 'waterlogged': 'false'}",
"(12, 5, 15)",minecraft:dark_oak_slab,"{'type': 'bottom', 'waterlogged': 'false'}",
"(13, 5, 15)",minecraft:oak_leaves,"{'distance': '7', 'persistent': 'true', 'waterlogged': 'false'}",
"(14, 5, 15)",minecraft:spruce_slab,"{'type': 'bottom', 'waterlogged': 'false'}",
"(16, 5, 15)",minecraft:dark_oak_stairs,"{'facing': 'north', 'half': 'bottom', 'shape': 'straight', 'waterlogged': 'false'}",
"(12, 6, 1)",minecraft:oak_fence_gate,"{'facing': 'south', 'in_wall': 'false', 'open': 'true', 'powered': 'false'}",
"(14, 6, 1)",minecraft:oak_fence_gate,"{'facing': 'south', 'in_wall': 'false', 'open': 'true', 'powered': 'false'}",
"(4, 6, 2)",minecraft:spruce_fence,"{'east': 'false', 'north': 'false', 'south': 'false', 'waterlogged': 'false', 'west': 'false'}",
"(10, 6, 2)",minecraft:mangrove_wood,{'axis': 'y'},
"(11, 6, 2)",minecraft:terracotta,{},
"(12, 6, 2)",minecraft:white_stained_glass_pane,"{'east': 'true', 'north': 'false', 'south': 'false', 'waterlogged': 'false', 'west': 'true'}",
"(13, 6, 2)",minecraft:white_stained_glass_pane,"{'east': 'true', 'north': 'false', 'south': 'false', 'waterlogged': 'false', 'west': 'true'}",
"(14, 6, 2)",minecraft:white_stained_glass_pane,"{'east': 'true', 'north': 'false', 'south': 'false', 'waterlogged': 'false', 'west': 'true'}",
"(15, 6, 2)",minecraft:terracotta,{},
"(16, 6, 2)",minecraft:mangrove_wood,{'axis': 'y'},
"(4, 6, 3)",minecraft:potted_blue_orchid,{},
"(7, 6, 3)",minecraft:oak_pressure_plate,{'powered': 'false'},
"(10, 6, 3)",minecraft:brown_wool,{},
"(11, 6, 3)",minecraft:lantern,"{'hanging': 'false', 'waterlogged': 'false'}",
"(15, 6, 3)",minecraft:potted_allium,{},
"(16, 6, 3)",minecraft:brown_wool,{},
"(9, 6, 4)",minecraft:oak_fence_gate,"{'facing': 'east', 'in_wall': 'false', 'open': 'true', 'powered': 'false'}",
"(10, 6, 4)",minecraft:white_stained_glass_pane,"{'east': 'false', 'north': 'true', 'south': 'true', 'waterlogged': 'false', 'west': 'false'}",
"(16, 6, 4)",minecraft:dark_oak_stairs,"{'facing': 'east', 'half': 'top', 'shape': 'straight', 'waterlogged': 'false'}",
"(17, 6, 4)",minecraft:tuff_stairs,"{'facing': 'west', 'half': 'top', 'shape': 'straight', 'waterlogged': 'false'}",
"(9, 6, 5)",minecraft:oak_fence_gate,"{'facing': 'east', 'in_wall': 'false', 'open': 'true', 'powered': 'false'}",
"(10, 6, 5)",minecraft:white_stained_glass_pane,"{'east': 'false', 'north': 'true', 'south': 'true', 'waterlogged': 'false', 'west': 'false'}",
"(16, 6, 5)",minecraft:dark_oak_stairs,"{'facing': 'east', 'half': 'top', 'shape': 'straight', 'waterlogged': 'false'}",
"(17, 6, 5)",minecraft:tuff,{},
"(18, 6, 5)",minecraft:cobblestone_wall,"{'east': 'none', 'north': 'none', 'south': 'none', 'up': 'true', 'waterlogged': 'false', 'west': 'low'}",
"(5, 6, 6)",minecraft:spruce_trapdoor,"{'facing': 'east', 'half': 'bottom', 'open': 'false', 'powered': 'false', 'waterlogged': 'false'}",
"(10, 6, 6)",minecraft:terracotta,{},
"(11, 6, 6)",minecraft:potted_fern,{},
"(16, 6, 6)",minecraft:dark_oak_stairs,"{'facing': 'east', 'half': 'top', 'shape': 'straight', 'waterlogged': 'false'}",
"(17, 6, 6)",minecraft:tuff_stairs,"{'facing': 'west', 'half': 'bottom', 'shape': 'straight', 'waterlogged': 'false'}",
"(4, 6, 7)",minecraft:lantern,"{'hanging': 'false', 'waterlogged': 'false'}",
"(9, 6, 7)",minecraft:potted_bamboo,{},
"(10, 6, 7)",minecraft:terracotta,{},
"(15, 6, 7)",minecraft:magenta_candle,"{'candles': '4', 'lit': 'true', 'waterlogged': 'false'}",
"(16, 6, 7)",minecraft:terracotta,{},
"(4, 6, 8)",minecraft:mangrove_wood,{'axis': 'y'},
"(5, 6, 8)",minecraft:brown_wool,{},
"(6, 6, 8)",minecraft:terracotta,{},
"(7, 6, 8)",minecraft:oak_door,"{'facing': 'south', 'half': 'upper', 'hinge': 'right', 'open': 'false', 'powered': 'false'}",
"(8, 6, 8)",minecraft:oak_door,"{'facing': 'south', 'half': 'upper', 'hinge': 'left', 'open': 'false', 'powered': 'false'}",
"(9, 6, 8)",minecraft:terracotta,{},
"(10, 6, 8)",minecraft:mangrove_wood,{'axis': 'y'},
"(11, 6, 8)",minecraft:brown_wool,{},
"(12, 6, 8)",minecraft:terracotta,{},
"(13, 6, 8)",minecraft:dark_oak_door,"{'facing': 'north', 'half': 'upper', 'hinge': 'left', 'open': 'false', 'powered': 'false'}",
"(14, 6, 8)",minecraft:terracotta,{},
"(15, 6, 8)",minecraft:terracotta,{},
"(16, 6, 8)",minecraft:mangrove_wood,{'axis': 'y'},
"(4, 6, 9)",minecraft:brown_wool,{},
"(5, 6, 9)",minecraft:spruce_trapdoor,"{'facing': 'south', 'half': 'top', 'open': 'false', 'powered': 'false', 'waterlogged': 'false'}",
"(10, 6, 9)",minecraft:terracotta,{},
"(11, 6, 9)",minecraft:potted_bamboo,{},
"(14, 6, 9)",minecraft:spruce_trapdoor,"{'facing': 'west', 'half': 'top', 'open': 'false', 'powered': 'false', 'waterlogged': 'false'}",
"(15, 6, 9)",minecraft:spruce_trapdoor,"{'facing': 'west', 'half': 'top', 'open': 'false', 'powered': 'false', 'waterlogged': 'false'}",
"(16, 6, 9)",minecraft:brown_wool,{},
"(3, 6, 10)",minecraft:oak_fence_gate,"{'facing': 'east', 'in_wall': 'false', 'open': 'true', 'powered': 'false'}",
"(4, 6, 10)",minecraft:white_stained_glass_pane,"{'east': 'false', 'north': 'true', 'south': 'true', 'waterlogged': 'false', 'west': 'false'}",
"(10, 6, 10)",minecraft:spruce_trapdoor,"{'facing': 'south', 'half': 'bottom', 'open': 'true', 'powered': 'false', 'waterlogged': 'false'}",
"(16, 6, 10)",minecraft:white_stained_glass_pane,"{'east': 'false', 'north': 'true', 'south': 'true', 'waterlogged': 'false', 'west': 'false'}",
"(17, 6, 10)",minecraft:oak_fence_gate,"{'facing': 'west', 'in_wall': 'false', 'open': 'true', 'powered': 'false'}",
"(4, 6, 11)",minecraft:white_stained_glass_pane,"{'east': 'false', 'north': 'true', 'south': 'true', 'waterlogged': 'false', 'west': 'false'}",
"(14, 6, 11)",minecraft:oak_trapdoor,"{'facing': 'north', 'half': 'top', 'open': 'true', 'powered': 'false', 'waterlogged': 'false'}",
"(16, 6, 11)",minecraft:white_stained_glass_pane,"{'east': 'false', 'north': 'true', 'south': 'true', 'waterlogged': 'false', 'west': 'false'}",
"(17, 6, 11)",minecraft:oak_fence_gate,"{'facing': 'west', 'in_wall': 'false', 'open': 'true', 'powered': 'false'}",
"(3, 6, 12)",minecraft:oak_fence_gate,"{'facing': 'east', 'in_wall': 'false', 'open': 'true', 'powered': 'false'}",
"(4, 6, 12)",minecraft:white_stained_glass_pane,"{'east': 'false', 'north': 'true', 'south': 'true', 'waterlogged': 'false', 'west': 'false'}",
"(10, 6, 12)",minecraft:spruce_trapdoor,"{'facing': 'north', 'half': 'bottom', 'open': 'true', 'powered': 'false', 'waterlogged': 'false'}",
"(13, 6, 12)",minecraft:oak_trapdoor,"{'facing': 'west', 'half': 'top', 'open': 'true', 'powered': 'false', 'waterlogged': 'false'}",
"(14, 6, 12)",minecraft:spruce_stairs,"{'facing': 'west', 'half': 'bottom', 'shape': 'straight', 'waterlogged': 'false'}",
"(16, 6, 12)",minecraft:terracotta,{},
"(4, 6, 13)",minecraft:terracotta,{},
"(5, 6, 13)",minecraft:spruce_trapdoor,"{'facing': 'east', 'half': 'top', 'open': 'false', 'powered': 'false', 'waterlogged': 'false'}",
"(6, 6, 13)",minecraft:spruce_trapdoor,"{'facing': 'east', 'half': 'top', 'open': 'false', 'powered': 'false', 'waterlogged': 'false'}",
"(7, 6, 13)",minecraft:spruce_trapdoor,"{'facing': 'east', 'half': 'top', 'open': 'false', 'powered': 'false', 'waterlogged': 'false'}",
"(8, 6, 13)",minecraft:spruce_trapdoor,"{'facing': 'east', 'half': 'top', 'open': 'false', 'powered': 'false', 'waterlogged': 'false'}",
"(9, 6, 13)",minecraft:spruce_trapdoor,"{'facing': 'east', 'half': 'top', 'open': 'false', 'powered': 'false', 'waterlogged': 'false'}",
"(10, 6, 13)",minecraft:terracotta,{},
"(11, 6, 13)",minecraft:black_candle,"{'candles': '4', 'lit': 'true', 'waterlogged': 'false'}",
"(13, 6, 13)",minecraft:oak_trapdoor,"{'facing': 'west', 'half': 'top', 'open': 'true', 'powered': 'false', 'waterlogged': 'false'}",
"(14, 6, 13)",minecraft:spruce_trapdoor,"{'facing': 'south', 'half': 'top', 'open': 'true', 'powered': 'false', 'waterlogged': 'false'}",
"(16, 6, 13)",minecraft:terracotta,{},
"(4, 6, 14)",minecraft:mangrove_wood,{'axis': 'y'},
"(5, 6, 14)",minecraft:terracotta,{},
"(6, 6, 14)",minecraft:white_stained_glass_pane,"{'east': 'true', 'north': 'false', 'south': 'false', 'waterlogged': 'false', 'west': 'true'}",
"(7, 6, 14)",minecraft:white_stained_glass_pane,"{'east': 'true', 'north': 'false', 'south': 'false', 'waterlogged': 'false', 'west': 'true'}",
"(8, 6, 14)",minecraft:white_stained_glass_pane,"{'east': 'true', 'north': 'false', 'south': 'false', 'waterlogged': 'false', 'west': 'true'}",
"(9, 6, 14)",minecraft:terracotta,{},
"(10, 6, 14)",minecraft:mangrove_wood,{'axis': 'y'},
"(11, 6, 14)",minecraft:terracotta,{},
"(12, 6, 14)",minecraft:white_stained_glass_pane,"{'east': 'true', 'north': 'false', 'south': 'false', 'waterlogged': 'false', 'west': 'true'}",
"(13, 6, 14)",minecraft:white_stained_glass_pane,"{'east': 'true', 'north': 'false', 'south': 'false', 'waterlogged': 'false', 'west': 'true'}",
"(14, 6, 14)",minecraft:terracotta,{},
"(15, 6, 14)",minecraft:brown_wool,{},
"(16, 6, 14)",minecraft:mangrove_wood,{'axis': 'y'},
"(6, 6, 15)",minecraft:oak_fence_gate,"{'facing': 'north', 'in_wall': 'false', 'open': 'true', 'powered': 'false'}",
"(8, 6, 15)",minecraft:oak_fence_gate,"{'facing': 'north', 'in_wall': 'false', 'open': 'true', 'powered': 'false'}",
"(12, 6, 15)",minecraft:oak_fence_gate,"{'facing': 'north', 'in_wall': 'false', 'open': 'true', 'powered': 'false'}",
"(13, 6, 15)",minecraft:oak_fence_gate,"{'facing': 'north', 'in_wall': 'false', 'open': 'true', 'powered': 'false'}",
"(17, 6, 16)",minecraft:flowering_azalea_leaves,"{'distance': '7', 'persistent': 'true', 'waterlogged': 'false'}",
"(4, 7, 1)",minecraft:birch_slab,"{'type': 'top', 'waterlogged': 'false'}",
"(10, 7, 1)",minecraft:spruce_fence,"{'east': 'false', 'north': 'false', 'south': 'true', 'waterlogged': 'false', 'west': 'false'}",
"(12, 7, 1)",minecraft:oxidized_copper_trapdoor,"{'facing': 'north', 'half': 'bottom', 'open': 'false', 'powered': 'false', 'waterlogged': 'false'}",
"(13, 7, 1)",minecraft:oxidized_cut_copper_slab,"{'type': 'bottom', 'waterlogged': 'false'}",
"(14, 7, 1)",minecraft:oxidized_copper_trapdoor,"{'facing': 'north', 'half': 'bottom', 'open': 'false', 'powered': 'false', 'waterlogged': 'false'}",
"(16, 7, 1)",minecraft:spruce_fence,"{'east': 'false', 'north': 'false', 'south': 'true', 'waterlogged': 'false', 'west': 'false'}",
"(3, 7, 2)",minecraft:bamboo_slab,"{'type': 'top', 'waterlogged': 'false'}",
"(4, 7, 2)",minecraft:oak_fence,"{'east': 'false', 'north': 'false', 'south': 'false', 'waterlogged': 'false', 'west': 'false'}",
"(9, 7, 2)",minecraft:spruce_fence,"{'east': 'true', 'north': 'false', 'south': 'false', 'waterlogged': 'false', 'west': 'false'}",
"(10, 7, 2)",minecraft:stripped_dark_oak_wood,{'axis': 'y'},
"(11, 7, 2)",minecraft:brown_wool,{},
"(12, 7, 2)",minecraft:brown_wool,{},
"(13, 7, 2)",minecraft:brown_wool,{},
"(14, 7, 2)",minecraft:brown_wool,{},
"(15, 7, 2)",minecraft:brown_wool,{},
"(16, 7, 2)",minecraft:stripped_dark_oak_wood,{'axis': 'y'},
"(17, 7, 2)",minecraft:dark_oak_fence,"{'east': 'false', 'north': 'false', 'south': 'false', 'waterlogged': 'false', 'west': 'true'}",
"(10, 7, 3)",minecraft:brown_wool,{},
"(15, 7, 3)",minecraft:green_wall_banner,{'facing': 'west'},"{components: {}, id: ""minecraft:banner""}"
"(16, 7, 3)",minecraft:brown_wool,{},
"(9, 7, 4)",minecraft:oxidized_copper_trapdoor,"{'facing': 'west', 'half': 'bottom', 'open': 'false', 'powered': 'false', 'waterlogged': 'false'}",
"(10, 7, 4)",minecraft:brown_wool,{},
"(16, 7, 4)",minecraft:brown_wool,{},
"(17, 7, 4)",minecraft:mossy_cobblestone_wall,"{'east': 'none', 'north': 'none', 'south': 'tall', 'up': 'true', 'waterlogged': 'false', 'west': 'tall'}",
"(9, 7, 5)",minecraft:oxidized_copper_trapdoor,"{'facing': 'west', 'half': 'bottom', 'open': 'false', 'powered': 'false', 'waterlogged': 'false'}",
"(10, 7, 5)",minecraft:brown_wool,{},
"(16, 7, 5)",minecraft:brown_wool,{},
"(17, 7, 5)",minecraft:tuff,{},
"(10, 7, 6)",minecraft:brown_wool,{},
"(16, 7, 6)",minecraft:brown_wool,{},
"(17, 7, 6)",minecraft:mossy_cobblestone,{},
"(4, 7, 7)",minecraft:dark_oak_fence,"{'east': 'false', 'north': 'false', 'south': 'true', 'waterlogged': 'false', 'west': 'false'}",
"(7, 7, 7)",minecraft:spruce_wall_sign,"{'facing': 'north', 'waterlogged': 'false'}","{back_text: {has_glowing_text: 0b, color: ""black"", messages: ["""", """", """", """"]}, components: {}, is_waxed: 0b, id: ""minecraft:sign"", front_text: {has_glowing_text: 0b, color: ""black"", messages: ["""", """", """", """"]}}"
"(8, 7, 7)",minecraft:spruce_wall_sign,"{'facing': 'north', 'waterlogged': 'false'}","{back_text: {has_glowing_text: 0b, color: ""black"", messages: ["""", """", """", """"]}, components: {}, is_waxed: 0b, id: ""minecraft:sign"", front_text: {has_glowing_text: 0b, color: ""black"", messages: ["""", """", """", """"]}}"
"(9, 7, 7)",minecraft:flowering_azalea_leaves,"{'distance': '7', 'persistent': 'true', 'waterlogged': 'false'}",
"(10, 7, 7)",minecraft:terracotta,{},
"(12, 7, 7)",minecraft:light_gray_wall_banner,{'facing': 'north'},"{components: {}, id: ""minecraft:banner""}"
"(16, 7, 7)",minecraft:brown_wool,{},
"(3, 7, 8)",minecraft:spruce_fence,"{'east': 'true', 'north': 'false', 'south': 'false', 'waterlogged': 'false', 'west': 'false'}",
"(4, 7, 8)",minecraft:stripped_dark_oak_wood,{'axis': 'y'},
"(5, 7, 8)",minecraft:brown_wool,{},
"(6, 7, 8)",minecraft:brown_wool,{},
"(7, 7, 8)",minecraft:brown_wool,{},
"(8, 7, 8)",minecraft:brown_wool,{},
"(9, 7, 8)",minecraft:brown_wool,{},
"(10, 7, 8)",minecraft:stripped_dark_oak_wood,{'axis': 'y'},
"(11, 7, 8)",minecraft:brown_wool,{},
"(12, 7, 8)",minecraft:brown_wool,{},
"(13, 7, 8)",minecraft:dark_oak_trapdoor,"{'facing': 'north', 'half': 'top', 'open': 'true', 'powered': 'false', 'waterlogged': 'false'}",
"(14, 7, 8)",minecraft:brown_wool,{},
"(15, 7, 8)",minecraft:terracotta,{},
"(16, 7, 8)",minecraft:stripped_dark_oak_wood,{'axis': 'y'},
"(17, 7, 8)",minecraft:dark_oak_fence,"{'east': 'false', 'north': 'false', 'south': 'false', 'waterlogged': 'false', 'west': 'true'}",
"(4, 7, 9)",minecraft:brown_wool,{},
"(5, 7, 9)",minecraft:anvil,{'facing': 'north'},
"(6, 7, 9)",minecraft:purple_wall_banner,{'facing': 'south'},"{components: {}, id: ""minecraft:banner""}"
"(10, 7, 9)",minecraft:brown_wool,{},
"(11, 7, 9)",minecraft:flowering_azalea_leaves,"{'distance': '7', 'persistent': 'true', 'waterlogged': 'false'}",
"(14, 7, 9)",minecraft:yellow_candle,"{'candles': '4', 'lit': 'true', 'waterlogged': 'false'}",
"(15, 7, 9)",minecraft:potted_mangrove_propagule,{},
"(16, 7, 9)",minecraft:brown_wool,{},
"(3, 7, 10)",minecraft:oxidized_copper_trapdoor,"{'facing': 'west', 'half': 'bottom', 'open': 'false', 'powered': 'false', 'waterlogged': 'false'}",
"(4, 7, 10)",minecraft:brown_wool,{},
"(10, 7, 10)",minecraft:spruce_stairs,"{'facing': 'north', 'half': 'top', 'shape': 'straight', 'waterlogged': 'false'}",
"(16, 7, 10)",minecraft:brown_wool,{},
"(17, 7, 10)",minecraft:oxidized_copper_trapdoor,"{'facing': 'east', 'half': 'bottom', 'open': 'false', 'powered': 'false', 'waterlogged': 'false'}",
"(3, 7, 11)",minecraft:oxidized_cut_copper_slab,"{'type': 'bottom', 'waterlogged': 'false'}",
"(4, 7, 11)",minecraft:brown_wool,{},
"(10, 7, 11)",minecraft:spruce_trapdoor,"{'facing': 'north', 'half': 'top', 'open': 'false', 'powered': 'false', 'waterlogged': 'false'}",
"(14, 7, 11)",minecraft:oak_trapdoor,"{'facing': 'north', 'half': 'top', 'open': 'true', 'powered': 'false', 'waterlogged': 'false'}",
"(16, 7, 11)",minecraft:brown_wool,{},
"(17, 7, 11)",minecraft:oxidized_copper_trapdoor,"{'facing': 'east', 'half': 'bottom', 'open': 'false', 'powered': 'false', 'waterlogged': 'false'}",
"(3, 7, 12)",minecraft:oxidized_copper_trapdoor,"{'facing': 'west', 'half': 'bottom', 'open': 'false', 'powered': 'false', 'waterlogged': 'false'}",
"(4, 7, 12)",minecraft:brown_wool,{},
"(10, 7, 12)",minecraft:spruce_stairs,"{'facing': 'south', 'half': 'top', 'shape': 'straight', 'waterlogged': 'false'}",
"(13, 7, 12)",minecraft:oak_trapdoor,"{'facing': 'west', 'half': 'top', 'open': 'true', 'powered': 'false', 'waterlogged': 'false'}",
"(14, 7, 12)",minecraft:spruce_trapdoor,"{'facing': 'north', 'half': 'bottom', 'open': 'true', 'powered': 'false', 'waterlogged': 'false'}",
"(16, 7, 12)",minecraft:brown_wool,{},
"(4, 7, 13)",minecraft:terracotta,{},
"(5, 7, 13)",minecraft:oak_leaves,"{'distance': '7', 'persistent': 'true', 'waterlogged': 'false'}",
"(6, 7, 13)",minecraft:potted_lily_of_the_valley,{},
"(8, 7, 13)",minecraft:sea_pickle,"{'pickles': '3', 'waterlogged': 'false'}",
"(9, 7, 13)",minecraft:lantern,"{'hanging': 'false', 'waterlogged': 'false'}",
"(10, 7, 13)",minecraft:brown_wool,{},
"(13, 7, 13)",minecraft:oak_trapdoor,"{'facing': 'west', 'half': 'top', 'open': 'true', 'powered': 'false', 'waterlogged': 'false'}",
"(14, 7, 13)",minecraft:spruce_stairs,"{'facing': 'north', 'half': 'top', 'shape': 'straight', 'waterlogged': 'false'}",
"(16, 7, 13)",minecraft:terracotta,{},
"(3, 7, 14)",minecraft:dark_oak_fence,"{'east': 'true', 'north': 'false', 'south': 'false', 'waterlogged': 'false', 'west': 'false'}",
"(4, 7, 14)",minecraft:stripped_dark_oak_wood,{'axis': 'y'},
"(5, 7, 14)",minecraft:brown_wool,{},
"(6, 7, 14)",minecraft:brown_wool,{},
"(7, 7, 14)",minecraft:brown_wool,{},
"(8, 7, 14)",minecraft:brown_wool,{},
"(9, 7, 14)",minecraft:terracotta,{},
"(10, 7, 14)",minecraft:stripped_dark_oak_wood,{'axis': 'y'},
"(11, 7, 14)",minecraft:brown_wool,{},
"(12, 7, 14)",minecraft:brown_wool,{},
"(13, 7, 14)",minecraft:brown_wool,{},
"(14, 7, 14)",minecraft:brown_wool,{},
"(15, 7, 14)",minecraft:brown_wool,{},
"(16, 7, 14)",minecraft:stripped_dark_oak_wood,{'axis': 'y'},
"(17, 7, 14)",minecraft:dark_oak_fence,"{'east': 'false', 'north': 'false', 'south': 'false', 'waterlogged': 'false', 'west': 'true'}",
"(4, 7, 15)",minecraft:dark_oak_fence,"{'east': 'false', 'north': 'true', 'south': 'false', 'waterlogged': 'false', 'west': 'false'}",
"(6, 7, 15)",minecraft:oxidized_copper_trapdoor,"{'facing': 'south', 'half': 'bottom', 'open': 'false', 'powered': 'false', 'waterlogged': 'false'}",
"(7, 7, 15)",minecraft:oxidized_cut_copper_slab,"{'type': 'bottom', 'waterlogged': 'false'}",
"(8, 7, 15)",minecraft:oxidized_copper_trapdoor,"{'facing': 'south', 'half': 'bottom', 'open': 'false', 'powered': 'false', 'waterlogged': 'false'}",
"(10, 7, 15)",minecraft:dark_oak_fence,"{'east': 'false', 'north': 'true', 'south': 'false', 'waterlogged': 'false', 'west': 'false'}",
"(12, 7, 15)",minecraft:oxidized_copper_trapdoor,"{'facing': 'south', 'half': 'bottom', 'open': 'false', 'powered': 'false', 'waterlogged': 'false'}",
"(13, 7, 15)",minecraft:oxidized_copper_trapdoor,"{'facing': 'south', 'half': 'bottom', 'open': 'false', 'powered': 'false', 'waterlogged': 'false'}",
"(16, 7, 15)",minecraft:dark_oak_fence,"{'east': 'false', 'north': 'true', 'south': 'false', 'waterlogged': 'false', 'west': 'false'}",
"(17, 7, 16)",minecraft:azalea_leaves,"{'distance': '7', 'persistent': 'true', 'waterlogged': 'false'}",
"(18, 8, 0)",minecraft:flowering_azalea_leaves,"{'distance': '7', 'persistent': 'true', 'waterlogged': 'false'}",
"(5, 8, 1)",minecraft:bamboo_mosaic_slab,"{'type': 'bottom', 'waterlogged': 'false'}",
"(6, 8, 1)",minecraft:bamboo_slab,"{'type': 'bottom', 'waterlogged': 'false'}",
"(7, 8, 1)",minecraft:bamboo_slab,"{'type': 'top', 'waterlogged': 'false'}",
"(8, 8, 1)",minecraft:birch_slab,"{'type': 'top', 'waterlogged': 'false'}",
"(10, 8, 1)",minecraft:oak_log,{'axis': 'z'},
"(11, 8, 1)",minecraft:spruce_stairs,"{'facing': 'south', 'half': 'top', 'shape': 'straight', 'waterlogged': 'false'}",
"(12, 8, 1)",minecraft:dark_oak_slab,"{'type': 'top', 'waterlogged': 'false'}",
"(13, 8, 1)",minecraft:dark_oak_stairs,"{'facing': 'south', 'half': 'top', 'shape': 'straight', 'waterlogged': 'false'}",
"(14, 8, 1)",minecraft:dark_oak_slab,"{'type': 'top', 'waterlogged': 'false'}",
"(15, 8, 1)",minecraft:spruce_stairs,"{'facing': 'south', 'half': 'top', 'shape': 'straight', 'waterlogged': 'false'}",
"(16, 8, 1)",minecraft:oak_log,{'axis': 'z'},
"(4, 8, 2)",minecraft:bamboo_mosaic_slab,"{'type': 'bottom', 'waterlogged': 'false'}",
"(5, 8, 2)",minecraft:bamboo_slab,"{'type': 'bottom', 'waterlogged': 'false'}",
"(6, 8, 2)",minecraft:bamboo_mosaic_slab,"{'type': 'top', 'waterlogged': 'false'}",
"(7, 8, 2)",minecraft:birch_slab,"{'type': 'top', 'waterlogged': 'false'}",
"(9, 8, 2)",minecraft:oak_log,{'axis': 'x'},
"(10, 8, 2)",minecraft:oak_log,{'axis': 'y'},
"(11, 8, 2)",minecraft:stripped_dark_oak_wood,{'axis': 'x'},
"(12, 8, 2)",minecraft:stripped_dark_oak_wood,{'axis': 'x'},
"(13, 8, 2)",minecraft:stripped_dark_oak_wood,{'axis': 'x'},
"(14, 8, 2)",minecraft:stripped_dark_oak_wood,{'axis': 'x'},
"(15, 8, 2)",minecraft:stripped_dark_oak_wood,{'axis': 'x'},
"(16, 8, 2)",minecraft:oak_log,{'axis': 'y'},
"(17, 8, 2)",minecraft:oak_log,{'axis': 'x'},
"(3, 8, 3)",minecraft:bamboo_slab,"{'type': 'bottom', 'waterlogged': 'false'}",
"(4, 8, 3)",minecraft:birch_slab,"{'type': 'bottom', 'waterlogged': 'false'}",
"(5, 8, 3)",minecraft:bamboo_slab,"{'type': 'top', 'waterlogged': 'false'}",
"(6, 8, 3)",minecraft:bamboo_slab,"{'type': 'top', 'waterlogged': 'false'}",
"(9, 8, 3)",minecraft:dark_oak_stairs,"{'facing': 'east', 'half': 'top', 'shape': 'straight', 'waterlogged': 'false'}",
"(10, 8, 3)",minecraft:stripped_dark_oak_wood,{'axis': 'z'},
"(11, 8, 3)",minecraft:oak_stairs,"{'facing': 'north', 'half': 'top', 'shape': 'straight', 'waterlogged': 'false'}",
"(12, 8, 3)",minecraft:oak_slab,"{'type': 'top', 'waterlogged': 'false'}",
"(13, 8, 3)",minecraft:oak_stairs,"{'facing': 'north', 'half': 'top', 'shape': 'straight', 'waterlogged': 'false'}",
"(14, 8, 3)",minecraft:oak_slab,"{'type': 'top', 'waterlogged': 'false'}",
"(15, 8, 3)",minecraft:oak_stairs,"{'facing': 'north', 'half': 'top', 'shape': 'inner_right', 'waterlogged': 'false'}",
"(16, 8, 3)",minecraft:stripped_dark_oak_wood,{'axis': 'z'},
"(17, 8, 3)",minecraft:dark_oak_stairs,"{'facing': 'west', 'half': 'top', 'shape': 'straight', 'waterlogged': 'false'}",
"(3, 8, 4)",minecraft:bamboo_mosaic_slab,"{'type': 'bottom', 'waterlogged': 'false'}",
"(4, 8, 4)",minecraft:bamboo_slab,"{'type': 'top', 'waterlogged': 'false'}",
"(5, 8, 4)",minecraft:bamboo_mosaic_slab,"{'type': 'top', 'waterlogged': 'false'}",
"(9, 8, 4)",minecraft:dark_oak_slab,"{'type': 'top', 'waterlogged': 'false'}",
"(10, 8, 4)",minecraft:stripped_dark_oak_wood,{'axis': 'z'},
"(11, 8, 4)",minecraft:oak_slab,"{'type': 'top', 'waterlogged': 'false'}",
"(12, 8, 4)",minecraft:oak_slab,"{'type': 'top', 'waterlogged': 'false'}",
"(13, 8, 4)",minecraft:oak_slab,"{'type': 'top', 'waterlogged': 'false'}",
"(14, 8, 4)",minecraft:oak_slab,"{'type': 'top', 'waterlogged': 'false'}",
"(15, 8, 4)",minecraft:oak_stairs,"{'facing': 'east', 'half': 'top', 'shape': 'straight', 'waterlogged': 'false'}",
"(16, 8, 4)",minecraft:stripped_dark_oak_wood,{'axis': 'z'},
"(17, 8, 4)",minecraft:tuff,{},
"(3, 8, 5)",minecraft:birch_slab,"{'type': 'top', 'waterlogged': 'false'}",
"(4, 8, 5)",minecraft:bamboo_mosaic_slab,"{'type': 'top', 'waterlogged': 'false'}",
"(9, 8, 5)",minecraft:dark_oak_stairs,"{'facing': 'east', 'half': 'top', 'shape': 'straight', 'waterlogged': 'false'}",
"(10, 8, 5)",minecraft:stripped_dark_oak_wood,{'axis': 'z'},
"(11, 8, 5)",minecraft:oak_stairs,"{'facing': 'west', 'half': 'top', 'shape': 'straight', 'waterlogged': 'false'}",
"(12, 8, 5)",minecraft:oak_slab,"{'type': 'top', 'waterlogged': 'false'}",
"(13, 8, 5)",minecraft:oak_slab,"{'type': 'top', 'waterlogged': 'false'}",
"(14, 8, 5)",minecraft:oak_slab,"{'type': 'top', 'waterlogged': 'false'}",
"(15, 8, 5)",minecraft:oak_slab,"{'type': 'top', 'waterlogged': 'false'}",
"(16, 8, 5)",minecraft:stripped_dark_oak_wood,{'axis': 'z'},
"(17, 8, 5)",minecraft:mossy_cobblestone,{},
"(3, 8, 6)",minecraft:bamboo_slab,"{'type': 'top', 'waterlogged': 'false'}",
"(9, 8, 6)",minecraft:dark_oak_slab,"{'type': 'top', 'waterlogged': 'false'}",
"(10, 8, 6)",minecraft:stripped_dark_oak_wood,{'axis': 'z'},
"(11, 8, 6)",minecraft:oak_stairs,"{'facing': 'west', 'half': 'top', 'shape': 'straight', 'waterlogged': 'false'}",
"(12, 8, 6)",minecraft:oak_slab,"{'type': 'top', 'waterlogged': 'false'}",
"(13, 8, 6)",minecraft:oak_slab,"{'type': 'top', 'waterlogged': 'false'}",
"(14, 8, 6)",minecraft:oak_slab,"{'type': 'top', 'waterlogged': 'false'}",
"(15, 8, 6)",minecraft:oak_stairs,"{'facing': 'east', 'half': 'top', 'shape': 'straight', 'waterlogged': 'false'}",
"(16, 8, 6)",minecraft:stripped_dark_oak_wood,{'axis': 'z'},
"(17, 8, 6)",minecraft:cobblestone_wall,"{'east': 'none', 'north': 'tall', 'south': 'none', 'up': 'true', 'waterlogged': 'false', 'west': 'tall'}",
"(4, 8, 7)",minecraft:oak_log,{'axis': 'z'},
"(5, 8, 7)",minecraft:dark_oak_stairs,"{'facing': 'south', 'half': 'top', 'shape': 'straight', 'waterlogged': 'false'}",
"(6, 8, 7)",minecraft:dark_oak_slab,"{'type': 'top', 'waterlogged': 'false'}",
"(7, 8, 7)",minecraft:dark_oak_stairs,"{'facing': 'south', 'half': 'top', 'shape': 'straight', 'waterlogged': 'false'}",
"(8, 8, 7)",minecraft:dark_oak_slab,"{'type': 'top', 'waterlogged': 'false'}",
"(9, 8, 7)",minecraft:dark_oak_stairs,"{'facing': 'east', 'half': 'top', 'shape': 'straight', 'waterlogged': 'false'}",
"(10, 8, 7)",minecraft:stripped_dark_oak_wood,{'axis': 'z'},
"(11, 8, 7)",minecraft:oak_slab,"{'type': 'top', 'waterlogged': 'false'}",
"(12, 8, 7)",minecraft:oak_slab,"{'type': 'top', 'waterlogged': 'false'}",
"(13, 8, 7)",minecraft:oak_stairs,"{'facing': 'south', 'half': 'top', 'shape': 'straight', 'waterlogged': 'false'}",
"(14, 8, 7)",minecraft:oak_slab,"{'type': 'top', 'waterlogged': 'false'}",
"(15, 8, 7)",minecraft:oak_slab,"{'type': 'top', 'waterlogged': 'false'}",
"(16, 8, 7)",minecraft:stripped_dark_oak_wood,{'axis': 'z'},
"(17, 8, 7)",minecraft:spruce_stairs,"{'facing': 'west', 'half': 'top', 'shape': 'straight', 'waterlogged': 'false'}",
"(3, 8, 8)",minecraft:oak_log,{'axis': 'x'},
"(4, 8, 8)",minecraft:oak_log,{'axis': 'y'},
"(5, 8, 8)",minecraft:stripped_dark_oak_wood,{'axis': 'x'},
"(6, 8, 8)",minecraft:stripped_dark_oak_wood,{'axis': 'x'},
"(7, 8, 8)",minecraft:stripped_dark_oak_wood,{'axis': 'x'},
"(8, 8, 8)",minecraft:stripped_dark_oak_wood,{'axis': 'x'},
"(9, 8, 8)",minecraft:stripped_dark_oak_wood,{'axis': 'x'},
"(10, 8, 8)",minecraft:stripped_dark_oak_wood,{'axis': 'y'},
"(11, 8, 8)",minecraft:stripped_dark_oak_wood,{'axis': 'x'},
"(12, 8, 8)",minecraft:stripped_dark_oak_wood,{'axis': 'x'},
"(13, 8, 8)",minecraft:stripped_dark_oak_wood,{'axis': 'x'},
"(14, 8, 8)",minecraft:stripped_dark_oak_wood,{'axis': 'x'},
"(15, 8, 8)",minecraft:stripped_dark_oak_wood,{'axis': 'x'},
"(16, 8, 8)",minecraft:stripped_dark_oak_wood,{'axis': 'y'},
"(17, 8, 8)",minecraft:oak_log,{'axis': 'x'},
"(3, 8, 9)",minecraft:spruce_stairs,"{'facing': 'east', 'half': 'top', 'shape': 'straight', 'waterlogged': 'false'}",
"(4, 8, 9)",minecraft:stripped_dark_oak_wood,{'axis': 'z'},
"(5, 8, 9)",minecraft:oak_slab,"{'type': 'top', 'waterlogged': 'false'}",
"(6, 8, 9)",minecraft:oak_stairs,"{'facing': 'north', 'half': 'top', 'shape': 'straight', 'waterlogged': 'false'}",
"(7, 8, 9)",minecraft:oak_stairs,"{'facing': 'north', 'half': 'top', 'shape': 'straight', 'waterlogged': 'false'}",
"(8, 8, 9)",minecraft:oak_slab,"{'type': 'top', 'waterlogged': 'false'}",
"(9, 8, 9)",minecraft:oak_slab,"{'type': 'top', 'waterlogged': 'false'}",
"(10, 8, 9)",minecraft:stripped_dark_oak_wood,{'axis': 'z'},
"(11, 8, 9)",minecraft:oak_stairs,"{'facing': 'north', 'half': 'top', 'shape': 'straight', 'waterlogged': 'false'}",
"(12, 8, 9)",minecraft:oak_slab,"{'type': 'top', 'waterlogged': 'false'}",
"(13, 8, 9)",minecraft:oak_slab,"{'type': 'top', 'waterlogged': 'false'}",
"(14, 8, 9)",minecraft:oak_stairs,"{'facing': 'north', 'half': 'top', 'shape': 'straight', 'waterlogged': 'false'}",
"(15, 8, 9)",minecraft:oak_stairs,"{'facing': 'east', 'half': 'top', 'shape': 'inner_left', 'waterlogged': 'false'}",
"(16, 8, 9)",minecraft:stripped_dark_oak_wood,{'axis': 'z'},
"(17, 8, 9)",minecraft:spruce_stairs,"{'facing': 'west', 'half': 'top', 'shape': 'straight', 'waterlogged': 'false'}",
"(3, 8, 10)",minecraft:dark_oak_slab,"{'type': 'top', 'waterlogged': 'false'}",
"(4, 8, 10)",minecraft:stripped_dark_oak_wood,{'axis': 'z'},
"(5, 8, 10)",minecraft:oak_stairs,"{'facing': 'west', 'half': 'top', 'shape': 'straight', 'waterlogged': 'false'}",
"(6, 8, 10)",minecraft:oak_slab,"{'type': 'top', 'waterlogged': 'false'}",
"(7, 8, 10)",minecraft:oak_slab,"{'type': 'top', 'waterlogged': 'false'}",
"(8, 8, 10)",minecraft:oak_slab,"{'type': 'top', 'waterlogged': 'false'}",
"(9, 8, 10)",minecraft:oak_stairs,"{'facing': 'east', 'half': 'top', 'shape': 'straight', 'waterlogged': 'false'}",
"(10, 8, 10)",minecraft:stripped_dark_oak_wood,{'axis': 'z'},
"(11, 8, 10)",minecraft:oak_slab,"{'type': 'top', 'waterlogged': 'false'}",
"(12, 8, 10)",minecraft:oak_slab,"{'type': 'top', 'waterlogged': 'false'}",
"(13, 8, 10)",minecraft:oak_slab,"{'type': 'top', 'waterlogged': 'false'}",
"(14, 8, 10)",minecraft:oak_slab,"{'type': 'top', 'waterlogged': 'false'}",
"(15, 8, 10)",minecraft:oak_slab,"{'type': 'top', 'waterlogged': 'false'}",
"(16, 8, 10)",minecraft:stripped_dark_oak_wood,{'axis': 'z'},
"(17, 8, 10)",minecraft:dark_oak_slab,"{'type': 'top', 'waterlogged': 'false'}",
"(3, 8, 11)",minecraft:dark_oak_stairs,"{'facing': 'east', 'half': 'top', 'shape': 'straight', 'waterlogged': 'false'}",
"(4, 8, 11)",minecraft:stripped_dark_oak_wood,{'axis': 'z'},
"(5, 8, 11)",minecraft:oak_slab,"{'type': 'top', 'waterlogged': 'false'}",
"(6, 8, 11)",minecraft:oak_slab,"{'type': 'top', 'waterlogged': 'false'}",
"(7, 8, 11)",minecraft:oak_slab,"{'type': 'top', 'waterlogged': 'false'}",
"(8, 8, 11)",minecraft:oak_slab,"{'type': 'top', 'waterlogged': 'false'}",
"(9, 8, 11)",minecraft:oak_slab,"{'type': 'top', 'waterlogged': 'false'}",
"(10, 8, 11)",minecraft:stripped_dark_oak_wood,{'axis': 'z'},
"(11, 8, 11)",minecraft:oak_slab,"{'type': 'top', 'waterlogged': 'false'}",
"(12, 8, 11)",minecraft:oak_slab,"{'type': 'top', 'waterlogged': 'false'}",
"(13, 8, 11)",minecraft:oak_slab,"{'type': 'top', 'waterlogged': 'false'}",
"(14, 8, 11)",minecraft:oak_stairs,"{'facing': 'south', 'half': 'top', 'shape': 'straight', 'waterlogged': 'false'}",
"(15, 8, 11)",minecraft:oak_stairs,"{'facing': 'east', 'half': 'top', 'shape': 'inner_right', 'waterlogged': 'false'}",
"(16, 8, 11)",minecraft:stripped_dark_oak_wood,{'axis': 'z'},
"(17, 8, 11)",minecraft:dark_oak_stairs,"{'facing': 'west', 'half': 'top', 'shape': 'straight', 'waterlogged': 'false'}",
"(3, 8, 12)",minecraft:dark_oak_slab,"{'type': 'top', 'waterlogged': 'false'}",
"(4, 8, 12)",minecraft:stripped_dark_oak_wood,{'axis': 'z'},
"(5, 8, 12)",minecraft:oak_stairs,"{'facing': 'west', 'half': 'top', 'shape': 'straight', 'waterlogged': 'false'}",
"(6, 8, 12)",minecraft:oak_slab,"{'type': 'top', 'waterlogged': 'false'}",
"(7, 8, 12)",minecraft:oak_slab,"{'type': 'top', 'waterlogged': 'false'}",
"(8, 8, 12)",minecraft:oak_slab,"{'type': 'top', 'waterlogged': 'false'}",
"(9, 8, 12)",minecraft:oak_stairs,"{'facing': 'east', 'half': 'top', 'shape': 'straight', 'waterlogged': 'false'}",
"(10, 8, 12)",minecraft:stripped_dark_oak_wood,{'axis': 'z'},
"(11, 8, 12)",minecraft:oak_stairs,"{'facing': 'west', 'half': 'top', 'shape': 'straight', 'waterlogged': 'false'}",
"(12, 8, 12)",minecraft:oak_slab,"{'type': 'top', 'waterlogged': 'false'}",
"(13, 8, 12)",minecraft:oak_stairs,"{'facing': 'east', 'half': 'top', 'shape': 'straight', 'waterlogged': 'false'}",
"(16, 8, 12)",minecraft:stripped_dark_oak_wood,{'axis': 'z'},
"(17, 8, 12)",minecraft:dark_oak_slab,"{'type': 'top', 'waterlogged': 'false'}",
"(3, 8, 13)",minecraft:spruce_stairs,"{'facing': 'east', 'half': 'top', 'shape': 'straight', 'waterlogged': 'false'}",
"(4, 8, 13)",minecraft:stripped_dark_oak_wood,{'axis': 'z'},
"(5, 8, 13)",minecraft:oak_stairs,"{'facing': 'west', 'half': 'top', 'shape': 'inner_left', 'waterlogged': 'false'}",
"(6, 8, 13)",minecraft:oak_stairs,"{'facing': 'south', 'half': 'top', 'shape': 'straight', 'waterlogged': 'false'}",
"(7, 8, 13)",minecraft:oak_slab,"{'type': 'top', 'waterlogged': 'false'}",
"(8, 8, 13)",minecraft:oak_slab,"{'type': 'top', 'waterlogged': 'false'}",
"(9, 8, 13)",minecraft:oak_slab,"{'type': 'top', 'waterlogged': 'false'}",
"(10, 8, 13)",minecraft:stripped_dark_oak_wood,{'axis': 'z'},
"(11, 8, 13)",minecraft:oak_slab,"{'type': 'top', 'waterlogged': 'false'}",
"(12, 8, 13)",minecraft:oak_slab,"{'type': 'top', 'waterlogged': 'false'}",
"(13, 8, 13)",minecraft:oak_stairs,"{'facing': 'south', 'half': 'top', 'shape': 'inner_left', 'waterlogged': 'false'}",
"(14, 8, 13)",minecraft:spruce_stairs,"{'facing': 'south', 'half': 'bottom', 'shape': 'straight', 'waterlogged': 'false'}",
"(16, 8, 13)",minecraft:stripped_dark_oak_wood,{'axis': 'z'},
"(17, 8, 13)",minecraft:spruce_stairs,"{'facing': 'west', 'half': 'top', 'shape': 'straight', 'waterlogged': 'false'}",
"(3, 8, 14)",minecraft:oak_log,{'axis': 'x'},
"(4, 8, 14)",minecraft:oak_log,{'axis': 'y'},
"(5, 8, 14)",minecraft:stripped_dark_oak_wood,{'axis': 'x'},
"(6, 8, 14)",minecraft:stripped_dark_oak_wood,{'axis': 'x'},
"(7, 8, 14)",minecraft:stripped_dark_oak_wood,{'axis': 'x'},
"(8, 8, 14)",minecraft:stripped_dark_oak_wood,{'axis': 'x'},
"(9, 8, 14)",minecraft:stripped_dark_oak_wood,{'axis': 'x'},
"(10, 8, 14)",minecraft:stripped_dark_oak_wood,{'axis': 'y'},
"(11, 8, 14)",minecraft:stripped_dark_oak_wood,{'axis': 'x'},
"(12, 8, 14)",minecraft:stripped_dark_oak_wood,{'axis': 'x'},
"(13, 8, 14)",minecraft:stripped_dark_oak_wood,{'axis': 'x'},
"(14, 8, 14)",minecraft:stripped_dark_oak_wood,{'axis': 'x'},
"(15, 8, 14)",minecraft:stripped_dark_oak_wood,{'axis': 'x'},
"(16, 8, 14)",minecraft:oak_log,{'axis': 'y'},
"(17, 8, 14)",minecraft:oak_log,{'axis': 'x'},
"(4, 8, 15)",minecraft:oak_log,{'axis': 'z'},
"(5, 8, 15)",minecraft:dark_oak_stairs,"{'facing': 'north', 'half': 'top', 'shape': 'straight', 'waterlogged': 'false'}",
"(6, 8, 15)",minecraft:dark_oak_slab,"{'type': 'top', 'waterlogged': 'false'}",
"(7, 8, 15)",minecraft:spruce_stairs,"{'facing': 'north', 'half': 'top', 'shape': 'straight', 'waterlogged': 'false'}",
"(8, 8, 15)",minecraft:dark_oak_slab,"{'type': 'top', 'waterlogged': 'false'}",
"(9, 8, 15)",minecraft:dark_oak_stairs,"{'facing': 'north', 'half': 'top', 'shape': 'straight', 'waterlogged': 'false'}",
"(10, 8, 15)",minecraft:oak_log,{'axis': 'z'},
"(11, 8, 15)",minecraft:dark_oak_stairs,"{'facing': 'north', 'half': 'top', 'shape': 'straight', 'waterlogged': 'false'}",
"(12, 8, 15)",minecraft:dark_oak_slab,"{'type': 'top', 'waterlogged': 'false'}",
"(13, 8, 15)",minecraft:dark_oak_stairs,"{'facing': 'north', 'half': 'top', 'shape': 'straight', 'waterlogged': 'false'}",
"(14, 8, 15)",minecraft:dark_oak_slab,"{'type': 'top', 'waterlogged': 'false'}",
"(15, 8, 15)",minecraft:spruce_stairs,"{'facing': 'north', 'half': 'top', 'shape': 'straight', 'waterlogged': 'false'}",
"(16, 8, 15)",minecraft:oak_log,{'axis': 'z'},
"(17, 8, 15)",minecraft:flowering_azalea_leaves,"{'distance': '1', 'persistent': 'true', 'waterlogged': 'false'}",
"(12, 9, 0)",minecraft:spruce_trapdoor,"{'facing': 'north', 'half': 'bottom', 'open': 'true', 'powered': 'false', 'waterlogged': 'false'}",
"(13, 9, 0)",minecraft:spruce_trapdoor,"{'facing': 'north', 'half': 'bottom', 'open': 'true', 'powered': 'false', 'waterlogged': 'false'}",
"(14, 9, 0)",minecraft:spruce_trapdoor,"{'facing': 'north', 'half': 'bottom', 'open': 'true', 'powered': 'false', 'waterlogged': 'false'}",
"(18, 9, 0)",minecraft:flowering_azalea_leaves,"{'distance': '7', 'persistent': 'true', 'waterlogged': 'false'}",
"(9, 9, 1)",minecraft:bamboo_mosaic_slab,"{'type': 'bottom', 'waterlogged': 'false'}",
"(10, 9, 1)",minecraft:spruce_stairs,"{'facing': 'south', 'half': 'bottom', 'shape': 'straight', 'waterlogged': 'false'}",
"(11, 9, 1)",minecraft:spruce_trapdoor,"{'facing': 'west', 'half': 'bottom', 'open': 'true', 'powered': 'false', 'waterlogged': 'false'}",
"(12, 9, 1)",minecraft:grass_block,{'snowy': 'false'},
"(13, 9, 1)",minecraft:grass_block,{'snowy': 'false'},
"(14, 9, 1)",minecraft:grass_block,{'snowy': 'false'},
"(15, 9, 1)",minecraft:spruce_trapdoor,"{'facing': 'east', 'half': 'bottom', 'open': 'true', 'powered': 'false', 'waterlogged': 'false'}",
"(16, 9, 1)",minecraft:spruce_stairs,"{'facing': 'south', 'half': 'bottom', 'shape': 'straight', 'waterlogged': 'false'}",
"(8, 9, 2)",minecraft:bamboo_mosaic_slab,"{'type': 'bottom', 'waterlogged': 'false'}",
"(9, 9, 2)",minecraft:bamboo_slab,"{'type': 'double', 'waterlogged': 'false'}",
"(10, 9, 2)",minecraft:oak_log,{'axis': 'y'},
"(11, 9, 2)",minecraft:terracotta,{},
"(12, 9, 2)",minecraft:granite,{},
"(13, 9, 2)",minecraft:granite,{},
"(14, 9, 2)",minecraft:granite,{},
"(15, 9, 2)",minecraft:terracotta,{},
"(16, 9, 2)",minecraft:oak_log,{'axis': 'y'},
"(17, 9, 2)",minecraft:spruce_stairs,"{'facing': 'west', 'half': 'bottom', 'shape': 'straight', 'waterlogged': 'false'}",
"(6, 9, 3)",minecraft:flowering_azalea_leaves,"{'distance': '7', 'persistent': 'true', 'waterlogged': 'false'}",
"(7, 9, 3)",minecraft:bamboo_mosaic_slab,"{'type': 'bottom', 'waterlogged': 'false'}",
"(8, 9, 3)",minecraft:bamboo_slab,"{'type': 'bottom', 'waterlogged': 'false'}",
"(9, 9, 3)",minecraft:bamboo_slab,"{'type': 'top', 'waterlogged': 'false'}",
"(10, 9, 3)",minecraft:brown_wool,{},
"(11, 9, 3)",minecraft:green_bed,"{'facing': 'north', 'occupied': 'false', 'part': 'head'}","{components: {}, id: ""minecraft:bed""}"
"(13, 9, 3)",minecraft:cyan_bed,"{'facing': 'north', 'occupied': 'false', 'part': 'head'}","{components: {}, id: ""minecraft:bed""}"
"(15, 9, 3)",minecraft:magenta_bed,"{'facing': 'north', 'occupied': 'false', 'part': 'head'}","{components: {}, id: ""minecraft:bed""}"
"(16, 9, 3)",minecraft:brown_wool,{},
"(5, 9, 4)",minecraft:azalea_leaves,"{'distance': '7', 'persistent': 'true', 'waterlogged': 'false'}",
"(6, 9, 4)",minecraft:bamboo_slab,"{'type': 'bottom', 'waterlogged': 'false'}",
"(7, 9, 4)",minecraft:birch_slab,"{'type': 'bottom', 'waterlogged': 'false'}",
"(8, 9, 4)",minecraft:bamboo_mosaic_slab,"{'type': 'top', 'waterlogged': 'false'}",
"(9, 9, 4)",minecraft:dark_oak_slab,"{'type': 'bottom', 'waterlogged': 'false'}",
"(10, 9, 4)",minecraft:terracotta,{},
"(11, 9, 4)",minecraft:green_bed,"{'facing': 'north', 'occupied': 'false', 'part': 'foot'}","{components: {}, id: ""minecraft:bed""}"
"(13, 9, 4)",minecraft:cyan_bed,"{'facing': 'north', 'occupied': 'false', 'part': 'foot'}","{components: {}, id: ""minecraft:bed""}"
"(15, 9, 4)",minecraft:magenta_bed,"{'facing': 'north', 'occupied': 'false', 'part': 'foot'}","{components: {}, id: ""minecraft:bed""}"
"(16, 9, 4)",minecraft:terracotta,{},
"(17, 9, 4)",minecraft:mossy_cobblestone,{},
"(5, 9, 5)",minecraft:bamboo_slab,"{'type': 'bottom', 'waterlogged': 'false'}",
"(6, 9, 5)",minecraft:bamboo_mosaic_slab,"{'type': 'bottom', 'waterlogged': 'false'}",
"(7, 9, 5)",minecraft:birch_slab,"{'type': 'top', 'waterlogged': 'false'}",
"(8, 9, 5)",minecraft:bamboo_mosaic_slab,"{'type': 'top', 'waterlogged': 'false'}",
"(9, 9, 5)",minecraft:lantern,"{'hanging': 'false', 'waterlogged': 'false'}",
"(10, 9, 5)",minecraft:terracotta,{},
"(11, 9, 5)",minecraft:beehive,"{'facing': 'east', 'honey_level': '0'}","{components: {}, id: ""minecraft:beehive"", bees: []}"
"(13, 9, 5)",minecraft:oak_wall_sign,"{'facing': 'south', 'waterlogged': 'false'}","{back_text: {has_glowing_text: 0b, color: ""black"", messages: ["""", """", """", """"]}, components: {}, is_waxed: 0b, id: ""minecraft:sign"", front_text: {has_glowing_text: 0b, color: ""black"", messages: ["""", """", """", """"]}}"
"(14, 9, 5)",minecraft:yellow_carpet,{},
"(15, 9, 5)",minecraft:beehive,"{'facing': 'west', 'honey_level': '0'}","{components: {}, id: ""minecraft:beehive"", bees: []}"
"(16, 9, 5)",minecraft:terracotta,{},
"(17, 9, 5)",minecraft:cobblestone_wall,"{'east': 'none', 'north': 'tall', 'south': 'tall', 'up': 'true', 'waterlogged': 'false', 'west': 'tall'}",
"(4, 9, 6)",minecraft:bamboo_slab,"{'type': 'bottom', 'waterlogged': 'false'}",
"(5, 9, 6)",minecraft:birch_slab,"{'type': 'bottom', 'waterlogged': 'false'}",
"(6, 9, 6)",minecraft:bamboo_mosaic_slab,"{'type': 'top', 'waterlogged': 'false'}",
"(7, 9, 6)",minecraft:bamboo_slab,"{'type': 'top', 'waterlogged': 'false'}",
"(8, 9, 6)",minecraft:bamboo_mosaic_slab,"{'type': 'top', 'waterlogged': 'false'}",
"(9, 9, 6)",minecraft:dark_oak_slab,"{'type': 'bottom', 'waterlogged': 'false'}",
"(10, 9, 6)",minecraft:brown_wool,{},
"(11, 9, 6)",minecraft:lime_bed,"{'facing': 'north', 'occupied': 'false', 'part': 'head'}","{components: {}, id: ""minecraft:bed""}"
"(13, 9, 6)",minecraft:yellow_carpet,{},
"(14, 9, 6)",minecraft:lime_carpet,{},
"(15, 9, 6)",minecraft:red_bed,"{'facing': 'north', 'occupied': 'false', 'part': 'head'}","{components: {}, id: ""minecraft:bed""}"
"(16, 9, 6)",minecraft:brown_wool,{},
"(17, 9, 6)",minecraft:cobblestone_stairs,"{'facing': 'north', 'half': 'bottom', 'shape': 'straight', 'waterlogged': 'false'}",
"(3, 9, 7)",minecraft:bamboo_mosaic_slab,"{'type': 'bottom', 'waterlogged': 'false'}",
"(4, 9, 7)",minecraft:bamboo_slab,"{'type': 'double', 'waterlogged': 'false'}",
"(5, 9, 7)",minecraft:bamboo_slab,"{'type': 'top', 'waterlogged': 'false'}",
"(6, 9, 7)",minecraft:dark_oak_slab,"{'type': 'bottom', 'waterlogged': 'false'}",
"(8, 9, 7)",minecraft:dark_oak_slab,"{'type': 'bottom', 'waterlogged': 'false'}",
"(10, 9, 7)",minecraft:terracotta,{},
"(11, 9, 7)",minecraft:lime_bed,"{'facing': 'north', 'occupied': 'false', 'part': 'foot'}","{components: {}, id: ""minecraft:bed""}"
"(12, 9, 7)",minecraft:yellow_carpet,{},
"(13, 9, 7)",minecraft:lime_carpet,{},
"(14, 9, 7)",minecraft:green_carpet,{},
"(15, 9, 7)",minecraft:red_bed,"{'facing': 'north', 'occupied': 'false', 'part': 'foot'}","{components: {}, id: ""minecraft:bed""}"
"(16, 9, 7)",minecraft:brown_wool,{},
"(3, 9, 8)",minecraft:spruce_stairs,"{'facing': 'east', 'half': 'bottom', 'shape': 'straight', 'waterlogged': 'false'}",
"(4, 9, 8)",minecraft:oak_log,{'axis': 'y'},
"(5, 9, 8)",minecraft:brown_wool,{},
"(6, 9, 8)",minecraft:brown_wool,{},
"(7, 9, 8)",minecraft:terracotta,{},
"(8, 9, 8)",minecraft:brown_wool,{},
"(9, 9, 8)",minecraft:brown_wool,{},
"(10, 9, 8)",minecraft:mangrove_wood,{'axis': 'y'},
"(11, 9, 8)",minecraft:oak_wall_sign,"{'facing': 'south', 'waterlogged': 'false'}","{back_text: {has_glowing_text: 0b, color: ""black"", messages: ["""", """", """", """"]}, components: {}, is_waxed: 0b, id: ""minecraft:sign"", front_text: {has_glowing_text: 0b, color: ""black"", messages: ["""", """", """", """"]}}"
"(12, 9, 8)",minecraft:lime_carpet,{},
"(13, 9, 8)",minecraft:green_carpet,{},
"(14, 9, 8)",minecraft:moss_carpet,{},
"(15, 9, 8)",minecraft:beehive,"{'facing': 'west', 'honey_level': '0'}","{components: {}, id: ""minecraft:beehive"", bees: []}"
"(16, 9, 8)",minecraft:mangrove_wood,{'axis': 'y'},
"(17, 9, 8)",minecraft:dark_oak_stairs,"{'facing': 'west', 'half': 'bottom', 'shape': 'straight', 'waterlogged': 'false'}",
"(3, 9, 9)",minecraft:spruce_trapdoor,"{'facing': 'north', 'half': 'bottom', 'open': 'true', 'powered': 'false', 'waterlogged': 'false'}",
"(4, 9, 9)",minecraft:terracotta,{},
"(5, 9, 9)",minecraft:barrel,"{'facing': 'south', 'open': 'false'}","{components: {}, Items: [], id: ""minecraft:barrel""}"
"(6, 9, 9)",minecraft:barrel,"{'facing': 'south', 'open': 'false'}","{components: {}, Items: [], id: ""minecraft:barrel""}"
"(7, 9, 9)",minecraft:barrel,"{'facing': 'south', 'open': 'false'}","{components: {}, Items: [], id: ""minecraft:barrel""}"
"(8, 9, 9)",minecraft:barrel,"{'facing': 'south', 'open': 'false'}","{components: {}, Items: [], id: ""minecraft:barrel""}"
"(9, 9, 9)",minecraft:barrel,"{'facing': 'south', 'open': 'false'}","{components: {}, Items: [], id: ""minecraft:barrel""}"
"(10, 9, 9)",minecraft:spruce_trapdoor,"{'facing': 'east', 'half': 'bottom', 'open': 'true', 'powered': 'false', 'waterlogged': 'false'}",
"(12, 9, 9)",minecraft:green_carpet,{},
"(13, 9, 9)",minecraft:moss_carpet,{},
"(14, 9, 9)",minecraft:cyan_carpet,{},
"(15, 9, 9)",minecraft:pink_bed,"{'facing': 'north', 'occupied': 'false', 'part': 'head'}","{components: {}, id: ""minecraft:bed""}"
"(16, 9, 9)",minecraft:terracotta,{},
"(17, 9, 9)",minecraft:spruce_trapdoor,"{'facing': 'north', 'half': 'bottom', 'open': 'true', 'powered': 'false', 'waterlogged': 'false'}",
"(2, 9, 10)",minecraft:spruce_trapdoor,"{'facing': 'west', 'half': 'bottom', 'open': 'true', 'powered': 'false', 'waterlogged': 'false'}",
"(3, 9, 10)",minecraft:grass_block,{'snowy': 'false'},
"(4, 9, 10)",minecraft:granite,{},
"(6, 9, 10)",minecraft:purple_carpet,{},
"(7, 9, 10)",minecraft:magenta_carpet,{},
"(8, 9, 10)",minecraft:pink_carpet,{},
"(12, 9, 10)",minecraft:moss_carpet,{},
"(13, 9, 10)",minecraft:cyan_carpet,{},
"(15, 9, 10)",minecraft:pink_bed,"{'facing': 'north', 'occupied': 'false', 'part': 'foot'}","{components: {}, id: ""minecraft:bed""}"
"(16, 9, 10)",minecraft:granite,{},
"(17, 9, 10)",minecraft:grass_block,{'snowy': 'false'},
"(18, 9, 10)",minecraft:spruce_trapdoor,"{'facing': 'east', 'half': 'bottom', 'open': 'true', 'powered': 'false', 'waterlogged': 'false'}",
"(2, 9, 11)",minecraft:spruce_trapdoor,"{'facing': 'west', 'half': 'bottom', 'open': 'true', 'powered': 'false', 'waterlogged': 'false'}",
"(3, 9, 11)",minecraft:grass_block,{'snowy': 'false'},
"(4, 9, 11)",minecraft:granite,{},
"(5, 9, 11)",minecraft:crafting_table,{},
"(8, 9, 11)",minecraft:pink_carpet,{},
"(9, 9, 11)",minecraft:light_blue_carpet,{},
"(10, 9, 11)",minecraft:light_blue_carpet,{},
"(12, 9, 11)",minecraft:cyan_carpet,{},
"(14, 9, 11)",minecraft:oak_trapdoor,"{'facing': 'north', 'half': 'bottom', 'open': 'true', 'powered': 'false', 'waterlogged': 'false'}",
"(15, 9, 11)",minecraft:oak_wall_sign,"{'facing': 'south', 'waterlogged': 'false'}","{back_text: {has_glowing_text: 0b, color: ""black"", messages: ["""", """", """", """"]}, components: {}, is_waxed: 0b, id: ""minecraft:sign"", front_text: {has_glowing_text: 0b, color: ""black"", messages: ["""", """", """", """"]}}"
"(16, 9, 11)",minecraft:granite,{},
"(17, 9, 11)",minecraft:grass_block,{'snowy': 'false'},
"(18, 9, 11)",minecraft:spruce_trapdoor,"{'facing': 'east', 'half': 'bottom', 'open': 'true', 'powered': 'false', 'waterlogged': 'false'}",
"(2, 9, 12)",minecraft:spruce_trapdoor,"{'facing': 'west', 'half': 'bottom', 'open': 'true', 'powered': 'false', 'waterlogged': 'false'}",
"(3, 9, 12)",minecraft:grass_block,{'snowy': 'false'},
"(4, 9, 12)",minecraft:granite,{},
"(10, 9, 12)",minecraft:cyan_carpet,{},
"(11, 9, 12)",minecraft:blue_carpet,{},
"(13, 9, 12)",minecraft:oak_trapdoor,"{'facing': 'west', 'half': 'bottom', 'open': 'true', 'powered': 'false', 'waterlogged': 'false'}",
"(14, 9, 12)",minecraft:oak_trapdoor,"{'facing': 'west', 'half': 'top', 'open': 'true', 'powered': 'false', 'waterlogged': 'false'}",
"(15, 9, 12)",minecraft:oak_trapdoor,"{'facing': 'south', 'half': 'bottom', 'open': 'true', 'powered': 'false', 'waterlogged': 'false'}",
"(16, 9, 12)",minecraft:granite,{},
"(17, 9, 12)",minecraft:grass_block,{'snowy': 'false'},
"(18, 9, 12)",minecraft:spruce_trapdoor,"{'facing': 'east', 'half': 'bottom', 'open': 'true', 'powered': 'false', 'waterlogged': 'false'}",
"(3, 9, 13)",minecraft:spruce_trapdoor,"{'facing': 'south', 'half': 'top', 'open': 'true', 'powered': 'false', 'waterlogged': 'false'}",
"(4, 9, 13)",minecraft:granite,{},
"(5, 9, 13)",minecraft:barrel,"{'facing': 'north', 'open': 'false'}","{components: {}, Items: [], id: ""minecraft:barrel""}"
"(6, 9, 13)",minecraft:barrel,"{'facing': 'north', 'open': 'false'}","{components: {}, Items: [], id: ""minecraft:barrel""}"
"(7, 9, 13)",minecraft:barrel,"{'facing': 'north', 'open': 'false'}","{components: {}, Items: [], id: ""minecraft:barrel""}"
"(8, 9, 13)",minecraft:barrel,"{'facing': 'north', 'open': 'false'}","{components: {}, Items: [], id: ""minecraft:barrel""}"
"(9, 9, 13)",minecraft:barrel,"{'facing': 'north', 'open': 'false'}","{components: {}, Items: [], id: ""minecraft:barrel""}"
"(10, 9, 13)",minecraft:spruce_trapdoor,"{'facing': 'east', 'half': 'bottom', 'open': 'true', 'powered': 'false', 'waterlogged': 'false'}",
"(14, 9, 13)",minecraft:oak_trapdoor,"{'facing': 'west', 'half': 'bottom', 'open': 'true', 'powered': 'false', 'waterlogged': 'false'}",
"(15, 9, 13)",minecraft:oak_trapdoor,"{'facing': 'west', 'half': 'top', 'open': 'false', 'powered': 'false', 'waterlogged': 'false'}",
"(16, 9, 13)",minecraft:terracotta,{},
"(17, 9, 13)",minecraft:spruce_trapdoor,"{'facing': 'south', 'half': 'bottom', 'open': 'true', 'powered': 'false', 'waterlogged': 'false'}",
"(3, 9, 14)",minecraft:dark_oak_stairs,"{'facing': 'east', 'half': 'bottom', 'shape': 'straight', 'waterlogged': 'false'}",
"(4, 9, 14)",minecraft:oak_log,{'axis': 'y'},
"(5, 9, 14)",minecraft:brown_wool,{},
"(6, 9, 14)",minecraft:brown_wool,{},
"(7, 9, 14)",minecraft:terracotta,{},
"(8, 9, 14)",minecraft:brown_wool,{},
"(9, 9, 14)",minecraft:brown_wool,{},
"(10, 9, 14)",minecraft:mangrove_wood,{'axis': 'y'},
"(11, 9, 14)",minecraft:terracotta,{},
"(12, 9, 14)",minecraft:granite,{},
"(13, 9, 14)",minecraft:granite,{},
"(14, 9, 14)",minecraft:granite,{},
"(15, 9, 14)",minecraft:terracotta,{},
"(16, 9, 14)",minecraft:oak_log,{'axis': 'y'},
"(17, 9, 14)",minecraft:dark_oak_stairs,"{'facing': 'west', 'half': 'bottom', 'shape': 'straight', 'waterlogged': 'false'}",
"(4, 9, 15)",minecraft:dark_oak_stairs,"{'facing': 'north', 'half': 'bottom', 'shape': 'straight', 'waterlogged': 'false'}",
"(6, 9, 15)",minecraft:spruce_slab,"{'type': 'bottom', 'waterlogged': 'false'}",
"(8, 9, 15)",minecraft:dark_oak_slab,"{'type': 'bottom', 'waterlogged': 'false'}",
"(9, 9, 15)",minecraft:oak_leaves,"{'distance': '7', 'persistent': 'true', 'waterlogged': 'false'}",
"(10, 9, 15)",minecraft:dark_oak_stairs,"{'facing': 'north', 'half': 'bottom', 'shape': 'straight', 'waterlogged': 'false'}",
"(11, 9, 15)",minecraft:spruce_trapdoor,"{'facing': 'west', 'half': 'bottom', 'open': 'true', 'powered': 'false', 'waterlogged': 'false'}",
"(12, 9, 15)",minecraft:grass_block,{'snowy': 'false'},
"(13, 9, 15)",minecraft:grass_block,{'snowy': 'false'},
"(14, 9, 15)",minecraft:grass_block,{'snowy': 'false'},
"(15, 9, 15)",minecraft:spruce_trapdoor,"{'facing': 'east', 'half': 'bottom', 'open': 'true', 'powered': 'false', 'waterlogged': 'false'}",
"(16, 9, 15)",minecraft:dark_oak_stairs,"{'facing': 'north', 'half': 'bottom', 'shape': 'straight', 'waterlogged': 'false'}",
"(17, 9, 15)",minecraft:azalea_leaves,"{'distance': '2', 'persistent': 'true', 'waterlogged': 'false'}",
"(7, 9, 16)",minecraft:flowering_azalea_leaves,"{'distance': '2', 'persistent': 'true', 'waterlogged': 'false'}",
"(12, 9, 16)",minecraft:spruce_trapdoor,"{'facing': 'south', 'half': 'bottom', 'open': 'true', 'powered': 'false', 'waterlogged': 'false'}",
"(13, 9, 16)",minecraft:spruce_trapdoor,"{'facing': 'south', 'half': 'bottom', 'open': 'true', 'powered': 'false', 'waterlogged': 'false'}",
"(14, 9, 16)",minecraft:spruce_trapdoor,"{'facing': 'south', 'half': 'bottom', 'open': 'true', 'powered': 'false', 'waterlogged': 'false'}",
"(18, 10, 0)",minecraft:azalea_leaves,"{'distance': '7', 'persistent': 'true', 'waterlogged': 'false'}",
"(9, 10, 1)",minecraft:jungle_planks,{},
"(10, 10, 1)",minecraft:spruce_fence,"{'east': 'false', 'north': 'false', 'south': 'true', 'waterlogged': 'false', 'west': 'true'}",
"(12, 10, 1)",minecraft:blue_orchid,{},
"(13, 10, 1)",minecraft:short_grass,{},
"(14, 10, 1)",minecraft:azalea,{},
"(16, 10, 1)",minecraft:spruce_fence,"{'east': 'true', 'north': 'false', 'south': 'true', 'waterlogged': 'false', 'west': 'false'}",
"(17, 10, 1)",minecraft:jungle_planks,{},
"(9, 10, 2)",minecraft:stripped_jungle_wood,{'axis': 'x'},
"(10, 10, 2)",minecraft:stripped_dark_oak_wood,{'axis': 'y'},
"(11, 10, 2)",minecraft:terracotta,{},
"(12, 10, 2)",minecraft:white_stained_glass_pane,"{'east': 'true', 'north': 'false', 'south': 'false', 'waterlogged': 'false', 'west': 'true'}",
"(13, 10, 2)",minecraft:white_stained_glass_pane,"{'east': 'true', 'north': 'false', 'south': 'false', 'waterlogged': 'false', 'west': 'true'}",
"(14, 10, 2)",minecraft:white_stained_glass_pane,"{'east': 'true', 'north': 'false', 'south': 'false', 'waterlogged': 'false', 'west': 'true'}",
"(15, 10, 2)",minecraft:terracotta,{},
"(16, 10, 2)",minecraft:stripped_dark_oak_wood,{'axis': 'y'},
"(17, 10, 2)",minecraft:stripped_jungle_wood,{'axis': 'y'},
"(9, 10, 3)",minecraft:jungle_planks,{},
"(10, 10, 3)",minecraft:lantern,"{'hanging': 'false', 'waterlogged': 'false'}",
"(16, 10, 3)",minecraft:potted_warped_fungus,{},
"(17, 10, 3)",minecraft:jungle_planks,{},
"(9, 10, 4)",minecraft:stripped_jungle_wood,{'axis': 'y'},
"(17, 10, 4)",minecraft:cobblestone_wall,"{'east': 'none', 'north': 'tall', 'south': 'tall', 'up': 'false', 'waterlogged': 'false', 'west': 'none'}",
"(6, 10, 5)",minecraft:flowering_azalea_leaves,"{'distance': '7', 'persistent': 'true', 'waterlogged': 'false'}",
"(9, 10, 5)",minecraft:stripped_jungle_wood,{'axis': 'y'},
"(10, 10, 5)",minecraft:brown_wool,{},
"(11, 10, 5)",minecraft:light_blue_carpet,{},
"(16, 10, 5)",minecraft:brown_wool,{},
"(17, 10, 5)",minecraft:cobblestone,{},
"(7, 10, 6)",minecraft:azalea_leaves,"{'distance': '1', 'persistent': 'true', 'waterlogged': 'false'}",
"(8, 10, 6)",minecraft:oak_leaves,"{'distance': '2', 'persistent': 'true', 'waterlogged': 'false'}",
"(9, 10, 6)",minecraft:jungle_planks,{},
"(17, 10, 6)",minecraft:jungle_planks,{},
"(3, 10, 7)",minecraft:jungle_planks,{},
"(4, 10, 7)",minecraft:jungle_planks,{},
"(5, 10, 7)",minecraft:stripped_jungle_wood,{'axis': 'y'},
"(6, 10, 7)",minecraft:jungle_planks,{},
"(7, 10, 7)",minecraft:stripped_jungle_wood,{'axis': 'y'},
"(8, 10, 7)",minecraft:jungle_planks,{},
"(9, 10, 7)",minecraft:jungle_planks,{},
"(10, 10, 7)",minecraft:potted_cactus,{},
"(16, 10, 7)",minecraft:blue_candle,"{'candles': '4', 'lit': 'true', 'waterlogged': 'false'}",
"(17, 10, 7)",minecraft:stripped_jungle_wood,{'axis': 'y'},
"(3, 10, 8)",minecraft:dark_oak_fence,"{'east': 'true', 'north': 'true', 'south': 'false', 'waterlogged': 'false', 'west': 'false'}",
"(4, 10, 8)",minecraft:stripped_dark_oak_wood,{'axis': 'y'},
"(5, 10, 8)",minecraft:barrel,"{'facing': 'south', 'open': 'false'}","{components: {}, Items: [], id: ""minecraft:barrel""}"
"(6, 10, 8)",minecraft:barrel,"{'facing': 'south', 'open': 'false'}","{components: {}, Items: [], id: ""minecraft:barrel""}"
"(7, 10, 8)",minecraft:barrel,"{'facing': 'south', 'open': 'false'}","{components: {}, Items: [], id: ""minecraft:barrel""}"
"(8, 10, 8)",minecraft:barrel,"{'facing': 'south', 'open': 'false'}","{components: {}, Items: [], id: ""minecraft:barrel""}"
"(9, 10, 8)",minecraft:barrel,"{'facing': 'south', 'open': 'false'}","{components: {}, Items: [], id: ""minecraft:barrel""}"
"(10, 10, 8)",minecraft:stripped_dark_oak_wood,{'axis': 'y'},
"(15, 10, 8)",minecraft:large_amethyst_bud,"{'facing': 'up', 'waterlogged': 'false'}",
"(16, 10, 8)",minecraft:stripped_dark_oak_wood,{'axis': 'y'},
"(17, 10, 8)",minecraft:dark_oak_fence,"{'east': 'false', 'north': 'true', 'south': 'false', 'waterlogged': 'false', 'west': 'true'}",
"(18, 10, 8)",minecraft:flowering_azalea_leaves,"{'distance': '7', 'persistent': 'true', 'waterlogged': 'false'}",
"(4, 10, 9)",minecraft:brown_wool,{},
"(5, 10, 9)",minecraft:ender_chest,"{'facing': 'south', 'waterlogged': 'false'}","{components: {}, id: ""minecraft:ender_chest""}"
"(6, 10, 9)",minecraft:light_blue_candle,"{'candles': '3', 'lit': 'true', 'waterlogged': 'false'}",
"(9, 10, 9)",minecraft:potted_dead_bush,{},
"(10, 10, 9)",minecraft:spruce_trapdoor,"{'facing': 'east', 'half': 'bottom', 'open': 'true', 'powered': 'false', 'waterlogged': 'false'}",
"(16, 10, 9)",minecraft:brown_wool,{},
"(3, 10, 10)",minecraft:short_grass,{},
"(4, 10, 10)",minecraft:white_stained_glass_pane,"{'east': 'false', 'north': 'true', 'south': 'true', 'waterlogged': 'false', 'west': 'false'}",
"(16, 10, 10)",minecraft:white_stained_glass_pane,"{'east': 'false', 'north': 'true', 'south': 'true', 'waterlogged': 'false', 'west': 'false'}",
"(17, 10, 10)",minecraft:short_grass,{},
"(3, 10, 11)",minecraft:cornflower,{},
"(4, 10, 11)",minecraft:white_stained_glass_pane,"{'east': 'false', 'north': 'true', 'south': 'true', 'waterlogged': 'false', 'west': 'false'}",
"(16, 10, 11)",minecraft:white_stained_glass_pane,"{'east': 'false', 'north': 'true', 'south': 'true', 'waterlogged': 'false', 'west': 'false'}",
"(17, 10, 11)",minecraft:lilac,{'half': 'lower'},
"(3, 10, 12)",minecraft:torchflower,{},
"(4, 10, 12)",minecraft:white_stained_glass_pane,"{'east': 'false', 'north': 'true', 'south': 'true', 'waterlogged': 'false', 'west': 'false'}",
"(16, 10, 12)",minecraft:white_stained_glass_pane,"{'east': 'false', 'north': 'true', 'south': 'true', 'waterlogged': 'false', 'west': 'false'}",
"(17, 10, 12)",minecraft:cornflower,{},
"(3, 10, 13)",minecraft:oak_leaves,"{'distance': '7', 'persistent': 'true', 'waterlogged': 'false'}",
"(4, 10, 13)",minecraft:granite,{},
"(6, 10, 13)",minecraft:potted_cherry_sapling,{},
"(7, 10, 13)",minecraft:pointed_dripstone,"{'thickness': 'tip', 'vertical_direction': 'up', 'waterlogged': 'false'}",
"(8, 10, 13)",minecraft:gray_candle,"{'candles': '3', 'lit': 'true', 'waterlogged': 'false'}",
"(10, 10, 13)",minecraft:spruce_trapdoor,"{'facing': 'east', 'half': 'bottom', 'open': 'true', 'powered': 'false', 'waterlogged': 'false'}",
"(15, 10, 13)",minecraft:lantern,"{'hanging': 'false', 'waterlogged': 'false'}",
"(16, 10, 13)",minecraft:terracotta,{},
"(3, 10, 14)",minecraft:dark_oak_fence,"{'east': 'true', 'north': 'false', 'south': 'true', 'waterlogged': 'false', 'west': 'false'}",
"(4, 10, 14)",minecraft:stripped_dark_oak_wood,{'axis': 'y'},
"(5, 10, 14)",minecraft:barrel,"{'facing': 'north', 'open': 'false'}","{components: {}, Items: [], id: ""minecraft:barrel""}"
"(6, 10, 14)",minecraft:barrel,"{'facing': 'north', 'open': 'false'}","{components: {}, Items: [], id: ""minecraft:barrel""}"
"(7, 10, 14)",minecraft:barrel,"{'facing': 'north', 'open': 'false'}","{components: {}, Items: [], id: ""minecraft:barrel""}"
"(8, 10, 14)",minecraft:barrel,"{'facing': 'north', 'open': 'false'}","{components: {}, Items: [], id: ""minecraft:barrel""}"
"(9, 10, 14)",minecraft:barrel,"{'facing': 'north', 'open': 'false'}","{components: {}, Items: [], id: ""minecraft:barrel""}"
"(10, 10, 14)",minecraft:stripped_dark_oak_wood,{'axis': 'y'},
"(11, 10, 14)",minecraft:terracotta,{},
"(12, 10, 14)",minecraft:white_stained_glass_pane,"{'east': 'true', 'north': 'false', 'south': 'false', 'waterlogged': 'false', 'west': 'true'}",
"(13, 10, 14)",minecraft:white_stained_glass_pane,"{'east': 'true', 'north': 'false', 'south': 'false', 'waterlogged': 'false', 'west': 'true'}",
"(14, 10, 14)",minecraft:white_stained_glass_pane,"{'east': 'true', 'north': 'false', 'south': 'false', 'waterlogged': 'false', 'west': 'true'}",
"(15, 10, 14)",minecraft:brown_wool,{},
"(16, 10, 14)",minecraft:stripped_dark_oak_wood,{'axis': 'y'},
"(17, 10, 14)",minecraft:dark_oak_fence,"{'east': 'false', 'north': 'false', 'south': 'true', 'waterlogged': 'false', 'west': 'true'}",
"(3, 10, 15)",minecraft:stripped_jungle_wood,{'axis': 'z'},
"(4, 10, 15)",minecraft:stripped_jungle_wood,{'axis': 'z'},
"(5, 10, 15)",minecraft:jungle_planks,{},
"(6, 10, 15)",minecraft:jungle_planks,{},
"(7, 10, 15)",minecraft:stripped_jungle_wood,{'axis': 'y'},
"(8, 10, 15)",minecraft:stripped_jungle_wood,{'axis': 'z'},
"(9, 10, 15)",minecraft:jungle_planks,{},
"(10, 10, 15)",minecraft:dark_oak_fence,"{'east': 'false', 'north': 'true', 'south': 'false', 'waterlogged': 'false', 'west': 'true'}",
"(12, 10, 15)",minecraft:torchflower,{},
"(13, 10, 15)",minecraft:large_fern,{'half': 'lower'},
"(14, 10, 15)",minecraft:azalea,{},
"(16, 10, 15)",minecraft:oak_leaves,"{'distance': '1', 'persistent': 'true', 'waterlogged': 'false'}",
"(17, 10, 15)",minecraft:jungle_planks,{},
"(7, 10, 16)",minecraft:azalea_leaves,"{'distance': '1', 'persistent': 'true', 'waterlogged': 'false'}",
"(10, 11, 1)",minecraft:oak_planks,{},
"(11, 11, 1)",minecraft:flowering_azalea_leaves,"{'distance': '1', 'persistent': 'true', 'waterlogged': 'false'}",
"(12, 11, 1)",minecraft:oak_fence_gate,"{'facing': 'south', 'in_wall': 'false', 'open': 'true', 'powered': 'false'}",
"(14, 11, 1)",minecraft:oak_fence_gate,"{'facing': 'south', 'in_wall': 'false', 'open': 'true', 'powered': 'false'}",
"(16, 11, 1)",minecraft:oak_planks,{},
"(17, 11, 1)",minecraft:azalea_leaves,"{'distance': '7', 'persistent': 'true', 'waterlogged': 'false'}",
"(10, 11, 2)",minecraft:jungle_planks,{},
"(11, 11, 2)",minecraft:brown_wool,{},
"(12, 11, 2)",minecraft:white_stained_glass_pane,"{'east': 'true', 'north': 'false', 'south': 'false', 'waterlogged': 'false', 'west': 'true'}",
"(13, 11, 2)",minecraft:white_stained_glass_pane,"{'east': 'true', 'north': 'false', 'south': 'false', 'waterlogged': 'false', 'west': 'true'}",
"(14, 11, 2)",minecraft:white_stained_glass_pane,"{'east': 'true', 'north': 'false', 'south': 'false', 'waterlogged': 'false', 'west': 'true'}",
"(15, 11, 2)",minecraft:brown_wool,{},
"(16, 11, 2)",minecraft:jungle_planks,{},
"(10, 11, 3)",minecraft:stripped_oak_wood,{'axis': 'y'},
"(11, 11, 3)",minecraft:jungle_stairs,"{'facing': 'west', 'half': 'top', 'shape': 'straight', 'waterlogged': 'false'}",
"(15, 11, 3)",minecraft:jungle_stairs,"{'facing': 'east', 'half': 'top', 'shape': 'straight', 'waterlogged': 'false'}",
"(16, 11, 3)",minecraft:stripped_jungle_wood,{'axis': 'x'},
"(10, 11, 4)",minecraft:stripped_jungle_wood,{'axis': 'x'},
"(11, 11, 4)",minecraft:jungle_stairs,"{'facing': 'west', 'half': 'top', 'shape': 'straight', 'waterlogged': 'false'}",
"(15, 11, 4)",minecraft:jungle_stairs,"{'facing': 'east', 'half': 'top', 'shape': 'straight', 'waterlogged': 'false'}",
"(16, 11, 4)",minecraft:oak_planks,{},
"(17, 11, 4)",minecraft:cobblestone,{},
"(10, 11, 5)",minecraft:jungle_planks,{},
"(11, 11, 5)",minecraft:jungle_stairs,"{'facing': 'west', 'half': 'top', 'shape': 'straight', 'waterlogged': 'false'}",
"(15, 11, 5)",minecraft:jungle_stairs,"{'facing': 'east', 'half': 'top', 'shape': 'straight', 'waterlogged': 'false'}",
"(16, 11, 5)",minecraft:stripped_oak_wood,{'axis': 'y'},
"(17, 11, 5)",minecraft:cobblestone_wall,"{'east': 'none', 'north': 'tall', 'south': 'none', 'up': 'true', 'waterlogged': 'false', 'west': 'tall'}",
"(9, 11, 6)",minecraft:azalea_leaves,"{'distance': '7', 'persistent': 'true', 'waterlogged': 'false'}",
"(10, 11, 6)",minecraft:oak_planks,{},
"(11, 11, 6)",minecraft:jungle_stairs,"{'facing': 'west', 'half': 'top', 'shape': 'straight', 'waterlogged': 'false'}",
"(15, 11, 6)",minecraft:jungle_stairs,"{'facing': 'east', 'half': 'top', 'shape': 'straight', 'waterlogged': 'false'}",
"(16, 11, 6)",minecraft:stripped_jungle_wood,{'axis': 'x'},
"(8, 11, 7)",minecraft:azalea_leaves,"{'distance': '7', 'persistent': 'true', 'waterlogged': 'false'}",
"(9, 11, 7)",minecraft:azalea_leaves,"{'distance': '7', 'persistent': 'true', 'waterlogged': 'false'}",
"(10, 11, 7)",minecraft:oak_planks,{},
"(11, 11, 7)",minecraft:jungle_stairs,"{'facing': 'west', 'half': 'top', 'shape': 'straight', 'waterlogged': 'false'}",
"(15, 11, 7)",minecraft:jungle_stairs,"{'facing': 'east', 'half': 'top', 'shape': 'straight', 'waterlogged': 'false'}",
"(16, 11, 7)",minecraft:jungle_planks,{},
"(3, 11, 8)",minecraft:stripped_jungle_wood,{'axis': 'z'},
"(4, 11, 8)",minecraft:jungle_planks,{},
"(5, 11, 8)",minecraft:stripped_oak_wood,{'axis': 'y'},
"(6, 11, 8)",minecraft:oak_planks,{},
"(7, 11, 8)",minecraft:stripped_jungle_wood,{'axis': 'z'},
"(8, 11, 8)",minecraft:jungle_planks,{},
"(9, 11, 8)",minecraft:jungle_planks,{},
"(10, 11, 8)",minecraft:jungle_planks,{},
"(11, 11, 8)",minecraft:jungle_stairs,"{'facing': 'west', 'half': 'top', 'shape': 'straight', 'waterlogged': 'false'}",
"(15, 11, 8)",minecraft:jungle_stairs,"{'facing': 'east', 'half': 'top', 'shape': 'straight', 'waterlogged': 'false'}",
"(16, 11, 8)",minecraft:oak_planks,{},
"(17, 11, 8)",minecraft:oak_planks,{},
"(18, 11, 8)",minecraft:azalea_leaves,"{'distance': '7', 'persistent': 'true', 'waterlogged': 'false'}",
"(4, 11, 9)",minecraft:brown_wool,{},
"(5, 11, 9)",minecraft:jungle_stairs,"{'facing': 'north', 'half': 'top', 'shape': 'straight', 'waterlogged': 'false'}",
"(6, 11, 9)",minecraft:jungle_stairs,"{'facing': 'north', 'half': 'top', 'shape': 'straight', 'waterlogged': 'false'}",
"(7, 11, 9)",minecraft:jungle_stairs,"{'facing': 'north', 'half': 'top', 'shape': 'straight', 'waterlogged': 'false'}",
"(8, 11, 9)",minecraft:jungle_stairs,"{'facing': 'north', 'half': 'top', 'shape': 'straight', 'waterlogged': 'false'}",
"(9, 11, 9)",minecraft:jungle_stairs,"{'facing': 'north', 'half': 'top', 'shape': 'straight', 'waterlogged': 'false'}",
"(10, 11, 9)",minecraft:jungle_stairs,"{'facing': 'north', 'half': 'top', 'shape': 'straight', 'waterlogged': 'false'}",
"(11, 11, 9)",minecraft:jungle_stairs,"{'facing': 'north', 'half': 'top', 'shape': 'outer_left', 'waterlogged': 'false'}",
"(15, 11, 9)",minecraft:jungle_stairs,"{'facing': 'north', 'half': 'top', 'shape': 'outer_right', 'waterlogged': 'false'}",
"(16, 11, 9)",minecraft:brown_wool,{},
"(3, 11, 10)",minecraft:oak_fence_gate,"{'facing': 'east', 'in_wall': 'false', 'open': 'true', 'powered': 'false'}",
"(4, 11, 10)",minecraft:white_stained_glass_pane,"{'east': 'false', 'north': 'true', 'south': 'true', 'waterlogged': 'false', 'west': 'false'}",
"(11, 11, 10)",minecraft:magenta_wall_banner,{'facing': 'south'},"{components: {}, id: ""minecraft:banner""}"
"(16, 11, 10)",minecraft:white_stained_glass_pane,"{'east': 'false', 'north': 'true', 'south': 'true', 'waterlogged': 'false', 'west': 'false'}",
"(17, 11, 10)",minecraft:oak_fence_gate,"{'facing': 'west', 'in_wall': 'false', 'open': 'true', 'powered': 'false'}",
"(4, 11, 11)",minecraft:white_stained_glass_pane,"{'east': 'false', 'north': 'true', 'south': 'true', 'waterlogged': 'false', 'west': 'false'}",
"(16, 11, 11)",minecraft:white_stained_glass_pane,"{'east': 'false', 'north': 'true', 'south': 'true', 'waterlogged': 'false', 'west': 'false'}",
"(17, 11, 11)",minecraft:lilac,{'half': 'upper'},
"(3, 11, 12)",minecraft:oak_fence_gate,"{'facing': 'east', 'in_wall': 'false', 'open': 'true', 'powered': 'false'}",
"(4, 11, 12)",minecraft:white_stained_glass_pane,"{'east': 'false', 'north': 'true', 'south': 'true', 'waterlogged': 'false', 'west': 'false'}",
"(5, 11, 12)",minecraft:gray_wall_banner,{'facing': 'north'},"{components: {}, id: ""minecraft:banner""}"
"(16, 11, 12)",minecraft:white_stained_glass_pane,"{'east': 'false', 'north': 'true', 'south': 'true', 'waterlogged': 'false', 'west': 'false'}",
"(17, 11, 12)",minecraft:oak_fence_gate,"{'facing': 'west', 'in_wall': 'false', 'open': 'true', 'powered': 'false'}",
"(4, 11, 13)",minecraft:terracotta,{},
"(5, 11, 13)",minecraft:jungle_stairs,"{'facing': 'south', 'half': 'top', 'shape': 'straight', 'waterlogged': 'false'}",
"(6, 11, 13)",minecraft:jungle_stairs,"{'facing': 'south', 'half': 'top', 'shape': 'straight', 'waterlogged': 'false'}",
"(7, 11, 13)",minecraft:jungle_stairs,"{'facing': 'south', 'half': 'top', 'shape': 'straight', 'waterlogged': 'false'}",
"(8, 11, 13)",minecraft:jungle_stairs,"{'facing': 'south', 'half': 'top', 'shape': 'straight', 'waterlogged': 'false'}",
"(9, 11, 13)",minecraft:jungle_stairs,"{'facing': 'south', 'half': 'top', 'shape': 'straight', 'waterlogged': 'false'}",
"(10, 11, 13)",minecraft:jungle_stairs,"{'facing': 'south', 'half': 'top', 'shape': 'straight', 'waterlogged': 'false'}",
"(11, 11, 13)",minecraft:jungle_stairs,"{'facing': 'west', 'half': 'top', 'shape': 'outer_left', 'waterlogged': 'false'}",
"(15, 11, 13)",minecraft:jungle_stairs,"{'facing': 'east', 'half': 'top', 'shape': 'straight', 'waterlogged': 'false'}",
"(16, 11, 13)",minecraft:brown_wool,{},
"(3, 11, 14)",minecraft:stripped_oak_wood,{'axis': 'z'},
"(4, 11, 14)",minecraft:jungle_planks,{},
"(5, 11, 14)",minecraft:stripped_jungle_wood,{'axis': 'z'},
"(6, 11, 14)",minecraft:jungle_planks,{},
"(7, 11, 14)",minecraft:stripped_oak_wood,{'axis': 'y'},
"(8, 11, 14)",minecraft:oak_planks,{},
"(9, 11, 14)",minecraft:jungle_planks,{},
"(10, 11, 14)",minecraft:jungle_planks,{},
"(11, 11, 14)",minecraft:brown_wool,{},
"(12, 11, 14)",minecraft:white_stained_glass_pane,"{'east': 'true', 'north': 'false', 'south': 'false', 'waterlogged': 'false', 'west': 'true'}",
"(13, 11, 14)",minecraft:white_stained_glass_pane,"{'east': 'true', 'north': 'false', 'south': 'false', 'waterlogged': 'false', 'west': 'true'}",
"(14, 11, 14)",minecraft:white_stained_glass_pane,"{'east': 'true', 'north': 'false', 'south': 'false', 'waterlogged': 'false', 'west': 'true'}",
"(15, 11, 14)",minecraft:brown_wool,{},
"(16, 11, 14)",minecraft:jungle_planks,{},
"(17, 11, 14)",minecraft:stripped_jungle_wood,{'axis': 'y'},
"(8, 11, 15)",minecraft:flowering_azalea_leaves,"{'distance': '1', 'persistent': 'true', 'waterlogged': 'false'}",
"(10, 11, 15)",minecraft:oak_planks,{},
"(12, 11, 15)",minecraft:oak_fence_gate,"{'facing': 'north', 'in_wall': 'false', 'open': 'true', 'powered': 'false'}",
"(13, 11, 15)",minecraft:large_fern,{'half': 'upper'},
"(14, 11, 15)",minecraft:oak_fence_gate,"{'facing': 'north', 'in_wall': 'false', 'open': 'true', 'powered': 'false'}",
"(16, 11, 15)",minecraft:oak_planks,{},
"(11, 12, 1)",minecraft:stripped_oak_wood,{'axis': 'x'},
"(12, 12, 1)",minecraft:oxidized_copper_trapdoor,"{'facing': 'north', 'half': 'bottom', 'open': 'false', 'powered': 'false', 'waterlogged': 'false'}",
"(13, 12, 1)",minecraft:oxidized_cut_copper_slab,"{'type': 'bottom', 'waterlogged': 'false'}",
"(14, 12, 1)",minecraft:oxidized_copper_trapdoor,"{'facing': 'north', 'half': 'bottom', 'open': 'false', 'powered': 'false', 'waterlogged': 'false'}",
"(15, 12, 1)",minecraft:oak_planks,{},
"(11, 12, 2)",minecraft:oak_planks,{},
"(12, 12, 2)",minecraft:brown_wool,{},
"(13, 12, 2)",minecraft:brown_wool,{},
"(14, 12, 2)",minecraft:brown_wool,{},
"(15, 12, 2)",minecraft:stripped_oak_wood,{'axis': 'y'},
"(16, 12, 2)",minecraft:oak_leaves,"{'distance': '1', 'persistent': 'true', 'waterlogged': 'false'}",
"(11, 12, 3)",minecraft:oak_planks,{},
"(12, 12, 3)",minecraft:jungle_stairs,"{'facing': 'west', 'half': 'top', 'shape': 'straight', 'waterlogged': 'false'}",
"(14, 12, 3)",minecraft:jungle_stairs,"{'facing': 'east', 'half': 'top', 'shape': 'straight', 'waterlogged': 'false'}",
"(15, 12, 3)",minecraft:oak_planks,{},
"(11, 12, 4)",minecraft:stripped_oak_wood,{'axis': 'y'},
"(12, 12, 4)",minecraft:jungle_stairs,"{'facing': 'west', 'half': 'top', 'shape': 'straight', 'waterlogged': 'false'}",
"(14, 12, 4)",minecraft:jungle_stairs,"{'facing': 'east', 'half': 'top', 'shape': 'straight', 'waterlogged': 'false'}",
"(15, 12, 4)",minecraft:stripped_oak_wood,{'axis': 'y'},
"(17, 12, 4)",minecraft:cobblestone_stairs,"{'facing': 'south', 'half': 'bottom', 'shape': 'straight', 'waterlogged': 'false'}",
"(11, 12, 5)",minecraft:oak_planks,{},
"(12, 12, 5)",minecraft:jungle_stairs,"{'facing': 'west', 'half': 'top', 'shape': 'straight', 'waterlogged': 'false'}",
"(14, 12, 5)",minecraft:jungle_stairs,"{'facing': 'east', 'half': 'top', 'shape': 'straight', 'waterlogged': 'false'}",
"(15, 12, 5)",minecraft:oak_planks,{},
"(17, 12, 5)",minecraft:cobblestone,{},
"(11, 12, 6)",minecraft:stripped_oak_wood,{'axis': 'x'},
"(12, 12, 6)",minecraft:jungle_stairs,"{'facing': 'west', 'half': 'top', 'shape': 'straight', 'waterlogged': 'false'}",
"(14, 12, 6)",minecraft:jungle_stairs,"{'facing': 'east', 'half': 'top', 'shape': 'straight', 'waterlogged': 'false'}",
"(15, 12, 6)",minecraft:oak_planks,{},
"(10, 12, 7)",minecraft:oak_leaves,"{'distance': '3', 'persistent': 'true', 'waterlogged': 'false'}",
"(11, 12, 7)",minecraft:oak_planks,{},
"(12, 12, 7)",minecraft:jungle_stairs,"{'facing': 'west', 'half': 'top', 'shape': 'straight', 'waterlogged': 'false'}",
"(14, 12, 7)",minecraft:jungle_stairs,"{'facing': 'east', 'half': 'top', 'shape': 'straight', 'waterlogged': 'false'}",
"(15, 12, 7)",minecraft:stripped_oak_wood,{'axis': 'x'},
"(8, 12, 8)",minecraft:oak_leaves,"{'distance': '2', 'persistent': 'true', 'waterlogged': 'false'}",
"(9, 12, 8)",minecraft:azalea_leaves,"{'distance': '1', 'persistent': 'true', 'waterlogged': 'false'}",
"(10, 12, 8)",minecraft:oak_leaves,"{'distance': '2', 'persistent': 'true', 'waterlogged': 'false'}",
"(11, 12, 8)",minecraft:oak_planks,{},
"(12, 12, 8)",minecraft:jungle_stairs,"{'facing': 'west', 'half': 'top', 'shape': 'straight', 'waterlogged': 'false'}",
"(14, 12, 8)",minecraft:jungle_stairs,"{'facing': 'east', 'half': 'top', 'shape': 'straight', 'waterlogged': 'false'}",
"(15, 12, 8)",minecraft:stripped_oak_wood,{'axis': 'y'},
"(16, 12, 8)",minecraft:azalea_leaves,"{'distance': '1', 'persistent': 'true', 'waterlogged': 'false'}",
"(17, 12, 8)",minecraft:azalea_leaves,"{'distance': '1', 'persistent': 'true', 'waterlogged': 'false'}",
"(3, 12, 9)",minecraft:stripped_oak_wood,{'axis': 'y'},
"(4, 12, 9)",minecraft:oak_planks,{},
"(5, 12, 9)",minecraft:oak_planks,{},
"(6, 12, 9)",minecraft:stripped_oak_wood,{'axis': 'y'},
"(7, 12, 9)",minecraft:stripped_oak_wood,{'axis': 'y'},
"(8, 12, 9)",minecraft:oak_planks,{},
"(9, 12, 9)",minecraft:stripped_oak_wood,{'axis': 'y'},
"(10, 12, 9)",minecraft:oak_planks,{},
"(11, 12, 9)",minecraft:oak_planks,{},
"(12, 12, 9)",minecraft:jungle_stairs,"{'facing': 'west', 'half': 'top', 'shape': 'straight', 'waterlogged': 'false'}",
"(14, 12, 9)",minecraft:jungle_stairs,"{'facing': 'east', 'half': 'top', 'shape': 'straight', 'waterlogged': 'false'}",
"(15, 12, 9)",minecraft:oak_planks,{},
"(16, 12, 9)",minecraft:oak_planks,{},
"(17, 12, 9)",minecraft:stripped_oak_wood,{'axis': 'y'},
"(3, 12, 10)",minecraft:oxidized_copper_trapdoor,"{'facing': 'west', 'half': 'bottom', 'open': 'false', 'powered': 'false', 'waterlogged': 'false'}",
"(4, 12, 10)",minecraft:brown_wool,{},
"(5, 12, 10)",minecraft:jungle_stairs,"{'facing': 'north', 'half': 'top', 'shape': 'straight', 'waterlogged': 'false'}",
"(6, 12, 10)",minecraft:jungle_stairs,"{'facing': 'north', 'half': 'top', 'shape': 'straight', 'waterlogged': 'false'}",
"(7, 12, 10)",minecraft:jungle_stairs,"{'facing': 'north', 'half': 'top', 'shape': 'straight', 'waterlogged': 'false'}",
"(8, 12, 10)",minecraft:jungle_stairs,"{'facing': 'north', 'half': 'top', 'shape': 'straight', 'waterlogged': 'false'}",
"(9, 12, 10)",minecraft:jungle_stairs,"{'facing': 'north', 'half': 'top', 'shape': 'straight', 'waterlogged': 'false'}",
"(10, 12, 10)",minecraft:jungle_stairs,"{'facing': 'north', 'half': 'top', 'shape': 'straight', 'waterlogged': 'false'}",
"(11, 12, 10)",minecraft:jungle_stairs,"{'facing': 'north', 'half': 'top', 'shape': 'straight', 'waterlogged': 'false'}",
"(12, 12, 10)",minecraft:jungle_stairs,"{'facing': 'north', 'half': 'top', 'shape': 'outer_left', 'waterlogged': 'false'}",
"(14, 12, 10)",minecraft:jungle_stairs,"{'facing': 'north', 'half': 'top', 'shape': 'outer_right', 'waterlogged': 'false'}",
"(15, 12, 10)",minecraft:jungle_stairs,"{'facing': 'north', 'half': 'top', 'shape': 'straight', 'waterlogged': 'false'}",
"(16, 12, 10)",minecraft:brown_wool,{},
"(17, 12, 10)",minecraft:oxidized_copper_trapdoor,"{'facing': 'east', 'half': 'bottom', 'open': 'false', 'powered': 'false', 'waterlogged': 'false'}",
"(3, 12, 11)",minecraft:oxidized_cut_copper_slab,"{'type': 'bottom', 'waterlogged': 'false'}",
"(4, 12, 11)",minecraft:brown_wool,{},
"(16, 12, 11)",minecraft:brown_wool,{},
"(17, 12, 11)",minecraft:oxidized_cut_copper_slab,"{'type': 'bottom', 'waterlogged': 'false'}",
"(3, 12, 12)",minecraft:oxidized_copper_trapdoor,"{'facing': 'west', 'half': 'bottom', 'open': 'false', 'powered': 'false', 'waterlogged': 'false'}",
"(4, 12, 12)",minecraft:brown_wool,{},
"(5, 12, 12)",minecraft:jungle_stairs,"{'facing': 'south', 'half': 'top', 'shape': 'straight', 'waterlogged': 'false'}",
"(6, 12, 12)",minecraft:jungle_stairs,"{'facing': 'south', 'half': 'top', 'shape': 'straight', 'waterlogged': 'false'}",
"(7, 12, 12)",minecraft:jungle_stairs,"{'facing': 'south', 'half': 'top', 'shape': 'straight', 'waterlogged': 'false'}",
"(8, 12, 12)",minecraft:jungle_stairs,"{'facing': 'south', 'half': 'top', 'shape': 'straight', 'waterlogged': 'false'}",
"(9, 12, 12)",minecraft:jungle_stairs,"{'facing': 'south', 'half': 'top', 'shape': 'straight', 'waterlogged': 'false'}",
"(10, 12, 12)",minecraft:jungle_stairs,"{'facing': 'south', 'half': 'top', 'shape': 'straight', 'waterlogged': 'false'}",
"(11, 12, 12)",minecraft:jungle_stairs,"{'facing': 'south', 'half': 'top', 'shape': 'straight', 'waterlogged': 'false'}",
"(12, 12, 12)",minecraft:jungle_stairs,"{'facing': 'west', 'half': 'top', 'shape': 'outer_left', 'waterlogged': 'false'}",
"(14, 12, 12)",minecraft:jungle_stairs,"{'facing': 'east', 'half': 'top', 'shape': 'outer_right', 'waterlogged': 'false'}",
"(15, 12, 12)",minecraft:jungle_stairs,"{'facing': 'south', 'half': 'top', 'shape': 'straight', 'waterlogged': 'false'}",
"(16, 12, 12)",minecraft:brown_wool,{},
"(17, 12, 12)",minecraft:oxidized_copper_trapdoor,"{'facing': 'east', 'half': 'bottom', 'open': 'false', 'powered': 'false', 'waterlogged': 'false'}",
"(3, 12, 13)",minecraft:oak_planks,{},
"(4, 12, 13)",minecraft:stripped_oak_wood,{'axis': 'z'},
"(5, 12, 13)",minecraft:oak_planks,{},
"(6, 12, 13)",minecraft:stripped_oak_wood,{'axis': 'z'},
"(7, 12, 13)",minecraft:oak_planks,{},
"(8, 12, 13)",minecraft:stripped_oak_wood,{'axis': 'y'},
"(9, 12, 13)",minecraft:stripped_oak_wood,{'axis': 'y'},
"(10, 12, 13)",minecraft:oak_planks,{},
"(11, 12, 13)",minecraft:oak_planks,{},
"(12, 12, 13)",minecraft:jungle_stairs,"{'facing': 'west', 'half': 'top', 'shape': 'straight', 'waterlogged': 'false'}",
"(14, 12, 13)",minecraft:jungle_stairs,"{'facing': 'east', 'half': 'top', 'shape': 'straight', 'waterlogged': 'false'}",
"(15, 12, 13)",minecraft:oak_planks,{},
"(16, 12, 13)",minecraft:stripped_oak_wood,{'axis': 'y'},
"(17, 12, 13)",minecraft:oak_planks,{},
"(9, 12, 14)",minecraft:azalea_leaves,"{'distance': '1', 'persistent': 'true', 'waterlogged': 'false'}",
"(10, 12, 14)",minecraft:azalea_leaves,"{'distance': '2', 'persistent': 'true', 'waterlogged': 'false'}",
"(11, 12, 14)",minecraft:oak_planks,{},
"(12, 12, 14)",minecraft:brown_wool,{},
"(13, 12, 14)",minecraft:brown_wool,{},
"(14, 12, 14)",minecraft:brown_wool,{},
"(15, 12, 14)",minecraft:oak_planks,{},
"(11, 12, 15)",minecraft:stripped_oak_wood,{'axis': 'y'},
"(12, 12, 15)",minecraft:oxidized_copper_trapdoor,"{'facing': 'south', 'half': 'bottom', 'open': 'false', 'powered': 'false', 'waterlogged': 'false'}",
"(13, 12, 15)",minecraft:oxidized_cut_copper_slab,"{'type': 'bottom', 'waterlogged': 'false'}",
"(14, 12, 15)",minecraft:oxidized_copper_trapdoor,"{'facing': 'south', 'half': 'bottom', 'open': 'false', 'powered': 'false', 'waterlogged': 'false'}",
"(15, 12, 15)",minecraft:stripped_oak_wood,{'axis': 'x'},
"(12, 13, 1)",minecraft:stripped_birch_wood,{'axis': 'y'},
"(14, 13, 1)",minecraft:stripped_oak_wood,{'axis': 'x'},
"(12, 13, 2)",minecraft:oak_planks,{},
"(13, 13, 2)",minecraft:brown_wool,{},
"(14, 13, 2)",minecraft:birch_planks,{},
"(12, 13, 3)",minecraft:birch_planks,{},
"(13, 13, 3)",minecraft:stripped_dark_oak_wood,{'axis': 'z'},
"(14, 13, 3)",minecraft:oak_planks,{},
"(15, 13, 3)",minecraft:azalea_leaves,"{'distance': '7', 'persistent': 'true', 'waterlogged': 'false'}",
"(12, 13, 4)",minecraft:stripped_oak_wood,{'axis': 'x'},
"(13, 13, 4)",minecraft:stripped_dark_oak_wood,{'axis': 'z'},
"(14, 13, 4)",minecraft:stripped_birch_wood,{'axis': 'y'},
"(12, 13, 5)",minecraft:oak_planks,{},
"(13, 13, 5)",minecraft:stripped_dark_oak_wood,{'axis': 'z'},
"(14, 13, 5)",minecraft:birch_planks,{},
"(17, 13, 5)",minecraft:tuff,{},
"(12, 13, 6)",minecraft:birch_planks,{},
"(13, 13, 6)",minecraft:stripped_dark_oak_wood,{'axis': 'z'},
"(14, 13, 6)",minecraft:stripped_oak_wood,{'axis': 'x'},
"(11, 13, 7)",minecraft:azalea_leaves,"{'distance': '7', 'persistent': 'true', 'waterlogged': 'false'}",
"(12, 13, 7)",minecraft:oak_planks,{},
"(13, 13, 7)",minecraft:stripped_dark_oak_wood,{'axis': 'z'},
"(14, 13, 7)",minecraft:oak_planks,{},
"(15, 13, 7)",minecraft:azalea_leaves,"{'distance': '1', 'persistent': 'true', 'waterlogged': 'false'}",
"(12, 13, 8)",minecraft:stripped_oak_wood,{'axis': 'x'},
"(13, 13, 8)",minecraft:stripped_dark_oak_wood,{'axis': 'z'},
"(14, 13, 8)",minecraft:oak_planks,{},
"(11, 13, 9)",minecraft:oak_leaves,"{'distance': '1', 'persistent': 'true', 'waterlogged': 'false'}",
"(12, 13, 9)",minecraft:stripped_birch_wood,{'axis': 'y'},
"(13, 13, 9)",minecraft:stripped_dark_oak_wood,{'axis': 'z'},
"(14, 13, 9)",minecraft:stripped_birch_wood,{'axis': 'y'},
"(3, 13, 10)",minecraft:oak_planks,{},
"(4, 13, 10)",minecraft:stripped_oak_wood,{'axis': 'z'},
"(5, 13, 10)",minecraft:birch_planks,{},
"(6, 13, 10)",minecraft:stripped_birch_wood,{'axis': 'y'},
"(7, 13, 10)",minecraft:oak_planks,{},
"(8, 13, 10)",minecraft:stripped_oak_wood,{'axis': 'z'},
"(9, 13, 10)",minecraft:birch_planks,{},
"(10, 13, 10)",minecraft:stripped_birch_wood,{'axis': 'z'},
"(11, 13, 10)",minecraft:stripped_birch_wood,{'axis': 'y'},
"(12, 13, 10)",minecraft:birch_planks,{},
"(13, 13, 10)",minecraft:stripped_dark_oak_wood,{'axis': 'z'},
"(14, 13, 10)",minecraft:birch_planks,{},
"(15, 13, 10)",minecraft:stripped_birch_wood,{'axis': 'z'},
"(16, 13, 10)",minecraft:stripped_oak_wood,{'axis': 'z'},
"(17, 13, 10)",minecraft:birch_planks,{},
"(4, 13, 11)",minecraft:brown_wool,{},
"(5, 13, 11)",minecraft:stripped_dark_oak_wood,{'axis': 'x'},
"(6, 13, 11)",minecraft:stripped_dark_oak_wood,{'axis': 'x'},
"(7, 13, 11)",minecraft:stripped_dark_oak_wood,{'axis': 'x'},
"(8, 13, 11)",minecraft:stripped_dark_oak_wood,{'axis': 'x'},
"(9, 13, 11)",minecraft:stripped_dark_oak_wood,{'axis': 'x'},
"(10, 13, 11)",minecraft:stripped_dark_oak_wood,{'axis': 'x'},
"(11, 13, 11)",minecraft:stripped_dark_oak_wood,{'axis': 'x'},
"(12, 13, 11)",minecraft:stripped_dark_oak_wood,{'axis': 'x'},
"(13, 13, 11)",minecraft:stripped_dark_oak_wood,{'axis': 'x'},
"(14, 13, 11)",minecraft:stripped_dark_oak_wood,{'axis': 'x'},
"(15, 13, 11)",minecraft:stripped_dark_oak_wood,{'axis': 'x'},
"(16, 13, 11)",minecraft:brown_wool,{},
"(3, 13, 12)",minecraft:stripped_birch_wood,{'axis': 'z'},
"(4, 13, 12)",minecraft:oak_planks,{},
"(5, 13, 12)",minecraft:stripped_oak_wood,{'axis': 'z'},
"(6, 13, 12)",minecraft:oak_planks,{},
"(7, 13, 12)",minecraft:oak_planks,{},
"(8, 13, 12)",minecraft:birch_planks,{},
"(9, 13, 12)",minecraft:stripped_birch_wood,{'axis': 'z'},
"(10, 13, 12)",minecraft:oak_planks,{},
"(11, 13, 12)",minecraft:oak_planks,{},
"(12, 13, 12)",minecraft:stripped_oak_wood,{'axis': 'y'},
"(13, 13, 12)",minecraft:stripped_dark_oak_wood,{'axis': 'z'},
"(14, 13, 12)",minecraft:oak_planks,{},
"(15, 13, 12)",minecraft:birch_planks,{},
"(16, 13, 12)",minecraft:stripped_birch_wood,{'axis': 'y'},
"(17, 13, 12)",minecraft:stripped_oak_wood,{'axis': 'z'},
"(11, 13, 13)",minecraft:azalea_leaves,"{'distance': '1', 'persistent': 'true', 'waterlogged': 'false'}",
"(12, 13, 13)",minecraft:stripped_oak_wood,{'axis': 'y'},
"(13, 13, 13)",minecraft:stripped_dark_oak_wood,{'axis': 'z'},
"(14, 13, 13)",minecraft:stripped_oak_wood,{'axis': 'x'},
"(12, 13, 14)",minecraft:birch_planks,{},
"(13, 13, 14)",minecraft:brown_wool,{},
"(14, 13, 14)",minecraft:stripped_birch_wood,{'axis': 'y'},
"(12, 13, 15)",minecraft:stripped_birch_wood,{'axis': 'x'},
"(14, 13, 15)",minecraft:birch_planks,{},
"(13, 14, 1)",minecraft:birch_planks,{},
"(13, 14, 2)",minecraft:birch_planks,{},
"(13, 14, 3)",minecraft:stripped_birch_wood,{'axis': 'x'},
"(14, 14, 3)",minecraft:oak_leaves,"{'distance': '1', 'persistent': 'true', 'waterlogged': 'false'}",
"(13, 14, 4)",minecraft:birch_planks,{},
"(17, 14, 4)",minecraft:spruce_trapdoor,"{'facing': 'north', 'half': 'bottom', 'open': 'true', 'powered': 'false', 'waterlogged': 'false'}",
"(12, 14, 5)",minecraft:oak_leaves,"{'distance': '7', 'persistent': 'true', 'waterlogged': 'false'}",
"(13, 14, 5)",minecraft:birch_planks,{},
"(14, 14, 5)",minecraft:azalea_leaves,"{'distance': '2', 'persistent': 'true', 'waterlogged': 'false'}",
"(16, 14, 5)",minecraft:spruce_trapdoor,"{'facing': 'west', 'half': 'bottom', 'open': 'true', 'powered': 'false', 'waterlogged': 'false'}",
"(17, 14, 5)",minecraft:campfire,"{'facing': 'west', 'lit': 'true', 'signal_fire': 'false', 'waterlogged': 'false'}","{components: {}, Items: [], CookingTimes: [I; 0, 0, 0, 0], CookingTotalTimes: [I; 0, 0, 0, 0], id: ""minecraft:campfire""}"
"(18, 14, 5)",minecraft:spruce_trapdoor,"{'facing': 'east', 'half': 'bottom', 'open': 'true', 'powered': 'false', 'waterlogged': 'false'}",
"(12, 14, 6)",minecraft:azalea_leaves,"{'distance': '7', 'persistent': 'true', 'waterlogged': 'false'}",
"(13, 14, 6)",minecraft:birch_planks,{},
"(14, 14, 6)",minecraft:oak_leaves,"{'distance': '1', 'persistent': 'true', 'waterlogged': 'false'}",
"(17, 14, 6)",minecraft:spruce_trapdoor,"{'facing': 'south', 'half': 'bottom', 'open': 'true', 'powered': 'false', 'waterlogged': 'false'}",
"(13, 14, 7)",minecraft:stripped_birch_wood,{'axis': 'y'},
"(13, 14, 8)",minecraft:stripped_birch_wood,{'axis': 'y'},
"(13, 14, 9)",minecraft:birch_planks,{},
"(10, 14, 10)",minecraft:oak_leaves,"{'distance': '1', 'persistent': 'true', 'waterlogged': 'false'}",
"(13, 14, 10)",minecraft:birch_planks,{},
"(3, 14, 11)",minecraft:birch_planks,{},
"(4, 14, 11)",minecraft:stripped_birch_wood,{'axis': 'z'},
"(5, 14, 11)",minecraft:birch_planks,{},
"(6, 14, 11)",minecraft:birch_planks,{},
"(7, 14, 11)",minecraft:stripped_birch_wood,{'axis': 'z'},
"(8, 14, 11)",minecraft:stripped_birch_wood,{'axis': 'z'},
"(9, 14, 11)",minecraft:birch_planks,{},
"(10, 14, 11)",minecraft:birch_planks,{},
"(11, 14, 11)",minecraft:birch_planks,{},
"(12, 14, 11)",minecraft:stripped_birch_wood,{'axis': 'z'},
"(13, 14, 11)",minecraft:waxed_chiseled_copper,{},
"(14, 14, 11)",minecraft:stripped_birch_wood,{'axis': 'z'},
"(15, 14, 11)",minecraft:stripped_birch_wood,{'axis': 'z'},
"(16, 14, 11)",minecraft:birch_planks,{},
"(17, 14, 11)",minecraft:stripped_birch_wood,{'axis': 'z'},
"(10, 14, 12)",minecraft:azalea_leaves,"{'distance': '7', 'persistent': 'true', 'waterlogged': 'false'}",
"(13, 14, 12)",minecraft:birch_planks,{},
"(13, 14, 13)",minecraft:stripped_birch_wood,{'axis': 'x'},
"(13, 14, 14)",minecraft:stripped_birch_wood,{'axis': 'x'},
"(13, 14, 15)",minecraft:birch_planks,{},
"(13, 15, 4)",minecraft:oak_leaves,"{'distance': '7', 'persistent': 'true', 'waterlogged': 'false'}",
"(17, 15, 5)",minecraft:cobbled_deepslate_wall,"{'east': 'none', 'north': 'none', 'south': 'none', 'up': 'true', 'waterlogged': 'false', 'west': 'none'}",
"(9, 15, 11)",minecraft:oak_leaves,"{'distance': '7', 'persistent': 'true', 'waterlogged': 'false'}",
"(13, 15, 11)",minecraft:red_sandstone_wall,"{'east': 'none', 'north': 'none', 'south': 'none', 'up': 'true', 'waterlogged': 'false', 'west': 'none'}",
"(13, 16, 11)",minecraft:acacia_fence,"{'east': 'false', 'north': 'false', 'south': 'false', 'waterlogged': 'false', 'west': 'false'}",
"(13, 17, 11)",minecraft:waxed_lightning_rod,"{'facing': 'up', 'powered': 'false', 'waterlogged': 'false'}",
