Position,BlockID,States,Data
"(7, 0, 1)",minecraft:spruce_stairs,"{'facing': 'south', 'half': 'bottom', 'shape': 'straight', 'waterlogged': 'false'}",
"(8, 0, 1)",minecraft:oak_leaves,"{'distance': '7', 'persistent': 'true', 'waterlogged': 'false'}",
"(9, 0, 1)",minecraft:oak_leaves,"{'distance': '7', 'persistent': 'true', 'waterlogged': 'false'}",
"(10, 0, 1)",minecraft:azalea_leaves,"{'distance': '7', 'persistent': 'true', 'waterlogged': 'false'}",
"(11, 0, 1)",minecraft:spruce_stairs,"{'facing': 'south', 'half': 'bottom', 'shape': 'straight', 'waterlogged': 'false'}",
"(13, 0, 1)",minecraft:azalea_leaves,"{'distance': '7', 'persistent': 'true', 'waterlogged': 'false'}",
"(14, 0, 1)",minecraft:oak_leaves,"{'distance': '7', 'persistent': 'true', 'waterlogged': 'false'}",
"(15, 0, 1)",minecraft:spruce_stairs,"{'facing': 'south', 'half': 'bottom', 'shape': 'straight', 'waterlogged': 'false'}",
"(6, 0, 2)",minecraft:spruce_stairs,"{'facing': 'east', 'half': 'bottom', 'shape': 'straight', 'waterlogged': 'false'}",
"(7, 0, 2)",minecraft:oak_log,{'axis': 'y'},
"(8, 0, 2)",minecraft:stone_bricks,{},
"(9, 0, 2)",minecraft:tuff_bricks,{},
"(10, 0, 2)",minecraft:tuff_bricks,{},
"(11, 0, 2)",minecraft:oak_log,{'axis': 'y'},
"(12, 0, 2)",minecraft:stone_bricks,{},
"(13, 0, 2)",minecraft:tuff_bricks,{},
"(14, 0, 2)",minecraft:stone_bricks,{},
"(15, 0, 2)",minecraft:oak_log,{'axis': 'y'},
"(16, 0, 2)",minecraft:spruce_stairs,"{'facing': 'west', 'half': 'bottom', 'shape': 'straight', 'waterlogged': 'false'}",
"(5, 0, 3)",minecraft:lilac,{'half': 'lower'},
"(6, 0, 3)",minecraft:azalea_leaves,"{'distance': '7', 'persistent': 'true', 'waterlogged': 'false'}",
"(7, 0, 3)",minecraft:stone_bricks,{},
"(8, 0, 3)",minecraft:stone_bricks,{},
"(9, 0, 3)",minecraft:tuff_bricks,{},
"(10, 0, 3)",minecraft:stone_bricks,{},
"(11, 0, 3)",minecraft:tuff_bricks,{},
"(12, 0, 3)",minecraft:stone_bricks,{},
"(13, 0, 3)",minecraft:tuff_bricks,{},
"(14, 0, 3)",minecraft:stone_bricks,{},
"(15, 0, 3)",minecraft:tuff_bricks,{},
"(16, 0, 3)",minecraft:decorated_pot,"{'cracked': 'false', 'facing': 'west', 'waterlogged': 'false'}","{components: {}, id: ""minecraft:decorated_pot""}"
"(18, 0, 3)",minecraft:tuff_brick_wall,"{'east': 'none', 'north': 'none', 'south': 'none', 'up': 'true', 'waterlogged': 'false', 'west': 'none'}",
"(4, 0, 4)",minecraft:lilac,{'half': 'lower'},
"(5, 0, 4)",minecraft:short_grass,{},
"(6, 0, 4)",minecraft:short_grass,{},
"(7, 0, 4)",minecraft:tuff_bricks,{},
"(8, 0, 4)",minecraft:tuff_bricks,{},
"(9, 0, 4)",minecraft:stone_bricks,{},
"(10, 0, 4)",minecraft:tuff_bricks,{},
"(11, 0, 4)",minecraft:stone_bricks,{},
"(12, 0, 4)",minecraft:tuff_bricks,{},
"(13, 0, 4)",minecraft:tuff_bricks,{},
"(14, 0, 4)",minecraft:tuff_bricks,{},
"(15, 0, 4)",minecraft:tuff_bricks,{},
"(16, 0, 4)",minecraft:tuff_brick_stairs,"{'facing': 'west', 'half': 'bottom', 'shape': 'straight', 'waterlogged': 'false'}",
"(17, 0, 4)",minecraft:jigsaw,{'orientation': 'up_east'},"{components: {}, joint: ""rollable"", name: ""minecraft:empty"", pool: ""minecraft:empty"", final_state: ""minecraft:air"", placement_priority: 0, selection_priority: 0, id: ""minecraft:jigsaw"", target: ""minecraft:empty""}"
"(3, 0, 5)",minecraft:spruce_stairs,"{'facing': 'south', 'half': 'bottom', 'shape': 'straight', 'waterlogged': 'false'}",
"(4, 0, 5)",minecraft:flowering_azalea_leaves,"{'distance': '7', 'persistent': 'true', 'waterlogged': 'false'}",
"(5, 0, 5)",minecraft:lilac,{'half': 'lower'},
"(6, 0, 5)",minecraft:oak_leaves,"{'distance': '7', 'persistent': 'true', 'waterlogged': 'false'}",
"(7, 0, 5)",minecraft:tuff_bricks,{},
"(8, 0, 5)",minecraft:tuff_bricks,{},
"(9, 0, 5)",minecraft:stone_bricks,{},
"(10, 0, 5)",minecraft:stone_bricks,{},
"(11, 0, 5)",minecraft:tuff_bricks,{},
"(12, 0, 5)",minecraft:tuff_bricks,{},
"(13, 0, 5)",minecraft:stone_bricks,{},
"(14, 0, 5)",minecraft:stone_bricks,{},
"(15, 0, 5)",minecraft:stone_bricks,{},
"(16, 0, 5)",minecraft:barrel,"{'facing': 'east', 'open': 'false'}","{components: {}, Items: [], id: ""minecraft:barrel""}"
"(2, 0, 6)",minecraft:spruce_stairs,"{'facing': 'east', 'half': 'bottom', 'shape': 'straight', 'waterlogged': 'false'}",
"(3, 0, 6)",minecraft:oak_log,{'axis': 'y'},
"(4, 0, 6)",minecraft:tuff_bricks,{},
"(5, 0, 6)",minecraft:stone_bricks,{},
"(6, 0, 6)",minecraft:stone_bricks,{},
"(7, 0, 6)",minecraft:oak_log,{'axis': 'y'},
"(8, 0, 6)",minecraft:tuff_bricks,{},
"(9, 0, 6)",minecraft:stone_bricks,{},
"(10, 0, 6)",minecraft:stone_bricks,{},
"(11, 0, 6)",minecraft:stone_bricks,{},
"(12, 0, 6)",minecraft:stone_bricks,{},
"(13, 0, 6)",minecraft:stone_bricks,{},
"(14, 0, 6)",minecraft:tuff_bricks,{},
"(15, 0, 6)",minecraft:oak_log,{'axis': 'y'},
"(16, 0, 6)",minecraft:spruce_trapdoor,"{'facing': 'south', 'half': 'top', 'open': 'false', 'powered': 'false', 'waterlogged': 'false'}",
"(17, 0, 6)",minecraft:barrel,"{'facing': 'up', 'open': 'false'}","{components: {}, Items: [], id: ""minecraft:barrel""}"
"(1, 0, 7)",minecraft:tuff_brick_stairs,"{'facing': 'south', 'half': 'bottom', 'shape': 'outer_left', 'waterlogged': 'false'}",
"(2, 0, 7)",minecraft:stone_bricks,{},
"(3, 0, 7)",minecraft:stone_bricks,{},
"(4, 0, 7)",minecraft:stone_bricks,{},
"(5, 0, 7)",minecraft:tuff_bricks,{},
"(6, 0, 7)",minecraft:stone_bricks,{},
"(7, 0, 7)",minecraft:stone_bricks,{},
"(8, 0, 7)",minecraft:stone_bricks,{},
"(9, 0, 7)",minecraft:tuff_bricks,{},
"(10, 0, 7)",minecraft:stone_bricks,{},
"(11, 0, 7)",minecraft:stone_bricks,{},
"(12, 0, 7)",minecraft:stone_bricks,{},
"(13, 0, 7)",minecraft:tuff_bricks,{},
"(14, 0, 7)",minecraft:tuff_bricks,{},
"(15, 0, 7)",minecraft:stone_bricks,{},
"(16, 0, 7)",minecraft:spruce_trapdoor,"{'facing': 'east', 'half': 'top', 'open': 'false', 'powered': 'false', 'waterlogged': 'false'}",
"(0, 0, 8)",minecraft:jigsaw,{'orientation': 'up_west'},"{components: {}, joint: ""rollable"", name: ""minecraft:empty"", pool: ""minecraft:empty"", final_state: ""minecraft:air"", placement_priority: 0, selection_priority: 0, id: ""minecraft:jigsaw"", target: ""minecraft:empty""}"
"(1, 0, 8)",minecraft:tuff_brick_stairs,"{'facing': 'east', 'half': 'bottom', 'shape': 'straight', 'waterlogged': 'false'}",
"(2, 0, 8)",minecraft:stone_bricks,{},
"(3, 0, 8)",minecraft:stone_bricks,{},
"(4, 0, 8)",minecraft:tuff_bricks,{},
"(5, 0, 8)",minecraft:tuff_bricks,{},
"(6, 0, 8)",minecraft:stone_bricks,{},
"(7, 0, 8)",minecraft:stone_bricks,{},
"(8, 0, 8)",minecraft:stone_bricks,{},
"(9, 0, 8)",minecraft:tuff_bricks,{},
"(10, 0, 8)",minecraft:tuff_bricks,{},
"(11, 0, 8)",minecraft:stone_bricks,{},
"(12, 0, 8)",minecraft:tuff_bricks,{},
"(13, 0, 8)",minecraft:tuff_bricks,{},
"(14, 0, 8)",minecraft:stone_bricks,{},
"(15, 0, 8)",minecraft:tuff_bricks,{},
"(16, 0, 8)",minecraft:barrel,"{'facing': 'east', 'open': 'false'}","{components: {}, Items: [], id: ""minecraft:barrel""}"
"(18, 0, 8)",minecraft:barrel,"{'facing': 'up', 'open': 'false'}","{components: {}, Items: [], id: ""minecraft:barrel""}"
"(1, 0, 9)",minecraft:stone_brick_stairs,"{'facing': 'north', 'half': 'bottom', 'shape': 'outer_right', 'waterlogged': 'false'}",
"(2, 0, 9)",minecraft:tuff_bricks,{},
"(3, 0, 9)",minecraft:stone_bricks,{},
"(4, 0, 9)",minecraft:stone_bricks,{},
"(5, 0, 9)",minecraft:stone_bricks,{},
"(6, 0, 9)",minecraft:stone_bricks,{},
"(7, 0, 9)",minecraft:stone_bricks,{},
"(8, 0, 9)",minecraft:stone_bricks,{},
"(9, 0, 9)",minecraft:stone_bricks,{},
"(10, 0, 9)",minecraft:stone_bricks,{},
"(11, 0, 9)",minecraft:stone_bricks,{},
"(12, 0, 9)",minecraft:stone_bricks,{},
"(13, 0, 9)",minecraft:stone_bricks,{},
"(14, 0, 9)",minecraft:stone_bricks,{},
"(15, 0, 9)",minecraft:tuff_bricks,{},
"(16, 0, 9)",minecraft:spruce_trapdoor,"{'facing': 'east', 'half': 'top', 'open': 'false', 'powered': 'false', 'waterlogged': 'false'}",
"(18, 0, 9)",minecraft:tuff_brick_wall,"{'east': 'none', 'north': 'low', 'south': 'none', 'up': 'true', 'waterlogged': 'false', 'west': 'none'}",
"(2, 0, 10)",minecraft:spruce_stairs,"{'facing': 'east', 'half': 'bottom', 'shape': 'straight', 'waterlogged': 'false'}",
"(3, 0, 10)",minecraft:oak_log,{'axis': 'y'},
"(4, 0, 10)",minecraft:stone_bricks,{},
"(5, 0, 10)",minecraft:stone_bricks,{},
"(6, 0, 10)",minecraft:stone_bricks,{},
"(7, 0, 10)",minecraft:stone_bricks,{},
"(8, 0, 10)",minecraft:stone_bricks,{},
"(9, 0, 10)",minecraft:tuff_bricks,{},
"(10, 0, 10)",minecraft:stone_bricks,{},
"(11, 0, 10)",minecraft:tuff_bricks,{},
"(12, 0, 10)",minecraft:stone_bricks,{},
"(13, 0, 10)",minecraft:tuff_bricks,{},
"(14, 0, 10)",minecraft:stone_bricks,{},
"(15, 0, 10)",minecraft:oak_log,{'axis': 'y'},
"(16, 0, 10)",minecraft:spruce_stairs,"{'facing': 'west', 'half': 'bottom', 'shape': 'straight', 'waterlogged': 'false'}",
"(2, 0, 11)",minecraft:oak_leaves,"{'distance': '7', 'persistent': 'true', 'waterlogged': 'false'}",
"(3, 0, 11)",minecraft:tuff_bricks,{},
"(4, 0, 11)",minecraft:stone_bricks,{},
"(5, 0, 11)",minecraft:tuff_bricks,{},
"(6, 0, 11)",minecraft:tuff_bricks,{},
"(7, 0, 11)",minecraft:stone_bricks,{},
"(8, 0, 11)",minecraft:stone_bricks,{},
"(9, 0, 11)",minecraft:tuff_bricks,{},
"(10, 0, 11)",minecraft:tuff_bricks,{},
"(11, 0, 11)",minecraft:stone_bricks,{},
"(12, 0, 11)",minecraft:stone_bricks,{},
"(13, 0, 11)",minecraft:tuff_bricks,{},
"(14, 0, 11)",minecraft:tuff_bricks,{},
"(15, 0, 11)",minecraft:cobbled_deepslate,{},
"(16, 0, 11)",minecraft:cobbled_deepslate,{},
"(17, 0, 11)",minecraft:cobbled_deepslate,{},
"(3, 0, 12)",minecraft:stone_bricks,{},
"(4, 0, 12)",minecraft:stone_bricks,{},
"(5, 0, 12)",minecraft:stone_bricks,{},
"(6, 0, 12)",minecraft:tuff_bricks,{},
"(7, 0, 12)",minecraft:stone_bricks,{},
"(8, 0, 12)",minecraft:stone_bricks,{},
"(9, 0, 12)",minecraft:stone_bricks,{},
"(10, 0, 12)",minecraft:stone_bricks,{},
"(11, 0, 12)",minecraft:stone_bricks,{},
"(12, 0, 12)",minecraft:stone_bricks,{},
"(13, 0, 12)",minecraft:stone_bricks,{},
"(14, 0, 12)",minecraft:tuff_bricks,{},
"(15, 0, 12)",minecraft:cobbled_deepslate,{},
"(16, 0, 12)",minecraft:cobbled_deepslate,{},
"(17, 0, 12)",minecraft:cobbled_deepslate,{},
"(2, 0, 13)",minecraft:oak_leaves,"{'distance': '7', 'persistent': 'true', 'waterlogged': 'false'}",
"(3, 0, 13)",minecraft:tuff_bricks,{},
"(4, 0, 13)",minecraft:stone_bricks,{},
"(5, 0, 13)",minecraft:stone_bricks,{},
"(6, 0, 13)",minecraft:stone_bricks,{},
"(7, 0, 13)",minecraft:stone_bricks,{},
"(8, 0, 13)",minecraft:stone_bricks,{},
"(9, 0, 13)",minecraft:tuff_bricks,{},
"(10, 0, 13)",minecraft:stone_bricks,{},
"(11, 0, 13)",minecraft:tuff_bricks,{},
"(12, 0, 13)",minecraft:stone_bricks,{},
"(13, 0, 13)",minecraft:stone_bricks,{},
"(14, 0, 13)",minecraft:stone_bricks,{},
"(15, 0, 13)",minecraft:cobbled_deepslate,{},
"(16, 0, 13)",minecraft:cobbled_deepslate,{},
"(17, 0, 13)",minecraft:cobbled_deepslate_stairs,"{'facing': 'north', 'half': 'bottom', 'shape': 'straight', 'waterlogged': 'false'}",
"(2, 0, 14)",minecraft:spruce_stairs,"{'facing': 'east', 'half': 'bottom', 'shape': 'straight', 'waterlogged': 'false'}",
"(3, 0, 14)",minecraft:oak_log,{'axis': 'y'},
"(4, 0, 14)",minecraft:stone_bricks,{},
"(5, 0, 14)",minecraft:tuff_bricks,{},
"(6, 0, 14)",minecraft:stone_bricks,{},
"(7, 0, 14)",minecraft:oak_log,{'axis': 'y'},
"(8, 0, 14)",minecraft:tuff_bricks,{},
"(9, 0, 14)",minecraft:tuff_bricks,{},
"(10, 0, 14)",minecraft:stone_bricks,{},
"(11, 0, 14)",minecraft:oak_log,{'axis': 'y'},
"(12, 0, 14)",minecraft:stone_bricks,{},
"(13, 0, 14)",minecraft:tuff_bricks,{},
"(14, 0, 14)",minecraft:tuff_bricks,{},
"(15, 0, 14)",minecraft:oak_log,{'axis': 'y'},
"(16, 0, 14)",minecraft:spruce_trapdoor,"{'facing': 'south', 'half': 'bottom', 'open': 'true', 'powered': 'false', 'waterlogged': 'false'}",
"(17, 0, 14)",minecraft:spruce_trapdoor,"{'facing': 'south', 'half': 'bottom', 'open': 'true', 'powered': 'false', 'waterlogged': 'false'}",
"(18, 0, 14)",minecraft:stripped_spruce_wood,{'axis': 'y'},
"(3, 0, 15)",minecraft:spruce_stairs,"{'facing': 'north', 'half': 'bottom', 'shape': 'straight', 'waterlogged': 'false'}",
"(4, 0, 15)",minecraft:oak_leaves,"{'distance': '7', 'persistent': 'true', 'waterlogged': 'false'}",
"(5, 0, 15)",minecraft:dark_oak_fence_gate,"{'facing': 'east', 'in_wall': 'false', 'open': 'false', 'powered': 'false'}",
"(7, 0, 15)",minecraft:hay_block,{'axis': 'y'},
"(8, 0, 15)",minecraft:water_cauldron,{'level': '3'},
"(9, 0, 15)",minecraft:dark_oak_fence,"{'east': 'false', 'north': 'true', 'south': 'true', 'waterlogged': 'false', 'west': 'false'}",
"(10, 0, 15)",minecraft:water_cauldron,{'level': '3'},
"(11, 0, 15)",minecraft:hay_block,{'axis': 'y'},
"(13, 0, 15)",minecraft:dark_oak_fence_gate,"{'facing': 'east', 'in_wall': 'false', 'open': 'false', 'powered': 'false'}",
"(15, 0, 15)",minecraft:spruce_stairs,"{'facing': 'north', 'half': 'bottom', 'shape': 'straight', 'waterlogged': 'false'}",
"(5, 0, 16)",minecraft:spruce_fence_gate,"{'facing': 'east', 'in_wall': 'false', 'open': 'false', 'powered': 'false'}",
"(9, 0, 16)",minecraft:spruce_fence,"{'east': 'false', 'north': 'true', 'south': 'true', 'waterlogged': 'false', 'west': 'false'}",
"(13, 0, 16)",minecraft:spruce_fence_gate,"{'facing': 'east', 'in_wall': 'false', 'open': 'false', 'powered': 'false'}",
"(14, 0, 16)",minecraft:jigsaw,{'orientation': 'up_east'},"{components: {}, joint: ""rollable"", name: ""minecraft:empty"", pool: ""minecraft:empty"", final_state: ""minecraft:air"", placement_priority: 0, selection_priority: 0, id: ""minecraft:jigsaw"", target: ""minecraft:empty""}"
"(4, 0, 17)",minecraft:jigsaw,{'orientation': 'up_west'},"{components: {}, joint: ""rollable"", name: ""minecraft:empty"", pool: ""minecraft:empty"", final_state: ""minecraft:air"", placement_priority: 0, selection_priority: 0, id: ""minecraft:jigsaw"", target: ""minecraft:empty""}"
"(5, 0, 17)",minecraft:dark_oak_fence_gate,"{'facing': 'east', 'in_wall': 'false', 'open': 'false', 'powered': 'false'}",
"(9, 0, 17)",minecraft:dark_oak_fence,"{'east': 'false', 'north': 'true', 'south': 'true', 'waterlogged': 'false', 'west': 'false'}",
"(13, 0, 17)",minecraft:dark_oak_fence_gate,"{'facing': 'east', 'in_wall': 'false', 'open': 'false', 'powered': 'false'}",
"(5, 0, 18)",minecraft:oak_log,{'axis': 'y'},
"(6, 0, 18)",minecraft:spruce_fence,"{'east': 'true', 'north': 'false', 'south': 'false', 'waterlogged': 'false', 'west': 'true'}",
"(7, 0, 18)",minecraft:dark_oak_fence,"{'east': 'true', 'north': 'false', 'south': 'false', 'waterlogged': 'false', 'west': 'true'}",
"(8, 0, 18)",minecraft:spruce_fence,"{'east': 'true', 'north': 'false', 'south': 'false', 'waterlogged': 'false', 'west': 'true'}",
"(9, 0, 18)",minecraft:oak_log,{'axis': 'y'},
"(10, 0, 18)",minecraft:dark_oak_fence,"{'east': 'true', 'north': 'false', 'south': 'false', 'waterlogged': 'false', 'west': 'true'}",
"(11, 0, 18)",minecraft:spruce_fence,"{'east': 'true', 'north': 'false', 'south': 'false', 'waterlogged': 'false', 'west': 'true'}",
"(12, 0, 18)",minecraft:dark_oak_fence,"{'east': 'true', 'north': 'false', 'south': 'false', 'waterlogged': 'false', 'west': 'true'}",
"(13, 0, 18)",minecraft:oak_log,{'axis': 'y'},
"(5, 0, 19)",minecraft:spruce_fence_gate,"{'facing': 'east', 'in_wall': 'false', 'open': 'false', 'powered': 'false'}",
"(9, 0, 19)",minecraft:dark_oak_fence,"{'east': 'false', 'north': 'true', 'south': 'true', 'waterlogged': 'false', 'west': 'false'}",
"(13, 0, 19)",minecraft:spruce_fence_gate,"{'facing': 'east', 'in_wall': 'false', 'open': 'false', 'powered': 'false'}",
"(4, 0, 20)",minecraft:jigsaw,{'orientation': 'up_west'},"{components: {}, joint: ""rollable"", name: ""minecraft:empty"", pool: ""minecraft:empty"", final_state: ""minecraft:air"", placement_priority: 0, selection_priority: 0, id: ""minecraft:jigsaw"", target: ""minecraft:empty""}"
"(5, 0, 20)",minecraft:dark_oak_fence_gate,"{'facing': 'east', 'in_wall': 'false', 'open': 'false', 'powered': 'false'}",
"(9, 0, 20)",minecraft:spruce_fence,"{'east': 'false', 'north': 'true', 'south': 'true', 'waterlogged': 'false', 'west': 'false'}",
"(13, 0, 20)",minecraft:dark_oak_fence_gate,"{'facing': 'east', 'in_wall': 'false', 'open': 'false', 'powered': 'false'}",
"(14, 0, 20)",minecraft:jigsaw,{'orientation': 'up_east'},"{components: {}, joint: ""rollable"", name: ""minecraft:empty"", pool: ""minecraft:empty"", final_state: ""minecraft:air"", placement_priority: 0, selection_priority: 0, id: ""minecraft:jigsaw"", target: ""minecraft:empty""}"
"(5, 0, 21)",minecraft:spruce_fence_gate,"{'facing': 'east', 'in_wall': 'false', 'open': 'false', 'powered': 'false'}",
"(7, 0, 21)",minecraft:hay_block,{'axis': 'y'},
"(8, 0, 21)",minecraft:water_cauldron,{'level': '3'},
"(9, 0, 21)",minecraft:dark_oak_fence,"{'east': 'false', 'north': 'true', 'south': 'true', 'waterlogged': 'false', 'west': 'false'}",
"(10, 0, 21)",minecraft:water_cauldron,{'level': '3'},
"(11, 0, 21)",minecraft:hay_block,{'axis': 'y'},
"(13, 0, 21)",minecraft:dark_oak_fence_gate,"{'facing': 'east', 'in_wall': 'false', 'open': 'false', 'powered': 'false'}",
"(4, 0, 22)",minecraft:oak_leaves,"{'distance': '1', 'persistent': 'true', 'waterlogged': 'false'}",
"(5, 0, 22)",minecraft:oak_log,{'axis': 'y'},
"(6, 0, 22)",minecraft:tuff_bricks,{},
"(7, 0, 22)",minecraft:tuff_bricks,{},
"(8, 0, 22)",minecraft:tuff_bricks,{},
"(9, 0, 22)",minecraft:oak_log,{'axis': 'y'},
"(10, 0, 22)",minecraft:tuff_bricks,{},
"(11, 0, 22)",minecraft:tuff_bricks,{},
"(12, 0, 22)",minecraft:tuff_bricks,{},
"(13, 0, 22)",minecraft:oak_log,{'axis': 'y'},
"(5, 0, 23)",minecraft:spruce_fence,"{'east': 'false', 'north': 'true', 'south': 'false', 'waterlogged': 'false', 'west': 'false'}",
"(7, 0, 23)",minecraft:oak_leaves,"{'distance': '7', 'persistent': 'true', 'waterlogged': 'false'}",
"(9, 0, 23)",minecraft:spruce_fence,"{'east': 'false', 'north': 'true', 'south': 'false', 'waterlogged': 'false', 'west': 'false'}",
"(11, 0, 23)",minecraft:oak_leaves,"{'distance': '7', 'persistent': 'true', 'waterlogged': 'false'}",
"(12, 0, 23)",minecraft:oak_leaves,"{'distance': '7', 'persistent': 'true', 'waterlogged': 'false'}",
"(13, 0, 23)",minecraft:spruce_fence,"{'east': 'false', 'north': 'true', 'south': 'false', 'waterlogged': 'false', 'west': 'false'}",
"(9, 1, 1)",minecraft:azalea_leaves,"{'distance': '7', 'persistent': 'true', 'waterlogged': 'false'}",
"(13, 1, 1)",minecraft:flowering_azalea_leaves,"{'distance': '7', 'persistent': 'true', 'waterlogged': 'false'}",
"(7, 1, 2)",minecraft:oak_log,{'axis': 'y'},
"(8, 1, 2)",minecraft:granite,{},
"(9, 1, 2)",minecraft:granite,{},
"(10, 1, 2)",minecraft:terracotta,{},
"(11, 1, 2)",minecraft:oak_log,{'axis': 'y'},
"(12, 1, 2)",minecraft:terracotta,{},
"(13, 1, 2)",minecraft:granite,{},
"(14, 1, 2)",minecraft:terracotta,{},
"(15, 1, 2)",minecraft:oak_log,{'axis': 'y'},
"(5, 1, 3)",minecraft:lilac,{'half': 'upper'},
"(7, 1, 3)",minecraft:terracotta,{},
"(8, 1, 3)",minecraft:scaffolding,"{'bottom': 'false', 'distance': '0', 'waterlogged': 'false'}",
"(9, 1, 3)",minecraft:scaffolding,"{'bottom': 'false', 'distance': '0', 'waterlogged': 'false'}",
"(10, 1, 3)",minecraft:smoker,"{'facing': 'south', 'lit': 'false'}","{lit_total_time: 0s, components: {}, cooking_time_spent: 0s, cooking_total_time: 0s, Items: [], id: ""minecraft:smoker"", lit_time_remaining: 0s, RecipesUsed: {}}"
"(11, 1, 3)",minecraft:scaffolding,"{'bottom': 'false', 'distance': '0', 'waterlogged': 'false'}",
"(12, 1, 3)",minecraft:scaffolding,"{'bottom': 'false', 'distance': '0', 'waterlogged': 'false'}",
"(13, 1, 3)",minecraft:scaffolding,"{'bottom': 'false', 'distance': '0', 'waterlogged': 'false'}",
"(14, 1, 3)",minecraft:loom,{'facing': 'north'},
"(15, 1, 3)",minecraft:terracotta,{},
"(16, 1, 3)",minecraft:potted_bamboo,{},
"(18, 1, 3)",minecraft:spruce_fence,"{'east': 'false', 'north': 'false', 'south': 'false', 'waterlogged': 'false', 'west': 'false'}",
"(4, 1, 4)",minecraft:lilac,{'half': 'upper'},
"(6, 1, 4)",minecraft:oak_leaves,"{'distance': '7', 'persistent': 'true', 'waterlogged': 'false'}",
"(7, 1, 4)",minecraft:terracotta,{},
"(8, 1, 4)",minecraft:black_carpet,{},
"(9, 1, 4)",minecraft:gray_carpet,{},
"(10, 1, 4)",minecraft:gray_carpet,{},
"(11, 1, 4)",minecraft:light_gray_carpet,{},
"(12, 1, 4)",minecraft:light_gray_carpet,{},
"(13, 1, 4)",minecraft:white_carpet,{},
"(14, 1, 4)",minecraft:oak_wall_sign,"{'facing': 'south', 'waterlogged': 'false'}","{back_text: {has_glowing_text: 0b, color: ""black"", messages: ["""", """", """", """"]}, components: {}, is_waxed: 0b, id: ""minecraft:sign"", front_text: {has_glowing_text: 0b, color: ""black"", messages: ["""", """", """", """"]}}"
"(15, 1, 4)",minecraft:spruce_door,"{'facing': 'west', 'half': 'lower', 'hinge': 'left', 'open': 'false', 'powered': 'false'}",
"(16, 1, 4)",minecraft:spruce_trapdoor,"{'facing': 'north', 'half': 'bottom', 'open': 'true', 'powered': 'false', 'waterlogged': 'false'}",
"(5, 1, 5)",minecraft:lilac,{'half': 'upper'},
"(7, 1, 5)",minecraft:terracotta,{},
"(8, 1, 5)",minecraft:ladder,"{'facing': 'east', 'waterlogged': 'false'}",
"(9, 1, 5)",minecraft:black_carpet,{},
"(10, 1, 5)",minecraft:gray_carpet,{},
"(11, 1, 5)",minecraft:gray_carpet,{},
"(12, 1, 5)",minecraft:light_gray_carpet,{},
"(13, 1, 5)",minecraft:light_gray_carpet,{},
"(14, 1, 5)",minecraft:white_carpet,{},
"(15, 1, 5)",minecraft:granite,{},
"(16, 1, 5)",minecraft:barrel,"{'facing': 'east', 'open': 'false'}","{components: {}, Items: [], id: ""minecraft:barrel""}"
"(3, 1, 6)",minecraft:oak_log,{'axis': 'y'},
"(4, 1, 6)",minecraft:terracotta,{},
"(5, 1, 6)",minecraft:terracotta,{},
"(6, 1, 6)",minecraft:terracotta,{},
"(7, 1, 6)",minecraft:oak_log,{'axis': 'y'},
"(8, 1, 6)",minecraft:spruce_stairs,"{'facing': 'north', 'half': 'top', 'shape': 'straight', 'waterlogged': 'false'}",
"(9, 1, 6)",minecraft:spruce_stairs,"{'facing': 'north', 'half': 'top', 'shape': 'straight', 'waterlogged': 'false'}",
"(10, 1, 6)",minecraft:spruce_stairs,"{'facing': 'north', 'half': 'top', 'shape': 'straight', 'waterlogged': 'false'}",
"(11, 1, 6)",minecraft:oak_log,{'axis': 'y'},
"(12, 1, 6)",minecraft:spruce_stairs,"{'facing': 'north', 'half': 'top', 'shape': 'straight', 'waterlogged': 'false'}",
"(13, 1, 6)",minecraft:spruce_stairs,"{'facing': 'north', 'half': 'top', 'shape': 'straight', 'waterlogged': 'false'}",
"(14, 1, 6)",minecraft:spruce_fence_gate,"{'facing': 'north', 'in_wall': 'false', 'open': 'false', 'powered': 'false'}",
"(15, 1, 6)",minecraft:oak_log,{'axis': 'y'},
"(16, 1, 6)",minecraft:spruce_trapdoor,"{'facing': 'south', 'half': 'top', 'open': 'false', 'powered': 'false', 'waterlogged': 'false'}",
"(2, 1, 7)",minecraft:spruce_fence,"{'east': 'true', 'north': 'false', 'south': 'false', 'waterlogged': 'false', 'west': 'false'}",
"(3, 1, 7)",minecraft:terracotta,{},
"(4, 1, 7)",minecraft:jukebox,{'has_record': 'false'},"{components: {}, id: ""minecraft:jukebox""}"
"(5, 1, 7)",minecraft:ender_chest,"{'facing': 'south', 'waterlogged': 'false'}","{components: {}, id: ""minecraft:ender_chest""}"
"(6, 1, 7)",minecraft:spruce_stairs,"{'facing': 'west', 'half': 'bottom', 'shape': 'straight', 'waterlogged': 'false'}",
"(8, 1, 7)",minecraft:oak_slab,"{'type': 'bottom', 'waterlogged': 'false'}",
"(10, 1, 7)",minecraft:oak_slab,"{'type': 'bottom', 'waterlogged': 'false'}",
"(12, 1, 7)",minecraft:spruce_slab,"{'type': 'bottom', 'waterlogged': 'false'}",
"(15, 1, 7)",minecraft:terracotta,{},
"(16, 1, 7)",minecraft:barrel,"{'facing': 'east', 'open': 'false'}","{components: {}, Items: [], id: ""minecraft:barrel""}"
"(3, 1, 8)",minecraft:spruce_door,"{'facing': 'east', 'half': 'lower', 'hinge': 'left', 'open': 'true', 'powered': 'false'}",
"(6, 1, 8)",minecraft:oak_trapdoor,"{'facing': 'south', 'half': 'bottom', 'open': 'true', 'powered': 'false', 'waterlogged': 'false'}",
"(7, 1, 8)",minecraft:oak_wall_sign,"{'facing': 'north', 'waterlogged': 'false'}","{back_text: {has_glowing_text: 0b, color: ""black"", messages: ["""", """", """", """"]}, components: {}, is_waxed: 0b, id: ""minecraft:sign"", front_text: {has_glowing_text: 0b, color: ""black"", messages: ["""", """", """", """"]}}"
"(8, 1, 8)",minecraft:oak_wall_sign,"{'facing': 'south', 'waterlogged': 'false'}","{back_text: {has_glowing_text: 0b, color: ""black"", messages: ["""", """", """", """"]}, components: {}, is_waxed: 0b, id: ""minecraft:sign"", front_text: {has_glowing_text: 0b, color: ""black"", messages: ["""", """", """", """"]}}"
"(10, 1, 8)",minecraft:spruce_wall_sign,"{'facing': 'south', 'waterlogged': 'false'}","{back_text: {has_glowing_text: 0b, color: ""black"", messages: ["""", """", """", """"]}, components: {}, is_waxed: 0b, id: ""minecraft:sign"", front_text: {has_glowing_text: 0b, color: ""black"", messages: ["""", """", """", """"]}}"
"(12, 1, 8)",minecraft:oak_wall_sign,"{'facing': 'south', 'waterlogged': 'false'}","{back_text: {has_glowing_text: 0b, color: ""black"", messages: ["""", """", """", """"]}, components: {}, is_waxed: 0b, id: ""minecraft:sign"", front_text: {has_glowing_text: 0b, color: ""black"", messages: ["""", """", """", """"]}}"
"(14, 1, 8)",minecraft:oak_stairs,"{'facing': 'north', 'half': 'bottom', 'shape': 'straight', 'waterlogged': 'false'}",
"(15, 1, 8)",minecraft:terracotta,{},
"(16, 1, 8)",minecraft:barrel,"{'facing': 'east', 'open': 'false'}","{components: {}, Items: [], id: ""minecraft:barrel""}"
"(2, 1, 9)",minecraft:dark_oak_fence,"{'east': 'true', 'north': 'false', 'south': 'false', 'waterlogged': 'false', 'west': 'false'}",
"(3, 1, 9)",minecraft:terracotta,{},
"(4, 1, 9)",minecraft:spruce_stairs,"{'facing': 'north', 'half': 'bottom', 'shape': 'straight', 'waterlogged': 'false'}",
"(7, 1, 9)",minecraft:oak_slab,"{'type': 'bottom', 'waterlogged': 'false'}",
"(10, 1, 9)",minecraft:oak_fence,"{'east': 'false', 'north': 'false', 'south': 'false', 'waterlogged': 'false', 'west': 'false'}",
"(11, 1, 9)",minecraft:spruce_stairs,"{'facing': 'east', 'half': 'bottom', 'shape': 'straight', 'waterlogged': 'false'}",
"(14, 1, 9)",minecraft:spruce_fence,"{'east': 'true', 'north': 'false', 'south': 'false', 'waterlogged': 'false', 'west': 'false'}",
"(15, 1, 9)",minecraft:granite,{},
"(16, 1, 9)",minecraft:spruce_trapdoor,"{'facing': 'south', 'half': 'top', 'open': 'false', 'powered': 'false', 'waterlogged': 'false'}",
"(18, 1, 9)",minecraft:spruce_fence,"{'east': 'false', 'north': 'false', 'south': 'false', 'waterlogged': 'false', 'west': 'false'}",
"(3, 1, 10)",minecraft:oak_log,{'axis': 'y'},
"(4, 1, 10)",minecraft:oak_fence,"{'east': 'false', 'north': 'false', 'south': 'false', 'waterlogged': 'false', 'west': 'true'}",
"(6, 1, 10)",minecraft:spruce_stairs,"{'facing': 'west', 'half': 'bottom', 'shape': 'straight', 'waterlogged': 'false'}",
"(7, 1, 10)",minecraft:spruce_fence,"{'east': 'false', 'north': 'false', 'south': 'false', 'waterlogged': 'false', 'west': 'false'}",
"(8, 1, 10)",minecraft:spruce_slab,"{'type': 'bottom', 'waterlogged': 'false'}",
"(9, 1, 10)",minecraft:spruce_wall_sign,"{'facing': 'east', 'waterlogged': 'false'}","{back_text: {has_glowing_text: 0b, color: ""black"", messages: ["""", """", """", """"]}, components: {}, is_waxed: 0b, id: ""minecraft:sign"", front_text: {has_glowing_text: 0b, color: ""black"", messages: ["""", """", """", """"]}}"
"(10, 1, 10)",minecraft:spruce_stairs,"{'facing': 'south', 'half': 'bottom', 'shape': 'straight', 'waterlogged': 'false'}",
"(12, 1, 10)",minecraft:oak_wall_sign,"{'facing': 'north', 'waterlogged': 'false'}","{back_text: {has_glowing_text: 0b, color: ""black"", messages: ["""", """", """", """"]}, components: {}, is_waxed: 0b, id: ""minecraft:sign"", front_text: {has_glowing_text: 0b, color: ""black"", messages: ["""", """", """", """"]}}"
"(14, 1, 10)",minecraft:spruce_slab,"{'type': 'bottom', 'waterlogged': 'false'}",
"(15, 1, 10)",minecraft:oak_log,{'axis': 'y'},
"(16, 1, 10)",minecraft:spruce_trapdoor,"{'facing': 'south', 'half': 'top', 'open': 'true', 'powered': 'false', 'waterlogged': 'false'}",
"(3, 1, 11)",minecraft:terracotta,{},
"(4, 1, 11)",minecraft:spruce_stairs,"{'facing': 'south', 'half': 'bottom', 'shape': 'straight', 'waterlogged': 'false'}",
"(5, 1, 11)",minecraft:oak_wall_sign,"{'facing': 'north', 'waterlogged': 'false'}","{back_text: {has_glowing_text: 0b, color: ""black"", messages: ["""", """", """", """"]}, components: {}, is_waxed: 0b, id: ""minecraft:sign"", front_text: {has_glowing_text: 0b, color: ""black"", messages: ["""", """", """", """"]}}"
"(7, 1, 11)",minecraft:oak_stairs,"{'facing': 'south', 'half': 'bottom', 'shape': 'straight', 'waterlogged': 'false'}",
"(12, 1, 11)",minecraft:oak_slab,"{'type': 'bottom', 'waterlogged': 'false'}",
"(14, 1, 11)",minecraft:spruce_wall_sign,"{'facing': 'south', 'waterlogged': 'false'}","{back_text: {has_glowing_text: 0b, color: ""black"", messages: ["""", """", """", """"]}, components: {}, is_waxed: 0b, id: ""minecraft:sign"", front_text: {has_glowing_text: 0b, color: ""black"", messages: ["""", """", """", """"]}}"
"(15, 1, 11)",minecraft:cobbled_deepslate,{},
"(16, 1, 11)",minecraft:cobbled_deepslate,{},
"(17, 1, 11)",minecraft:cobbled_deepslate_wall,"{'east': 'none', 'north': 'none', 'south': 'low', 'up': 'true', 'waterlogged': 'false', 'west': 'low'}",
"(2, 1, 12)",minecraft:azalea_leaves,"{'distance': '7', 'persistent': 'true', 'waterlogged': 'false'}",
"(3, 1, 12)",minecraft:terracotta,{},
"(5, 1, 12)",minecraft:spruce_slab,"{'type': 'bottom', 'waterlogged': 'false'}",
"(9, 1, 12)",minecraft:oak_stairs,"{'facing': 'north', 'half': 'bottom', 'shape': 'straight', 'waterlogged': 'false'}",
"(12, 1, 12)",minecraft:oak_fence,"{'east': 'false', 'north': 'false', 'south': 'false', 'waterlogged': 'false', 'west': 'false'}",
"(13, 1, 12)",minecraft:spruce_stairs,"{'facing': 'east', 'half': 'bottom', 'shape': 'straight', 'waterlogged': 'false'}",
"(15, 1, 12)",minecraft:iron_bars,"{'east': 'false', 'north': 'true', 'south': 'true', 'waterlogged': 'false', 'west': 'false'}",
"(16, 1, 12)",minecraft:campfire,"{'facing': 'west', 'lit': 'true', 'signal_fire': 'false', 'waterlogged': 'false'}","{components: {}, Items: [], CookingTimes: [I; 0, 0, 0, 0], CookingTotalTimes: [I; 0, 0, 0, 0], id: ""minecraft:campfire""}"
"(17, 1, 12)",minecraft:cobbled_deepslate,{},
"(3, 1, 13)",minecraft:granite,{},
"(4, 1, 13)",minecraft:spruce_stairs,"{'facing': 'west', 'half': 'bottom', 'shape': 'straight', 'waterlogged': 'false'}",
"(5, 1, 13)",minecraft:spruce_fence,"{'east': 'false', 'north': 'false', 'south': 'true', 'waterlogged': 'false', 'west': 'false'}",
"(6, 1, 13)",minecraft:oak_stairs,"{'facing': 'east', 'half': 'bottom', 'shape': 'straight', 'waterlogged': 'false'}",
"(7, 1, 13)",minecraft:spruce_wall_sign,"{'facing': 'west', 'waterlogged': 'false'}","{back_text: {has_glowing_text: 0b, color: ""black"", messages: ["""", """", """", """"]}, components: {}, is_waxed: 0b, id: ""minecraft:sign"", front_text: {has_glowing_text: 0b, color: ""black"", messages: ["""", """", """", """"]}}"
"(8, 1, 13)",minecraft:oak_slab,"{'type': 'bottom', 'waterlogged': 'false'}",
"(9, 1, 13)",minecraft:oak_fence,"{'east': 'false', 'north': 'false', 'south': 'true', 'waterlogged': 'false', 'west': 'false'}",
"(10, 1, 13)",minecraft:spruce_stairs,"{'facing': 'east', 'half': 'bottom', 'shape': 'straight', 'waterlogged': 'false'}",
"(12, 1, 13)",minecraft:spruce_stairs,"{'facing': 'south', 'half': 'bottom', 'shape': 'straight', 'waterlogged': 'false'}",
"(15, 1, 13)",minecraft:cobbled_deepslate,{},
"(16, 1, 13)",minecraft:cobbled_deepslate,{},
"(17, 1, 13)",minecraft:cobbled_deepslate_wall,"{'east': 'none', 'north': 'low', 'south': 'tall', 'up': 'true', 'waterlogged': 'false', 'west': 'tall'}",
"(3, 1, 14)",minecraft:oak_log,{'axis': 'y'},
"(4, 1, 14)",minecraft:terracotta,{},
"(5, 1, 14)",minecraft:terracotta,{},
"(6, 1, 14)",minecraft:granite,{},
"(7, 1, 14)",minecraft:oak_log,{'axis': 'y'},
"(8, 1, 14)",minecraft:terracotta,{},
"(9, 1, 14)",minecraft:granite,{},
"(10, 1, 14)",minecraft:terracotta,{},
"(11, 1, 14)",minecraft:oak_log,{'axis': 'y'},
"(12, 1, 14)",minecraft:terracotta,{},
"(13, 1, 14)",minecraft:granite,{},
"(14, 1, 14)",minecraft:granite,{},
"(15, 1, 14)",minecraft:oak_log,{'axis': 'y'},
"(16, 1, 14)",minecraft:spruce_trapdoor,"{'facing': 'south', 'half': 'bottom', 'open': 'true', 'powered': 'false', 'waterlogged': 'false'}",
"(17, 1, 14)",minecraft:spruce_trapdoor,"{'facing': 'south', 'half': 'bottom', 'open': 'true', 'powered': 'false', 'waterlogged': 'false'}",
"(18, 1, 14)",minecraft:stripped_spruce_wood,{'axis': 'y'},
"(4, 1, 15)",minecraft:azalea_leaves,"{'distance': '7', 'persistent': 'true', 'waterlogged': 'false'}",
"(9, 1, 15)",minecraft:dark_oak_fence,"{'east': 'false', 'north': 'true', 'south': 'true', 'waterlogged': 'false', 'west': 'false'}",
"(9, 1, 16)",minecraft:spruce_fence,"{'east': 'false', 'north': 'true', 'south': 'true', 'waterlogged': 'false', 'west': 'false'}",
"(9, 1, 17)",minecraft:spruce_fence,"{'east': 'false', 'north': 'true', 'south': 'true', 'waterlogged': 'false', 'west': 'false'}",
"(5, 1, 18)",minecraft:mangrove_wood,{'axis': 'y'},
"(9, 1, 18)",minecraft:mangrove_wood,{'axis': 'y'},
"(13, 1, 18)",minecraft:mangrove_wood,{'axis': 'y'},
"(9, 1, 19)",minecraft:dark_oak_fence,"{'east': 'false', 'north': 'true', 'south': 'true', 'waterlogged': 'false', 'west': 'false'}",
"(9, 1, 20)",minecraft:spruce_fence,"{'east': 'false', 'north': 'true', 'south': 'true', 'waterlogged': 'false', 'west': 'false'}",
"(9, 1, 21)",minecraft:spruce_fence,"{'east': 'false', 'north': 'true', 'south': 'true', 'waterlogged': 'false', 'west': 'false'}",
"(5, 1, 22)",minecraft:mangrove_wood,{'axis': 'y'},
"(6, 1, 22)",minecraft:terracotta,{},
"(7, 1, 22)",minecraft:terracotta,{},
"(8, 1, 22)",minecraft:granite,{},
"(9, 1, 22)",minecraft:oak_log,{'axis': 'y'},
"(10, 1, 22)",minecraft:granite,{},
"(11, 1, 22)",minecraft:granite,{},
"(12, 1, 22)",minecraft:terracotta,{},
"(13, 1, 22)",minecraft:mangrove_wood,{'axis': 'y'},
"(5, 1, 23)",minecraft:dark_oak_fence,"{'east': 'false', 'north': 'true', 'south': 'false', 'waterlogged': 'false', 'west': 'false'}",
"(8, 1, 23)",minecraft:azalea_leaves,"{'distance': '7', 'persistent': 'true', 'waterlogged': 'false'}",
"(9, 1, 23)",minecraft:spruce_fence,"{'east': 'false', 'north': 'true', 'south': 'false', 'waterlogged': 'false', 'west': 'false'}",
"(12, 1, 23)",minecraft:azalea_leaves,"{'distance': '7', 'persistent': 'true', 'waterlogged': 'false'}",
"(13, 1, 23)",minecraft:dark_oak_fence,"{'east': 'false', 'north': 'true', 'south': 'false', 'waterlogged': 'false', 'west': 'false'}",
"(10, 2, 1)",minecraft:cobbled_deepslate_wall,"{'east': 'none', 'north': 'none', 'south': 'tall', 'up': 'true', 'waterlogged': 'false', 'west': 'none'}",
"(7, 2, 2)",minecraft:mangrove_wood,{'axis': 'y'},
"(8, 2, 2)",minecraft:terracotta,{},
"(9, 2, 2)",minecraft:terracotta,{},
"(10, 2, 2)",minecraft:terracotta,{},
"(11, 2, 2)",minecraft:mangrove_wood,{'axis': 'y'},
"(12, 2, 2)",minecraft:terracotta,{},
"(13, 2, 2)",minecraft:terracotta,{},
"(14, 2, 2)",minecraft:terracotta,{},
"(15, 2, 2)",minecraft:mangrove_wood,{'axis': 'y'},
"(7, 2, 3)",minecraft:brown_wool,{},
"(8, 2, 3)",minecraft:barrel,"{'facing': 'south', 'open': 'false'}","{components: {}, Items: [], id: ""minecraft:barrel""}"
"(9, 2, 3)",minecraft:barrel,"{'facing': 'south', 'open': 'false'}","{components: {}, Items: [], id: ""minecraft:barrel""}"
"(10, 2, 3)",minecraft:cobbled_deepslate_wall,"{'east': 'low', 'north': 'tall', 'south': 'none', 'up': 'true', 'waterlogged': 'false', 'west': 'low'}",
"(11, 2, 3)",minecraft:barrel,"{'facing': 'south', 'open': 'false'}","{components: {}, Items: [], id: ""minecraft:barrel""}"
"(12, 2, 3)",minecraft:brewing_stand,"{'has_bottle_0': 'true', 'has_bottle_1': 'true', 'has_bottle_2': 'true'}","{components: {}, Fuel: 0b, Items: [{components: {""minecraft:potion_contents"": {potion: ""minecraft:water""}}, count: 1, Slot: 0b, id: ""minecraft:potion""}, {components: {""minecraft:potion_contents"": {potion: ""minecraft:water""}}, count: 1, Slot: 1b, id: ""minecraft:potion""}, {components: {""minecraft:potion_contents"": {potion: ""minecraft:water""}}, count: 1, Slot: 2b, id: ""minecraft:potion""}], id: ""minecraft:brewing_stand"", BrewTime: 0s}"
"(13, 2, 3)",minecraft:barrel,"{'facing': 'south', 'open': 'false'}","{components: {}, Items: [], id: ""minecraft:barrel""}"
"(14, 2, 3)",minecraft:loom,{'facing': 'north'},
"(15, 2, 3)",minecraft:brown_wool,{},
"(16, 2, 3)",minecraft:flowering_azalea_leaves,"{'distance': '7', 'persistent': 'true', 'waterlogged': 'false'}",
"(18, 2, 3)",minecraft:oak_fence,"{'east': 'false', 'north': 'false', 'south': 'false', 'waterlogged': 'false', 'west': 'false'}",
"(6, 2, 4)",minecraft:flowering_azalea_leaves,"{'distance': '7', 'persistent': 'true', 'waterlogged': 'false'}",
"(7, 2, 4)",minecraft:brown_wool,{},
"(8, 2, 4)",minecraft:tripwire_hook,"{'attached': 'false', 'facing': 'south', 'powered': 'false'}",
"(9, 2, 4)",minecraft:tripwire_hook,"{'attached': 'false', 'facing': 'south', 'powered': 'false'}",
"(11, 2, 4)",minecraft:tripwire_hook,"{'attached': 'false', 'facing': 'south', 'powered': 'false'}",
"(13, 2, 4)",minecraft:tripwire_hook,"{'attached': 'false', 'facing': 'south', 'powered': 'false'}",
"(14, 2, 4)",minecraft:oak_wall_sign,"{'facing': 'south', 'waterlogged': 'false'}","{back_text: {has_glowing_text: 0b, color: ""black"", messages: ["""", """", """", """"]}, components: {}, is_waxed: 0b, id: ""minecraft:sign"", front_text: {has_glowing_text: 0b, color: ""black"", messages: ["""", """", """", """"]}}"
"(15, 2, 4)",minecraft:spruce_door,"{'facing': 'west', 'half': 'upper', 'hinge': 'left', 'open': 'false', 'powered': 'false'}",
"(16, 2, 4)",minecraft:spruce_trapdoor,"{'facing': 'north', 'half': 'top', 'open': 'true', 'powered': 'false', 'waterlogged': 'false'}",
"(5, 2, 5)",minecraft:oak_fence_gate,"{'facing': 'south', 'in_wall': 'false', 'open': 'true', 'powered': 'false'}",
"(7, 2, 5)",minecraft:terracotta,{},
"(8, 2, 5)",minecraft:ladder,"{'facing': 'east', 'waterlogged': 'false'}",
"(15, 2, 5)",minecraft:terracotta,{},
"(16, 2, 5)",minecraft:spruce_trapdoor,"{'facing': 'south', 'half': 'top', 'open': 'false', 'powered': 'false', 'waterlogged': 'false'}",
"(3, 2, 6)",minecraft:mangrove_wood,{'axis': 'y'},
"(4, 2, 6)",minecraft:terracotta,{},
"(5, 2, 6)",minecraft:white_stained_glass_pane,"{'east': 'true', 'north': 'false', 'south': 'false', 'waterlogged': 'false', 'west': 'true'}",
"(6, 2, 6)",minecraft:terracotta,{},
"(7, 2, 6)",minecraft:mangrove_wood,{'axis': 'y'},
"(9, 2, 6)",minecraft:potted_torchflower,{},
"(11, 2, 6)",minecraft:mangrove_wood,{'axis': 'y'},
"(13, 2, 6)",minecraft:lantern,"{'hanging': 'false', 'waterlogged': 'false'}",
"(15, 2, 6)",minecraft:mangrove_wood,{'axis': 'y'},
"(16, 2, 6)",minecraft:spruce_trapdoor,"{'facing': 'south', 'half': 'top', 'open': 'false', 'powered': 'false', 'waterlogged': 'false'}",
"(2, 2, 7)",minecraft:oak_fence,"{'east': 'true', 'north': 'false', 'south': 'false', 'waterlogged': 'false', 'west': 'false'}",
"(3, 2, 7)",minecraft:brown_wool,{},
"(5, 2, 7)",minecraft:spruce_stairs,"{'facing': 'east', 'half': 'top', 'shape': 'straight', 'waterlogged': 'false'}",
"(6, 2, 7)",minecraft:spruce_trapdoor,"{'facing': 'east', 'half': 'bottom', 'open': 'true', 'powered': 'false', 'waterlogged': 'false'}",
"(14, 2, 7)",minecraft:spruce_trapdoor,"{'facing': 'west', 'half': 'top', 'open': 'false', 'powered': 'false', 'waterlogged': 'false'}",
"(15, 2, 7)",minecraft:terracotta,{},
"(16, 2, 7)",minecraft:spruce_trapdoor,"{'facing': 'north', 'half': 'top', 'open': 'false', 'powered': 'false', 'waterlogged': 'false'}",
"(3, 2, 8)",minecraft:spruce_door,"{'facing': 'east', 'half': 'upper', 'hinge': 'left', 'open': 'true', 'powered': 'false'}",
"(6, 2, 8)",minecraft:oak_trapdoor,"{'facing': 'south', 'half': 'bottom', 'open': 'true', 'powered': 'false', 'waterlogged': 'false'}",
"(15, 2, 8)",minecraft:terracotta,{},
"(16, 2, 8)",minecraft:barrel,"{'facing': 'east', 'open': 'false'}","{components: {}, Items: [], id: ""minecraft:barrel""}"
"(2, 2, 9)",minecraft:spruce_fence,"{'east': 'true', 'north': 'false', 'south': 'false', 'waterlogged': 'false', 'west': 'false'}",
"(3, 2, 9)",minecraft:terracotta,{},
"(10, 2, 9)",minecraft:spruce_trapdoor,"{'facing': 'west', 'half': 'bottom', 'open': 'false', 'powered': 'false', 'waterlogged': 'false'}",
"(14, 2, 9)",minecraft:dark_oak_trapdoor,"{'facing': 'west', 'half': 'bottom', 'open': 'false', 'powered': 'false', 'waterlogged': 'false'}",
"(15, 2, 9)",minecraft:terracotta,{},
"(16, 2, 9)",minecraft:barrel,"{'facing': 'east', 'open': 'false'}","{components: {}, Items: [], id: ""minecraft:barrel""}"
"(18, 2, 9)",minecraft:oak_fence,"{'east': 'false', 'north': 'false', 'south': 'false', 'waterlogged': 'false', 'west': 'false'}",
"(3, 2, 10)",minecraft:mangrove_wood,{'axis': 'y'},
"(4, 2, 10)",minecraft:dark_oak_trapdoor,"{'facing': 'east', 'half': 'bottom', 'open': 'false', 'powered': 'false', 'waterlogged': 'false'}",
"(7, 2, 10)",minecraft:spruce_trapdoor,"{'facing': 'east', 'half': 'bottom', 'open': 'false', 'powered': 'false', 'waterlogged': 'false'}",
"(15, 2, 10)",minecraft:mangrove_wood,{'axis': 'y'},
"(16, 2, 10)",minecraft:spruce_trapdoor,"{'facing': 'south', 'half': 'top', 'open': 'true', 'powered': 'false', 'waterlogged': 'false'}",
"(3, 2, 11)",minecraft:terracotta,{},
"(4, 2, 11)",minecraft:spruce_trapdoor,"{'facing': 'east', 'half': 'top', 'open': 'false', 'powered': 'false', 'waterlogged': 'false'}",
"(15, 2, 11)",minecraft:cobbled_deepslate_stairs,"{'facing': 'east', 'half': 'bottom', 'shape': 'straight', 'waterlogged': 'false'}",
"(16, 2, 11)",minecraft:basalt,{'axis': 'x'},
"(2, 2, 12)",minecraft:oak_fence_gate,"{'facing': 'east', 'in_wall': 'false', 'open': 'true', 'powered': 'false'}",
"(3, 2, 12)",minecraft:white_stained_glass_pane,"{'east': 'false', 'north': 'true', 'south': 'true', 'waterlogged': 'false', 'west': 'false'}",
"(12, 2, 12)",minecraft:dark_oak_trapdoor,"{'facing': 'north', 'half': 'bottom', 'open': 'false', 'powered': 'false', 'waterlogged': 'false'}",
"(17, 2, 12)",minecraft:cobbled_deepslate_stairs,"{'facing': 'west', 'half': 'bottom', 'shape': 'straight', 'waterlogged': 'false'}",
"(3, 2, 13)",minecraft:terracotta,{},
"(4, 2, 13)",minecraft:spruce_trapdoor,"{'facing': 'east', 'half': 'top', 'open': 'false', 'powered': 'false', 'waterlogged': 'false'}",
"(5, 2, 13)",minecraft:dark_oak_trapdoor,"{'facing': 'north', 'half': 'bottom', 'open': 'false', 'powered': 'false', 'waterlogged': 'false'}",
"(6, 2, 13)",minecraft:spruce_trapdoor,"{'facing': 'north', 'half': 'top', 'open': 'false', 'powered': 'false', 'waterlogged': 'false'}",
"(7, 2, 13)",minecraft:spruce_trapdoor,"{'facing': 'north', 'half': 'top', 'open': 'false', 'powered': 'false', 'waterlogged': 'false'}",
"(9, 2, 13)",minecraft:spruce_trapdoor,"{'facing': 'north', 'half': 'bottom', 'open': 'false', 'powered': 'false', 'waterlogged': 'false'}",
"(10, 2, 13)",minecraft:spruce_trapdoor,"{'facing': 'north', 'half': 'top', 'open': 'false', 'powered': 'false', 'waterlogged': 'false'}",
"(11, 2, 13)",minecraft:spruce_trapdoor,"{'facing': 'north', 'half': 'top', 'open': 'false', 'powered': 'false', 'waterlogged': 'false'}",
"(12, 2, 13)",minecraft:spruce_trapdoor,"{'facing': 'north', 'half': 'top', 'open': 'false', 'powered': 'false', 'waterlogged': 'false'}",
"(13, 2, 13)",minecraft:spruce_trapdoor,"{'facing': 'north', 'half': 'top', 'open': 'false', 'powered': 'false', 'waterlogged': 'false'}",
"(14, 2, 13)",minecraft:spruce_trapdoor,"{'facing': 'north', 'half': 'top', 'open': 'false', 'powered': 'false', 'waterlogged': 'false'}",
"(15, 2, 13)",minecraft:cobbled_deepslate_stairs,"{'facing': 'east', 'half': 'bottom', 'shape': 'straight', 'waterlogged': 'false'}",
"(16, 2, 13)",minecraft:cobbled_deepslate,{},
"(17, 2, 13)",minecraft:cobbled_deepslate_wall,"{'east': 'none', 'north': 'none', 'south': 'low', 'up': 'true', 'waterlogged': 'false', 'west': 'low'}",
"(3, 2, 14)",minecraft:mangrove_wood,{'axis': 'y'},
"(4, 2, 14)",minecraft:terracotta,{},
"(5, 2, 14)",minecraft:terracotta,{},
"(6, 2, 14)",minecraft:terracotta,{},
"(7, 2, 14)",minecraft:mangrove_wood,{'axis': 'y'},
"(8, 2, 14)",minecraft:terracotta,{},
"(9, 2, 14)",minecraft:terracotta,{},
"(10, 2, 14)",minecraft:terracotta,{},
"(11, 2, 14)",minecraft:mangrove_wood,{'axis': 'y'},
"(12, 2, 14)",minecraft:terracotta,{},
"(13, 2, 14)",minecraft:terracotta,{},
"(14, 2, 14)",minecraft:terracotta,{},
"(15, 2, 14)",minecraft:mangrove_wood,{'axis': 'y'},
"(16, 2, 14)",minecraft:spruce_trapdoor,"{'facing': 'south', 'half': 'bottom', 'open': 'true', 'powered': 'false', 'waterlogged': 'false'}",
"(17, 2, 14)",minecraft:spruce_trapdoor,"{'facing': 'south', 'half': 'bottom', 'open': 'true', 'powered': 'false', 'waterlogged': 'false'}",
"(18, 2, 14)",minecraft:stripped_spruce_wood,{'axis': 'y'},
"(5, 2, 15)",minecraft:dark_oak_slab,"{'type': 'top', 'waterlogged': 'false'}",
"(13, 2, 15)",minecraft:dark_oak_slab,"{'type': 'top', 'waterlogged': 'false'}",
"(5, 2, 16)",minecraft:dark_oak_trapdoor,"{'facing': 'west', 'half': 'top', 'open': 'false', 'powered': 'false', 'waterlogged': 'false'}",
"(13, 2, 16)",minecraft:dark_oak_trapdoor,"{'facing': 'east', 'half': 'top', 'open': 'false', 'powered': 'false', 'waterlogged': 'false'}",
"(5, 2, 17)",minecraft:dark_oak_slab,"{'type': 'top', 'waterlogged': 'false'}",
"(13, 2, 17)",minecraft:dark_oak_slab,"{'type': 'top', 'waterlogged': 'false'}",
"(5, 2, 18)",minecraft:stripped_dark_oak_wood,{'axis': 'y'},
"(8, 2, 18)",minecraft:lantern,"{'hanging': 'true', 'waterlogged': 'false'}",
"(9, 2, 18)",minecraft:stripped_dark_oak_wood,{'axis': 'y'},
"(10, 2, 18)",minecraft:lantern,"{'hanging': 'true', 'waterlogged': 'false'}",
"(13, 2, 18)",minecraft:stripped_dark_oak_wood,{'axis': 'y'},
"(5, 2, 19)",minecraft:dark_oak_slab,"{'type': 'top', 'waterlogged': 'false'}",
"(13, 2, 19)",minecraft:dark_oak_slab,"{'type': 'top', 'waterlogged': 'false'}",
"(5, 2, 20)",minecraft:dark_oak_trapdoor,"{'facing': 'west', 'half': 'top', 'open': 'false', 'powered': 'false', 'waterlogged': 'false'}",
"(13, 2, 20)",minecraft:dark_oak_trapdoor,"{'facing': 'east', 'half': 'top', 'open': 'false', 'powered': 'false', 'waterlogged': 'false'}",
"(5, 2, 21)",minecraft:dark_oak_slab,"{'type': 'top', 'waterlogged': 'false'}",
"(13, 2, 21)",minecraft:dark_oak_slab,"{'type': 'top', 'waterlogged': 'false'}",
"(5, 2, 22)",minecraft:stripped_dark_oak_wood,{'axis': 'y'},
"(6, 2, 22)",minecraft:brown_wool,{},
"(7, 2, 22)",minecraft:terracotta,{},
"(8, 2, 22)",minecraft:granite,{},
"(9, 2, 22)",minecraft:mangrove_wood,{'axis': 'y'},
"(10, 2, 22)",minecraft:terracotta,{},
"(11, 2, 22)",minecraft:terracotta,{},
"(12, 2, 22)",minecraft:brown_wool,{},
"(13, 2, 22)",minecraft:stripped_dark_oak_wood,{'axis': 'y'},
"(5, 2, 23)",minecraft:dark_oak_fence,"{'east': 'false', 'north': 'true', 'south': 'false', 'waterlogged': 'false', 'west': 'false'}",
"(9, 2, 23)",minecraft:oak_leaves,"{'distance': '1', 'persistent': 'true', 'waterlogged': 'false'}",
"(13, 2, 23)",minecraft:dark_oak_fence,"{'east': 'false', 'north': 'true', 'south': 'false', 'waterlogged': 'false', 'west': 'false'}",
"(10, 3, 0)",minecraft:cobbled_deepslate_wall,"{'east': 'none', 'north': 'none', 'south': 'low', 'up': 'true', 'waterlogged': 'false', 'west': 'none'}",
"(7, 3, 1)",minecraft:spruce_fence,"{'east': 'false', 'north': 'false', 'south': 'true', 'waterlogged': 'false', 'west': 'false'}",
"(10, 3, 1)",minecraft:cobbled_deepslate_wall,"{'east': 'none', 'north': 'low', 'south': 'low', 'up': 'false', 'waterlogged': 'false', 'west': 'none'}",
"(11, 3, 1)",minecraft:spruce_fence,"{'east': 'false', 'north': 'false', 'south': 'true', 'waterlogged': 'false', 'west': 'false'}",
"(15, 3, 1)",minecraft:spruce_fence,"{'east': 'false', 'north': 'false', 'south': 'true', 'waterlogged': 'false', 'west': 'false'}",
"(6, 3, 2)",minecraft:spruce_fence,"{'east': 'true', 'north': 'false', 'south': 'false', 'waterlogged': 'false', 'west': 'false'}",
"(7, 3, 2)",minecraft:stripped_dark_oak_wood,{'axis': 'y'},
"(8, 3, 2)",minecraft:terracotta,{},
"(9, 3, 2)",minecraft:brown_wool,{},
"(10, 3, 2)",minecraft:brown_wool,{},
"(11, 3, 2)",minecraft:stripped_dark_oak_wood,{'axis': 'y'},
"(12, 3, 2)",minecraft:terracotta,{},
"(13, 3, 2)",minecraft:brown_wool,{},
"(14, 3, 2)",minecraft:brown_wool,{},
"(15, 3, 2)",minecraft:stripped_dark_oak_wood,{'axis': 'y'},
"(16, 3, 2)",minecraft:spruce_fence,"{'east': 'false', 'north': 'false', 'south': 'false', 'waterlogged': 'false', 'west': 'true'}",
"(17, 3, 2)",minecraft:jungle_wall_sign,"{'facing': 'north', 'waterlogged': 'false'}","{back_text: {has_glowing_text: 0b, color: ""black"", messages: ["""", """", """", """"]}, components: {}, is_waxed: 0b, id: ""minecraft:sign"", front_text: {has_glowing_text: 0b, color: ""black"", messages: ["""", """", """", """"]}}"
"(7, 3, 3)",minecraft:brown_wool,{},
"(8, 3, 3)",minecraft:candle,"{'candles': '4', 'lit': 'true', 'waterlogged': 'false'}",
"(9, 3, 3)",minecraft:potted_fern,{},
"(10, 3, 3)",minecraft:cobbled_deepslate_wall,"{'east': 'none', 'north': 'low', 'south': 'none', 'up': 'true', 'waterlogged': 'false', 'west': 'none'}",
"(11, 3, 3)",minecraft:dark_oak_fence,"{'east': 'false', 'north': 'true', 'south': 'true', 'waterlogged': 'false', 'west': 'false'}",
"(12, 3, 3)",minecraft:brown_wall_banner,{'facing': 'south'},"{components: {}, id: ""minecraft:banner""}"
"(13, 3, 3)",minecraft:potted_azure_bluet,{},
"(14, 3, 3)",minecraft:loom,{'facing': 'north'},
"(15, 3, 3)",minecraft:brown_wool,{},
"(16, 3, 3)",minecraft:jungle_slab,"{'type': 'top', 'waterlogged': 'false'}",
"(17, 3, 3)",minecraft:mud_brick_slab,"{'type': 'top', 'waterlogged': 'false'}",
"(18, 3, 3)",minecraft:mud_brick_slab,"{'type': 'bottom', 'waterlogged': 'false'}",
"(7, 3, 4)",minecraft:brown_wool,{},
"(11, 3, 4)",minecraft:dark_oak_fence_gate,"{'facing': 'west', 'in_wall': 'false', 'open': 'false', 'powered': 'false'}",
"(14, 3, 4)",minecraft:oak_wall_sign,"{'facing': 'south', 'waterlogged': 'false'}","{back_text: {has_glowing_text: 0b, color: ""black"", messages: ["""", """", """", """"]}, components: {}, is_waxed: 0b, id: ""minecraft:sign"", front_text: {has_glowing_text: 0b, color: ""black"", messages: ["""", """", """", """"]}}"
"(15, 3, 4)",minecraft:brown_wool,{},
"(16, 3, 4)",minecraft:jungle_slab,"{'type': 'top', 'waterlogged': 'false'}",
"(17, 3, 4)",minecraft:mud_brick_slab,"{'type': 'top', 'waterlogged': 'false'}",
"(18, 3, 4)",minecraft:mud_brick_slab,"{'type': 'bottom', 'waterlogged': 'false'}",
"(3, 3, 5)",minecraft:spruce_fence,"{'east': 'false', 'north': 'false', 'south': 'true', 'waterlogged': 'false', 'west': 'false'}",
"(5, 3, 5)",minecraft:oxidized_copper_trapdoor,"{'facing': 'north', 'half': 'bottom', 'open': 'false', 'powered': 'false', 'waterlogged': 'false'}",
"(7, 3, 5)",minecraft:brown_wool,{},
"(8, 3, 5)",minecraft:ladder,"{'facing': 'east', 'waterlogged': 'false'}",
"(11, 3, 5)",minecraft:dark_oak_fence,"{'east': 'false', 'north': 'true', 'south': 'true', 'waterlogged': 'false', 'west': 'false'}",
"(15, 3, 5)",minecraft:brown_wool,{},
"(16, 3, 5)",minecraft:jungle_slab,"{'type': 'top', 'waterlogged': 'false'}",
"(17, 3, 5)",minecraft:jungle_slab,"{'type': 'top', 'waterlogged': 'false'}",
"(18, 3, 5)",minecraft:mud_brick_slab,"{'type': 'top', 'waterlogged': 'false'}",
"(19, 3, 5)",minecraft:jungle_wall_sign,"{'facing': 'east', 'waterlogged': 'false'}","{back_text: {has_glowing_text: 0b, color: ""black"", messages: ["""", """", """", """"]}, components: {}, is_waxed: 0b, id: ""minecraft:sign"", front_text: {has_glowing_text: 0b, color: ""black"", messages: ["""", """", """", """"]}}"
"(0, 3, 6)",minecraft:spruce_hanging_sign,"{'attached': 'true', 'rotation': '0', 'waterlogged': 'false'}","{back_text: {has_glowing_text: 0b, color: ""black"", messages: [""  ____  "", "" |     |)"", "" |~~~|)"", "" |___|)""]}, components: {}, is_waxed: 0b, id: ""minecraft:hanging_sign"", front_text: {has_glowing_text: 0b, color: ""black"", messages: [""  ____  "", "" |     |)"", "" |~~~|)"", "" |___|)""]}}"
"(2, 3, 6)",minecraft:spruce_fence,"{'east': 'true', 'north': 'false', 'south': 'false', 'waterlogged': 'false', 'west': 'false'}",
"(3, 3, 6)",minecraft:stripped_dark_oak_wood,{'axis': 'y'},
"(4, 3, 6)",minecraft:brown_wool,{},
"(5, 3, 6)",minecraft:brown_wool,{},
"(6, 3, 6)",minecraft:brown_wool,{},
"(7, 3, 6)",minecraft:stripped_dark_oak_wood,{'axis': 'y'},
"(8, 3, 6)",minecraft:spruce_slab,"{'type': 'top', 'waterlogged': 'false'}",
"(9, 3, 6)",minecraft:spruce_slab,"{'type': 'top', 'waterlogged': 'false'}",
"(10, 3, 6)",minecraft:spruce_slab,"{'type': 'top', 'waterlogged': 'false'}",
"(11, 3, 6)",minecraft:stripped_dark_oak_wood,{'axis': 'y'},
"(12, 3, 6)",minecraft:spruce_slab,"{'type': 'top', 'waterlogged': 'false'}",
"(13, 3, 6)",minecraft:spruce_slab,"{'type': 'top', 'waterlogged': 'false'}",
"(14, 3, 6)",minecraft:spruce_slab,"{'type': 'top', 'waterlogged': 'false'}",
"(15, 3, 6)",minecraft:stripped_dark_oak_wood,{'axis': 'y'},
"(16, 3, 6)",minecraft:spruce_fence,"{'east': 'false', 'north': 'false', 'south': 'false', 'waterlogged': 'false', 'west': 'true'}",
"(17, 3, 6)",minecraft:mud_brick_slab,"{'type': 'top', 'waterlogged': 'false'}",
"(18, 3, 6)",minecraft:mud_brick_slab,"{'type': 'top', 'waterlogged': 'false'}",
"(19, 3, 6)",minecraft:jungle_wall_sign,"{'facing': 'east', 'waterlogged': 'false'}","{back_text: {has_glowing_text: 0b, color: ""black"", messages: ["""", """", """", """"]}, components: {}, is_waxed: 0b, id: ""minecraft:sign"", front_text: {has_glowing_text: 0b, color: ""black"", messages: ["""", """", """", """"]}}"
"(2, 3, 7)",minecraft:spruce_slab,"{'type': 'bottom', 'waterlogged': 'false'}",
"(3, 3, 7)",minecraft:brown_wool,{},
"(4, 3, 7)",minecraft:spruce_trapdoor,"{'facing': 'west', 'half': 'top', 'open': 'true', 'powered': 'false', 'waterlogged': 'false'}",
"(5, 3, 7)",minecraft:spruce_stairs,"{'facing': 'west', 'half': 'bottom', 'shape': 'straight', 'waterlogged': 'false'}",
"(11, 3, 7)",minecraft:dark_oak_fence,"{'east': 'false', 'north': 'true', 'south': 'false', 'waterlogged': 'false', 'west': 'false'}",
"(14, 3, 7)",minecraft:potted_blue_orchid,{},
"(15, 3, 7)",minecraft:brown_wool,{},
"(16, 3, 7)",minecraft:jungle_slab,"{'type': 'top', 'waterlogged': 'false'}",
"(17, 3, 7)",minecraft:jungle_slab,"{'type': 'top', 'waterlogged': 'false'}",
"(18, 3, 7)",minecraft:mud_brick_slab,"{'type': 'top', 'waterlogged': 'false'}",
"(19, 3, 7)",minecraft:jungle_wall_sign,"{'facing': 'east', 'waterlogged': 'false'}","{back_text: {has_glowing_text: 0b, color: ""black"", messages: ["""", """", """", """"]}, components: {}, is_waxed: 0b, id: ""minecraft:sign"", front_text: {has_glowing_text: 0b, color: ""black"", messages: ["""", """", """", """"]}}"
"(2, 3, 8)",minecraft:petrified_oak_slab,"{'type': 'top', 'waterlogged': 'false'}",
"(3, 3, 8)",minecraft:brown_wool,{},
"(5, 3, 8)",minecraft:oak_trapdoor,"{'facing': 'south', 'half': 'bottom', 'open': 'true', 'powered': 'false', 'waterlogged': 'false'}",
"(6, 3, 8)",minecraft:oak_trapdoor,"{'facing': 'south', 'half': 'top', 'open': 'true', 'powered': 'false', 'waterlogged': 'false'}",
"(15, 3, 8)",minecraft:brown_wool,{},
"(16, 3, 8)",minecraft:jungle_slab,"{'type': 'top', 'waterlogged': 'false'}",
"(17, 3, 8)",minecraft:mud_brick_slab,"{'type': 'top', 'waterlogged': 'false'}",
"(18, 3, 8)",minecraft:mud_brick_slab,"{'type': 'bottom', 'waterlogged': 'false'}",
"(2, 3, 9)",minecraft:petrified_oak_slab,"{'type': 'bottom', 'waterlogged': 'false'}",
"(3, 3, 9)",minecraft:brown_wool,{},
"(15, 3, 9)",minecraft:brown_wool,{},
"(16, 3, 9)",minecraft:mud_brick_slab,"{'type': 'top', 'waterlogged': 'false'}",
"(17, 3, 9)",minecraft:jungle_slab,"{'type': 'top', 'waterlogged': 'false'}",
"(18, 3, 9)",minecraft:mud_brick_slab,"{'type': 'bottom', 'waterlogged': 'false'}",
"(2, 3, 10)",minecraft:spruce_fence,"{'east': 'true', 'north': 'false', 'south': 'false', 'waterlogged': 'false', 'west': 'false'}",
"(3, 3, 10)",minecraft:stripped_dark_oak_wood,{'axis': 'y'},
"(4, 3, 10)",minecraft:dark_oak_fence,"{'east': 'false', 'north': 'false', 'south': 'false', 'waterlogged': 'false', 'west': 'true'}",
"(7, 3, 10)",minecraft:lantern,"{'hanging': 'true', 'waterlogged': 'false'}",
"(14, 3, 10)",minecraft:dark_oak_fence,"{'east': 'true', 'north': 'false', 'south': 'false', 'waterlogged': 'false', 'west': 'false'}",
"(15, 3, 10)",minecraft:stripped_dark_oak_wood,{'axis': 'y'},
"(16, 3, 10)",minecraft:dark_oak_fence,"{'east': 'false', 'north': 'false', 'south': 'false', 'waterlogged': 'false', 'west': 'true'}",
"(17, 3, 10)",minecraft:jungle_wall_sign,"{'facing': 'south', 'waterlogged': 'false'}","{back_text: {has_glowing_text: 0b, color: ""black"", messages: ["""", """", """", """"]}, components: {}, is_waxed: 0b, id: ""minecraft:sign"", front_text: {has_glowing_text: 0b, color: ""black"", messages: ["""", """", """", """"]}}"
"(3, 3, 11)",minecraft:brown_wool,{},
"(4, 3, 11)",minecraft:candle,"{'candles': '3', 'lit': 'true', 'waterlogged': 'false'}",
"(15, 3, 11)",minecraft:cobbled_deepslate_stairs,"{'facing': 'east', 'half': 'top', 'shape': 'straight', 'waterlogged': 'false'}",
"(16, 3, 11)",minecraft:cobbled_deepslate_wall,"{'east': 'none', 'north': 'none', 'south': 'tall', 'up': 'true', 'waterlogged': 'false', 'west': 'tall'}",
"(2, 3, 12)",minecraft:oxidized_copper_trapdoor,"{'facing': 'west', 'half': 'bottom', 'open': 'false', 'powered': 'false', 'waterlogged': 'false'}",
"(3, 3, 12)",minecraft:brown_wool,{},
"(15, 3, 12)",minecraft:cobbled_deepslate_stairs,"{'facing': 'east', 'half': 'top', 'shape': 'straight', 'waterlogged': 'false'}",
"(16, 3, 12)",minecraft:tuff,{},
"(17, 3, 12)",minecraft:cobbled_deepslate_wall,"{'east': 'none', 'north': 'none', 'south': 'none', 'up': 'true', 'waterlogged': 'false', 'west': 'tall'}",
"(3, 3, 13)",minecraft:terracotta,{},
"(4, 3, 13)",minecraft:skeleton_skull,"{'powered': 'false', 'rotation': '2'}","{components: {}, id: ""minecraft:skull""}"
"(6, 3, 13)",minecraft:potted_bamboo,{},
"(7, 3, 13)",minecraft:dark_oak_fence,"{'east': 'false', 'north': 'false', 'south': 'true', 'waterlogged': 'false', 'west': 'false'}",
"(10, 3, 13)",minecraft:amethyst_cluster,"{'facing': 'up', 'waterlogged': 'false'}",
"(11, 3, 13)",minecraft:dark_oak_fence,"{'east': 'false', 'north': 'false', 'south': 'true', 'waterlogged': 'false', 'west': 'false'}",
"(12, 3, 13)",minecraft:potted_red_mushroom,{},
"(13, 3, 13)",minecraft:barrel,"{'facing': 'north', 'open': 'false'}","{components: {}, Items: [], id: ""minecraft:barrel""}"
"(14, 3, 13)",minecraft:potted_cherry_sapling,{},
"(15, 3, 13)",minecraft:cobbled_deepslate_stairs,"{'facing': 'east', 'half': 'top', 'shape': 'straight', 'waterlogged': 'false'}",
"(16, 3, 13)",minecraft:basalt,{'axis': 'x'},
"(2, 3, 14)",minecraft:dark_oak_fence,"{'east': 'true', 'north': 'false', 'south': 'false', 'waterlogged': 'false', 'west': 'false'}",
"(3, 3, 14)",minecraft:stripped_dark_oak_wood,{'axis': 'y'},
"(4, 3, 14)",minecraft:brown_wool,{},
"(5, 3, 14)",minecraft:brown_wool,{},
"(6, 3, 14)",minecraft:brown_wool,{},
"(7, 3, 14)",minecraft:stripped_dark_oak_wood,{'axis': 'y'},
"(8, 3, 14)",minecraft:brown_wool,{},
"(9, 3, 14)",minecraft:brown_wool,{},
"(10, 3, 14)",minecraft:brown_wool,{},
"(11, 3, 14)",minecraft:stripped_dark_oak_wood,{'axis': 'y'},
"(12, 3, 14)",minecraft:brown_wool,{},
"(13, 3, 14)",minecraft:brown_wool,{},
"(14, 3, 14)",minecraft:brown_wool,{},
"(15, 3, 14)",minecraft:stripped_dark_oak_wood,{'axis': 'y'},
"(16, 3, 14)",minecraft:dark_oak_fence,"{'east': 'false', 'north': 'true', 'south': 'false', 'waterlogged': 'false', 'west': 'true'}",
"(3, 3, 15)",minecraft:dark_oak_fence,"{'east': 'false', 'north': 'true', 'south': 'false', 'waterlogged': 'false', 'west': 'false'}",
"(4, 3, 15)",minecraft:dark_oak_fence_gate,"{'facing': 'east', 'in_wall': 'false', 'open': 'true', 'powered': 'false'}",
"(5, 3, 15)",minecraft:stripped_dark_oak_wood,{'axis': 'z'},
"(6, 3, 15)",minecraft:spruce_slab,"{'type': 'top', 'waterlogged': 'false'}",
"(7, 3, 15)",minecraft:spruce_slab,"{'type': 'top', 'waterlogged': 'false'}",
"(8, 3, 15)",minecraft:spruce_stairs,"{'facing': 'east', 'half': 'top', 'shape': 'straight', 'waterlogged': 'false'}",
"(9, 3, 15)",minecraft:stripped_dark_oak_wood,{'axis': 'z'},
"(10, 3, 15)",minecraft:spruce_stairs,"{'facing': 'north', 'half': 'top', 'shape': 'straight', 'waterlogged': 'false'}",
"(11, 3, 15)",minecraft:spruce_slab,"{'type': 'top', 'waterlogged': 'false'}",
"(12, 3, 15)",minecraft:spruce_stairs,"{'facing': 'east', 'half': 'top', 'shape': 'straight', 'waterlogged': 'false'}",
"(13, 3, 15)",minecraft:stripped_dark_oak_wood,{'axis': 'z'},
"(14, 3, 15)",minecraft:dark_oak_fence_gate,"{'facing': 'west', 'in_wall': 'false', 'open': 'true', 'powered': 'false'}",
"(15, 3, 15)",minecraft:dark_oak_fence,"{'east': 'false', 'north': 'true', 'south': 'false', 'waterlogged': 'false', 'west': 'false'}",
"(4, 3, 16)",minecraft:dark_oak_fence_gate,"{'facing': 'east', 'in_wall': 'false', 'open': 'true', 'powered': 'false'}",
"(5, 3, 16)",minecraft:stripped_dark_oak_wood,{'axis': 'z'},
"(6, 3, 16)",minecraft:spruce_slab,"{'type': 'top', 'waterlogged': 'false'}",
"(7, 3, 16)",minecraft:spruce_trapdoor,"{'facing': 'east', 'half': 'top', 'open': 'false', 'powered': 'false', 'waterlogged': 'false'}",
"(8, 3, 16)",minecraft:spruce_slab,"{'type': 'top', 'waterlogged': 'false'}",
"(9, 3, 16)",minecraft:mangrove_wood,{'axis': 'z'},
"(10, 3, 16)",minecraft:spruce_slab,"{'type': 'top', 'waterlogged': 'false'}",
"(11, 3, 16)",minecraft:spruce_trapdoor,"{'facing': 'south', 'half': 'top', 'open': 'false', 'powered': 'false', 'waterlogged': 'false'}",
"(12, 3, 16)",minecraft:spruce_slab,"{'type': 'top', 'waterlogged': 'false'}",
"(13, 3, 16)",minecraft:stripped_dark_oak_wood,{'axis': 'z'},
"(14, 3, 16)",minecraft:dark_oak_fence_gate,"{'facing': 'west', 'in_wall': 'false', 'open': 'true', 'powered': 'false'}",
"(4, 3, 17)",minecraft:spruce_fence_gate,"{'facing': 'east', 'in_wall': 'false', 'open': 'true', 'powered': 'false'}",
"(5, 3, 17)",minecraft:stripped_dark_oak_wood,{'axis': 'z'},
"(6, 3, 17)",minecraft:spruce_stairs,"{'facing': 'west', 'half': 'top', 'shape': 'straight', 'waterlogged': 'false'}",
"(7, 3, 17)",minecraft:spruce_slab,"{'type': 'top', 'waterlogged': 'false'}",
"(8, 3, 17)",minecraft:spruce_stairs,"{'facing': 'south', 'half': 'top', 'shape': 'straight', 'waterlogged': 'false'}",
"(9, 3, 17)",minecraft:stripped_dark_oak_wood,{'axis': 'z'},
"(10, 3, 17)",minecraft:spruce_slab,"{'type': 'top', 'waterlogged': 'false'}",
"(11, 3, 17)",minecraft:spruce_stairs,"{'facing': 'south', 'half': 'top', 'shape': 'straight', 'waterlogged': 'false'}",
"(12, 3, 17)",minecraft:spruce_slab,"{'type': 'top', 'waterlogged': 'false'}",
"(13, 3, 17)",minecraft:stripped_dark_oak_wood,{'axis': 'z'},
"(14, 3, 17)",minecraft:spruce_fence_gate,"{'facing': 'west', 'in_wall': 'false', 'open': 'true', 'powered': 'false'}",
"(4, 3, 18)",minecraft:dark_oak_stairs,"{'facing': 'east', 'half': 'top', 'shape': 'straight', 'waterlogged': 'false'}",
"(5, 3, 18)",minecraft:stripped_dark_oak_wood,{'axis': 'y'},
"(6, 3, 18)",minecraft:stripped_dark_oak_wood,{'axis': 'x'},
"(7, 3, 18)",minecraft:stripped_dark_oak_wood,{'axis': 'x'},
"(8, 3, 18)",minecraft:mangrove_wood,{'axis': 'x'},
"(9, 3, 18)",minecraft:stripped_dark_oak_wood,{'axis': 'z'},
"(10, 3, 18)",minecraft:stripped_dark_oak_wood,{'axis': 'x'},
"(11, 3, 18)",minecraft:mangrove_wood,{'axis': 'x'},
"(12, 3, 18)",minecraft:stripped_dark_oak_wood,{'axis': 'x'},
"(13, 3, 18)",minecraft:stripped_dark_oak_wood,{'axis': 'y'},
"(14, 3, 18)",minecraft:dark_oak_stairs,"{'facing': 'west', 'half': 'top', 'shape': 'straight', 'waterlogged': 'false'}",
"(4, 3, 19)",minecraft:dark_oak_fence_gate,"{'facing': 'east', 'in_wall': 'false', 'open': 'true', 'powered': 'false'}",
"(5, 3, 19)",minecraft:stripped_dark_oak_wood,{'axis': 'z'},
"(6, 3, 19)",minecraft:spruce_slab,"{'type': 'top', 'waterlogged': 'false'}",
"(7, 3, 19)",minecraft:spruce_slab,"{'type': 'top', 'waterlogged': 'false'}",
"(8, 3, 19)",minecraft:spruce_stairs,"{'facing': 'east', 'half': 'top', 'shape': 'straight', 'waterlogged': 'false'}",
"(9, 3, 19)",minecraft:stripped_dark_oak_wood,{'axis': 'z'},
"(10, 3, 19)",minecraft:spruce_slab,"{'type': 'top', 'waterlogged': 'false'}",
"(11, 3, 19)",minecraft:spruce_slab,"{'type': 'top', 'waterlogged': 'false'}",
"(12, 3, 19)",minecraft:spruce_stairs,"{'facing': 'north', 'half': 'top', 'shape': 'inner_right', 'waterlogged': 'false'}",
"(13, 3, 19)",minecraft:stripped_dark_oak_wood,{'axis': 'z'},
"(14, 3, 19)",minecraft:dark_oak_fence_gate,"{'facing': 'west', 'in_wall': 'false', 'open': 'true', 'powered': 'false'}",
"(4, 3, 20)",minecraft:spruce_fence_gate,"{'facing': 'east', 'in_wall': 'false', 'open': 'true', 'powered': 'false'}",
"(5, 3, 20)",minecraft:stripped_dark_oak_wood,{'axis': 'z'},
"(6, 3, 20)",minecraft:spruce_stairs,"{'facing': 'west', 'half': 'top', 'shape': 'straight', 'waterlogged': 'false'}",
"(7, 3, 20)",minecraft:spruce_trapdoor,"{'facing': 'south', 'half': 'top', 'open': 'false', 'powered': 'false', 'waterlogged': 'false'}",
"(8, 3, 20)",minecraft:spruce_slab,"{'type': 'top', 'waterlogged': 'false'}",
"(9, 3, 20)",minecraft:mangrove_wood,{'axis': 'z'},
"(10, 3, 20)",minecraft:spruce_slab,"{'type': 'top', 'waterlogged': 'false'}",
"(11, 3, 20)",minecraft:spruce_trapdoor,"{'facing': 'west', 'half': 'top', 'open': 'false', 'powered': 'false', 'waterlogged': 'false'}",
"(12, 3, 20)",minecraft:spruce_stairs,"{'facing': 'east', 'half': 'top', 'shape': 'straight', 'waterlogged': 'false'}",
"(13, 3, 20)",minecraft:stripped_dark_oak_wood,{'axis': 'z'},
"(14, 3, 20)",minecraft:spruce_fence_gate,"{'facing': 'west', 'in_wall': 'false', 'open': 'true', 'powered': 'false'}",
"(4, 3, 21)",minecraft:dark_oak_fence_gate,"{'facing': 'east', 'in_wall': 'false', 'open': 'true', 'powered': 'false'}",
"(5, 3, 21)",minecraft:stripped_dark_oak_wood,{'axis': 'z'},
"(6, 3, 21)",minecraft:spruce_slab,"{'type': 'top', 'waterlogged': 'false'}",
"(7, 3, 21)",minecraft:spruce_stairs,"{'facing': 'south', 'half': 'top', 'shape': 'straight', 'waterlogged': 'false'}",
"(8, 3, 21)",minecraft:spruce_slab,"{'type': 'top', 'waterlogged': 'false'}",
"(9, 3, 21)",minecraft:stripped_dark_oak_wood,{'axis': 'z'},
"(10, 3, 21)",minecraft:spruce_stairs,"{'facing': 'south', 'half': 'top', 'shape': 'straight', 'waterlogged': 'false'}",
"(11, 3, 21)",minecraft:spruce_slab,"{'type': 'top', 'waterlogged': 'false'}",
"(12, 3, 21)",minecraft:spruce_slab,"{'type': 'top', 'waterlogged': 'false'}",
"(13, 3, 21)",minecraft:stripped_dark_oak_wood,{'axis': 'z'},
"(14, 3, 21)",minecraft:dark_oak_fence_gate,"{'facing': 'west', 'in_wall': 'false', 'open': 'true', 'powered': 'false'}",
"(4, 3, 22)",minecraft:dark_oak_stairs,"{'facing': 'east', 'half': 'top', 'shape': 'straight', 'waterlogged': 'false'}",
"(5, 3, 22)",minecraft:stripped_dark_oak_wood,{'axis': 'y'},
"(6, 3, 22)",minecraft:brown_wool,{},
"(7, 3, 22)",minecraft:brown_wool,{},
"(8, 3, 22)",minecraft:terracotta,{},
"(9, 3, 22)",minecraft:mangrove_wood,{'axis': 'y'},
"(10, 3, 22)",minecraft:terracotta,{},
"(11, 3, 22)",minecraft:brown_wool,{},
"(12, 3, 22)",minecraft:brown_wool,{},
"(13, 3, 22)",minecraft:stripped_dark_oak_wood,{'axis': 'y'},
"(14, 3, 22)",minecraft:dark_oak_stairs,"{'facing': 'west', 'half': 'top', 'shape': 'straight', 'waterlogged': 'false'}",
"(5, 3, 23)",minecraft:dark_oak_stairs,"{'facing': 'north', 'half': 'top', 'shape': 'straight', 'waterlogged': 'false'}",
"(9, 3, 23)",minecraft:flowering_azalea_leaves,"{'distance': '1', 'persistent': 'true', 'waterlogged': 'false'}",
"(13, 3, 23)",minecraft:dark_oak_stairs,"{'facing': 'north', 'half': 'top', 'shape': 'straight', 'waterlogged': 'false'}",
"(10, 4, 0)",minecraft:cobbled_deepslate_wall,"{'east': 'none', 'north': 'none', 'south': 'none', 'up': 'true', 'waterlogged': 'false', 'west': 'none'}",
"(7, 4, 1)",minecraft:oak_log,{'axis': 'z'},
"(8, 4, 1)",minecraft:spruce_stairs,"{'facing': 'south', 'half': 'top', 'shape': 'straight', 'waterlogged': 'false'}",
"(9, 4, 1)",minecraft:dark_oak_slab,"{'type': 'top', 'waterlogged': 'false'}",
"(10, 4, 1)",minecraft:spruce_stairs,"{'facing': 'south', 'half': 'top', 'shape': 'straight', 'waterlogged': 'false'}",
"(11, 4, 1)",minecraft:oak_log,{'axis': 'z'},
"(12, 4, 1)",minecraft:spruce_stairs,"{'facing': 'south', 'half': 'top', 'shape': 'straight', 'waterlogged': 'false'}",
"(13, 4, 1)",minecraft:dark_oak_slab,"{'type': 'top', 'waterlogged': 'false'}",
"(14, 4, 1)",minecraft:dark_oak_stairs,"{'facing': 'south', 'half': 'top', 'shape': 'straight', 'waterlogged': 'false'}",
"(15, 4, 1)",minecraft:oak_log,{'axis': 'z'},
"(6, 4, 2)",minecraft:oak_log,{'axis': 'x'},
"(7, 4, 2)",minecraft:oak_log,{'axis': 'x'},
"(8, 4, 2)",minecraft:stripped_dark_oak_wood,{'axis': 'x'},
"(9, 4, 2)",minecraft:stripped_dark_oak_wood,{'axis': 'x'},
"(10, 4, 2)",minecraft:stripped_dark_oak_wood,{'axis': 'x'},
"(11, 4, 2)",minecraft:stripped_dark_oak_wood,{'axis': 'x'},
"(12, 4, 2)",minecraft:stripped_dark_oak_wood,{'axis': 'x'},
"(13, 4, 2)",minecraft:stripped_dark_oak_wood,{'axis': 'x'},
"(14, 4, 2)",minecraft:stripped_dark_oak_wood,{'axis': 'x'},
"(15, 4, 2)",minecraft:oak_log,{'axis': 'z'},
"(16, 4, 2)",minecraft:oak_log,{'axis': 'x'},
"(6, 4, 3)",minecraft:spruce_stairs,"{'facing': 'east', 'half': 'top', 'shape': 'straight', 'waterlogged': 'false'}",
"(7, 4, 3)",minecraft:stripped_dark_oak_wood,{'axis': 'z'},
"(8, 4, 3)",minecraft:oak_slab,"{'type': 'top', 'waterlogged': 'false'}",
"(9, 4, 3)",minecraft:oak_stairs,"{'facing': 'north', 'half': 'top', 'shape': 'straight', 'waterlogged': 'false'}",
"(10, 4, 3)",minecraft:oak_stairs,"{'facing': 'north', 'half': 'top', 'shape': 'inner_right', 'waterlogged': 'false'}",
"(11, 4, 3)",minecraft:stripped_dark_oak_wood,{'axis': 'z'},
"(12, 4, 3)",minecraft:oak_slab,"{'type': 'top', 'waterlogged': 'false'}",
"(13, 4, 3)",minecraft:oak_stairs,"{'facing': 'north', 'half': 'top', 'shape': 'straight', 'waterlogged': 'false'}",
"(14, 4, 3)",minecraft:oak_slab,"{'type': 'top', 'waterlogged': 'false'}",
"(15, 4, 3)",minecraft:stripped_dark_oak_wood,{'axis': 'z'},
"(16, 4, 3)",minecraft:dark_oak_stairs,"{'facing': 'west', 'half': 'top', 'shape': 'straight', 'waterlogged': 'false'}",
"(6, 4, 4)",minecraft:dark_oak_slab,"{'type': 'top', 'waterlogged': 'false'}",
"(7, 4, 4)",minecraft:stripped_dark_oak_wood,{'axis': 'z'},
"(8, 4, 4)",minecraft:oak_slab,"{'type': 'top', 'waterlogged': 'false'}",
"(9, 4, 4)",minecraft:oak_slab,"{'type': 'top', 'waterlogged': 'false'}",
"(10, 4, 4)",minecraft:oak_stairs,"{'facing': 'east', 'half': 'top', 'shape': 'straight', 'waterlogged': 'false'}",
"(11, 4, 4)",minecraft:stripped_dark_oak_wood,{'axis': 'z'},
"(12, 4, 4)",minecraft:oak_slab,"{'type': 'top', 'waterlogged': 'false'}",
"(13, 4, 4)",minecraft:oak_slab,"{'type': 'top', 'waterlogged': 'false'}",
"(14, 4, 4)",minecraft:oak_stairs,"{'facing': 'east', 'half': 'top', 'shape': 'straight', 'waterlogged': 'false'}",
"(15, 4, 4)",minecraft:stripped_dark_oak_wood,{'axis': 'z'},
"(16, 4, 4)",minecraft:dark_oak_slab,"{'type': 'top', 'waterlogged': 'false'}",
"(3, 4, 5)",minecraft:oak_log,{'axis': 'z'},
"(4, 4, 5)",minecraft:spruce_stairs,"{'facing': 'south', 'half': 'top', 'shape': 'straight', 'waterlogged': 'false'}",
"(5, 4, 5)",minecraft:dark_oak_slab,"{'type': 'top', 'waterlogged': 'false'}",
"(6, 4, 5)",minecraft:dark_oak_stairs,"{'facing': 'south', 'half': 'top', 'shape': 'straight', 'waterlogged': 'false'}",
"(7, 4, 5)",minecraft:stripped_dark_oak_wood,{'axis': 'x'},
"(8, 4, 5)",minecraft:ladder,"{'facing': 'east', 'waterlogged': 'false'}",
"(9, 4, 5)",minecraft:oak_stairs,"{'facing': 'south', 'half': 'top', 'shape': 'straight', 'waterlogged': 'false'}",
"(10, 4, 5)",minecraft:oak_slab,"{'type': 'top', 'waterlogged': 'false'}",
"(11, 4, 5)",minecraft:stripped_dark_oak_wood,{'axis': 'z'},
"(12, 4, 5)",minecraft:oak_stairs,"{'facing': 'south', 'half': 'top', 'shape': 'straight', 'waterlogged': 'false'}",
"(13, 4, 5)",minecraft:oak_stairs,"{'facing': 'south', 'half': 'top', 'shape': 'straight', 'waterlogged': 'false'}",
"(14, 4, 5)",minecraft:oak_slab,"{'type': 'top', 'waterlogged': 'false'}",
"(15, 4, 5)",minecraft:stripped_dark_oak_wood,{'axis': 'z'},
"(16, 4, 5)",minecraft:spruce_stairs,"{'facing': 'west', 'half': 'top', 'shape': 'straight', 'waterlogged': 'false'}",
"(0, 4, 6)",minecraft:spruce_fence,"{'east': 'true', 'north': 'false', 'south': 'false', 'waterlogged': 'false', 'west': 'false'}",
"(1, 4, 6)",minecraft:spruce_fence_gate,"{'facing': 'south', 'in_wall': 'false', 'open': 'false', 'powered': 'false'}",
"(2, 4, 6)",minecraft:oak_log,{'axis': 'x'},
"(3, 4, 6)",minecraft:oak_log,{'axis': 'y'},
"(4, 4, 6)",minecraft:stripped_dark_oak_wood,{'axis': 'x'},
"(5, 4, 6)",minecraft:stripped_dark_oak_wood,{'axis': 'x'},
"(6, 4, 6)",minecraft:stripped_dark_oak_wood,{'axis': 'x'},
"(7, 4, 6)",minecraft:stripped_dark_oak_wood,{'axis': 'y'},
"(8, 4, 6)",minecraft:stripped_dark_oak_wood,{'axis': 'x'},
"(9, 4, 6)",minecraft:stripped_dark_oak_wood,{'axis': 'x'},
"(10, 4, 6)",minecraft:stripped_dark_oak_wood,{'axis': 'x'},
"(11, 4, 6)",minecraft:stripped_dark_oak_wood,{'axis': 'x'},
"(12, 4, 6)",minecraft:stripped_dark_oak_wood,{'axis': 'x'},
"(13, 4, 6)",minecraft:stripped_dark_oak_wood,{'axis': 'x'},
"(14, 4, 6)",minecraft:stripped_dark_oak_wood,{'axis': 'x'},
"(15, 4, 6)",minecraft:stripped_dark_oak_wood,{'axis': 'y'},
"(16, 4, 6)",minecraft:oak_log,{'axis': 'x'},
"(2, 4, 7)",minecraft:dark_oak_stairs,"{'facing': 'east', 'half': 'top', 'shape': 'straight', 'waterlogged': 'false'}",
"(3, 4, 7)",minecraft:stripped_dark_oak_wood,{'axis': 'z'},
"(4, 4, 7)",minecraft:spruce_stairs,"{'facing': 'east', 'half': 'top', 'shape': 'straight', 'waterlogged': 'false'}",
"(5, 4, 7)",minecraft:spruce_trapdoor,"{'facing': 'east', 'half': 'bottom', 'open': 'true', 'powered': 'false', 'waterlogged': 'false'}",
"(7, 4, 7)",minecraft:stripped_dark_oak_wood,{'axis': 'z'},
"(8, 4, 7)",minecraft:petrified_oak_slab,"{'type': 'top', 'waterlogged': 'false'}",
"(9, 4, 7)",minecraft:petrified_oak_slab,"{'type': 'top', 'waterlogged': 'false'}",
"(10, 4, 7)",minecraft:oak_stairs,"{'facing': 'north', 'half': 'top', 'shape': 'inner_right', 'waterlogged': 'false'}",
"(11, 4, 7)",minecraft:stripped_dark_oak_wood,{'axis': 'z'},
"(12, 4, 7)",minecraft:petrified_oak_slab,"{'type': 'top', 'waterlogged': 'false'}",
"(13, 4, 7)",minecraft:petrified_oak_slab,"{'type': 'top', 'waterlogged': 'false'}",
"(14, 4, 7)",minecraft:petrified_oak_slab,"{'type': 'top', 'waterlogged': 'false'}",
"(15, 4, 7)",minecraft:stripped_dark_oak_wood,{'axis': 'z'},
"(16, 4, 7)",minecraft:dark_oak_stairs,"{'facing': 'west', 'half': 'top', 'shape': 'straight', 'waterlogged': 'false'}",
"(2, 4, 8)",minecraft:dark_oak_slab,"{'type': 'top', 'waterlogged': 'false'}",
"(3, 4, 8)",minecraft:stripped_dark_oak_wood,{'axis': 'z'},
"(4, 4, 8)",minecraft:petrified_oak_slab,"{'type': 'top', 'waterlogged': 'false'}",
"(5, 4, 8)",minecraft:petrified_oak_slab,"{'type': 'top', 'waterlogged': 'false'}",
"(6, 4, 8)",minecraft:oak_stairs,"{'facing': 'east', 'half': 'top', 'shape': 'straight', 'waterlogged': 'false'}",
"(7, 4, 8)",minecraft:stripped_dark_oak_wood,{'axis': 'z'},
"(8, 4, 8)",minecraft:oak_stairs,"{'facing': 'west', 'half': 'top', 'shape': 'straight', 'waterlogged': 'false'}",
"(9, 4, 8)",minecraft:petrified_oak_slab,"{'type': 'top', 'waterlogged': 'false'}",
"(10, 4, 8)",minecraft:oak_stairs,"{'facing': 'east', 'half': 'top', 'shape': 'straight', 'waterlogged': 'false'}",
"(11, 4, 8)",minecraft:mangrove_wood,{'axis': 'z'},
"(12, 4, 8)",minecraft:oak_stairs,"{'facing': 'west', 'half': 'top', 'shape': 'straight', 'waterlogged': 'false'}",
"(13, 4, 8)",minecraft:petrified_oak_slab,"{'type': 'top', 'waterlogged': 'false'}",
"(14, 4, 8)",minecraft:oak_stairs,"{'facing': 'east', 'half': 'top', 'shape': 'straight', 'waterlogged': 'false'}",
"(15, 4, 8)",minecraft:stripped_dark_oak_wood,{'axis': 'z'},
"(16, 4, 8)",minecraft:dark_oak_slab,"{'type': 'top', 'waterlogged': 'false'}",
"(2, 4, 9)",minecraft:spruce_stairs,"{'facing': 'east', 'half': 'top', 'shape': 'straight', 'waterlogged': 'false'}",
"(3, 4, 9)",minecraft:stripped_dark_oak_wood,{'axis': 'z'},
"(4, 4, 9)",minecraft:oak_stairs,"{'facing': 'west', 'half': 'top', 'shape': 'inner_left', 'waterlogged': 'false'}",
"(5, 4, 9)",minecraft:oak_stairs,"{'facing': 'south', 'half': 'top', 'shape': 'straight', 'waterlogged': 'false'}",
"(6, 4, 9)",minecraft:petrified_oak_slab,"{'type': 'top', 'waterlogged': 'false'}",
"(7, 4, 9)",minecraft:mangrove_wood,{'axis': 'z'},
"(8, 4, 9)",minecraft:petrified_oak_slab,"{'type': 'top', 'waterlogged': 'false'}",
"(9, 4, 9)",minecraft:oak_stairs,"{'facing': 'south', 'half': 'top', 'shape': 'straight', 'waterlogged': 'false'}",
"(10, 4, 9)",minecraft:petrified_oak_slab,"{'type': 'top', 'waterlogged': 'false'}",
"(11, 4, 9)",minecraft:stripped_dark_oak_wood,{'axis': 'z'},
"(12, 4, 9)",minecraft:oak_stairs,"{'facing': 'south', 'half': 'top', 'shape': 'inner_right', 'waterlogged': 'false'}",
"(13, 4, 9)",minecraft:petrified_oak_slab,"{'type': 'top', 'waterlogged': 'false'}",
"(14, 4, 9)",minecraft:petrified_oak_slab,"{'type': 'top', 'waterlogged': 'false'}",
"(15, 4, 9)",minecraft:stripped_dark_oak_wood,{'axis': 'z'},
"(16, 4, 9)",minecraft:dark_oak_stairs,"{'facing': 'west', 'half': 'top', 'shape': 'straight', 'waterlogged': 'false'}",
"(2, 4, 10)",minecraft:oak_log,{'axis': 'x'},
"(3, 4, 10)",minecraft:oak_log,{'axis': 'y'},
"(4, 4, 10)",minecraft:stripped_dark_oak_wood,{'axis': 'x'},
"(5, 4, 10)",minecraft:mangrove_wood,{'axis': 'x'},
"(6, 4, 10)",minecraft:stripped_dark_oak_wood,{'axis': 'x'},
"(7, 4, 10)",minecraft:mangrove_wood,{'axis': 'x'},
"(8, 4, 10)",minecraft:stripped_dark_oak_wood,{'axis': 'x'},
"(9, 4, 10)",minecraft:stripped_dark_oak_wood,{'axis': 'x'},
"(10, 4, 10)",minecraft:stripped_dark_oak_wood,{'axis': 'x'},
"(11, 4, 10)",minecraft:stripped_dark_oak_wood,{'axis': 'x'},
"(12, 4, 10)",minecraft:mangrove_wood,{'axis': 'x'},
"(13, 4, 10)",minecraft:mangrove_wood,{'axis': 'x'},
"(14, 4, 10)",minecraft:stripped_dark_oak_wood,{'axis': 'x'},
"(15, 4, 10)",minecraft:oak_log,{'axis': 'y'},
"(16, 4, 10)",minecraft:oak_log,{'axis': 'x'},
"(2, 4, 11)",minecraft:dark_oak_stairs,"{'facing': 'east', 'half': 'top', 'shape': 'straight', 'waterlogged': 'false'}",
"(3, 4, 11)",minecraft:stripped_dark_oak_wood,{'axis': 'z'},
"(4, 4, 11)",minecraft:petrified_oak_slab,"{'type': 'top', 'waterlogged': 'false'}",
"(5, 4, 11)",minecraft:oak_stairs,"{'facing': 'north', 'half': 'top', 'shape': 'straight', 'waterlogged': 'false'}",
"(6, 4, 11)",minecraft:petrified_oak_slab,"{'type': 'top', 'waterlogged': 'false'}",
"(7, 4, 11)",minecraft:stripped_dark_oak_wood,{'axis': 'z'},
"(8, 4, 11)",minecraft:oak_stairs,"{'facing': 'west', 'half': 'top', 'shape': 'straight', 'waterlogged': 'false'}",
"(9, 4, 11)",minecraft:petrified_oak_slab,"{'type': 'top', 'waterlogged': 'false'}",
"(10, 4, 11)",minecraft:oak_stairs,"{'facing': 'east', 'half': 'top', 'shape': 'straight', 'waterlogged': 'false'}",
"(11, 4, 11)",minecraft:stripped_dark_oak_wood,{'axis': 'z'},
"(12, 4, 11)",minecraft:petrified_oak_slab,"{'type': 'top', 'waterlogged': 'false'}",
"(13, 4, 11)",minecraft:oak_stairs,"{'facing': 'north', 'half': 'top', 'shape': 'straight', 'waterlogged': 'false'}",
"(14, 4, 11)",minecraft:petrified_oak_slab,"{'type': 'top', 'waterlogged': 'false'}",
"(15, 4, 11)",minecraft:stripped_dark_oak_wood,{'axis': 'z'},
"(16, 4, 11)",minecraft:tuff,{},
"(2, 4, 12)",minecraft:dark_oak_slab,"{'type': 'top', 'waterlogged': 'false'}",
"(3, 4, 12)",minecraft:stripped_dark_oak_wood,{'axis': 'z'},
"(4, 4, 12)",minecraft:oak_stairs,"{'facing': 'west', 'half': 'top', 'shape': 'straight', 'waterlogged': 'false'}",
"(5, 4, 12)",minecraft:petrified_oak_slab,"{'type': 'top', 'waterlogged': 'false'}",
"(6, 4, 12)",minecraft:petrified_oak_slab,"{'type': 'top', 'waterlogged': 'false'}",
"(7, 4, 12)",minecraft:mangrove_wood,{'axis': 'z'},
"(8, 4, 12)",minecraft:petrified_oak_slab,"{'type': 'top', 'waterlogged': 'false'}",
"(9, 4, 12)",minecraft:petrified_oak_slab,"{'type': 'top', 'waterlogged': 'false'}",
"(10, 4, 12)",minecraft:petrified_oak_slab,"{'type': 'top', 'waterlogged': 'false'}",
"(11, 4, 12)",minecraft:mangrove_wood,{'axis': 'z'},
"(12, 4, 12)",minecraft:oak_stairs,"{'facing': 'west', 'half': 'top', 'shape': 'straight', 'waterlogged': 'false'}",
"(13, 4, 12)",minecraft:petrified_oak_slab,"{'type': 'top', 'waterlogged': 'false'}",
"(14, 4, 12)",minecraft:petrified_oak_slab,"{'type': 'top', 'waterlogged': 'false'}",
"(15, 4, 12)",minecraft:stripped_dark_oak_wood,{'axis': 'z'},
"(16, 4, 12)",minecraft:basalt,{'axis': 'x'},
"(17, 4, 12)",minecraft:tuff_wall,"{'east': 'none', 'north': 'none', 'south': 'none', 'up': 'true', 'waterlogged': 'false', 'west': 'tall'}",
"(2, 4, 13)",minecraft:spruce_stairs,"{'facing': 'east', 'half': 'top', 'shape': 'straight', 'waterlogged': 'false'}",
"(3, 4, 13)",minecraft:stripped_dark_oak_wood,{'axis': 'z'},
"(4, 4, 13)",minecraft:oak_stairs,"{'facing': 'west', 'half': 'top', 'shape': 'straight', 'waterlogged': 'false'}",
"(5, 4, 13)",minecraft:petrified_oak_slab,"{'type': 'top', 'waterlogged': 'false'}",
"(6, 4, 13)",minecraft:oak_stairs,"{'facing': 'south', 'half': 'top', 'shape': 'straight', 'waterlogged': 'false'}",
"(7, 4, 13)",minecraft:stripped_dark_oak_wood,{'axis': 'z'},
"(8, 4, 13)",minecraft:oak_stairs,"{'facing': 'west', 'half': 'top', 'shape': 'inner_left', 'waterlogged': 'false'}",
"(9, 4, 13)",minecraft:oak_stairs,"{'facing': 'south', 'half': 'top', 'shape': 'straight', 'waterlogged': 'false'}",
"(10, 4, 13)",minecraft:petrified_oak_slab,"{'type': 'top', 'waterlogged': 'false'}",
"(11, 4, 13)",minecraft:stripped_dark_oak_wood,{'axis': 'z'},
"(12, 4, 13)",minecraft:petrified_oak_slab,"{'type': 'top', 'waterlogged': 'false'}",
"(13, 4, 13)",minecraft:petrified_oak_slab,"{'type': 'top', 'waterlogged': 'false'}",
"(14, 4, 13)",minecraft:oak_stairs,"{'facing': 'south', 'half': 'top', 'shape': 'straight', 'waterlogged': 'false'}",
"(15, 4, 13)",minecraft:stripped_dark_oak_wood,{'axis': 'z'},
"(16, 4, 13)",minecraft:tuff_wall,"{'east': 'none', 'north': 'tall', 'south': 'low', 'up': 'true', 'waterlogged': 'false', 'west': 'tall'}",
"(2, 4, 14)",minecraft:oak_log,{'axis': 'x'},
"(3, 4, 14)",minecraft:oak_log,{'axis': 'y'},
"(4, 4, 14)",minecraft:stripped_dark_oak_wood,{'axis': 'x'},
"(5, 4, 14)",minecraft:stripped_dark_oak_wood,{'axis': 'x'},
"(6, 4, 14)",minecraft:stripped_dark_oak_wood,{'axis': 'x'},
"(7, 4, 14)",minecraft:stripped_dark_oak_wood,{'axis': 'x'},
"(8, 4, 14)",minecraft:stripped_dark_oak_wood,{'axis': 'x'},
"(9, 4, 14)",minecraft:stripped_dark_oak_wood,{'axis': 'x'},
"(10, 4, 14)",minecraft:stripped_dark_oak_wood,{'axis': 'x'},
"(11, 4, 14)",minecraft:oak_log,{'axis': 'y'},
"(12, 4, 14)",minecraft:stripped_dark_oak_wood,{'axis': 'x'},
"(13, 4, 14)",minecraft:stripped_dark_oak_wood,{'axis': 'x'},
"(14, 4, 14)",minecraft:stripped_dark_oak_wood,{'axis': 'x'},
"(15, 4, 14)",minecraft:oak_log,{'axis': 'y'},
"(16, 4, 14)",minecraft:oak_log,{'axis': 'x'},
"(3, 4, 15)",minecraft:oak_log,{'axis': 'z'},
"(4, 4, 15)",minecraft:mud_brick_slab,"{'type': 'bottom', 'waterlogged': 'false'}",
"(5, 4, 15)",minecraft:mud_brick_slab,"{'type': 'top', 'waterlogged': 'false'}",
"(13, 4, 15)",minecraft:mud_brick_slab,"{'type': 'top', 'waterlogged': 'false'}",
"(14, 4, 15)",minecraft:mud_brick_slab,"{'type': 'bottom', 'waterlogged': 'false'}",
"(15, 4, 15)",minecraft:oak_log,{'axis': 'z'},
"(4, 4, 16)",minecraft:mud_brick_slab,"{'type': 'bottom', 'waterlogged': 'false'}",
"(5, 4, 16)",minecraft:jungle_slab,"{'type': 'top', 'waterlogged': 'false'}",
"(13, 4, 16)",minecraft:mud_brick_slab,"{'type': 'top', 'waterlogged': 'false'}",
"(14, 4, 16)",minecraft:mud_brick_slab,"{'type': 'bottom', 'waterlogged': 'false'}",
"(4, 4, 17)",minecraft:mud_brick_slab,"{'type': 'bottom', 'waterlogged': 'false'}",
"(5, 4, 17)",minecraft:mud_brick_slab,"{'type': 'top', 'waterlogged': 'false'}",
"(13, 4, 17)",minecraft:mud_brick_slab,"{'type': 'top', 'waterlogged': 'false'}",
"(14, 4, 17)",minecraft:mud_brick_slab,"{'type': 'bottom', 'waterlogged': 'false'}",
"(4, 4, 18)",minecraft:mud_brick_slab,"{'type': 'bottom', 'waterlogged': 'false'}",
"(5, 4, 18)",minecraft:mud_brick_slab,"{'type': 'top', 'waterlogged': 'false'}",
"(13, 4, 18)",minecraft:mud_brick_slab,"{'type': 'top', 'waterlogged': 'false'}",
"(14, 4, 18)",minecraft:mud_brick_slab,"{'type': 'bottom', 'waterlogged': 'false'}",
"(4, 4, 19)",minecraft:mud_brick_slab,"{'type': 'bottom', 'waterlogged': 'false'}",
"(5, 4, 19)",minecraft:mud_brick_slab,"{'type': 'top', 'waterlogged': 'false'}",
"(13, 4, 19)",minecraft:mud_brick_slab,"{'type': 'top', 'waterlogged': 'false'}",
"(14, 4, 19)",minecraft:mud_brick_slab,"{'type': 'bottom', 'waterlogged': 'false'}",
"(4, 4, 20)",minecraft:mud_brick_slab,"{'type': 'bottom', 'waterlogged': 'false'}",
"(5, 4, 20)",minecraft:mud_brick_slab,"{'type': 'top', 'waterlogged': 'false'}",
"(13, 4, 20)",minecraft:mud_brick_slab,"{'type': 'top', 'waterlogged': 'false'}",
"(14, 4, 20)",minecraft:mud_brick_slab,"{'type': 'bottom', 'waterlogged': 'false'}",
"(4, 4, 21)",minecraft:mud_brick_slab,"{'type': 'bottom', 'waterlogged': 'false'}",
"(5, 4, 21)",minecraft:mud_brick_slab,"{'type': 'top', 'waterlogged': 'false'}",
"(13, 4, 21)",minecraft:mud_brick_slab,"{'type': 'top', 'waterlogged': 'false'}",
"(14, 4, 21)",minecraft:mud_brick_slab,"{'type': 'bottom', 'waterlogged': 'false'}",
"(4, 4, 22)",minecraft:mud_brick_slab,"{'type': 'bottom', 'waterlogged': 'false'}",
"(5, 4, 22)",minecraft:mud_brick_slab,"{'type': 'top', 'waterlogged': 'false'}",
"(6, 4, 22)",minecraft:stripped_dark_oak_wood,{'axis': 'x'},
"(7, 4, 22)",minecraft:stripped_dark_oak_wood,{'axis': 'x'},
"(8, 4, 22)",minecraft:brown_wool,{},
"(9, 4, 22)",minecraft:stripped_dark_oak_wood,{'axis': 'y'},
"(10, 4, 22)",minecraft:brown_wool,{},
"(11, 4, 22)",minecraft:stripped_dark_oak_wood,{'axis': 'x'},
"(12, 4, 22)",minecraft:stripped_dark_oak_wood,{'axis': 'x'},
"(13, 4, 22)",minecraft:mud_brick_slab,"{'type': 'top', 'waterlogged': 'false'}",
"(14, 4, 22)",minecraft:mud_brick_slab,"{'type': 'bottom', 'waterlogged': 'false'}",
"(4, 4, 23)",minecraft:mud_brick_slab,"{'type': 'bottom', 'waterlogged': 'false'}",
"(5, 4, 23)",minecraft:mud_brick_slab,"{'type': 'double', 'waterlogged': 'false'}",
"(6, 4, 23)",minecraft:jungle_slab,"{'type': 'top', 'waterlogged': 'false'}",
"(9, 4, 23)",minecraft:dark_oak_fence,"{'east': 'false', 'north': 'true', 'south': 'false', 'waterlogged': 'false', 'west': 'false'}",
"(12, 4, 23)",minecraft:jungle_slab,"{'type': 'top', 'waterlogged': 'false'}",
"(13, 4, 23)",minecraft:mud_brick_slab,"{'type': 'double', 'waterlogged': 'false'}",
"(14, 4, 23)",minecraft:mud_brick_slab,"{'type': 'bottom', 'waterlogged': 'false'}",
"(10, 5, 0)",minecraft:flower_pot,{},
"(7, 5, 1)",minecraft:spruce_stairs,"{'facing': 'south', 'half': 'bottom', 'shape': 'straight', 'waterlogged': 'false'}",
"(8, 5, 1)",minecraft:oak_leaves,"{'distance': '7', 'persistent': 'true', 'waterlogged': 'false'}",
"(9, 5, 1)",minecraft:spruce_slab,"{'type': 'bottom', 'waterlogged': 'false'}",
"(11, 5, 1)",minecraft:spruce_stairs,"{'facing': 'south', 'half': 'bottom', 'shape': 'straight', 'waterlogged': 'false'}",
"(13, 5, 1)",minecraft:spruce_slab,"{'type': 'bottom', 'waterlogged': 'false'}",
"(14, 5, 1)",minecraft:oak_leaves,"{'distance': '7', 'persistent': 'true', 'waterlogged': 'false'}",
"(15, 5, 1)",minecraft:spruce_stairs,"{'facing': 'south', 'half': 'bottom', 'shape': 'straight', 'waterlogged': 'false'}",
"(6, 5, 2)",minecraft:spruce_stairs,"{'facing': 'east', 'half': 'bottom', 'shape': 'straight', 'waterlogged': 'false'}",
"(7, 5, 2)",minecraft:oak_log,{'axis': 'y'},
"(8, 5, 2)",minecraft:terracotta,{},
"(9, 5, 2)",minecraft:terracotta,{},
"(10, 5, 2)",minecraft:granite,{},
"(11, 5, 2)",minecraft:oak_log,{'axis': 'y'},
"(12, 5, 2)",minecraft:terracotta,{},
"(13, 5, 2)",minecraft:granite,{},
"(14, 5, 2)",minecraft:granite,{},
"(15, 5, 2)",minecraft:oak_log,{'axis': 'y'},
"(16, 5, 2)",minecraft:spruce_stairs,"{'facing': 'west', 'half': 'bottom', 'shape': 'straight', 'waterlogged': 'false'}",
"(6, 5, 3)",minecraft:oak_leaves,"{'distance': '7', 'persistent': 'true', 'waterlogged': 'false'}",
"(7, 5, 3)",minecraft:terracotta,{},
"(8, 5, 3)",minecraft:spruce_stairs,"{'facing': 'north', 'half': 'top', 'shape': 'straight', 'waterlogged': 'false'}",
"(9, 5, 3)",minecraft:spruce_stairs,"{'facing': 'north', 'half': 'top', 'shape': 'straight', 'waterlogged': 'false'}",
"(10, 5, 3)",minecraft:crafting_table,{},
"(11, 5, 3)",minecraft:oak_trapdoor,"{'facing': 'east', 'half': 'bottom', 'open': 'true', 'powered': 'false', 'waterlogged': 'false'}",
"(12, 5, 3)",minecraft:ender_chest,"{'facing': 'south', 'waterlogged': 'false'}","{components: {}, id: ""minecraft:ender_chest""}"
"(13, 5, 3)",minecraft:cyan_bed,"{'facing': 'east', 'occupied': 'false', 'part': 'foot'}","{components: {}, id: ""minecraft:bed""}"
"(14, 5, 3)",minecraft:cyan_bed,"{'facing': 'east', 'occupied': 'false', 'part': 'head'}","{components: {}, id: ""minecraft:bed""}"
"(15, 5, 3)",minecraft:terracotta,{},
"(16, 5, 3)",minecraft:oak_leaves,"{'distance': '7', 'persistent': 'true', 'waterlogged': 'false'}",
"(6, 5, 4)",minecraft:spruce_slab,"{'type': 'bottom', 'waterlogged': 'false'}",
"(7, 5, 4)",minecraft:terracotta,{},
"(15, 5, 4)",minecraft:terracotta,{},
"(16, 5, 4)",minecraft:spruce_slab,"{'type': 'bottom', 'waterlogged': 'false'}",
"(3, 5, 5)",minecraft:spruce_stairs,"{'facing': 'south', 'half': 'bottom', 'shape': 'straight', 'waterlogged': 'false'}",
"(5, 5, 5)",minecraft:spruce_slab,"{'type': 'bottom', 'waterlogged': 'false'}",
"(7, 5, 5)",minecraft:terracotta,{},
"(8, 5, 5)",minecraft:ladder,"{'facing': 'east', 'waterlogged': 'false'}",
"(11, 5, 5)",minecraft:oak_trapdoor,"{'facing': 'east', 'half': 'bottom', 'open': 'true', 'powered': 'false', 'waterlogged': 'false'}",
"(12, 5, 5)",minecraft:bookshelf,{},
"(13, 5, 5)",minecraft:bookshelf,{},
"(14, 5, 5)",minecraft:beehive,"{'facing': 'north', 'honey_level': '0'}","{components: {}, id: ""minecraft:beehive"", bees: []}"
"(15, 5, 5)",minecraft:granite,{},
"(2, 5, 6)",minecraft:spruce_stairs,"{'facing': 'east', 'half': 'bottom', 'shape': 'straight', 'waterlogged': 'false'}",
"(3, 5, 6)",minecraft:oak_log,{'axis': 'y'},
"(4, 5, 6)",minecraft:granite,{},
"(5, 5, 6)",minecraft:terracotta,{},
"(6, 5, 6)",minecraft:terracotta,{},
"(7, 5, 6)",minecraft:oak_log,{'axis': 'y'},
"(8, 5, 6)",minecraft:terracotta,{},
"(9, 5, 6)",minecraft:granite,{},
"(10, 5, 6)",minecraft:terracotta,{},
"(11, 5, 6)",minecraft:oak_log,{'axis': 'y'},
"(12, 5, 6)",minecraft:granite,{},
"(13, 5, 6)",minecraft:granite,{},
"(14, 5, 6)",minecraft:terracotta,{},
"(15, 5, 6)",minecraft:oak_log,{'axis': 'y'},
"(16, 5, 6)",minecraft:spruce_stairs,"{'facing': 'west', 'half': 'bottom', 'shape': 'straight', 'waterlogged': 'false'}",
"(3, 5, 7)",minecraft:terracotta,{},
"(7, 5, 7)",minecraft:oak_trapdoor,"{'facing': 'east', 'half': 'bottom', 'open': 'true', 'powered': 'false', 'waterlogged': 'false'}",
"(8, 5, 7)",minecraft:cyan_bed,"{'facing': 'north', 'occupied': 'false', 'part': 'head'}","{components: {}, id: ""minecraft:bed""}"
"(9, 5, 7)",minecraft:oak_trapdoor,"{'facing': 'east', 'half': 'bottom', 'open': 'true', 'powered': 'false', 'waterlogged': 'false'}",
"(10, 5, 7)",minecraft:green_bed,"{'facing': 'north', 'occupied': 'false', 'part': 'head'}","{components: {}, id: ""minecraft:bed""}"
"(11, 5, 7)",minecraft:oak_trapdoor,"{'facing': 'east', 'half': 'bottom', 'open': 'true', 'powered': 'false', 'waterlogged': 'false'}",
"(12, 5, 7)",minecraft:cyan_bed,"{'facing': 'north', 'occupied': 'false', 'part': 'head'}","{components: {}, id: ""minecraft:bed""}"
"(13, 5, 7)",minecraft:jungle_trapdoor,"{'facing': 'east', 'half': 'bottom', 'open': 'true', 'powered': 'false', 'waterlogged': 'false'}",
"(14, 5, 7)",minecraft:green_bed,"{'facing': 'north', 'occupied': 'false', 'part': 'head'}","{components: {}, id: ""minecraft:bed""}"
"(15, 5, 7)",minecraft:terracotta,{},
"(16, 5, 7)",minecraft:azalea_leaves,"{'distance': '7', 'persistent': 'true', 'waterlogged': 'false'}",
"(2, 5, 8)",minecraft:spruce_slab,"{'type': 'bottom', 'waterlogged': 'false'}",
"(3, 5, 8)",minecraft:terracotta,{},
"(5, 5, 8)",minecraft:spruce_stairs,"{'facing': 'east', 'half': 'bottom', 'shape': 'straight', 'waterlogged': 'false'}",
"(6, 5, 8)",minecraft:oak_trapdoor,"{'facing': 'south', 'half': 'bottom', 'open': 'true', 'powered': 'false', 'waterlogged': 'false'}",
"(7, 5, 8)",minecraft:jungle_trapdoor,"{'facing': 'east', 'half': 'bottom', 'open': 'true', 'powered': 'false', 'waterlogged': 'false'}",
"(8, 5, 8)",minecraft:cyan_bed,"{'facing': 'north', 'occupied': 'false', 'part': 'foot'}","{components: {}, id: ""minecraft:bed""}"
"(9, 5, 8)",minecraft:spruce_trapdoor,"{'facing': 'east', 'half': 'bottom', 'open': 'true', 'powered': 'false', 'waterlogged': 'false'}",
"(10, 5, 8)",minecraft:green_bed,"{'facing': 'north', 'occupied': 'false', 'part': 'foot'}","{components: {}, id: ""minecraft:bed""}"
"(11, 5, 8)",minecraft:spruce_trapdoor,"{'facing': 'east', 'half': 'bottom', 'open': 'true', 'powered': 'false', 'waterlogged': 'false'}",
"(12, 5, 8)",minecraft:cyan_bed,"{'facing': 'north', 'occupied': 'false', 'part': 'foot'}","{components: {}, id: ""minecraft:bed""}"
"(13, 5, 8)",minecraft:jungle_trapdoor,"{'facing': 'east', 'half': 'bottom', 'open': 'true', 'powered': 'false', 'waterlogged': 'false'}",
"(14, 5, 8)",minecraft:green_bed,"{'facing': 'north', 'occupied': 'false', 'part': 'foot'}","{components: {}, id: ""minecraft:bed""}"
"(15, 5, 8)",minecraft:terracotta,{},
"(16, 5, 8)",minecraft:spruce_slab,"{'type': 'bottom', 'waterlogged': 'false'}",
"(2, 5, 9)",minecraft:oak_leaves,"{'distance': '7', 'persistent': 'true', 'waterlogged': 'false'}",
"(3, 5, 9)",minecraft:granite,{},
"(5, 5, 9)",minecraft:oak_trapdoor,"{'facing': 'south', 'half': 'bottom', 'open': 'true', 'powered': 'false', 'waterlogged': 'false'}",
"(6, 5, 9)",minecraft:ender_chest,"{'facing': 'south', 'waterlogged': 'false'}","{components: {}, id: ""minecraft:ender_chest""}"
"(7, 5, 9)",minecraft:spruce_trapdoor,"{'facing': 'east', 'half': 'bottom', 'open': 'true', 'powered': 'false', 'waterlogged': 'false'}",
"(8, 5, 9)",minecraft:oak_trapdoor,"{'facing': 'north', 'half': 'bottom', 'open': 'true', 'powered': 'false', 'waterlogged': 'false'}",
"(9, 5, 9)",minecraft:oak_trapdoor,"{'facing': 'east', 'half': 'bottom', 'open': 'true', 'powered': 'false', 'waterlogged': 'false'}",
"(10, 5, 9)",minecraft:oak_trapdoor,"{'facing': 'north', 'half': 'bottom', 'open': 'true', 'powered': 'false', 'waterlogged': 'false'}",
"(11, 5, 9)",minecraft:oak_trapdoor,"{'facing': 'east', 'half': 'bottom', 'open': 'true', 'powered': 'false', 'waterlogged': 'false'}",
"(12, 5, 9)",minecraft:jungle_trapdoor,"{'facing': 'north', 'half': 'bottom', 'open': 'true', 'powered': 'false', 'waterlogged': 'false'}",
"(13, 5, 9)",minecraft:oak_trapdoor,"{'facing': 'east', 'half': 'bottom', 'open': 'true', 'powered': 'false', 'waterlogged': 'false'}",
"(14, 5, 9)",minecraft:spruce_trapdoor,"{'facing': 'north', 'half': 'bottom', 'open': 'true', 'powered': 'false', 'waterlogged': 'false'}",
"(15, 5, 9)",minecraft:granite,{},
"(2, 5, 10)",minecraft:spruce_stairs,"{'facing': 'east', 'half': 'bottom', 'shape': 'straight', 'waterlogged': 'false'}",
"(3, 5, 10)",minecraft:oak_log,{'axis': 'y'},
"(4, 5, 10)",minecraft:orange_carpet,{},
"(5, 5, 10)",minecraft:yellow_carpet,{},
"(6, 5, 10)",minecraft:lime_carpet,{},
"(7, 5, 10)",minecraft:moss_carpet,{},
"(8, 5, 10)",minecraft:green_carpet,{},
"(9, 5, 10)",minecraft:cyan_carpet,{},
"(10, 5, 10)",minecraft:blue_carpet,{},
"(11, 5, 10)",minecraft:purple_carpet,{},
"(12, 5, 10)",minecraft:magenta_carpet,{},
"(13, 5, 10)",minecraft:pink_carpet,{},
"(14, 5, 10)",minecraft:scaffolding,"{'bottom': 'false', 'distance': '0', 'waterlogged': 'false'}",
"(15, 5, 10)",minecraft:oak_log,{'axis': 'y'},
"(16, 5, 10)",minecraft:dark_oak_stairs,"{'facing': 'west', 'half': 'bottom', 'shape': 'straight', 'waterlogged': 'false'}",
"(1, 5, 11)",minecraft:spruce_trapdoor,"{'facing': 'west', 'half': 'top', 'open': 'true', 'powered': 'false', 'waterlogged': 'false'}",
"(2, 5, 11)",minecraft:grass_block,{'snowy': 'false'},
"(3, 5, 11)",minecraft:terracotta,{},
"(5, 5, 11)",minecraft:oak_trapdoor,"{'facing': 'east', 'half': 'bottom', 'open': 'true', 'powered': 'false', 'waterlogged': 'false'}",
"(6, 5, 11)",minecraft:oak_trapdoor,"{'facing': 'south', 'half': 'bottom', 'open': 'true', 'powered': 'false', 'waterlogged': 'false'}",
"(7, 5, 11)",minecraft:spruce_trapdoor,"{'facing': 'east', 'half': 'bottom', 'open': 'true', 'powered': 'false', 'waterlogged': 'false'}",
"(8, 5, 11)",minecraft:jungle_trapdoor,"{'facing': 'south', 'half': 'bottom', 'open': 'true', 'powered': 'false', 'waterlogged': 'false'}",
"(9, 5, 11)",minecraft:oak_trapdoor,"{'facing': 'east', 'half': 'bottom', 'open': 'true', 'powered': 'false', 'waterlogged': 'false'}",
"(10, 5, 11)",minecraft:jungle_trapdoor,"{'facing': 'south', 'half': 'bottom', 'open': 'true', 'powered': 'false', 'waterlogged': 'false'}",
"(11, 5, 11)",minecraft:spruce_trapdoor,"{'facing': 'east', 'half': 'bottom', 'open': 'true', 'powered': 'false', 'waterlogged': 'false'}",
"(12, 5, 11)",minecraft:oak_trapdoor,"{'facing': 'south', 'half': 'bottom', 'open': 'true', 'powered': 'false', 'waterlogged': 'false'}",
"(13, 5, 11)",minecraft:oak_trapdoor,"{'facing': 'east', 'half': 'bottom', 'open': 'true', 'powered': 'false', 'waterlogged': 'false'}",
"(14, 5, 11)",minecraft:oak_trapdoor,"{'facing': 'south', 'half': 'bottom', 'open': 'true', 'powered': 'false', 'waterlogged': 'false'}",
"(15, 5, 11)",minecraft:terracotta,{},
"(16, 5, 11)",minecraft:tuff,{},
"(1, 5, 12)",minecraft:spruce_trapdoor,"{'facing': 'west', 'half': 'top', 'open': 'true', 'powered': 'false', 'waterlogged': 'false'}",
"(2, 5, 12)",minecraft:grass_block,{'snowy': 'false'},
"(3, 5, 12)",minecraft:granite,{},
"(5, 5, 12)",minecraft:spruce_trapdoor,"{'facing': 'east', 'half': 'bottom', 'open': 'true', 'powered': 'false', 'waterlogged': 'false'}",
"(6, 5, 12)",minecraft:light_blue_bed,"{'facing': 'south', 'occupied': 'false', 'part': 'foot'}","{components: {}, id: ""minecraft:bed""}"
"(7, 5, 12)",minecraft:oak_trapdoor,"{'facing': 'east', 'half': 'bottom', 'open': 'true', 'powered': 'false', 'waterlogged': 'false'}",
"(8, 5, 12)",minecraft:lime_bed,"{'facing': 'south', 'occupied': 'false', 'part': 'foot'}","{components: {}, id: ""minecraft:bed""}"
"(9, 5, 12)",minecraft:jungle_trapdoor,"{'facing': 'east', 'half': 'bottom', 'open': 'true', 'powered': 'false', 'waterlogged': 'false'}",
"(10, 5, 12)",minecraft:light_blue_bed,"{'facing': 'south', 'occupied': 'false', 'part': 'foot'}","{components: {}, id: ""minecraft:bed""}"
"(11, 5, 12)",minecraft:oak_trapdoor,"{'facing': 'east', 'half': 'bottom', 'open': 'true', 'powered': 'false', 'waterlogged': 'false'}",
"(12, 5, 12)",minecraft:lime_bed,"{'facing': 'south', 'occupied': 'false', 'part': 'foot'}","{components: {}, id: ""minecraft:bed""}"
"(13, 5, 12)",minecraft:spruce_trapdoor,"{'facing': 'east', 'half': 'bottom', 'open': 'true', 'powered': 'false', 'waterlogged': 'false'}",
"(14, 5, 12)",minecraft:light_blue_bed,"{'facing': 'south', 'occupied': 'false', 'part': 'foot'}","{components: {}, id: ""minecraft:bed""}"
"(15, 5, 12)",minecraft:terracotta,{},
"(16, 5, 12)",minecraft:tuff,{},
"(17, 5, 12)",minecraft:tuff_wall,"{'east': 'none', 'north': 'none', 'south': 'none', 'up': 'true', 'waterlogged': 'false', 'west': 'low'}",
"(1, 5, 13)",minecraft:spruce_trapdoor,"{'facing': 'west', 'half': 'top', 'open': 'true', 'powered': 'false', 'waterlogged': 'false'}",
"(2, 5, 13)",minecraft:grass_block,{'snowy': 'false'},
"(3, 5, 13)",minecraft:granite,{},
"(4, 5, 13)",minecraft:crafting_table,{},
"(5, 5, 13)",minecraft:spruce_trapdoor,"{'facing': 'east', 'half': 'bottom', 'open': 'true', 'powered': 'false', 'waterlogged': 'false'}",
"(6, 5, 13)",minecraft:light_blue_bed,"{'facing': 'south', 'occupied': 'false', 'part': 'head'}","{components: {}, id: ""minecraft:bed""}"
"(7, 5, 13)",minecraft:jungle_trapdoor,"{'facing': 'east', 'half': 'bottom', 'open': 'true', 'powered': 'false', 'waterlogged': 'false'}",
"(8, 5, 13)",minecraft:lime_bed,"{'facing': 'south', 'occupied': 'false', 'part': 'head'}","{components: {}, id: ""minecraft:bed""}"
"(9, 5, 13)",minecraft:oak_trapdoor,"{'facing': 'east', 'half': 'bottom', 'open': 'true', 'powered': 'false', 'waterlogged': 'false'}",
"(10, 5, 13)",minecraft:light_blue_bed,"{'facing': 'south', 'occupied': 'false', 'part': 'head'}","{components: {}, id: ""minecraft:bed""}"
"(11, 5, 13)",minecraft:jungle_trapdoor,"{'facing': 'east', 'half': 'bottom', 'open': 'true', 'powered': 'false', 'waterlogged': 'false'}",
"(12, 5, 13)",minecraft:lime_bed,"{'facing': 'south', 'occupied': 'false', 'part': 'head'}","{components: {}, id: ""minecraft:bed""}"
"(13, 5, 13)",minecraft:oak_trapdoor,"{'facing': 'east', 'half': 'bottom', 'open': 'true', 'powered': 'false', 'waterlogged': 'false'}",
"(14, 5, 13)",minecraft:light_blue_bed,"{'facing': 'south', 'occupied': 'false', 'part': 'head'}","{components: {}, id: ""minecraft:bed""}"
"(15, 5, 13)",minecraft:granite,{},
"(16, 5, 13)",minecraft:cobbled_deepslate_wall,"{'east': 'none', 'north': 'tall', 'south': 'none', 'up': 'true', 'waterlogged': 'false', 'west': 'tall'}",
"(2, 5, 14)",minecraft:dark_oak_stairs,"{'facing': 'east', 'half': 'bottom', 'shape': 'straight', 'waterlogged': 'false'}",
"(3, 5, 14)",minecraft:oak_log,{'axis': 'y'},
"(4, 5, 14)",minecraft:terracotta,{},
"(5, 5, 14)",minecraft:terracotta,{},
"(6, 5, 14)",minecraft:granite,{},
"(7, 5, 14)",minecraft:oak_log,{'axis': 'y'},
"(8, 5, 14)",minecraft:terracotta,{},
"(9, 5, 14)",minecraft:granite,{},
"(10, 5, 14)",minecraft:terracotta,{},
"(11, 5, 14)",minecraft:oak_log,{'axis': 'y'},
"(12, 5, 14)",minecraft:terracotta,{},
"(13, 5, 14)",minecraft:granite,{},
"(14, 5, 14)",minecraft:terracotta,{},
"(15, 5, 14)",minecraft:oak_log,{'axis': 'y'},
"(16, 5, 14)",minecraft:dark_oak_stairs,"{'facing': 'west', 'half': 'bottom', 'shape': 'straight', 'waterlogged': 'false'}",
"(3, 5, 15)",minecraft:dark_oak_stairs,"{'facing': 'north', 'half': 'bottom', 'shape': 'straight', 'waterlogged': 'false'}",
"(5, 5, 15)",minecraft:oak_leaves,"{'distance': '7', 'persistent': 'true', 'waterlogged': 'false'}",
"(6, 5, 15)",minecraft:jungle_slab,"{'type': 'bottom', 'waterlogged': 'false'}",
"(7, 5, 15)",minecraft:jungle_slab,"{'type': 'top', 'waterlogged': 'false'}",
"(11, 5, 15)",minecraft:jungle_slab,"{'type': 'top', 'waterlogged': 'false'}",
"(12, 5, 15)",minecraft:jungle_slab,"{'type': 'bottom', 'waterlogged': 'false'}",
"(13, 5, 15)",minecraft:oak_leaves,"{'distance': '7', 'persistent': 'true', 'waterlogged': 'false'}",
"(15, 5, 15)",minecraft:dark_oak_stairs,"{'facing': 'north', 'half': 'bottom', 'shape': 'straight', 'waterlogged': 'false'}",
"(6, 5, 16)",minecraft:jungle_slab,"{'type': 'bottom', 'waterlogged': 'false'}",
"(7, 5, 16)",minecraft:jungle_slab,"{'type': 'top', 'waterlogged': 'false'}",
"(11, 5, 16)",minecraft:jungle_slab,"{'type': 'top', 'waterlogged': 'false'}",
"(12, 5, 16)",minecraft:mud_brick_slab,"{'type': 'bottom', 'waterlogged': 'false'}",
"(6, 5, 17)",minecraft:jungle_slab,"{'type': 'bottom', 'waterlogged': 'false'}",
"(7, 5, 17)",minecraft:jungle_slab,"{'type': 'top', 'waterlogged': 'false'}",
"(11, 5, 17)",minecraft:jungle_slab,"{'type': 'top', 'waterlogged': 'false'}",
"(12, 5, 17)",minecraft:jungle_slab,"{'type': 'bottom', 'waterlogged': 'false'}",
"(6, 5, 18)",minecraft:mud_brick_slab,"{'type': 'bottom', 'waterlogged': 'false'}",
"(7, 5, 18)",minecraft:jungle_slab,"{'type': 'top', 'waterlogged': 'false'}",
"(11, 5, 18)",minecraft:jungle_slab,"{'type': 'top', 'waterlogged': 'false'}",
"(12, 5, 18)",minecraft:jungle_slab,"{'type': 'bottom', 'waterlogged': 'false'}",
"(6, 5, 19)",minecraft:mud_brick_slab,"{'type': 'bottom', 'waterlogged': 'false'}",
"(7, 5, 19)",minecraft:jungle_slab,"{'type': 'top', 'waterlogged': 'false'}",
"(11, 5, 19)",minecraft:jungle_slab,"{'type': 'top', 'waterlogged': 'false'}",
"(12, 5, 19)",minecraft:jungle_slab,"{'type': 'bottom', 'waterlogged': 'false'}",
"(6, 5, 20)",minecraft:mud_brick_slab,"{'type': 'bottom', 'waterlogged': 'false'}",
"(7, 5, 20)",minecraft:jungle_slab,"{'type': 'top', 'waterlogged': 'false'}",
"(11, 5, 20)",minecraft:jungle_slab,"{'type': 'top', 'waterlogged': 'false'}",
"(12, 5, 20)",minecraft:jungle_slab,"{'type': 'bottom', 'waterlogged': 'false'}",
"(6, 5, 21)",minecraft:jungle_slab,"{'type': 'bottom', 'waterlogged': 'false'}",
"(7, 5, 21)",minecraft:jungle_slab,"{'type': 'top', 'waterlogged': 'false'}",
"(11, 5, 21)",minecraft:jungle_slab,"{'type': 'top', 'waterlogged': 'false'}",
"(12, 5, 21)",minecraft:mud_brick_slab,"{'type': 'bottom', 'waterlogged': 'false'}",
"(6, 5, 22)",minecraft:jungle_slab,"{'type': 'bottom', 'waterlogged': 'false'}",
"(7, 5, 22)",minecraft:jungle_slab,"{'type': 'top', 'waterlogged': 'false'}",
"(8, 5, 22)",minecraft:stripped_dark_oak_wood,{'axis': 'x'},
"(9, 5, 22)",minecraft:stripped_dark_oak_wood,{'axis': 'x'},
"(10, 5, 22)",minecraft:stripped_dark_oak_wood,{'axis': 'x'},
"(11, 5, 22)",minecraft:jungle_slab,"{'type': 'top', 'waterlogged': 'false'}",
"(12, 5, 22)",minecraft:mud_brick_slab,"{'type': 'bottom', 'waterlogged': 'false'}",
"(6, 5, 23)",minecraft:jungle_slab,"{'type': 'bottom', 'waterlogged': 'false'}",
"(7, 5, 23)",minecraft:jungle_slab,"{'type': 'double', 'waterlogged': 'false'}",
"(8, 5, 23)",minecraft:oak_slab,"{'type': 'top', 'waterlogged': 'false'}",
"(9, 5, 23)",minecraft:dark_oak_fence,"{'east': 'false', 'north': 'true', 'south': 'false', 'waterlogged': 'false', 'west': 'false'}",
"(10, 5, 23)",minecraft:oak_slab,"{'type': 'top', 'waterlogged': 'false'}",
"(11, 5, 23)",minecraft:jungle_slab,"{'type': 'double', 'waterlogged': 'false'}",
"(12, 5, 23)",minecraft:jungle_slab,"{'type': 'bottom', 'waterlogged': 'false'}",
"(9, 6, 1)",minecraft:oak_fence_gate,"{'facing': 'south', 'in_wall': 'false', 'open': 'true', 'powered': 'false'}",
"(13, 6, 1)",minecraft:oak_fence_gate,"{'facing': 'south', 'in_wall': 'false', 'open': 'true', 'powered': 'false'}",
"(7, 6, 2)",minecraft:mangrove_wood,{'axis': 'y'},
"(8, 6, 2)",minecraft:terracotta,{},
"(9, 6, 2)",minecraft:white_stained_glass_pane,"{'east': 'true', 'north': 'false', 'south': 'false', 'waterlogged': 'false', 'west': 'true'}",
"(10, 6, 2)",minecraft:terracotta,{},
"(11, 6, 2)",minecraft:mangrove_wood,{'axis': 'y'},
"(12, 6, 2)",minecraft:terracotta,{},
"(13, 6, 2)",minecraft:white_stained_glass_pane,"{'east': 'true', 'north': 'false', 'south': 'false', 'waterlogged': 'false', 'west': 'true'}",
"(14, 6, 2)",minecraft:terracotta,{},
"(15, 6, 2)",minecraft:mangrove_wood,{'axis': 'y'},
"(7, 6, 3)",minecraft:brown_wool,{},
"(8, 6, 3)",minecraft:white_candle,"{'candles': '4', 'lit': 'true', 'waterlogged': 'false'}",
"(9, 6, 3)",minecraft:large_amethyst_bud,"{'facing': 'up', 'waterlogged': 'false'}",
"(11, 6, 3)",minecraft:oak_trapdoor,"{'facing': 'east', 'half': 'bottom', 'open': 'true', 'powered': 'false', 'waterlogged': 'false'}",
"(13, 6, 3)",minecraft:spruce_trapdoor,"{'facing': 'west', 'half': 'top', 'open': 'false', 'powered': 'false', 'waterlogged': 'false'}",
"(14, 6, 3)",minecraft:spruce_trapdoor,"{'facing': 'west', 'half': 'top', 'open': 'false', 'powered': 'false', 'waterlogged': 'false'}",
"(15, 6, 3)",minecraft:brown_wool,{},
"(6, 6, 4)",minecraft:oak_fence_gate,"{'facing': 'east', 'in_wall': 'false', 'open': 'true', 'powered': 'false'}",
"(7, 6, 4)",minecraft:white_stained_glass_pane,"{'east': 'false', 'north': 'true', 'south': 'true', 'waterlogged': 'false', 'west': 'false'}",
"(15, 6, 4)",minecraft:white_stained_glass_pane,"{'east': 'false', 'north': 'true', 'south': 'true', 'waterlogged': 'false', 'west': 'false'}",
"(16, 6, 4)",minecraft:oak_fence_gate,"{'facing': 'west', 'in_wall': 'false', 'open': 'true', 'powered': 'false'}",
"(7, 6, 5)",minecraft:terracotta,{},
"(8, 6, 5)",minecraft:ladder,"{'facing': 'east', 'waterlogged': 'false'}",
"(11, 6, 5)",minecraft:oak_trapdoor,"{'facing': 'east', 'half': 'bottom', 'open': 'true', 'powered': 'false', 'waterlogged': 'false'}",
"(12, 6, 5)",minecraft:potted_torchflower,{},
"(14, 6, 5)",minecraft:waxed_lightning_rod,"{'facing': 'down', 'powered': 'false', 'waterlogged': 'false'}",
"(15, 6, 5)",minecraft:terracotta,{},
"(3, 6, 6)",minecraft:mangrove_wood,{'axis': 'y'},
"(4, 6, 6)",minecraft:terracotta,{},
"(5, 6, 6)",minecraft:terracotta,{},
"(6, 6, 6)",minecraft:terracotta,{},
"(7, 6, 6)",minecraft:mangrove_wood,{'axis': 'y'},
"(8, 6, 6)",minecraft:terracotta,{},
"(9, 6, 6)",minecraft:terracotta,{},
"(10, 6, 6)",minecraft:terracotta,{},
"(11, 6, 6)",minecraft:mangrove_wood,{'axis': 'y'},
"(12, 6, 6)",minecraft:terracotta,{},
"(13, 6, 6)",minecraft:terracotta,{},
"(14, 6, 6)",minecraft:terracotta,{},
"(15, 6, 6)",minecraft:mangrove_wood,{'axis': 'y'},
"(3, 6, 7)",minecraft:brown_wool,{},
"(7, 6, 7)",minecraft:jungle_trapdoor,"{'facing': 'east', 'half': 'bottom', 'open': 'true', 'powered': 'false', 'waterlogged': 'false'}",
"(8, 6, 7)",minecraft:spruce_trapdoor,"{'facing': 'south', 'half': 'top', 'open': 'false', 'powered': 'false', 'waterlogged': 'false'}",
"(9, 6, 7)",minecraft:jungle_trapdoor,"{'facing': 'east', 'half': 'bottom', 'open': 'true', 'powered': 'false', 'waterlogged': 'false'}",
"(10, 6, 7)",minecraft:spruce_trapdoor,"{'facing': 'south', 'half': 'top', 'open': 'false', 'powered': 'false', 'waterlogged': 'false'}",
"(11, 6, 7)",minecraft:spruce_trapdoor,"{'facing': 'east', 'half': 'bottom', 'open': 'true', 'powered': 'false', 'waterlogged': 'false'}",
"(12, 6, 7)",minecraft:spruce_trapdoor,"{'facing': 'south', 'half': 'top', 'open': 'false', 'powered': 'false', 'waterlogged': 'false'}",
"(13, 6, 7)",minecraft:spruce_trapdoor,"{'facing': 'east', 'half': 'bottom', 'open': 'true', 'powered': 'false', 'waterlogged': 'false'}",
"(14, 6, 7)",minecraft:spruce_trapdoor,"{'facing': 'south', 'half': 'top', 'open': 'false', 'powered': 'false', 'waterlogged': 'false'}",
"(15, 6, 7)",minecraft:terracotta,{},
"(2, 6, 8)",minecraft:oak_fence_gate,"{'facing': 'east', 'in_wall': 'false', 'open': 'true', 'powered': 'false'}",
"(3, 6, 8)",minecraft:white_stained_glass_pane,"{'east': 'false', 'north': 'true', 'south': 'true', 'waterlogged': 'false', 'west': 'false'}",
"(5, 6, 8)",minecraft:spruce_trapdoor,"{'facing': 'west', 'half': 'bottom', 'open': 'true', 'powered': 'false', 'waterlogged': 'false'}",
"(6, 6, 8)",minecraft:spruce_stairs,"{'facing': 'west', 'half': 'top', 'shape': 'straight', 'waterlogged': 'false'}",
"(7, 6, 8)",minecraft:spruce_trapdoor,"{'facing': 'east', 'half': 'bottom', 'open': 'true', 'powered': 'false', 'waterlogged': 'false'}",
"(8, 6, 8)",minecraft:spruce_trapdoor,"{'facing': 'south', 'half': 'top', 'open': 'false', 'powered': 'false', 'waterlogged': 'false'}",
"(9, 6, 8)",minecraft:oak_trapdoor,"{'facing': 'east', 'half': 'bottom', 'open': 'true', 'powered': 'false', 'waterlogged': 'false'}",
"(10, 6, 8)",minecraft:spruce_trapdoor,"{'facing': 'south', 'half': 'top', 'open': 'false', 'powered': 'false', 'waterlogged': 'false'}",
"(11, 6, 8)",minecraft:jungle_trapdoor,"{'facing': 'east', 'half': 'bottom', 'open': 'true', 'powered': 'false', 'waterlogged': 'false'}",
"(12, 6, 8)",minecraft:spruce_trapdoor,"{'facing': 'south', 'half': 'top', 'open': 'false', 'powered': 'false', 'waterlogged': 'false'}",
"(13, 6, 8)",minecraft:oak_trapdoor,"{'facing': 'east', 'half': 'bottom', 'open': 'true', 'powered': 'false', 'waterlogged': 'false'}",
"(14, 6, 8)",minecraft:spruce_trapdoor,"{'facing': 'south', 'half': 'top', 'open': 'false', 'powered': 'false', 'waterlogged': 'false'}",
"(15, 6, 8)",minecraft:white_stained_glass_pane,"{'east': 'false', 'north': 'true', 'south': 'true', 'waterlogged': 'false', 'west': 'false'}",
"(16, 6, 8)",minecraft:oak_fence_gate,"{'facing': 'west', 'in_wall': 'false', 'open': 'true', 'powered': 'false'}",
"(3, 6, 9)",minecraft:terracotta,{},
"(5, 6, 9)",minecraft:oak_trapdoor,"{'facing': 'south', 'half': 'top', 'open': 'true', 'powered': 'false', 'waterlogged': 'false'}",
"(7, 6, 9)",minecraft:oak_trapdoor,"{'facing': 'east', 'half': 'bottom', 'open': 'true', 'powered': 'false', 'waterlogged': 'false'}",
"(8, 6, 9)",minecraft:spruce_trapdoor,"{'facing': 'north', 'half': 'bottom', 'open': 'true', 'powered': 'false', 'waterlogged': 'false'}",
"(9, 6, 9)",minecraft:spruce_trapdoor,"{'facing': 'east', 'half': 'bottom', 'open': 'true', 'powered': 'false', 'waterlogged': 'false'}",
"(10, 6, 9)",minecraft:spruce_trapdoor,"{'facing': 'north', 'half': 'bottom', 'open': 'true', 'powered': 'false', 'waterlogged': 'false'}",
"(11, 6, 9)",minecraft:oak_trapdoor,"{'facing': 'east', 'half': 'bottom', 'open': 'true', 'powered': 'false', 'waterlogged': 'false'}",
"(12, 6, 9)",minecraft:oak_trapdoor,"{'facing': 'north', 'half': 'bottom', 'open': 'true', 'powered': 'false', 'waterlogged': 'false'}",
"(13, 6, 9)",minecraft:jungle_trapdoor,"{'facing': 'east', 'half': 'bottom', 'open': 'true', 'powered': 'false', 'waterlogged': 'false'}",
"(14, 6, 9)",minecraft:jungle_trapdoor,"{'facing': 'north', 'half': 'bottom', 'open': 'true', 'powered': 'false', 'waterlogged': 'false'}",
"(15, 6, 9)",minecraft:terracotta,{},
"(3, 6, 10)",minecraft:mangrove_wood,{'axis': 'y'},
"(14, 6, 10)",minecraft:light_gray_candle,"{'candles': '4', 'lit': 'true', 'waterlogged': 'false'}",
"(15, 6, 10)",minecraft:mangrove_wood,{'axis': 'y'},
"(2, 6, 11)",minecraft:poppy,{},
"(3, 6, 11)",minecraft:terracotta,{},
"(5, 6, 11)",minecraft:spruce_trapdoor,"{'facing': 'east', 'half': 'bottom', 'open': 'true', 'powered': 'false', 'waterlogged': 'false'}",
"(6, 6, 11)",minecraft:jungle_trapdoor,"{'facing': 'south', 'half': 'bottom', 'open': 'true', 'powered': 'false', 'waterlogged': 'false'}",
"(7, 6, 11)",minecraft:jungle_trapdoor,"{'facing': 'east', 'half': 'bottom', 'open': 'true', 'powered': 'false', 'waterlogged': 'false'}",
"(8, 6, 11)",minecraft:oak_trapdoor,"{'facing': 'south', 'half': 'bottom', 'open': 'true', 'powered': 'false', 'waterlogged': 'false'}",
"(9, 6, 11)",minecraft:spruce_trapdoor,"{'facing': 'east', 'half': 'bottom', 'open': 'true', 'powered': 'false', 'waterlogged': 'false'}",
"(10, 6, 11)",minecraft:jungle_trapdoor,"{'facing': 'south', 'half': 'bottom', 'open': 'true', 'powered': 'false', 'waterlogged': 'false'}",
"(11, 6, 11)",minecraft:oak_trapdoor,"{'facing': 'east', 'half': 'bottom', 'open': 'true', 'powered': 'false', 'waterlogged': 'false'}",
"(12, 6, 11)",minecraft:spruce_trapdoor,"{'facing': 'south', 'half': 'bottom', 'open': 'true', 'powered': 'false', 'waterlogged': 'false'}",
"(13, 6, 11)",minecraft:jungle_trapdoor,"{'facing': 'east', 'half': 'bottom', 'open': 'true', 'powered': 'false', 'waterlogged': 'false'}",
"(14, 6, 11)",minecraft:spruce_trapdoor,"{'facing': 'south', 'half': 'bottom', 'open': 'true', 'powered': 'false', 'waterlogged': 'false'}",
"(15, 6, 11)",minecraft:terracotta,{},
"(16, 6, 11)",minecraft:tuff_wall,"{'east': 'none', 'north': 'none', 'south': 'tall', 'up': 'true', 'waterlogged': 'false', 'west': 'tall'}",
"(3, 6, 12)",minecraft:terracotta,{},
"(5, 6, 12)",minecraft:jungle_trapdoor,"{'facing': 'east', 'half': 'bottom', 'open': 'true', 'powered': 'false', 'waterlogged': 'false'}",
"(6, 6, 12)",minecraft:spruce_trapdoor,"{'facing': 'west', 'half': 'top', 'open': 'false', 'powered': 'false', 'waterlogged': 'false'}",
"(7, 6, 12)",minecraft:jungle_trapdoor,"{'facing': 'east', 'half': 'bottom', 'open': 'true', 'powered': 'false', 'waterlogged': 'false'}",
"(8, 6, 12)",minecraft:spruce_trapdoor,"{'facing': 'north', 'half': 'top', 'open': 'false', 'powered': 'false', 'waterlogged': 'false'}",
"(9, 6, 12)",minecraft:spruce_trapdoor,"{'facing': 'east', 'half': 'bottom', 'open': 'true', 'powered': 'false', 'waterlogged': 'false'}",
"(10, 6, 12)",minecraft:spruce_trapdoor,"{'facing': 'north', 'half': 'top', 'open': 'false', 'powered': 'false', 'waterlogged': 'false'}",
"(11, 6, 12)",minecraft:spruce_trapdoor,"{'facing': 'east', 'half': 'bottom', 'open': 'true', 'powered': 'false', 'waterlogged': 'false'}",
"(12, 6, 12)",minecraft:spruce_trapdoor,"{'facing': 'north', 'half': 'top', 'open': 'false', 'powered': 'false', 'waterlogged': 'false'}",
"(13, 6, 12)",minecraft:jungle_trapdoor,"{'facing': 'east', 'half': 'bottom', 'open': 'true', 'powered': 'false', 'waterlogged': 'false'}",
"(14, 6, 12)",minecraft:spruce_trapdoor,"{'facing': 'north', 'half': 'top', 'open': 'false', 'powered': 'false', 'waterlogged': 'false'}",
"(15, 6, 12)",minecraft:terracotta,{},
"(16, 6, 12)",minecraft:tuff,{},
"(3, 6, 13)",minecraft:terracotta,{},
"(4, 6, 13)",minecraft:loom,{'facing': 'north'},
"(5, 6, 13)",minecraft:oak_trapdoor,"{'facing': 'east', 'half': 'bottom', 'open': 'true', 'powered': 'false', 'waterlogged': 'false'}",
"(6, 6, 13)",minecraft:spruce_trapdoor,"{'facing': 'west', 'half': 'top', 'open': 'false', 'powered': 'false', 'waterlogged': 'false'}",
"(7, 6, 13)",minecraft:oak_trapdoor,"{'facing': 'east', 'half': 'bottom', 'open': 'true', 'powered': 'false', 'waterlogged': 'false'}",
"(8, 6, 13)",minecraft:spruce_trapdoor,"{'facing': 'north', 'half': 'top', 'open': 'false', 'powered': 'false', 'waterlogged': 'false'}",
"(9, 6, 13)",minecraft:jungle_trapdoor,"{'facing': 'east', 'half': 'bottom', 'open': 'true', 'powered': 'false', 'waterlogged': 'false'}",
"(10, 6, 13)",minecraft:spruce_trapdoor,"{'facing': 'north', 'half': 'top', 'open': 'false', 'powered': 'false', 'waterlogged': 'false'}",
"(11, 6, 13)",minecraft:oak_trapdoor,"{'facing': 'east', 'half': 'bottom', 'open': 'true', 'powered': 'false', 'waterlogged': 'false'}",
"(12, 6, 13)",minecraft:spruce_trapdoor,"{'facing': 'north', 'half': 'top', 'open': 'false', 'powered': 'false', 'waterlogged': 'false'}",
"(13, 6, 13)",minecraft:spruce_trapdoor,"{'facing': 'east', 'half': 'bottom', 'open': 'true', 'powered': 'false', 'waterlogged': 'false'}",
"(14, 6, 13)",minecraft:spruce_trapdoor,"{'facing': 'north', 'half': 'top', 'open': 'false', 'powered': 'false', 'waterlogged': 'false'}",
"(15, 6, 13)",minecraft:terracotta,{},
"(16, 6, 13)",minecraft:tuff,{},
"(3, 6, 14)",minecraft:mangrove_wood,{'axis': 'y'},
"(4, 6, 14)",minecraft:brown_wool,{},
"(5, 6, 14)",minecraft:white_stained_glass_pane,"{'east': 'true', 'north': 'false', 'south': 'false', 'waterlogged': 'false', 'west': 'true'}",
"(6, 6, 14)",minecraft:terracotta,{},
"(7, 6, 14)",minecraft:mangrove_wood,{'axis': 'y'},
"(8, 6, 14)",minecraft:terracotta,{},
"(9, 6, 14)",minecraft:terracotta,{},
"(10, 6, 14)",minecraft:terracotta,{},
"(11, 6, 14)",minecraft:mangrove_wood,{'axis': 'y'},
"(12, 6, 14)",minecraft:terracotta,{},
"(13, 6, 14)",minecraft:white_stained_glass_pane,"{'east': 'true', 'north': 'false', 'south': 'false', 'waterlogged': 'false', 'west': 'true'}",
"(14, 6, 14)",minecraft:terracotta,{},
"(15, 6, 14)",minecraft:mangrove_wood,{'axis': 'y'},
"(5, 6, 15)",minecraft:oak_fence_gate,"{'facing': 'north', 'in_wall': 'false', 'open': 'true', 'powered': 'false'}",
"(8, 6, 15)",minecraft:oak_slab,"{'type': 'bottom', 'waterlogged': 'false'}",
"(9, 6, 15)",minecraft:oak_slab,"{'type': 'top', 'waterlogged': 'false'}",
"(10, 6, 15)",minecraft:oak_slab,"{'type': 'bottom', 'waterlogged': 'false'}",
"(13, 6, 15)",minecraft:oak_fence_gate,"{'facing': 'north', 'in_wall': 'false', 'open': 'true', 'powered': 'false'}",
"(14, 6, 15)",minecraft:azalea_leaves,"{'distance': '2', 'persistent': 'true', 'waterlogged': 'false'}",
"(15, 6, 15)",minecraft:azalea_leaves,"{'distance': '1', 'persistent': 'true', 'waterlogged': 'false'}",
"(8, 6, 16)",minecraft:oak_slab,"{'type': 'bottom', 'waterlogged': 'false'}",
"(9, 6, 16)",minecraft:oak_slab,"{'type': 'top', 'waterlogged': 'false'}",
"(10, 6, 16)",minecraft:jungle_slab,"{'type': 'bottom', 'waterlogged': 'false'}",
"(8, 6, 17)",minecraft:jungle_slab,"{'type': 'bottom', 'waterlogged': 'false'}",
"(9, 6, 17)",minecraft:oak_slab,"{'type': 'top', 'waterlogged': 'false'}",
"(10, 6, 17)",minecraft:jungle_slab,"{'type': 'bottom', 'waterlogged': 'false'}",
"(8, 6, 18)",minecraft:jungle_slab,"{'type': 'bottom', 'waterlogged': 'false'}",
"(9, 6, 18)",minecraft:oak_slab,"{'type': 'top', 'waterlogged': 'false'}",
"(10, 6, 18)",minecraft:oak_slab,"{'type': 'bottom', 'waterlogged': 'false'}",
"(8, 6, 19)",minecraft:jungle_slab,"{'type': 'bottom', 'waterlogged': 'false'}",
"(9, 6, 19)",minecraft:oak_slab,"{'type': 'top', 'waterlogged': 'false'}",
"(10, 6, 19)",minecraft:oak_slab,"{'type': 'bottom', 'waterlogged': 'false'}",
"(8, 6, 20)",minecraft:oak_slab,"{'type': 'bottom', 'waterlogged': 'false'}",
"(9, 6, 20)",minecraft:oak_slab,"{'type': 'top', 'waterlogged': 'false'}",
"(10, 6, 20)",minecraft:oak_slab,"{'type': 'bottom', 'waterlogged': 'false'}",
"(8, 6, 21)",minecraft:oak_slab,"{'type': 'bottom', 'waterlogged': 'false'}",
"(9, 6, 21)",minecraft:oak_slab,"{'type': 'top', 'waterlogged': 'false'}",
"(10, 6, 21)",minecraft:jungle_slab,"{'type': 'bottom', 'waterlogged': 'false'}",
"(8, 6, 22)",minecraft:oak_slab,"{'type': 'bottom', 'waterlogged': 'false'}",
"(9, 6, 22)",minecraft:oak_slab,"{'type': 'top', 'waterlogged': 'false'}",
"(10, 6, 22)",minecraft:jungle_slab,"{'type': 'bottom', 'waterlogged': 'false'}",
"(8, 6, 23)",minecraft:oak_slab,"{'type': 'bottom', 'waterlogged': 'false'}",
"(9, 6, 23)",minecraft:oak_slab,"{'type': 'double', 'waterlogged': 'false'}",
"(10, 6, 23)",minecraft:oak_slab,"{'type': 'bottom', 'waterlogged': 'false'}",
"(7, 7, 1)",minecraft:spruce_fence,"{'east': 'false', 'north': 'false', 'south': 'true', 'waterlogged': 'false', 'west': 'false'}",
"(9, 7, 1)",minecraft:oxidized_copper_trapdoor,"{'facing': 'north', 'half': 'bottom', 'open': 'false', 'powered': 'false', 'waterlogged': 'false'}",
"(11, 7, 1)",minecraft:spruce_fence,"{'east': 'false', 'north': 'false', 'south': 'true', 'waterlogged': 'false', 'west': 'false'}",
"(13, 7, 1)",minecraft:oxidized_copper_trapdoor,"{'facing': 'north', 'half': 'bottom', 'open': 'false', 'powered': 'false', 'waterlogged': 'false'}",
"(15, 7, 1)",minecraft:spruce_fence,"{'east': 'false', 'north': 'false', 'south': 'true', 'waterlogged': 'false', 'west': 'false'}",
"(6, 7, 2)",minecraft:spruce_fence,"{'east': 'true', 'north': 'false', 'south': 'false', 'waterlogged': 'false', 'west': 'false'}",
"(7, 7, 2)",minecraft:stripped_dark_oak_wood,{'axis': 'y'},
"(8, 7, 2)",minecraft:brown_wool,{},
"(9, 7, 2)",minecraft:brown_wool,{},
"(10, 7, 2)",minecraft:brown_wool,{},
"(11, 7, 2)",minecraft:stripped_dark_oak_wood,{'axis': 'y'},
"(12, 7, 2)",minecraft:brown_wool,{},
"(13, 7, 2)",minecraft:brown_wool,{},
"(14, 7, 2)",minecraft:brown_wool,{},
"(15, 7, 2)",minecraft:stripped_dark_oak_wood,{'axis': 'y'},
"(16, 7, 2)",minecraft:spruce_fence,"{'east': 'false', 'north': 'false', 'south': 'false', 'waterlogged': 'false', 'west': 'true'}",
"(7, 7, 3)",minecraft:brown_wool,{},
"(11, 7, 3)",minecraft:oak_trapdoor,"{'facing': 'east', 'half': 'bottom', 'open': 'true', 'powered': 'false', 'waterlogged': 'false'}",
"(14, 7, 3)",minecraft:potted_birch_sapling,{},
"(15, 7, 3)",minecraft:brown_wool,{},
"(6, 7, 4)",minecraft:oxidized_copper_trapdoor,"{'facing': 'west', 'half': 'bottom', 'open': 'false', 'powered': 'false', 'waterlogged': 'false'}",
"(7, 7, 4)",minecraft:brown_wool,{},
"(11, 7, 4)",minecraft:oak_trapdoor,"{'facing': 'east', 'half': 'bottom', 'open': 'true', 'powered': 'false', 'waterlogged': 'false'}",
"(15, 7, 4)",minecraft:brown_wool,{},
"(16, 7, 4)",minecraft:oxidized_copper_trapdoor,"{'facing': 'east', 'half': 'bottom', 'open': 'false', 'powered': 'false', 'waterlogged': 'false'}",
"(3, 7, 5)",minecraft:spruce_fence,"{'east': 'false', 'north': 'false', 'south': 'true', 'waterlogged': 'false', 'west': 'false'}",
"(7, 7, 5)",minecraft:brown_wool,{},
"(11, 7, 5)",minecraft:oak_trapdoor,"{'facing': 'east', 'half': 'top', 'open': 'true', 'powered': 'false', 'waterlogged': 'false'}",
"(14, 7, 5)",minecraft:lantern,"{'hanging': 'false', 'waterlogged': 'false'}",
"(15, 7, 5)",minecraft:brown_wool,{},
"(2, 7, 6)",minecraft:spruce_fence,"{'east': 'true', 'north': 'false', 'south': 'false', 'waterlogged': 'false', 'west': 'false'}",
"(3, 7, 6)",minecraft:stripped_dark_oak_wood,{'axis': 'y'},
"(4, 7, 6)",minecraft:brown_wool,{},
"(5, 7, 6)",minecraft:brown_wool,{},
"(6, 7, 6)",minecraft:brown_wool,{},
"(7, 7, 6)",minecraft:stripped_dark_oak_wood,{'axis': 'y'},
"(8, 7, 6)",minecraft:brown_wool,{},
"(9, 7, 6)",minecraft:brown_wool,{},
"(10, 7, 6)",minecraft:brown_wool,{},
"(11, 7, 6)",minecraft:stripped_dark_oak_wood,{'axis': 'y'},
"(12, 7, 6)",minecraft:brown_wool,{},
"(13, 7, 6)",minecraft:brown_wool,{},
"(14, 7, 6)",minecraft:brown_wool,{},
"(15, 7, 6)",minecraft:stripped_dark_oak_wood,{'axis': 'y'},
"(16, 7, 6)",minecraft:dark_oak_fence,"{'east': 'false', 'north': 'false', 'south': 'false', 'waterlogged': 'false', 'west': 'true'}",
"(3, 7, 7)",minecraft:brown_wool,{},
"(7, 7, 7)",minecraft:oak_trapdoor,"{'facing': 'east', 'half': 'bottom', 'open': 'true', 'powered': 'false', 'waterlogged': 'false'}",
"(8, 7, 7)",minecraft:barrel,"{'facing': 'west', 'open': 'false'}","{components: {}, Items: [], id: ""minecraft:barrel""}"
"(9, 7, 7)",minecraft:spruce_trapdoor,"{'facing': 'east', 'half': 'bottom', 'open': 'true', 'powered': 'false', 'waterlogged': 'false'}",
"(10, 7, 7)",minecraft:barrel,"{'facing': 'west', 'open': 'false'}","{components: {}, Items: [], id: ""minecraft:barrel""}"
"(11, 7, 7)",minecraft:jungle_trapdoor,"{'facing': 'east', 'half': 'bottom', 'open': 'true', 'powered': 'false', 'waterlogged': 'false'}",
"(12, 7, 7)",minecraft:barrel,"{'facing': 'west', 'open': 'false'}","{components: {}, Items: [], id: ""minecraft:barrel""}"
"(13, 7, 7)",minecraft:oak_trapdoor,"{'facing': 'east', 'half': 'bottom', 'open': 'true', 'powered': 'false', 'waterlogged': 'false'}",
"(14, 7, 7)",minecraft:barrel,"{'facing': 'west', 'open': 'false'}","{components: {}, Items: [], id: ""minecraft:barrel""}"
"(15, 7, 7)",minecraft:brown_wool,{},
"(2, 7, 8)",minecraft:oxidized_copper_trapdoor,"{'facing': 'west', 'half': 'bottom', 'open': 'false', 'powered': 'false', 'waterlogged': 'false'}",
"(3, 7, 8)",minecraft:brown_wool,{},
"(6, 7, 8)",minecraft:spruce_stairs,"{'facing': 'east', 'half': 'bottom', 'shape': 'straight', 'waterlogged': 'false'}",
"(7, 7, 8)",minecraft:oak_trapdoor,"{'facing': 'east', 'half': 'bottom', 'open': 'true', 'powered': 'false', 'waterlogged': 'false'}",
"(8, 7, 8)",minecraft:potted_lily_of_the_valley,{},
"(9, 7, 8)",minecraft:jungle_trapdoor,"{'facing': 'east', 'half': 'bottom', 'open': 'true', 'powered': 'false', 'waterlogged': 'false'}",
"(10, 7, 8)",minecraft:potted_orange_tulip,{},
"(11, 7, 8)",minecraft:oak_trapdoor,"{'facing': 'east', 'half': 'bottom', 'open': 'true', 'powered': 'false', 'waterlogged': 'false'}",
"(12, 7, 8)",minecraft:potted_azure_bluet,{},
"(13, 7, 8)",minecraft:spruce_trapdoor,"{'facing': 'east', 'half': 'bottom', 'open': 'true', 'powered': 'false', 'waterlogged': 'false'}",
"(14, 7, 8)",minecraft:potted_pink_tulip,{},
"(15, 7, 8)",minecraft:brown_wool,{},
"(16, 7, 8)",minecraft:oxidized_copper_trapdoor,"{'facing': 'east', 'half': 'bottom', 'open': 'false', 'powered': 'false', 'waterlogged': 'false'}",
"(3, 7, 9)",minecraft:brown_wool,{},
"(5, 7, 9)",minecraft:oak_trapdoor,"{'facing': 'south', 'half': 'top', 'open': 'true', 'powered': 'false', 'waterlogged': 'false'}",
"(6, 7, 9)",minecraft:oak_trapdoor,"{'facing': 'south', 'half': 'bottom', 'open': 'true', 'powered': 'false', 'waterlogged': 'false'}",
"(7, 7, 9)",minecraft:jungle_trapdoor,"{'facing': 'east', 'half': 'bottom', 'open': 'true', 'powered': 'false', 'waterlogged': 'false'}",
"(8, 7, 9)",minecraft:spruce_trapdoor,"{'facing': 'north', 'half': 'bottom', 'open': 'true', 'powered': 'false', 'waterlogged': 'false'}",
"(9, 7, 9)",minecraft:oak_trapdoor,"{'facing': 'east', 'half': 'bottom', 'open': 'true', 'powered': 'false', 'waterlogged': 'false'}",
"(10, 7, 9)",minecraft:jungle_trapdoor,"{'facing': 'north', 'half': 'bottom', 'open': 'true', 'powered': 'false', 'waterlogged': 'false'}",
"(11, 7, 9)",minecraft:spruce_trapdoor,"{'facing': 'east', 'half': 'bottom', 'open': 'true', 'powered': 'false', 'waterlogged': 'false'}",
"(12, 7, 9)",minecraft:spruce_trapdoor,"{'facing': 'north', 'half': 'bottom', 'open': 'true', 'powered': 'false', 'waterlogged': 'false'}",
"(13, 7, 9)",minecraft:oak_trapdoor,"{'facing': 'east', 'half': 'bottom', 'open': 'true', 'powered': 'false', 'waterlogged': 'false'}",
"(14, 7, 9)",minecraft:oak_trapdoor,"{'facing': 'north', 'half': 'bottom', 'open': 'true', 'powered': 'false', 'waterlogged': 'false'}",
"(15, 7, 9)",minecraft:brown_wool,{},
"(2, 7, 10)",minecraft:dark_oak_fence,"{'east': 'true', 'north': 'false', 'south': 'false', 'waterlogged': 'false', 'west': 'false'}",
"(3, 7, 10)",minecraft:stripped_dark_oak_wood,{'axis': 'y'},
"(6, 7, 10)",minecraft:lantern,"{'hanging': 'true', 'waterlogged': 'false'}",
"(10, 7, 10)",minecraft:lantern,"{'hanging': 'true', 'waterlogged': 'false'}",
"(15, 7, 10)",minecraft:stripped_dark_oak_wood,{'axis': 'y'},
"(16, 7, 10)",minecraft:dark_oak_fence,"{'east': 'false', 'north': 'false', 'south': 'true', 'waterlogged': 'false', 'west': 'true'}",
"(3, 7, 11)",minecraft:brown_wool,{},
"(5, 7, 11)",minecraft:oak_trapdoor,"{'facing': 'east', 'half': 'bottom', 'open': 'true', 'powered': 'false', 'waterlogged': 'false'}",
"(6, 7, 11)",minecraft:spruce_trapdoor,"{'facing': 'south', 'half': 'bottom', 'open': 'true', 'powered': 'false', 'waterlogged': 'false'}",
"(7, 7, 11)",minecraft:oak_trapdoor,"{'facing': 'east', 'half': 'bottom', 'open': 'true', 'powered': 'false', 'waterlogged': 'false'}",
"(8, 7, 11)",minecraft:spruce_trapdoor,"{'facing': 'south', 'half': 'bottom', 'open': 'true', 'powered': 'false', 'waterlogged': 'false'}",
"(9, 7, 11)",minecraft:oak_trapdoor,"{'facing': 'east', 'half': 'bottom', 'open': 'true', 'powered': 'false', 'waterlogged': 'false'}",
"(10, 7, 11)",minecraft:oak_trapdoor,"{'facing': 'south', 'half': 'bottom', 'open': 'true', 'powered': 'false', 'waterlogged': 'false'}",
"(11, 7, 11)",minecraft:jungle_trapdoor,"{'facing': 'east', 'half': 'bottom', 'open': 'true', 'powered': 'false', 'waterlogged': 'false'}",
"(12, 7, 11)",minecraft:oak_trapdoor,"{'facing': 'south', 'half': 'bottom', 'open': 'true', 'powered': 'false', 'waterlogged': 'false'}",
"(13, 7, 11)",minecraft:oak_trapdoor,"{'facing': 'east', 'half': 'bottom', 'open': 'true', 'powered': 'false', 'waterlogged': 'false'}",
"(14, 7, 11)",minecraft:jungle_trapdoor,"{'facing': 'south', 'half': 'bottom', 'open': 'true', 'powered': 'false', 'waterlogged': 'false'}",
"(15, 7, 11)",minecraft:brown_wool,{},
"(16, 7, 11)",minecraft:tuff,{},
"(3, 7, 12)",minecraft:brown_wool,{},
"(5, 7, 12)",minecraft:oak_trapdoor,"{'facing': 'east', 'half': 'bottom', 'open': 'true', 'powered': 'false', 'waterlogged': 'false'}",
"(6, 7, 12)",minecraft:potted_mangrove_propagule,{},
"(7, 7, 12)",minecraft:spruce_trapdoor,"{'facing': 'east', 'half': 'bottom', 'open': 'true', 'powered': 'false', 'waterlogged': 'false'}",
"(8, 7, 12)",minecraft:potted_azalea_bush,{},
"(9, 7, 12)",minecraft:spruce_trapdoor,"{'facing': 'east', 'half': 'bottom', 'open': 'true', 'powered': 'false', 'waterlogged': 'false'}",
"(10, 7, 12)",minecraft:potted_torchflower,{},
"(11, 7, 12)",minecraft:jungle_trapdoor,"{'facing': 'east', 'half': 'bottom', 'open': 'true', 'powered': 'false', 'waterlogged': 'false'}",
"(12, 7, 12)",minecraft:potted_poppy,{},
"(13, 7, 12)",minecraft:jungle_trapdoor,"{'facing': 'east', 'half': 'bottom', 'open': 'true', 'powered': 'false', 'waterlogged': 'false'}",
"(14, 7, 12)",minecraft:potted_bamboo,{},
"(15, 7, 12)",minecraft:brown_wool,{},
"(16, 7, 12)",minecraft:tuff,{},
"(3, 7, 13)",minecraft:brown_wool,{},
"(4, 7, 13)",minecraft:cartography_table,{},
"(5, 7, 13)",minecraft:jungle_trapdoor,"{'facing': 'east', 'half': 'bottom', 'open': 'true', 'powered': 'false', 'waterlogged': 'false'}",
"(6, 7, 13)",minecraft:barrel,"{'facing': 'west', 'open': 'false'}","{components: {}, Items: [], id: ""minecraft:barrel""}"
"(7, 7, 13)",minecraft:spruce_trapdoor,"{'facing': 'east', 'half': 'bottom', 'open': 'true', 'powered': 'false', 'waterlogged': 'false'}",
"(8, 7, 13)",minecraft:barrel,"{'facing': 'west', 'open': 'false'}","{components: {}, Items: [], id: ""minecraft:barrel""}"
"(9, 7, 13)",minecraft:oak_trapdoor,"{'facing': 'east', 'half': 'bottom', 'open': 'true', 'powered': 'false', 'waterlogged': 'false'}",
"(10, 7, 13)",minecraft:barrel,"{'facing': 'west', 'open': 'false'}","{components: {}, Items: [], id: ""minecraft:barrel""}"
"(11, 7, 13)",minecraft:oak_trapdoor,"{'facing': 'east', 'half': 'bottom', 'open': 'true', 'powered': 'false', 'waterlogged': 'false'}",
"(12, 7, 13)",minecraft:barrel,"{'facing': 'west', 'open': 'false'}","{components: {}, Items: [], id: ""minecraft:barrel""}"
"(13, 7, 13)",minecraft:oak_trapdoor,"{'facing': 'east', 'half': 'bottom', 'open': 'true', 'powered': 'false', 'waterlogged': 'false'}",
"(14, 7, 13)",minecraft:barrel,"{'facing': 'west', 'open': 'false'}","{components: {}, Items: [], id: ""minecraft:barrel""}"
"(15, 7, 13)",minecraft:terracotta,{},
"(16, 7, 13)",minecraft:tuff_wall,"{'east': 'none', 'north': 'tall', 'south': 'none', 'up': 'true', 'waterlogged': 'false', 'west': 'tall'}",
"(2, 7, 14)",minecraft:dark_oak_fence,"{'east': 'true', 'north': 'false', 'south': 'false', 'waterlogged': 'false', 'west': 'false'}",
"(3, 7, 14)",minecraft:stripped_dark_oak_wood,{'axis': 'y'},
"(4, 7, 14)",minecraft:brown_wool,{},
"(5, 7, 14)",minecraft:brown_wool,{},
"(6, 7, 14)",minecraft:brown_wool,{},
"(7, 7, 14)",minecraft:stripped_dark_oak_wood,{'axis': 'y'},
"(8, 7, 14)",minecraft:brown_wool,{},
"(9, 7, 14)",minecraft:brown_wool,{},
"(10, 7, 14)",minecraft:brown_wool,{},
"(11, 7, 14)",minecraft:stripped_dark_oak_wood,{'axis': 'y'},
"(12, 7, 14)",minecraft:brown_wool,{},
"(13, 7, 14)",minecraft:brown_wool,{},
"(14, 7, 14)",minecraft:brown_wool,{},
"(15, 7, 14)",minecraft:stripped_dark_oak_wood,{'axis': 'y'},
"(16, 7, 14)",minecraft:dark_oak_fence,"{'east': 'false', 'north': 'false', 'south': 'false', 'waterlogged': 'false', 'west': 'true'}",
"(3, 7, 15)",minecraft:dark_oak_fence,"{'east': 'false', 'north': 'true', 'south': 'false', 'waterlogged': 'false', 'west': 'false'}",
"(5, 7, 15)",minecraft:oxidized_copper_trapdoor,"{'facing': 'south', 'half': 'bottom', 'open': 'false', 'powered': 'false', 'waterlogged': 'false'}",
"(7, 7, 15)",minecraft:dark_oak_fence,"{'east': 'false', 'north': 'true', 'south': 'false', 'waterlogged': 'false', 'west': 'false'}",
"(11, 7, 15)",minecraft:dark_oak_fence,"{'east': 'false', 'north': 'true', 'south': 'false', 'waterlogged': 'false', 'west': 'false'}",
"(13, 7, 15)",minecraft:oxidized_copper_trapdoor,"{'facing': 'south', 'half': 'bottom', 'open': 'false', 'powered': 'false', 'waterlogged': 'false'}",
"(15, 7, 15)",minecraft:dark_oak_fence,"{'east': 'false', 'north': 'true', 'south': 'false', 'waterlogged': 'false', 'west': 'false'}",
"(6, 8, 0)",minecraft:mud_brick_slab,"{'type': 'top', 'waterlogged': 'false'}",
"(7, 8, 0)",minecraft:mud_brick_slab,"{'type': 'top', 'waterlogged': 'false'}",
"(8, 8, 0)",minecraft:mud_brick_slab,"{'type': 'top', 'waterlogged': 'false'}",
"(9, 8, 0)",minecraft:mud_brick_slab,"{'type': 'top', 'waterlogged': 'false'}",
"(10, 8, 0)",minecraft:mud_brick_slab,"{'type': 'top', 'waterlogged': 'false'}",
"(11, 8, 0)",minecraft:mud_brick_slab,"{'type': 'top', 'waterlogged': 'false'}",
"(12, 8, 0)",minecraft:mud_brick_slab,"{'type': 'top', 'waterlogged': 'false'}",
"(13, 8, 0)",minecraft:mud_brick_slab,"{'type': 'top', 'waterlogged': 'false'}",
"(14, 8, 0)",minecraft:mud_brick_slab,"{'type': 'top', 'waterlogged': 'false'}",
"(15, 8, 0)",minecraft:mud_brick_slab,"{'type': 'top', 'waterlogged': 'false'}",
"(16, 8, 0)",minecraft:mud_brick_slab,"{'type': 'top', 'waterlogged': 'false'}",
"(6, 8, 1)",minecraft:mud_brick_slab,"{'type': 'top', 'waterlogged': 'false'}",
"(7, 8, 1)",minecraft:oak_log,{'axis': 'z'},
"(8, 8, 1)",minecraft:dark_oak_stairs,"{'facing': 'south', 'half': 'top', 'shape': 'straight', 'waterlogged': 'false'}",
"(9, 8, 1)",minecraft:dark_oak_slab,"{'type': 'top', 'waterlogged': 'false'}",
"(10, 8, 1)",minecraft:dark_oak_stairs,"{'facing': 'south', 'half': 'top', 'shape': 'straight', 'waterlogged': 'false'}",
"(11, 8, 1)",minecraft:oak_log,{'axis': 'z'},
"(12, 8, 1)",minecraft:dark_oak_stairs,"{'facing': 'south', 'half': 'top', 'shape': 'straight', 'waterlogged': 'false'}",
"(13, 8, 1)",minecraft:dark_oak_slab,"{'type': 'top', 'waterlogged': 'false'}",
"(14, 8, 1)",minecraft:dark_oak_stairs,"{'facing': 'south', 'half': 'top', 'shape': 'straight', 'waterlogged': 'false'}",
"(15, 8, 1)",minecraft:oak_log,{'axis': 'z'},
"(16, 8, 1)",minecraft:mud_brick_slab,"{'type': 'top', 'waterlogged': 'false'}",
"(6, 8, 2)",minecraft:oak_log,{'axis': 'x'},
"(7, 8, 2)",minecraft:oak_log,{'axis': 'y'},
"(8, 8, 2)",minecraft:stripped_dark_oak_wood,{'axis': 'x'},
"(9, 8, 2)",minecraft:stripped_dark_oak_wood,{'axis': 'x'},
"(10, 8, 2)",minecraft:stripped_dark_oak_wood,{'axis': 'x'},
"(11, 8, 2)",minecraft:stripped_dark_oak_wood,{'axis': 'x'},
"(12, 8, 2)",minecraft:stripped_dark_oak_wood,{'axis': 'x'},
"(13, 8, 2)",minecraft:stripped_dark_oak_wood,{'axis': 'x'},
"(14, 8, 2)",minecraft:stripped_dark_oak_wood,{'axis': 'x'},
"(15, 8, 2)",minecraft:oak_log,{'axis': 'y'},
"(16, 8, 2)",minecraft:oak_log,{'axis': 'x'},
"(6, 8, 3)",minecraft:spruce_stairs,"{'facing': 'east', 'half': 'top', 'shape': 'straight', 'waterlogged': 'false'}",
"(7, 8, 3)",minecraft:stripped_dark_oak_wood,{'axis': 'z'},
"(8, 8, 3)",minecraft:spruce_slab,"{'type': 'top', 'waterlogged': 'false'}",
"(9, 8, 3)",minecraft:spruce_stairs,"{'facing': 'north', 'half': 'top', 'shape': 'straight', 'waterlogged': 'false'}",
"(10, 8, 3)",minecraft:spruce_slab,"{'type': 'top', 'waterlogged': 'false'}",
"(11, 8, 3)",minecraft:stripped_dark_oak_wood,{'axis': 'z'},
"(12, 8, 3)",minecraft:spruce_stairs,"{'facing': 'north', 'half': 'top', 'shape': 'inner_left', 'waterlogged': 'false'}",
"(13, 8, 3)",minecraft:spruce_slab,"{'type': 'top', 'waterlogged': 'false'}",
"(14, 8, 3)",minecraft:spruce_slab,"{'type': 'top', 'waterlogged': 'false'}",
"(15, 8, 3)",minecraft:stripped_dark_oak_wood,{'axis': 'z'},
"(16, 8, 3)",minecraft:dark_oak_stairs,"{'facing': 'west', 'half': 'top', 'shape': 'straight', 'waterlogged': 'false'}",
"(6, 8, 4)",minecraft:dark_oak_slab,"{'type': 'top', 'waterlogged': 'false'}",
"(7, 8, 4)",minecraft:stripped_dark_oak_wood,{'axis': 'z'},
"(8, 8, 4)",minecraft:spruce_slab,"{'type': 'top', 'waterlogged': 'false'}",
"(9, 8, 4)",minecraft:spruce_trapdoor,"{'facing': 'east', 'half': 'top', 'open': 'false', 'powered': 'false', 'waterlogged': 'false'}",
"(10, 8, 4)",minecraft:spruce_slab,"{'type': 'top', 'waterlogged': 'false'}",
"(11, 8, 4)",minecraft:mangrove_wood,{'axis': 'z'},
"(12, 8, 4)",minecraft:spruce_stairs,"{'facing': 'west', 'half': 'top', 'shape': 'straight', 'waterlogged': 'false'}",
"(13, 8, 4)",minecraft:spruce_trapdoor,"{'facing': 'west', 'half': 'top', 'open': 'false', 'powered': 'false', 'waterlogged': 'false'}",
"(14, 8, 4)",minecraft:spruce_slab,"{'type': 'top', 'waterlogged': 'false'}",
"(15, 8, 4)",minecraft:stripped_dark_oak_wood,{'axis': 'z'},
"(16, 8, 4)",minecraft:dark_oak_slab,"{'type': 'top', 'waterlogged': 'false'}",
"(3, 8, 5)",minecraft:oak_log,{'axis': 'z'},
"(4, 8, 5)",minecraft:spruce_stairs,"{'facing': 'south', 'half': 'top', 'shape': 'straight', 'waterlogged': 'false'}",
"(5, 8, 5)",minecraft:dark_oak_slab,"{'type': 'top', 'waterlogged': 'false'}",
"(6, 8, 5)",minecraft:dark_oak_stairs,"{'facing': 'south', 'half': 'top', 'shape': 'straight', 'waterlogged': 'false'}",
"(7, 8, 5)",minecraft:stripped_dark_oak_wood,{'axis': 'z'},
"(8, 8, 5)",minecraft:spruce_stairs,"{'facing': 'south', 'half': 'top', 'shape': 'straight', 'waterlogged': 'false'}",
"(9, 8, 5)",minecraft:spruce_stairs,"{'facing': 'south', 'half': 'top', 'shape': 'straight', 'waterlogged': 'false'}",
"(10, 8, 5)",minecraft:spruce_slab,"{'type': 'top', 'waterlogged': 'false'}",
"(11, 8, 5)",minecraft:mangrove_wood,{'axis': 'z'},
"(12, 8, 5)",minecraft:spruce_slab,"{'type': 'top', 'waterlogged': 'false'}",
"(13, 8, 5)",minecraft:spruce_slab,"{'type': 'top', 'waterlogged': 'false'}",
"(14, 8, 5)",minecraft:spruce_stairs,"{'facing': 'east', 'half': 'top', 'shape': 'straight', 'waterlogged': 'false'}",
"(15, 8, 5)",minecraft:stripped_dark_oak_wood,{'axis': 'z'},
"(16, 8, 5)",minecraft:spruce_stairs,"{'facing': 'west', 'half': 'top', 'shape': 'straight', 'waterlogged': 'false'}",
"(2, 8, 6)",minecraft:oak_log,{'axis': 'x'},
"(3, 8, 6)",minecraft:oak_log,{'axis': 'y'},
"(4, 8, 6)",minecraft:stripped_dark_oak_wood,{'axis': 'x'},
"(5, 8, 6)",minecraft:stripped_dark_oak_wood,{'axis': 'x'},
"(6, 8, 6)",minecraft:stripped_dark_oak_wood,{'axis': 'x'},
"(7, 8, 6)",minecraft:stripped_dark_oak_wood,{'axis': 'y'},
"(8, 8, 6)",minecraft:stripped_dark_oak_wood,{'axis': 'x'},
"(9, 8, 6)",minecraft:stripped_dark_oak_wood,{'axis': 'x'},
"(10, 8, 6)",minecraft:stripped_dark_oak_wood,{'axis': 'x'},
"(11, 8, 6)",minecraft:stripped_dark_oak_wood,{'axis': 'x'},
"(12, 8, 6)",minecraft:stripped_dark_oak_wood,{'axis': 'x'},
"(13, 8, 6)",minecraft:stripped_dark_oak_wood,{'axis': 'x'},
"(14, 8, 6)",minecraft:stripped_dark_oak_wood,{'axis': 'x'},
"(15, 8, 6)",minecraft:oak_log,{'axis': 'y'},
"(16, 8, 6)",minecraft:oak_log,{'axis': 'x'},
"(2, 8, 7)",minecraft:dark_oak_stairs,"{'facing': 'east', 'half': 'top', 'shape': 'straight', 'waterlogged': 'false'}",
"(3, 8, 7)",minecraft:stripped_dark_oak_wood,{'axis': 'z'},
"(4, 8, 7)",minecraft:petrified_oak_slab,"{'type': 'top', 'waterlogged': 'false'}",
"(5, 8, 7)",minecraft:petrified_oak_slab,"{'type': 'top', 'waterlogged': 'false'}",
"(6, 8, 7)",minecraft:petrified_oak_slab,"{'type': 'top', 'waterlogged': 'false'}",
"(7, 8, 7)",minecraft:stripped_dark_oak_wood,{'axis': 'z'},
"(8, 8, 7)",minecraft:petrified_oak_slab,"{'type': 'top', 'waterlogged': 'false'}",
"(9, 8, 7)",minecraft:petrified_oak_slab,"{'type': 'top', 'waterlogged': 'false'}",
"(10, 8, 7)",minecraft:petrified_oak_slab,"{'type': 'top', 'waterlogged': 'false'}",
"(11, 8, 7)",minecraft:mangrove_wood,{'axis': 'z'},
"(12, 8, 7)",minecraft:oak_stairs,"{'facing': 'east', 'half': 'top', 'shape': 'straight', 'waterlogged': 'false'}",
"(13, 8, 7)",minecraft:oak_stairs,"{'facing': 'west', 'half': 'top', 'shape': 'straight', 'waterlogged': 'false'}",
"(14, 8, 7)",minecraft:petrified_oak_slab,"{'type': 'top', 'waterlogged': 'false'}",
"(15, 8, 7)",minecraft:stripped_dark_oak_wood,{'axis': 'z'},
"(16, 8, 7)",minecraft:dark_oak_stairs,"{'facing': 'west', 'half': 'top', 'shape': 'straight', 'waterlogged': 'false'}",
"(2, 8, 8)",minecraft:spruce_slab,"{'type': 'top', 'waterlogged': 'false'}",
"(3, 8, 8)",minecraft:stripped_dark_oak_wood,{'axis': 'z'},
"(6, 8, 8)",minecraft:spruce_trapdoor,"{'facing': 'west', 'half': 'bottom', 'open': 'true', 'powered': 'false', 'waterlogged': 'false'}",
"(7, 8, 8)",minecraft:mangrove_wood,{'axis': 'z'},
"(8, 8, 8)",minecraft:petrified_oak_slab,"{'type': 'top', 'waterlogged': 'false'}",
"(9, 8, 8)",minecraft:petrified_oak_slab,"{'type': 'top', 'waterlogged': 'false'}",
"(10, 8, 8)",minecraft:petrified_oak_slab,"{'type': 'top', 'waterlogged': 'false'}",
"(11, 8, 8)",minecraft:stripped_dark_oak_wood,{'axis': 'z'},
"(12, 8, 8)",minecraft:oak_stairs,"{'facing': 'east', 'half': 'top', 'shape': 'straight', 'waterlogged': 'false'}",
"(13, 8, 8)",minecraft:oak_stairs,"{'facing': 'west', 'half': 'top', 'shape': 'straight', 'waterlogged': 'false'}",
"(14, 8, 8)",minecraft:petrified_oak_slab,"{'type': 'top', 'waterlogged': 'false'}",
"(15, 8, 8)",minecraft:stripped_dark_oak_wood,{'axis': 'z'},
"(16, 8, 8)",minecraft:dark_oak_slab,"{'type': 'top', 'waterlogged': 'false'}",
"(2, 8, 9)",minecraft:spruce_stairs,"{'facing': 'east', 'half': 'top', 'shape': 'straight', 'waterlogged': 'false'}",
"(3, 8, 9)",minecraft:stripped_dark_oak_wood,{'axis': 'z'},
"(4, 8, 9)",minecraft:petrified_oak_slab,"{'type': 'top', 'waterlogged': 'false'}",
"(5, 8, 9)",minecraft:petrified_oak_slab,"{'type': 'top', 'waterlogged': 'false'}",
"(6, 8, 9)",minecraft:petrified_oak_slab,"{'type': 'top', 'waterlogged': 'false'}",
"(7, 8, 9)",minecraft:mangrove_wood,{'axis': 'z'},
"(8, 8, 9)",minecraft:petrified_oak_slab,"{'type': 'top', 'waterlogged': 'false'}",
"(9, 8, 9)",minecraft:petrified_oak_slab,"{'type': 'top', 'waterlogged': 'false'}",
"(10, 8, 9)",minecraft:petrified_oak_slab,"{'type': 'top', 'waterlogged': 'false'}",
"(11, 8, 9)",minecraft:stripped_dark_oak_wood,{'axis': 'z'},
"(12, 8, 9)",minecraft:oak_stairs,"{'facing': 'east', 'half': 'top', 'shape': 'straight', 'waterlogged': 'false'}",
"(13, 8, 9)",minecraft:oak_stairs,"{'facing': 'west', 'half': 'top', 'shape': 'straight', 'waterlogged': 'false'}",
"(14, 8, 9)",minecraft:petrified_oak_slab,"{'type': 'top', 'waterlogged': 'false'}",
"(15, 8, 9)",minecraft:stripped_dark_oak_wood,{'axis': 'z'},
"(16, 8, 9)",minecraft:dark_oak_stairs,"{'facing': 'west', 'half': 'top', 'shape': 'straight', 'waterlogged': 'false'}",
"(2, 8, 10)",minecraft:oak_log,{'axis': 'x'},
"(3, 8, 10)",minecraft:oak_log,{'axis': 'y'},
"(4, 8, 10)",minecraft:stripped_dark_oak_wood,{'axis': 'x'},
"(5, 8, 10)",minecraft:stripped_dark_oak_wood,{'axis': 'x'},
"(6, 8, 10)",minecraft:mangrove_wood,{'axis': 'x'},
"(7, 8, 10)",minecraft:stripped_dark_oak_wood,{'axis': 'x'},
"(8, 8, 10)",minecraft:mangrove_wood,{'axis': 'x'},
"(9, 8, 10)",minecraft:mangrove_wood,{'axis': 'x'},
"(10, 8, 10)",minecraft:stripped_dark_oak_wood,{'axis': 'x'},
"(11, 8, 10)",minecraft:mangrove_wood,{'axis': 'x'},
"(12, 8, 10)",minecraft:mangrove_wood,{'axis': 'x'},
"(13, 8, 10)",minecraft:stripped_dark_oak_wood,{'axis': 'x'},
"(14, 8, 10)",minecraft:mangrove_wood,{'axis': 'x'},
"(15, 8, 10)",minecraft:oak_log,{'axis': 'y'},
"(16, 8, 10)",minecraft:oak_log,{'axis': 'x'},
"(2, 8, 11)",minecraft:dark_oak_stairs,"{'facing': 'east', 'half': 'top', 'shape': 'straight', 'waterlogged': 'false'}",
"(3, 8, 11)",minecraft:stripped_dark_oak_wood,{'axis': 'z'},
"(4, 8, 11)",minecraft:petrified_oak_slab,"{'type': 'top', 'waterlogged': 'false'}",
"(5, 8, 11)",minecraft:oak_stairs,"{'facing': 'east', 'half': 'top', 'shape': 'straight', 'waterlogged': 'false'}",
"(6, 8, 11)",minecraft:oak_stairs,"{'facing': 'west', 'half': 'top', 'shape': 'straight', 'waterlogged': 'false'}",
"(7, 8, 11)",minecraft:stripped_dark_oak_wood,{'axis': 'z'},
"(8, 8, 11)",minecraft:oak_stairs,"{'facing': 'east', 'half': 'top', 'shape': 'straight', 'waterlogged': 'false'}",
"(9, 8, 11)",minecraft:oak_stairs,"{'facing': 'west', 'half': 'top', 'shape': 'straight', 'waterlogged': 'false'}",
"(10, 8, 11)",minecraft:oak_stairs,"{'facing': 'east', 'half': 'top', 'shape': 'straight', 'waterlogged': 'false'}",
"(11, 8, 11)",minecraft:stripped_dark_oak_wood,{'axis': 'z'},
"(12, 8, 11)",minecraft:oak_stairs,"{'facing': 'east', 'half': 'top', 'shape': 'straight', 'waterlogged': 'false'}",
"(13, 8, 11)",minecraft:oak_stairs,"{'facing': 'west', 'half': 'top', 'shape': 'straight', 'waterlogged': 'false'}",
"(14, 8, 11)",minecraft:petrified_oak_slab,"{'type': 'top', 'waterlogged': 'false'}",
"(15, 8, 11)",minecraft:stripped_dark_oak_wood,{'axis': 'z'},
"(16, 8, 11)",minecraft:tuff_wall,"{'east': 'none', 'north': 'tall', 'south': 'tall', 'up': 'true', 'waterlogged': 'false', 'west': 'tall'}",
"(2, 8, 12)",minecraft:dark_oak_slab,"{'type': 'top', 'waterlogged': 'false'}",
"(3, 8, 12)",minecraft:stripped_dark_oak_wood,{'axis': 'z'},
"(4, 8, 12)",minecraft:petrified_oak_slab,"{'type': 'top', 'waterlogged': 'false'}",
"(5, 8, 12)",minecraft:oak_stairs,"{'facing': 'east', 'half': 'top', 'shape': 'straight', 'waterlogged': 'false'}",
"(6, 8, 12)",minecraft:oak_stairs,"{'facing': 'west', 'half': 'top', 'shape': 'straight', 'waterlogged': 'false'}",
"(7, 8, 12)",minecraft:mangrove_wood,{'axis': 'z'},
"(8, 8, 12)",minecraft:oak_stairs,"{'facing': 'east', 'half': 'top', 'shape': 'straight', 'waterlogged': 'false'}",
"(9, 8, 12)",minecraft:oak_stairs,"{'facing': 'west', 'half': 'top', 'shape': 'straight', 'waterlogged': 'false'}",
"(10, 8, 12)",minecraft:oak_stairs,"{'facing': 'east', 'half': 'top', 'shape': 'straight', 'waterlogged': 'false'}",
"(11, 8, 12)",minecraft:stripped_dark_oak_wood,{'axis': 'z'},
"(12, 8, 12)",minecraft:oak_stairs,"{'facing': 'east', 'half': 'top', 'shape': 'straight', 'waterlogged': 'false'}",
"(13, 8, 12)",minecraft:oak_stairs,"{'facing': 'west', 'half': 'top', 'shape': 'straight', 'waterlogged': 'false'}",
"(14, 8, 12)",minecraft:petrified_oak_slab,"{'type': 'top', 'waterlogged': 'false'}",
"(15, 8, 12)",minecraft:stripped_dark_oak_wood,{'axis': 'z'},
"(16, 8, 12)",minecraft:tuff,{},
"(2, 8, 13)",minecraft:spruce_stairs,"{'facing': 'east', 'half': 'top', 'shape': 'straight', 'waterlogged': 'false'}",
"(3, 8, 13)",minecraft:stripped_dark_oak_wood,{'axis': 'z'},
"(4, 8, 13)",minecraft:petrified_oak_slab,"{'type': 'top', 'waterlogged': 'false'}",
"(5, 8, 13)",minecraft:oak_stairs,"{'facing': 'east', 'half': 'top', 'shape': 'straight', 'waterlogged': 'false'}",
"(6, 8, 13)",minecraft:oak_stairs,"{'facing': 'west', 'half': 'top', 'shape': 'straight', 'waterlogged': 'false'}",
"(7, 8, 13)",minecraft:stripped_dark_oak_wood,{'axis': 'z'},
"(8, 8, 13)",minecraft:oak_stairs,"{'facing': 'east', 'half': 'top', 'shape': 'straight', 'waterlogged': 'false'}",
"(9, 8, 13)",minecraft:oak_stairs,"{'facing': 'west', 'half': 'top', 'shape': 'straight', 'waterlogged': 'false'}",
"(10, 8, 13)",minecraft:oak_stairs,"{'facing': 'east', 'half': 'top', 'shape': 'straight', 'waterlogged': 'false'}",
"(11, 8, 13)",minecraft:mangrove_wood,{'axis': 'z'},
"(12, 8, 13)",minecraft:oak_stairs,"{'facing': 'east', 'half': 'top', 'shape': 'straight', 'waterlogged': 'false'}",
"(13, 8, 13)",minecraft:oak_stairs,"{'facing': 'west', 'half': 'top', 'shape': 'straight', 'waterlogged': 'false'}",
"(14, 8, 13)",minecraft:petrified_oak_slab,"{'type': 'top', 'waterlogged': 'false'}",
"(15, 8, 13)",minecraft:stripped_dark_oak_wood,{'axis': 'z'},
"(16, 8, 13)",minecraft:cobblestone,{},
"(2, 8, 14)",minecraft:oak_log,{'axis': 'x'},
"(3, 8, 14)",minecraft:oak_log,{'axis': 'y'},
"(4, 8, 14)",minecraft:stripped_dark_oak_wood,{'axis': 'x'},
"(5, 8, 14)",minecraft:stripped_dark_oak_wood,{'axis': 'x'},
"(6, 8, 14)",minecraft:stripped_dark_oak_wood,{'axis': 'x'},
"(7, 8, 14)",minecraft:oak_log,{'axis': 'y'},
"(8, 8, 14)",minecraft:stripped_dark_oak_wood,{'axis': 'x'},
"(9, 8, 14)",minecraft:stripped_dark_oak_wood,{'axis': 'x'},
"(10, 8, 14)",minecraft:stripped_dark_oak_wood,{'axis': 'x'},
"(11, 8, 14)",minecraft:oak_log,{'axis': 'y'},
"(12, 8, 14)",minecraft:stripped_dark_oak_wood,{'axis': 'x'},
"(13, 8, 14)",minecraft:stripped_dark_oak_wood,{'axis': 'x'},
"(14, 8, 14)",minecraft:stripped_dark_oak_wood,{'axis': 'x'},
"(15, 8, 14)",minecraft:oak_log,{'axis': 'y'},
"(16, 8, 14)",minecraft:oak_log,{'axis': 'x'},
"(3, 8, 15)",minecraft:oak_log,{'axis': 'z'},
"(4, 8, 15)",minecraft:dark_oak_stairs,"{'facing': 'north', 'half': 'top', 'shape': 'straight', 'waterlogged': 'false'}",
"(5, 8, 15)",minecraft:dark_oak_slab,"{'type': 'top', 'waterlogged': 'false'}",
"(6, 8, 15)",minecraft:dark_oak_stairs,"{'facing': 'north', 'half': 'top', 'shape': 'straight', 'waterlogged': 'false'}",
"(7, 8, 15)",minecraft:oak_log,{'axis': 'z'},
"(8, 8, 15)",minecraft:dark_oak_stairs,"{'facing': 'north', 'half': 'top', 'shape': 'straight', 'waterlogged': 'false'}",
"(9, 8, 15)",minecraft:dark_oak_slab,"{'type': 'top', 'waterlogged': 'false'}",
"(10, 8, 15)",minecraft:spruce_stairs,"{'facing': 'north', 'half': 'top', 'shape': 'straight', 'waterlogged': 'false'}",
"(11, 8, 15)",minecraft:oak_log,{'axis': 'z'},
"(12, 8, 15)",minecraft:dark_oak_stairs,"{'facing': 'north', 'half': 'top', 'shape': 'straight', 'waterlogged': 'false'}",
"(13, 8, 15)",minecraft:dark_oak_slab,"{'type': 'top', 'waterlogged': 'false'}",
"(14, 8, 15)",minecraft:dark_oak_stairs,"{'facing': 'north', 'half': 'top', 'shape': 'straight', 'waterlogged': 'false'}",
"(15, 8, 15)",minecraft:oak_log,{'axis': 'z'},
"(6, 9, 1)",minecraft:mud_brick_slab,"{'type': 'bottom', 'waterlogged': 'false'}",
"(7, 9, 1)",minecraft:mud_brick_slab,"{'type': 'bottom', 'waterlogged': 'false'}",
"(8, 9, 1)",minecraft:mud_brick_slab,"{'type': 'bottom', 'waterlogged': 'false'}",
"(9, 9, 1)",minecraft:mud_brick_slab,"{'type': 'bottom', 'waterlogged': 'false'}",
"(10, 9, 1)",minecraft:mud_brick_slab,"{'type': 'bottom', 'waterlogged': 'false'}",
"(11, 9, 1)",minecraft:jungle_slab,"{'type': 'bottom', 'waterlogged': 'false'}",
"(12, 9, 1)",minecraft:mud_brick_slab,"{'type': 'bottom', 'waterlogged': 'false'}",
"(13, 9, 1)",minecraft:mud_brick_slab,"{'type': 'bottom', 'waterlogged': 'false'}",
"(14, 9, 1)",minecraft:mud_brick_slab,"{'type': 'bottom', 'waterlogged': 'false'}",
"(15, 9, 1)",minecraft:mud_brick_slab,"{'type': 'bottom', 'waterlogged': 'false'}",
"(16, 9, 1)",minecraft:mud_brick_slab,"{'type': 'bottom', 'waterlogged': 'false'}",
"(6, 9, 2)",minecraft:mud_brick_slab,"{'type': 'double', 'waterlogged': 'false'}",
"(7, 9, 2)",minecraft:packed_mud,{},
"(8, 9, 2)",minecraft:packed_mud,{},
"(9, 9, 2)",minecraft:mud_brick_slab,"{'type': 'double', 'waterlogged': 'false'}",
"(10, 9, 2)",minecraft:mud_brick_slab,"{'type': 'double', 'waterlogged': 'false'}",
"(11, 9, 2)",minecraft:jungle_slab,"{'type': 'double', 'waterlogged': 'false'}",
"(12, 9, 2)",minecraft:jungle_slab,"{'type': 'double', 'waterlogged': 'false'}",
"(13, 9, 2)",minecraft:mud_brick_slab,"{'type': 'double', 'waterlogged': 'false'}",
"(14, 9, 2)",minecraft:packed_mud,{},
"(15, 9, 2)",minecraft:mud_brick_slab,"{'type': 'double', 'waterlogged': 'false'}",
"(16, 9, 2)",minecraft:jungle_slab,"{'type': 'double', 'waterlogged': 'false'}",
"(6, 9, 3)",minecraft:jungle_slab,"{'type': 'top', 'waterlogged': 'false'}",
"(7, 9, 3)",minecraft:brown_wool,{},
"(15, 9, 3)",minecraft:brown_wool,{},
"(16, 9, 3)",minecraft:jungle_slab,"{'type': 'top', 'waterlogged': 'false'}",
"(6, 9, 4)",minecraft:spruce_slab,"{'type': 'bottom', 'waterlogged': 'false'}",
"(7, 9, 4)",minecraft:brown_wool,{},
"(15, 9, 4)",minecraft:brown_wool,{},
"(16, 9, 4)",minecraft:dark_oak_slab,"{'type': 'bottom', 'waterlogged': 'false'}",
"(3, 9, 5)",minecraft:spruce_stairs,"{'facing': 'south', 'half': 'bottom', 'shape': 'straight', 'waterlogged': 'false'}",
"(4, 9, 5)",minecraft:flowering_azalea_leaves,"{'distance': '1', 'persistent': 'true', 'waterlogged': 'false'}",
"(5, 9, 5)",minecraft:dark_oak_slab,"{'type': 'bottom', 'waterlogged': 'false'}",
"(7, 9, 5)",minecraft:brown_wool,{},
"(15, 9, 5)",minecraft:terracotta,{},
"(16, 9, 5)",minecraft:azalea_leaves,"{'distance': '7', 'persistent': 'true', 'waterlogged': 'false'}",
"(2, 9, 6)",minecraft:spruce_stairs,"{'facing': 'east', 'half': 'bottom', 'shape': 'straight', 'waterlogged': 'false'}",
"(3, 9, 6)",minecraft:oak_log,{'axis': 'y'},
"(4, 9, 6)",minecraft:brown_wool,{},
"(5, 9, 6)",minecraft:brown_wool,{},
"(6, 9, 6)",minecraft:terracotta,{},
"(7, 9, 6)",minecraft:mangrove_wood,{'axis': 'y'},
"(8, 9, 6)",minecraft:brown_wool,{},
"(9, 9, 6)",minecraft:terracotta,{},
"(10, 9, 6)",minecraft:terracotta,{},
"(11, 9, 6)",minecraft:mangrove_wood,{'axis': 'y'},
"(12, 9, 6)",minecraft:brown_wool,{},
"(13, 9, 6)",minecraft:terracotta,{},
"(14, 9, 6)",minecraft:terracotta,{},
"(15, 9, 6)",minecraft:oak_log,{'axis': 'y'},
"(16, 9, 6)",minecraft:dark_oak_stairs,"{'facing': 'west', 'half': 'bottom', 'shape': 'straight', 'waterlogged': 'false'}",
"(3, 9, 7)",minecraft:terracotta,{},
"(4, 9, 7)",minecraft:potted_brown_mushroom,{},
"(6, 9, 7)",minecraft:black_candle,"{'candles': '4', 'lit': 'true', 'waterlogged': 'false'}",
"(8, 9, 7)",minecraft:ender_chest,"{'facing': 'south', 'waterlogged': 'false'}","{components: {}, id: ""minecraft:ender_chest""}"
"(9, 9, 7)",minecraft:spruce_trapdoor,"{'facing': 'east', 'half': 'bottom', 'open': 'true', 'powered': 'false', 'waterlogged': 'false'}",
"(10, 9, 7)",minecraft:lime_bed,"{'facing': 'north', 'occupied': 'false', 'part': 'head'}","{components: {}, id: ""minecraft:bed""}"
"(11, 9, 7)",minecraft:spruce_trapdoor,"{'facing': 'east', 'half': 'bottom', 'open': 'true', 'powered': 'false', 'waterlogged': 'false'}",
"(12, 9, 7)",minecraft:light_blue_bed,"{'facing': 'north', 'occupied': 'false', 'part': 'head'}","{components: {}, id: ""minecraft:bed""}"
"(13, 9, 7)",minecraft:spruce_trapdoor,"{'facing': 'east', 'half': 'bottom', 'open': 'true', 'powered': 'false', 'waterlogged': 'false'}",
"(14, 9, 7)",minecraft:lime_bed,"{'facing': 'north', 'occupied': 'false', 'part': 'head'}","{components: {}, id: ""minecraft:bed""}"
"(15, 9, 7)",minecraft:brown_wool,{},
"(2, 9, 8)",minecraft:dark_oak_slab,"{'type': 'bottom', 'waterlogged': 'false'}",
"(3, 9, 8)",minecraft:terracotta,{},
"(7, 9, 8)",minecraft:cyan_carpet,{},
"(8, 9, 8)",minecraft:green_carpet,{},
"(9, 9, 8)",minecraft:spruce_trapdoor,"{'facing': 'east', 'half': 'bottom', 'open': 'true', 'powered': 'false', 'waterlogged': 'false'}",
"(10, 9, 8)",minecraft:lime_bed,"{'facing': 'north', 'occupied': 'false', 'part': 'foot'}","{components: {}, id: ""minecraft:bed""}"
"(11, 9, 8)",minecraft:spruce_trapdoor,"{'facing': 'east', 'half': 'bottom', 'open': 'true', 'powered': 'false', 'waterlogged': 'false'}",
"(12, 9, 8)",minecraft:light_blue_bed,"{'facing': 'north', 'occupied': 'false', 'part': 'foot'}","{components: {}, id: ""minecraft:bed""}"
"(13, 9, 8)",minecraft:oak_trapdoor,"{'facing': 'east', 'half': 'bottom', 'open': 'true', 'powered': 'false', 'waterlogged': 'false'}",
"(14, 9, 8)",minecraft:lime_bed,"{'facing': 'north', 'occupied': 'false', 'part': 'foot'}","{components: {}, id: ""minecraft:bed""}"
"(15, 9, 8)",minecraft:terracotta,{},
"(16, 9, 8)",minecraft:spruce_slab,"{'type': 'bottom', 'waterlogged': 'false'}",
"(3, 9, 9)",minecraft:granite,{},
"(4, 9, 9)",minecraft:oak_trapdoor,"{'facing': 'south', 'half': 'bottom', 'open': 'true', 'powered': 'false', 'waterlogged': 'false'}",
"(5, 9, 9)",minecraft:oak_trapdoor,"{'facing': 'south', 'half': 'bottom', 'open': 'true', 'powered': 'false', 'waterlogged': 'false'}",
"(6, 9, 9)",minecraft:oak_trapdoor,"{'facing': 'south', 'half': 'bottom', 'open': 'true', 'powered': 'false', 'waterlogged': 'false'}",
"(7, 9, 9)",minecraft:green_carpet,{},
"(8, 9, 9)",minecraft:cyan_carpet,{},
"(9, 9, 9)",minecraft:oak_trapdoor,"{'facing': 'east', 'half': 'bottom', 'open': 'true', 'powered': 'false', 'waterlogged': 'false'}",
"(10, 9, 9)",minecraft:spruce_trapdoor,"{'facing': 'north', 'half': 'bottom', 'open': 'true', 'powered': 'false', 'waterlogged': 'false'}",
"(11, 9, 9)",minecraft:oak_trapdoor,"{'facing': 'east', 'half': 'bottom', 'open': 'true', 'powered': 'false', 'waterlogged': 'false'}",
"(12, 9, 9)",minecraft:spruce_trapdoor,"{'facing': 'north', 'half': 'bottom', 'open': 'true', 'powered': 'false', 'waterlogged': 'false'}",
"(13, 9, 9)",minecraft:oak_trapdoor,"{'facing': 'east', 'half': 'bottom', 'open': 'true', 'powered': 'false', 'waterlogged': 'false'}",
"(14, 9, 9)",minecraft:oak_trapdoor,"{'facing': 'north', 'half': 'bottom', 'open': 'true', 'powered': 'false', 'waterlogged': 'false'}",
"(15, 9, 9)",minecraft:granite,{},
"(16, 9, 9)",minecraft:oak_leaves,"{'distance': '7', 'persistent': 'true', 'waterlogged': 'false'}",
"(2, 9, 10)",minecraft:dark_oak_stairs,"{'facing': 'east', 'half': 'bottom', 'shape': 'straight', 'waterlogged': 'false'}",
"(3, 9, 10)",minecraft:oak_log,{'axis': 'y'},
"(7, 9, 10)",minecraft:cyan_carpet,{},
"(8, 9, 10)",minecraft:green_carpet,{},
"(14, 9, 10)",minecraft:scaffolding,"{'bottom': 'false', 'distance': '0', 'waterlogged': 'false'}",
"(15, 9, 10)",minecraft:oak_log,{'axis': 'y'},
"(16, 9, 10)",minecraft:dark_oak_stairs,"{'facing': 'west', 'half': 'bottom', 'shape': 'straight', 'waterlogged': 'false'}",
"(3, 9, 11)",minecraft:terracotta,{},
"(5, 9, 11)",minecraft:oak_trapdoor,"{'facing': 'east', 'half': 'bottom', 'open': 'true', 'powered': 'false', 'waterlogged': 'false'}",
"(6, 9, 11)",minecraft:oak_trapdoor,"{'facing': 'south', 'half': 'bottom', 'open': 'true', 'powered': 'false', 'waterlogged': 'false'}",
"(7, 9, 11)",minecraft:jungle_trapdoor,"{'facing': 'east', 'half': 'bottom', 'open': 'true', 'powered': 'false', 'waterlogged': 'false'}",
"(8, 9, 11)",minecraft:spruce_trapdoor,"{'facing': 'south', 'half': 'bottom', 'open': 'true', 'powered': 'false', 'waterlogged': 'false'}",
"(9, 9, 11)",minecraft:spruce_trapdoor,"{'facing': 'east', 'half': 'bottom', 'open': 'true', 'powered': 'false', 'waterlogged': 'false'}",
"(10, 9, 11)",minecraft:jungle_trapdoor,"{'facing': 'south', 'half': 'bottom', 'open': 'true', 'powered': 'false', 'waterlogged': 'false'}",
"(11, 9, 11)",minecraft:oak_trapdoor,"{'facing': 'east', 'half': 'bottom', 'open': 'true', 'powered': 'false', 'waterlogged': 'false'}",
"(12, 9, 11)",minecraft:jungle_trapdoor,"{'facing': 'south', 'half': 'bottom', 'open': 'true', 'powered': 'false', 'waterlogged': 'false'}",
"(13, 9, 11)",minecraft:oak_trapdoor,"{'facing': 'east', 'half': 'bottom', 'open': 'true', 'powered': 'false', 'waterlogged': 'false'}",
"(14, 9, 11)",minecraft:jungle_trapdoor,"{'facing': 'south', 'half': 'bottom', 'open': 'true', 'powered': 'false', 'waterlogged': 'false'}",
"(15, 9, 11)",minecraft:granite,{},
"(16, 9, 11)",minecraft:mossy_cobblestone,{},
"(2, 9, 12)",minecraft:dark_oak_slab,"{'type': 'bottom', 'waterlogged': 'false'}",
"(3, 9, 12)",minecraft:granite,{},
"(5, 9, 12)",minecraft:spruce_trapdoor,"{'facing': 'east', 'half': 'bottom', 'open': 'true', 'powered': 'false', 'waterlogged': 'false'}",
"(6, 9, 12)",minecraft:cyan_bed,"{'facing': 'south', 'occupied': 'false', 'part': 'foot'}","{components: {}, id: ""minecraft:bed""}"
"(7, 9, 12)",minecraft:jungle_trapdoor,"{'facing': 'east', 'half': 'bottom', 'open': 'true', 'powered': 'false', 'waterlogged': 'false'}",
"(8, 9, 12)",minecraft:green_bed,"{'facing': 'south', 'occupied': 'false', 'part': 'foot'}","{components: {}, id: ""minecraft:bed""}"
"(9, 9, 12)",minecraft:oak_trapdoor,"{'facing': 'east', 'half': 'bottom', 'open': 'true', 'powered': 'false', 'waterlogged': 'false'}",
"(10, 9, 12)",minecraft:cyan_bed,"{'facing': 'south', 'occupied': 'false', 'part': 'foot'}","{components: {}, id: ""minecraft:bed""}"
"(11, 9, 12)",minecraft:spruce_trapdoor,"{'facing': 'east', 'half': 'bottom', 'open': 'true', 'powered': 'false', 'waterlogged': 'false'}",
"(12, 9, 12)",minecraft:green_bed,"{'facing': 'south', 'occupied': 'false', 'part': 'foot'}","{components: {}, id: ""minecraft:bed""}"
"(13, 9, 12)",minecraft:spruce_trapdoor,"{'facing': 'east', 'half': 'bottom', 'open': 'true', 'powered': 'false', 'waterlogged': 'false'}",
"(14, 9, 12)",minecraft:cyan_bed,"{'facing': 'south', 'occupied': 'false', 'part': 'foot'}","{components: {}, id: ""minecraft:bed""}"
"(15, 9, 12)",minecraft:granite,{},
"(16, 9, 12)",minecraft:cobblestone,{},
"(3, 9, 13)",minecraft:granite,{},
"(5, 9, 13)",minecraft:oak_trapdoor,"{'facing': 'east', 'half': 'bottom', 'open': 'true', 'powered': 'false', 'waterlogged': 'false'}",
"(6, 9, 13)",minecraft:cyan_bed,"{'facing': 'south', 'occupied': 'false', 'part': 'head'}","{components: {}, id: ""minecraft:bed""}"
"(7, 9, 13)",minecraft:oak_trapdoor,"{'facing': 'east', 'half': 'bottom', 'open': 'true', 'powered': 'false', 'waterlogged': 'false'}",
"(8, 9, 13)",minecraft:green_bed,"{'facing': 'south', 'occupied': 'false', 'part': 'head'}","{components: {}, id: ""minecraft:bed""}"
"(9, 9, 13)",minecraft:spruce_trapdoor,"{'facing': 'east', 'half': 'bottom', 'open': 'true', 'powered': 'false', 'waterlogged': 'false'}",
"(10, 9, 13)",minecraft:cyan_bed,"{'facing': 'south', 'occupied': 'false', 'part': 'head'}","{components: {}, id: ""minecraft:bed""}"
"(11, 9, 13)",minecraft:oak_trapdoor,"{'facing': 'east', 'half': 'bottom', 'open': 'true', 'powered': 'false', 'waterlogged': 'false'}",
"(12, 9, 13)",minecraft:green_bed,"{'facing': 'south', 'occupied': 'false', 'part': 'head'}","{components: {}, id: ""minecraft:bed""}"
"(13, 9, 13)",minecraft:oak_trapdoor,"{'facing': 'east', 'half': 'bottom', 'open': 'true', 'powered': 'false', 'waterlogged': 'false'}",
"(14, 9, 13)",minecraft:cyan_bed,"{'facing': 'south', 'occupied': 'false', 'part': 'head'}","{components: {}, id: ""minecraft:bed""}"
"(15, 9, 13)",minecraft:terracotta,{},
"(16, 9, 13)",minecraft:tuff_wall,"{'east': 'none', 'north': 'tall', 'south': 'none', 'up': 'true', 'waterlogged': 'false', 'west': 'tall'}",
"(2, 9, 14)",minecraft:dark_oak_stairs,"{'facing': 'east', 'half': 'bottom', 'shape': 'straight', 'waterlogged': 'false'}",
"(3, 9, 14)",minecraft:oak_log,{'axis': 'y'},
"(4, 9, 14)",minecraft:brown_wool,{},
"(5, 9, 14)",minecraft:terracotta,{},
"(6, 9, 14)",minecraft:brown_wool,{},
"(7, 9, 14)",minecraft:mangrove_wood,{'axis': 'y'},
"(8, 9, 14)",minecraft:brown_wool,{},
"(9, 9, 14)",minecraft:terracotta,{},
"(10, 9, 14)",minecraft:brown_wool,{},
"(11, 9, 14)",minecraft:mangrove_wood,{'axis': 'y'},
"(12, 9, 14)",minecraft:terracotta,{},
"(13, 9, 14)",minecraft:brown_wool,{},
"(14, 9, 14)",minecraft:brown_wool,{},
"(15, 9, 14)",minecraft:oak_log,{'axis': 'y'},
"(16, 9, 14)",minecraft:dark_oak_stairs,"{'facing': 'west', 'half': 'bottom', 'shape': 'straight', 'waterlogged': 'false'}",
"(3, 9, 15)",minecraft:dark_oak_stairs,"{'facing': 'north', 'half': 'bottom', 'shape': 'straight', 'waterlogged': 'false'}",
"(5, 9, 15)",minecraft:spruce_slab,"{'type': 'bottom', 'waterlogged': 'false'}",
"(6, 9, 15)",minecraft:oak_leaves,"{'distance': '7', 'persistent': 'true', 'waterlogged': 'false'}",
"(7, 9, 15)",minecraft:dark_oak_stairs,"{'facing': 'north', 'half': 'bottom', 'shape': 'straight', 'waterlogged': 'false'}",
"(9, 9, 15)",minecraft:spruce_slab,"{'type': 'bottom', 'waterlogged': 'false'}",
"(11, 9, 15)",minecraft:dark_oak_stairs,"{'facing': 'north', 'half': 'bottom', 'shape': 'straight', 'waterlogged': 'false'}",
"(12, 9, 15)",minecraft:azalea_leaves,"{'distance': '7', 'persistent': 'true', 'waterlogged': 'false'}",
"(13, 9, 15)",minecraft:dark_oak_slab,"{'type': 'bottom', 'waterlogged': 'false'}",
"(15, 9, 15)",minecraft:dark_oak_stairs,"{'facing': 'north', 'half': 'bottom', 'shape': 'straight', 'waterlogged': 'false'}",
"(6, 10, 3)",minecraft:jungle_slab,"{'type': 'bottom', 'waterlogged': 'false'}",
"(7, 10, 3)",minecraft:mud_brick_slab,"{'type': 'bottom', 'waterlogged': 'false'}",
"(8, 10, 3)",minecraft:mud_brick_slab,"{'type': 'bottom', 'waterlogged': 'false'}",
"(9, 10, 3)",minecraft:mud_brick_slab,"{'type': 'bottom', 'waterlogged': 'false'}",
"(10, 10, 3)",minecraft:jungle_slab,"{'type': 'bottom', 'waterlogged': 'false'}",
"(11, 10, 3)",minecraft:jungle_slab,"{'type': 'bottom', 'waterlogged': 'false'}",
"(12, 10, 3)",minecraft:jungle_slab,"{'type': 'bottom', 'waterlogged': 'false'}",
"(13, 10, 3)",minecraft:mud_brick_slab,"{'type': 'bottom', 'waterlogged': 'false'}",
"(14, 10, 3)",minecraft:mud_brick_slab,"{'type': 'bottom', 'waterlogged': 'false'}",
"(15, 10, 3)",minecraft:jungle_slab,"{'type': 'bottom', 'waterlogged': 'false'}",
"(16, 10, 3)",minecraft:jungle_slab,"{'type': 'bottom', 'waterlogged': 'false'}",
"(6, 10, 4)",minecraft:jungle_slab,"{'type': 'double', 'waterlogged': 'false'}",
"(7, 10, 4)",minecraft:mud_brick_slab,"{'type': 'top', 'waterlogged': 'false'}",
"(8, 10, 4)",minecraft:jungle_slab,"{'type': 'top', 'waterlogged': 'false'}",
"(9, 10, 4)",minecraft:jungle_slab,"{'type': 'top', 'waterlogged': 'false'}",
"(10, 10, 4)",minecraft:mud_brick_slab,"{'type': 'top', 'waterlogged': 'false'}",
"(11, 10, 4)",minecraft:jungle_slab,"{'type': 'top', 'waterlogged': 'false'}",
"(12, 10, 4)",minecraft:jungle_slab,"{'type': 'top', 'waterlogged': 'false'}",
"(13, 10, 4)",minecraft:jungle_slab,"{'type': 'top', 'waterlogged': 'false'}",
"(14, 10, 4)",minecraft:jungle_slab,"{'type': 'top', 'waterlogged': 'false'}",
"(15, 10, 4)",minecraft:mud_brick_slab,"{'type': 'top', 'waterlogged': 'false'}",
"(16, 10, 4)",minecraft:jungle_slab,"{'type': 'double', 'waterlogged': 'false'}",
"(2, 10, 5)",minecraft:stripped_jungle_wood,{'axis': 'y'},
"(3, 10, 5)",minecraft:jungle_planks,{},
"(4, 10, 5)",minecraft:stripped_jungle_wood,{'axis': 'y'},
"(5, 10, 5)",minecraft:jungle_planks,{},
"(6, 10, 5)",minecraft:jungle_planks,{},
"(15, 10, 5)",minecraft:brown_wool,{},
"(16, 10, 5)",minecraft:jungle_slab,"{'type': 'top', 'waterlogged': 'false'}",
"(2, 10, 6)",minecraft:dark_oak_fence,"{'east': 'true', 'north': 'true', 'south': 'false', 'waterlogged': 'false', 'west': 'false'}",
"(3, 10, 6)",minecraft:stripped_dark_oak_wood,{'axis': 'y'},
"(4, 10, 6)",minecraft:brown_wool,{},
"(5, 10, 6)",minecraft:brown_wool,{},
"(6, 10, 6)",minecraft:brown_wool,{},
"(7, 10, 6)",minecraft:stripped_dark_oak_wood,{'axis': 'y'},
"(8, 10, 6)",minecraft:brown_wool,{},
"(9, 10, 6)",minecraft:terracotta,{},
"(10, 10, 6)",minecraft:brown_wool,{},
"(11, 10, 6)",minecraft:stripped_dark_oak_wood,{'axis': 'y'},
"(12, 10, 6)",minecraft:terracotta,{},
"(13, 10, 6)",minecraft:terracotta,{},
"(14, 10, 6)",minecraft:brown_wool,{},
"(15, 10, 6)",minecraft:stripped_dark_oak_wood,{'axis': 'y'},
"(16, 10, 6)",minecraft:dark_oak_fence,"{'east': 'false', 'north': 'false', 'south': 'false', 'waterlogged': 'false', 'west': 'true'}",
"(3, 10, 7)",minecraft:brown_wool,{},
"(9, 10, 7)",minecraft:oak_trapdoor,"{'facing': 'east', 'half': 'bottom', 'open': 'true', 'powered': 'false', 'waterlogged': 'false'}",
"(10, 10, 7)",minecraft:spruce_trapdoor,"{'facing': 'south', 'half': 'top', 'open': 'false', 'powered': 'false', 'waterlogged': 'false'}",
"(11, 10, 7)",minecraft:oak_trapdoor,"{'facing': 'east', 'half': 'bottom', 'open': 'true', 'powered': 'false', 'waterlogged': 'false'}",
"(12, 10, 7)",minecraft:spruce_trapdoor,"{'facing': 'south', 'half': 'top', 'open': 'false', 'powered': 'false', 'waterlogged': 'false'}",
"(13, 10, 7)",minecraft:oak_trapdoor,"{'facing': 'east', 'half': 'bottom', 'open': 'true', 'powered': 'false', 'waterlogged': 'false'}",
"(14, 10, 7)",minecraft:spruce_trapdoor,"{'facing': 'south', 'half': 'top', 'open': 'false', 'powered': 'false', 'waterlogged': 'false'}",
"(15, 10, 7)",minecraft:brown_wool,{},
"(2, 10, 8)",minecraft:oak_fence_gate,"{'facing': 'east', 'in_wall': 'false', 'open': 'true', 'powered': 'false'}",
"(3, 10, 8)",minecraft:white_stained_glass_pane,"{'east': 'false', 'north': 'true', 'south': 'true', 'waterlogged': 'false', 'west': 'false'}",
"(9, 10, 8)",minecraft:jungle_trapdoor,"{'facing': 'east', 'half': 'bottom', 'open': 'true', 'powered': 'false', 'waterlogged': 'false'}",
"(10, 10, 8)",minecraft:spruce_trapdoor,"{'facing': 'south', 'half': 'top', 'open': 'false', 'powered': 'false', 'waterlogged': 'false'}",
"(11, 10, 8)",minecraft:jungle_trapdoor,"{'facing': 'east', 'half': 'bottom', 'open': 'true', 'powered': 'false', 'waterlogged': 'false'}",
"(12, 10, 8)",minecraft:spruce_trapdoor,"{'facing': 'south', 'half': 'top', 'open': 'false', 'powered': 'false', 'waterlogged': 'false'}",
"(13, 10, 8)",minecraft:jungle_trapdoor,"{'facing': 'east', 'half': 'bottom', 'open': 'true', 'powered': 'false', 'waterlogged': 'false'}",
"(14, 10, 8)",minecraft:spruce_trapdoor,"{'facing': 'south', 'half': 'top', 'open': 'false', 'powered': 'false', 'waterlogged': 'false'}",
"(15, 10, 8)",minecraft:white_stained_glass_pane,"{'east': 'false', 'north': 'true', 'south': 'true', 'waterlogged': 'false', 'west': 'false'}",
"(16, 10, 8)",minecraft:oak_fence_gate,"{'facing': 'west', 'in_wall': 'false', 'open': 'true', 'powered': 'false'}",
"(3, 10, 9)",minecraft:terracotta,{},
"(9, 10, 9)",minecraft:oak_trapdoor,"{'facing': 'east', 'half': 'bottom', 'open': 'true', 'powered': 'false', 'waterlogged': 'false'}",
"(10, 10, 9)",minecraft:jungle_trapdoor,"{'facing': 'north', 'half': 'bottom', 'open': 'true', 'powered': 'false', 'waterlogged': 'false'}",
"(11, 10, 9)",minecraft:oak_trapdoor,"{'facing': 'east', 'half': 'bottom', 'open': 'true', 'powered': 'false', 'waterlogged': 'false'}",
"(12, 10, 9)",minecraft:spruce_trapdoor,"{'facing': 'north', 'half': 'bottom', 'open': 'true', 'powered': 'false', 'waterlogged': 'false'}",
"(13, 10, 9)",minecraft:jungle_trapdoor,"{'facing': 'east', 'half': 'bottom', 'open': 'true', 'powered': 'false', 'waterlogged': 'false'}",
"(14, 10, 9)",minecraft:spruce_trapdoor,"{'facing': 'north', 'half': 'bottom', 'open': 'true', 'powered': 'false', 'waterlogged': 'false'}",
"(15, 10, 9)",minecraft:granite,{},
"(3, 10, 10)",minecraft:oak_log,{'axis': 'y'},
"(14, 10, 10)",minecraft:brown_candle,"{'candles': '4', 'lit': 'true', 'waterlogged': 'false'}",
"(15, 10, 10)",minecraft:oak_log,{'axis': 'y'},
"(3, 10, 11)",minecraft:terracotta,{},
"(5, 10, 11)",minecraft:spruce_trapdoor,"{'facing': 'east', 'half': 'bottom', 'open': 'true', 'powered': 'false', 'waterlogged': 'false'}",
"(6, 10, 11)",minecraft:jungle_trapdoor,"{'facing': 'south', 'half': 'bottom', 'open': 'true', 'powered': 'false', 'waterlogged': 'false'}",
"(7, 10, 11)",minecraft:oak_trapdoor,"{'facing': 'east', 'half': 'bottom', 'open': 'true', 'powered': 'false', 'waterlogged': 'false'}",
"(8, 10, 11)",minecraft:jungle_trapdoor,"{'facing': 'south', 'half': 'bottom', 'open': 'true', 'powered': 'false', 'waterlogged': 'false'}",
"(9, 10, 11)",minecraft:oak_trapdoor,"{'facing': 'east', 'half': 'bottom', 'open': 'true', 'powered': 'false', 'waterlogged': 'false'}",
"(10, 10, 11)",minecraft:oak_trapdoor,"{'facing': 'south', 'half': 'bottom', 'open': 'true', 'powered': 'false', 'waterlogged': 'false'}",
"(11, 10, 11)",minecraft:jungle_trapdoor,"{'facing': 'east', 'half': 'bottom', 'open': 'true', 'powered': 'false', 'waterlogged': 'false'}",
"(12, 10, 11)",minecraft:oak_trapdoor,"{'facing': 'south', 'half': 'bottom', 'open': 'true', 'powered': 'false', 'waterlogged': 'false'}",
"(13, 10, 11)",minecraft:spruce_trapdoor,"{'facing': 'east', 'half': 'bottom', 'open': 'true', 'powered': 'false', 'waterlogged': 'false'}",
"(14, 10, 11)",minecraft:oak_trapdoor,"{'facing': 'south', 'half': 'bottom', 'open': 'true', 'powered': 'false', 'waterlogged': 'false'}",
"(15, 10, 11)",minecraft:terracotta,{},
"(16, 10, 11)",minecraft:cobblestone_stairs,"{'facing': 'south', 'half': 'bottom', 'shape': 'straight', 'waterlogged': 'false'}",
"(2, 10, 12)",minecraft:oak_fence_gate,"{'facing': 'east', 'in_wall': 'false', 'open': 'true', 'powered': 'false'}",
"(3, 10, 12)",minecraft:white_stained_glass_pane,"{'east': 'false', 'north': 'true', 'south': 'true', 'waterlogged': 'false', 'west': 'false'}",
"(5, 10, 12)",minecraft:oak_trapdoor,"{'facing': 'east', 'half': 'bottom', 'open': 'true', 'powered': 'false', 'waterlogged': 'false'}",
"(6, 10, 12)",minecraft:spruce_trapdoor,"{'facing': 'north', 'half': 'top', 'open': 'false', 'powered': 'false', 'waterlogged': 'false'}",
"(7, 10, 12)",minecraft:spruce_trapdoor,"{'facing': 'east', 'half': 'bottom', 'open': 'true', 'powered': 'false', 'waterlogged': 'false'}",
"(8, 10, 12)",minecraft:spruce_trapdoor,"{'facing': 'north', 'half': 'top', 'open': 'false', 'powered': 'false', 'waterlogged': 'false'}",
"(9, 10, 12)",minecraft:spruce_trapdoor,"{'facing': 'east', 'half': 'bottom', 'open': 'true', 'powered': 'false', 'waterlogged': 'false'}",
"(10, 10, 12)",minecraft:spruce_trapdoor,"{'facing': 'north', 'half': 'top', 'open': 'false', 'powered': 'false', 'waterlogged': 'false'}",
"(11, 10, 12)",minecraft:oak_trapdoor,"{'facing': 'east', 'half': 'bottom', 'open': 'true', 'powered': 'false', 'waterlogged': 'false'}",
"(12, 10, 12)",minecraft:spruce_trapdoor,"{'facing': 'north', 'half': 'top', 'open': 'false', 'powered': 'false', 'waterlogged': 'false'}",
"(13, 10, 12)",minecraft:jungle_trapdoor,"{'facing': 'east', 'half': 'bottom', 'open': 'true', 'powered': 'false', 'waterlogged': 'false'}",
"(14, 10, 12)",minecraft:spruce_trapdoor,"{'facing': 'north', 'half': 'top', 'open': 'false', 'powered': 'false', 'waterlogged': 'false'}",
"(15, 10, 12)",minecraft:terracotta,{},
"(16, 10, 12)",minecraft:mossy_cobblestone,{},
"(3, 10, 13)",minecraft:terracotta,{},
"(5, 10, 13)",minecraft:jungle_trapdoor,"{'facing': 'east', 'half': 'bottom', 'open': 'true', 'powered': 'false', 'waterlogged': 'false'}",
"(6, 10, 13)",minecraft:spruce_trapdoor,"{'facing': 'north', 'half': 'top', 'open': 'false', 'powered': 'false', 'waterlogged': 'false'}",
"(7, 10, 13)",minecraft:spruce_trapdoor,"{'facing': 'east', 'half': 'bottom', 'open': 'true', 'powered': 'false', 'waterlogged': 'false'}",
"(8, 10, 13)",minecraft:spruce_trapdoor,"{'facing': 'north', 'half': 'top', 'open': 'false', 'powered': 'false', 'waterlogged': 'false'}",
"(9, 10, 13)",minecraft:jungle_trapdoor,"{'facing': 'east', 'half': 'bottom', 'open': 'true', 'powered': 'false', 'waterlogged': 'false'}",
"(10, 10, 13)",minecraft:spruce_trapdoor,"{'facing': 'north', 'half': 'top', 'open': 'false', 'powered': 'false', 'waterlogged': 'false'}",
"(11, 10, 13)",minecraft:spruce_trapdoor,"{'facing': 'east', 'half': 'bottom', 'open': 'true', 'powered': 'false', 'waterlogged': 'false'}",
"(12, 10, 13)",minecraft:spruce_trapdoor,"{'facing': 'north', 'half': 'top', 'open': 'false', 'powered': 'false', 'waterlogged': 'false'}",
"(13, 10, 13)",minecraft:jungle_trapdoor,"{'facing': 'east', 'half': 'bottom', 'open': 'true', 'powered': 'false', 'waterlogged': 'false'}",
"(14, 10, 13)",minecraft:spruce_trapdoor,"{'facing': 'north', 'half': 'top', 'open': 'false', 'powered': 'false', 'waterlogged': 'false'}",
"(15, 10, 13)",minecraft:terracotta,{},
"(16, 10, 13)",minecraft:cobblestone_wall,"{'east': 'none', 'north': 'low', 'south': 'none', 'up': 'true', 'waterlogged': 'false', 'west': 'low'}",
"(2, 10, 14)",minecraft:dark_oak_fence,"{'east': 'true', 'north': 'false', 'south': 'true', 'waterlogged': 'false', 'west': 'false'}",
"(3, 10, 14)",minecraft:stripped_dark_oak_wood,{'axis': 'y'},
"(4, 10, 14)",minecraft:brown_wool,{},
"(5, 10, 14)",minecraft:brown_wool,{},
"(6, 10, 14)",minecraft:brown_wool,{},
"(7, 10, 14)",minecraft:stripped_dark_oak_wood,{'axis': 'y'},
"(8, 10, 14)",minecraft:terracotta,{},
"(9, 10, 14)",minecraft:brown_wool,{},
"(10, 10, 14)",minecraft:brown_wool,{},
"(11, 10, 14)",minecraft:stripped_dark_oak_wood,{'axis': 'y'},
"(12, 10, 14)",minecraft:brown_wool,{},
"(13, 10, 14)",minecraft:terracotta,{},
"(14, 10, 14)",minecraft:brown_wool,{},
"(15, 10, 14)",minecraft:stripped_dark_oak_wood,{'axis': 'y'},
"(16, 10, 14)",minecraft:dark_oak_fence,"{'east': 'false', 'north': 'false', 'south': 'true', 'waterlogged': 'false', 'west': 'true'}",
"(2, 10, 15)",minecraft:jungle_planks,{},
"(3, 10, 15)",minecraft:stripped_jungle_wood,{'axis': 'z'},
"(4, 10, 15)",minecraft:jungle_planks,{},
"(5, 10, 15)",minecraft:jungle_planks,{},
"(6, 10, 15)",minecraft:jungle_planks,{},
"(7, 10, 15)",minecraft:stripped_jungle_wood,{'axis': 'y'},
"(8, 10, 15)",minecraft:jungle_planks,{},
"(9, 10, 15)",minecraft:jungle_planks,{},
"(10, 10, 15)",minecraft:jungle_planks,{},
"(11, 10, 15)",minecraft:stripped_jungle_wood,{'axis': 'y'},
"(12, 10, 15)",minecraft:jungle_planks,{},
"(13, 10, 15)",minecraft:jungle_planks,{},
"(14, 10, 15)",minecraft:stripped_jungle_wood,{'axis': 'z'},
"(15, 10, 15)",minecraft:stripped_jungle_wood,{'axis': 'z'},
"(16, 10, 15)",minecraft:jungle_planks,{},
"(6, 11, 5)",minecraft:jungle_slab,"{'type': 'bottom', 'waterlogged': 'false'}",
"(7, 11, 5)",minecraft:jungle_slab,"{'type': 'bottom', 'waterlogged': 'false'}",
"(8, 11, 5)",minecraft:jungle_slab,"{'type': 'bottom', 'waterlogged': 'false'}",
"(9, 11, 5)",minecraft:jungle_slab,"{'type': 'bottom', 'waterlogged': 'false'}",
"(10, 11, 5)",minecraft:jungle_slab,"{'type': 'bottom', 'waterlogged': 'false'}",
"(11, 11, 5)",minecraft:jungle_slab,"{'type': 'bottom', 'waterlogged': 'false'}",
"(12, 11, 5)",minecraft:jungle_slab,"{'type': 'bottom', 'waterlogged': 'false'}",
"(13, 11, 5)",minecraft:jungle_slab,"{'type': 'bottom', 'waterlogged': 'false'}",
"(14, 11, 5)",minecraft:jungle_slab,"{'type': 'bottom', 'waterlogged': 'false'}",
"(15, 11, 5)",minecraft:jungle_slab,"{'type': 'bottom', 'waterlogged': 'false'}",
"(16, 11, 5)",minecraft:jungle_slab,"{'type': 'bottom', 'waterlogged': 'false'}",
"(2, 11, 6)",minecraft:stripped_oak_wood,{'axis': 'y'},
"(3, 11, 6)",minecraft:oak_planks,{},
"(4, 11, 6)",minecraft:jungle_planks,{},
"(5, 11, 6)",minecraft:stripped_jungle_wood,{'axis': 'z'},
"(6, 11, 6)",minecraft:stripped_jungle_wood,{'axis': 'z'},
"(7, 11, 6)",minecraft:jungle_planks,{},
"(8, 11, 6)",minecraft:oak_planks,{},
"(9, 11, 6)",minecraft:stripped_oak_wood,{'axis': 'y'},
"(10, 11, 6)",minecraft:oak_planks,{},
"(11, 11, 6)",minecraft:stripped_jungle_wood,{'axis': 'z'},
"(12, 11, 6)",minecraft:jungle_planks,{},
"(13, 11, 6)",minecraft:oak_planks,{},
"(14, 11, 6)",minecraft:stripped_jungle_wood,{'axis': 'z'},
"(15, 11, 6)",minecraft:jungle_planks,{},
"(16, 11, 6)",minecraft:oak_planks,{},
"(3, 11, 7)",minecraft:stripped_dark_oak_wood,{'axis': 'x'},
"(4, 11, 7)",minecraft:jungle_stairs,"{'facing': 'north', 'half': 'top', 'shape': 'straight', 'waterlogged': 'false'}",
"(5, 11, 7)",minecraft:jungle_stairs,"{'facing': 'north', 'half': 'top', 'shape': 'straight', 'waterlogged': 'false'}",
"(6, 11, 7)",minecraft:jungle_stairs,"{'facing': 'north', 'half': 'top', 'shape': 'straight', 'waterlogged': 'false'}",
"(7, 11, 7)",minecraft:dark_oak_stairs,"{'facing': 'north', 'half': 'top', 'shape': 'straight', 'waterlogged': 'false'}",
"(8, 11, 7)",minecraft:oak_stairs,"{'facing': 'north', 'half': 'top', 'shape': 'straight', 'waterlogged': 'false'}",
"(9, 11, 7)",minecraft:oak_stairs,"{'facing': 'north', 'half': 'top', 'shape': 'straight', 'waterlogged': 'false'}",
"(10, 11, 7)",minecraft:barrel,"{'facing': 'south', 'open': 'false'}","{components: {}, Items: [], id: ""minecraft:barrel""}"
"(11, 11, 7)",minecraft:dark_oak_stairs,"{'facing': 'north', 'half': 'top', 'shape': 'straight', 'waterlogged': 'false'}",
"(12, 11, 7)",minecraft:barrel,"{'facing': 'south', 'open': 'false'}","{components: {}, Items: [], id: ""minecraft:barrel""}"
"(13, 11, 7)",minecraft:oak_stairs,"{'facing': 'north', 'half': 'top', 'shape': 'straight', 'waterlogged': 'false'}",
"(14, 11, 7)",minecraft:barrel,"{'facing': 'south', 'open': 'false'}","{components: {}, Items: [], id: ""minecraft:barrel""}"
"(15, 11, 7)",minecraft:stripped_dark_oak_wood,{'axis': 'x'},
"(2, 11, 8)",minecraft:oxidized_copper_trapdoor,"{'facing': 'west', 'half': 'bottom', 'open': 'false', 'powered': 'false', 'waterlogged': 'false'}",
"(3, 11, 8)",minecraft:brown_wool,{},
"(9, 11, 8)",minecraft:oak_trapdoor,"{'facing': 'east', 'half': 'bottom', 'open': 'true', 'powered': 'false', 'waterlogged': 'false'}",
"(10, 11, 8)",minecraft:potted_flowering_azalea_bush,{},
"(11, 11, 8)",minecraft:oak_trapdoor,"{'facing': 'east', 'half': 'bottom', 'open': 'true', 'powered': 'false', 'waterlogged': 'false'}",
"(12, 11, 8)",minecraft:potted_oxeye_daisy,{},
"(13, 11, 8)",minecraft:jungle_trapdoor,"{'facing': 'east', 'half': 'bottom', 'open': 'true', 'powered': 'false', 'waterlogged': 'false'}",
"(14, 11, 8)",minecraft:potted_wither_rose,{},
"(15, 11, 8)",minecraft:brown_wool,{},
"(16, 11, 8)",minecraft:oxidized_copper_trapdoor,"{'facing': 'east', 'half': 'bottom', 'open': 'false', 'powered': 'false', 'waterlogged': 'false'}",
"(3, 11, 9)",minecraft:terracotta,{},
"(9, 11, 9)",minecraft:jungle_trapdoor,"{'facing': 'east', 'half': 'bottom', 'open': 'true', 'powered': 'false', 'waterlogged': 'false'}",
"(10, 11, 9)",minecraft:oak_trapdoor,"{'facing': 'north', 'half': 'bottom', 'open': 'true', 'powered': 'false', 'waterlogged': 'false'}",
"(11, 11, 9)",minecraft:jungle_trapdoor,"{'facing': 'east', 'half': 'bottom', 'open': 'true', 'powered': 'false', 'waterlogged': 'false'}",
"(12, 11, 9)",minecraft:oak_trapdoor,"{'facing': 'north', 'half': 'bottom', 'open': 'true', 'powered': 'false', 'waterlogged': 'false'}",
"(13, 11, 9)",minecraft:oak_trapdoor,"{'facing': 'east', 'half': 'bottom', 'open': 'true', 'powered': 'false', 'waterlogged': 'false'}",
"(14, 11, 9)",minecraft:jungle_trapdoor,"{'facing': 'north', 'half': 'bottom', 'open': 'true', 'powered': 'false', 'waterlogged': 'false'}",
"(15, 11, 9)",minecraft:terracotta,{},
"(3, 11, 10)",minecraft:mangrove_wood,{'axis': 'y'},
"(6, 11, 10)",minecraft:lantern,"{'hanging': 'true', 'waterlogged': 'false'}",
"(10, 11, 10)",minecraft:lantern,"{'hanging': 'true', 'waterlogged': 'false'}",
"(15, 11, 10)",minecraft:mangrove_wood,{'axis': 'y'},
"(3, 11, 11)",minecraft:brown_wool,{},
"(5, 11, 11)",minecraft:jungle_trapdoor,"{'facing': 'east', 'half': 'bottom', 'open': 'true', 'powered': 'false', 'waterlogged': 'false'}",
"(6, 11, 11)",minecraft:oak_trapdoor,"{'facing': 'south', 'half': 'bottom', 'open': 'true', 'powered': 'false', 'waterlogged': 'false'}",
"(7, 11, 11)",minecraft:spruce_trapdoor,"{'facing': 'east', 'half': 'bottom', 'open': 'true', 'powered': 'false', 'waterlogged': 'false'}",
"(8, 11, 11)",minecraft:oak_trapdoor,"{'facing': 'south', 'half': 'bottom', 'open': 'true', 'powered': 'false', 'waterlogged': 'false'}",
"(9, 11, 11)",minecraft:oak_trapdoor,"{'facing': 'east', 'half': 'bottom', 'open': 'true', 'powered': 'false', 'waterlogged': 'false'}",
"(10, 11, 11)",minecraft:spruce_trapdoor,"{'facing': 'south', 'half': 'bottom', 'open': 'true', 'powered': 'false', 'waterlogged': 'false'}",
"(11, 11, 11)",minecraft:spruce_trapdoor,"{'facing': 'east', 'half': 'bottom', 'open': 'true', 'powered': 'false', 'waterlogged': 'false'}",
"(12, 11, 11)",minecraft:spruce_trapdoor,"{'facing': 'south', 'half': 'bottom', 'open': 'true', 'powered': 'false', 'waterlogged': 'false'}",
"(13, 11, 11)",minecraft:jungle_trapdoor,"{'facing': 'east', 'half': 'bottom', 'open': 'true', 'powered': 'false', 'waterlogged': 'false'}",
"(14, 11, 11)",minecraft:spruce_trapdoor,"{'facing': 'south', 'half': 'bottom', 'open': 'true', 'powered': 'false', 'waterlogged': 'false'}",
"(15, 11, 11)",minecraft:terracotta,{},
"(2, 11, 12)",minecraft:oxidized_copper_trapdoor,"{'facing': 'west', 'half': 'bottom', 'open': 'false', 'powered': 'false', 'waterlogged': 'false'}",
"(3, 11, 12)",minecraft:brown_wool,{},
"(5, 11, 12)",minecraft:spruce_trapdoor,"{'facing': 'east', 'half': 'bottom', 'open': 'true', 'powered': 'false', 'waterlogged': 'false'}",
"(6, 11, 12)",minecraft:potted_spruce_sapling,{},
"(7, 11, 12)",minecraft:oak_trapdoor,"{'facing': 'east', 'half': 'bottom', 'open': 'true', 'powered': 'false', 'waterlogged': 'false'}",
"(8, 11, 12)",minecraft:potted_red_mushroom,{},
"(9, 11, 12)",minecraft:jungle_trapdoor,"{'facing': 'east', 'half': 'bottom', 'open': 'true', 'powered': 'false', 'waterlogged': 'false'}",
"(10, 11, 12)",minecraft:potted_blue_orchid,{},
"(11, 11, 12)",minecraft:jungle_trapdoor,"{'facing': 'east', 'half': 'bottom', 'open': 'true', 'powered': 'false', 'waterlogged': 'false'}",
"(12, 11, 12)",minecraft:potted_red_tulip,{},
"(13, 11, 12)",minecraft:oak_trapdoor,"{'facing': 'east', 'half': 'bottom', 'open': 'true', 'powered': 'false', 'waterlogged': 'false'}",
"(14, 11, 12)",minecraft:potted_cactus,{},
"(15, 11, 12)",minecraft:brown_wool,{},
"(16, 11, 12)",minecraft:cobblestone_stairs,"{'facing': 'west', 'half': 'bottom', 'shape': 'straight', 'waterlogged': 'false'}",
"(2, 11, 13)",minecraft:azalea_leaves,"{'distance': '1', 'persistent': 'true', 'waterlogged': 'false'}",
"(3, 11, 13)",minecraft:stripped_dark_oak_wood,{'axis': 'x'},
"(4, 11, 13)",minecraft:jungle_stairs,"{'facing': 'south', 'half': 'top', 'shape': 'straight', 'waterlogged': 'false'}",
"(5, 11, 13)",minecraft:oak_stairs,"{'facing': 'south', 'half': 'top', 'shape': 'straight', 'waterlogged': 'false'}",
"(6, 11, 13)",minecraft:barrel,"{'facing': 'north', 'open': 'false'}","{components: {}, Items: [], id: ""minecraft:barrel""}"
"(7, 11, 13)",minecraft:dark_oak_stairs,"{'facing': 'south', 'half': 'top', 'shape': 'straight', 'waterlogged': 'false'}",
"(8, 11, 13)",minecraft:barrel,"{'facing': 'north', 'open': 'false'}","{components: {}, Items: [], id: ""minecraft:barrel""}"
"(9, 11, 13)",minecraft:jungle_stairs,"{'facing': 'south', 'half': 'top', 'shape': 'straight', 'waterlogged': 'false'}",
"(10, 11, 13)",minecraft:barrel,"{'facing': 'north', 'open': 'false'}","{components: {}, Items: [], id: ""minecraft:barrel""}"
"(11, 11, 13)",minecraft:dark_oak_stairs,"{'facing': 'south', 'half': 'top', 'shape': 'straight', 'waterlogged': 'false'}",
"(12, 11, 13)",minecraft:barrel,"{'facing': 'north', 'open': 'false'}","{components: {}, Items: [], id: ""minecraft:barrel""}"
"(13, 11, 13)",minecraft:oak_stairs,"{'facing': 'south', 'half': 'top', 'shape': 'straight', 'waterlogged': 'false'}",
"(14, 11, 13)",minecraft:barrel,"{'facing': 'north', 'open': 'false'}","{components: {}, Items: [], id: ""minecraft:barrel""}"
"(15, 11, 13)",minecraft:stripped_dark_oak_wood,{'axis': 'x'},
"(2, 11, 14)",minecraft:oak_planks,{},
"(3, 11, 14)",minecraft:jungle_planks,{},
"(4, 11, 14)",minecraft:jungle_planks,{},
"(5, 11, 14)",minecraft:stripped_oak_wood,{'axis': 'y'},
"(6, 11, 14)",minecraft:oak_planks,{},
"(7, 11, 14)",minecraft:jungle_planks,{},
"(8, 11, 14)",minecraft:stripped_jungle_wood,{'axis': 'z'},
"(9, 11, 14)",minecraft:stripped_jungle_wood,{'axis': 'z'},
"(10, 11, 14)",minecraft:oak_planks,{},
"(11, 11, 14)",minecraft:oak_planks,{},
"(12, 11, 14)",minecraft:stripped_oak_wood,{'axis': 'y'},
"(13, 11, 14)",minecraft:stripped_oak_wood,{'axis': 'y'},
"(14, 11, 14)",minecraft:jungle_planks,{},
"(15, 11, 14)",minecraft:jungle_planks,{},
"(16, 11, 14)",minecraft:oak_planks,{},
"(2, 12, 7)",minecraft:oak_planks,{},
"(3, 12, 7)",minecraft:stripped_oak_wood,{'axis': 'z'},
"(4, 12, 7)",minecraft:stripped_oak_wood,{'axis': 'z'},
"(5, 12, 7)",minecraft:oak_planks,{},
"(6, 12, 7)",minecraft:oak_planks,{},
"(7, 12, 7)",minecraft:stripped_oak_wood,{'axis': 'z'},
"(8, 12, 7)",minecraft:stripped_oak_wood,{'axis': 'z'},
"(9, 12, 7)",minecraft:oak_planks,{},
"(10, 12, 7)",minecraft:oak_planks,{},
"(11, 12, 7)",minecraft:oak_planks,{},
"(12, 12, 7)",minecraft:stripped_oak_wood,{'axis': 'z'},
"(13, 12, 7)",minecraft:oak_planks,{},
"(14, 12, 7)",minecraft:oak_planks,{},
"(15, 12, 7)",minecraft:stripped_oak_wood,{'axis': 'z'},
"(16, 12, 7)",minecraft:oak_planks,{},
"(3, 12, 8)",minecraft:stripped_dark_oak_wood,{'axis': 'x'},
"(4, 12, 8)",minecraft:petrified_oak_slab,"{'type': 'bottom', 'waterlogged': 'false'}",
"(5, 12, 8)",minecraft:petrified_oak_slab,"{'type': 'bottom', 'waterlogged': 'false'}",
"(6, 12, 8)",minecraft:petrified_oak_slab,"{'type': 'bottom', 'waterlogged': 'false'}",
"(7, 12, 8)",minecraft:mangrove_wood,{'axis': 'z'},
"(8, 12, 8)",minecraft:petrified_oak_slab,"{'type': 'bottom', 'waterlogged': 'false'}",
"(9, 12, 8)",minecraft:petrified_oak_slab,"{'type': 'bottom', 'waterlogged': 'false'}",
"(10, 12, 8)",minecraft:petrified_oak_slab,"{'type': 'bottom', 'waterlogged': 'false'}",
"(11, 12, 8)",minecraft:mangrove_wood,{'axis': 'z'},
"(12, 12, 8)",minecraft:petrified_oak_slab,"{'type': 'bottom', 'waterlogged': 'false'}",
"(13, 12, 8)",minecraft:petrified_oak_slab,"{'type': 'bottom', 'waterlogged': 'false'}",
"(14, 12, 8)",minecraft:petrified_oak_slab,"{'type': 'bottom', 'waterlogged': 'false'}",
"(15, 12, 8)",minecraft:stripped_dark_oak_wood,{'axis': 'x'},
"(3, 12, 9)",minecraft:brown_wool,{},
"(4, 12, 9)",minecraft:petrified_oak_slab,"{'type': 'bottom', 'waterlogged': 'false'}",
"(5, 12, 9)",minecraft:petrified_oak_slab,"{'type': 'bottom', 'waterlogged': 'false'}",
"(6, 12, 9)",minecraft:petrified_oak_slab,"{'type': 'bottom', 'waterlogged': 'false'}",
"(7, 12, 9)",minecraft:stripped_dark_oak_wood,{'axis': 'z'},
"(8, 12, 9)",minecraft:petrified_oak_slab,"{'type': 'bottom', 'waterlogged': 'false'}",
"(9, 12, 9)",minecraft:petrified_oak_slab,"{'type': 'bottom', 'waterlogged': 'false'}",
"(10, 12, 9)",minecraft:petrified_oak_slab,"{'type': 'bottom', 'waterlogged': 'false'}",
"(11, 12, 9)",minecraft:stripped_dark_oak_wood,{'axis': 'z'},
"(12, 12, 9)",minecraft:petrified_oak_slab,"{'type': 'bottom', 'waterlogged': 'false'}",
"(13, 12, 9)",minecraft:petrified_oak_slab,"{'type': 'bottom', 'waterlogged': 'false'}",
"(14, 12, 9)",minecraft:petrified_oak_slab,"{'type': 'bottom', 'waterlogged': 'false'}",
"(15, 12, 9)",minecraft:brown_wool,{},
"(3, 12, 10)",minecraft:stripped_dark_oak_wood,{'axis': 'y'},
"(4, 12, 10)",minecraft:stripped_dark_oak_wood,{'axis': 'y'},
"(5, 12, 10)",minecraft:mangrove_wood,{'axis': 'y'},
"(6, 12, 10)",minecraft:mangrove_wood,{'axis': 'y'},
"(7, 12, 10)",minecraft:stripped_dark_oak_wood,{'axis': 'z'},
"(8, 12, 10)",minecraft:mangrove_wood,{'axis': 'y'},
"(9, 12, 10)",minecraft:mangrove_wood,{'axis': 'y'},
"(10, 12, 10)",minecraft:stripped_dark_oak_wood,{'axis': 'y'},
"(11, 12, 10)",minecraft:stripped_dark_oak_wood,{'axis': 'z'},
"(12, 12, 10)",minecraft:stripped_dark_oak_wood,{'axis': 'y'},
"(13, 12, 10)",minecraft:mangrove_wood,{'axis': 'y'},
"(14, 12, 10)",minecraft:stripped_dark_oak_wood,{'axis': 'x'},
"(15, 12, 10)",minecraft:stripped_dark_oak_wood,{'axis': 'y'},
"(3, 12, 11)",minecraft:brown_wool,{},
"(4, 12, 11)",minecraft:petrified_oak_slab,"{'type': 'bottom', 'waterlogged': 'false'}",
"(5, 12, 11)",minecraft:petrified_oak_slab,"{'type': 'bottom', 'waterlogged': 'false'}",
"(6, 12, 11)",minecraft:petrified_oak_slab,"{'type': 'bottom', 'waterlogged': 'false'}",
"(7, 12, 11)",minecraft:stripped_dark_oak_wood,{'axis': 'z'},
"(8, 12, 11)",minecraft:petrified_oak_slab,"{'type': 'bottom', 'waterlogged': 'false'}",
"(9, 12, 11)",minecraft:petrified_oak_slab,"{'type': 'bottom', 'waterlogged': 'false'}",
"(10, 12, 11)",minecraft:petrified_oak_slab,"{'type': 'bottom', 'waterlogged': 'false'}",
"(11, 12, 11)",minecraft:mangrove_wood,{'axis': 'z'},
"(12, 12, 11)",minecraft:petrified_oak_slab,"{'type': 'bottom', 'waterlogged': 'false'}",
"(13, 12, 11)",minecraft:petrified_oak_slab,"{'type': 'bottom', 'waterlogged': 'false'}",
"(14, 12, 11)",minecraft:petrified_oak_slab,"{'type': 'bottom', 'waterlogged': 'false'}",
"(15, 12, 11)",minecraft:brown_wool,{},
"(3, 12, 12)",minecraft:stripped_dark_oak_wood,{'axis': 'x'},
"(4, 12, 12)",minecraft:petrified_oak_slab,"{'type': 'bottom', 'waterlogged': 'false'}",
"(5, 12, 12)",minecraft:petrified_oak_slab,"{'type': 'bottom', 'waterlogged': 'false'}",
"(6, 12, 12)",minecraft:petrified_oak_slab,"{'type': 'bottom', 'waterlogged': 'false'}",
"(7, 12, 12)",minecraft:stripped_dark_oak_wood,{'axis': 'z'},
"(8, 12, 12)",minecraft:petrified_oak_slab,"{'type': 'bottom', 'waterlogged': 'false'}",
"(9, 12, 12)",minecraft:petrified_oak_slab,"{'type': 'bottom', 'waterlogged': 'false'}",
"(10, 12, 12)",minecraft:petrified_oak_slab,"{'type': 'bottom', 'waterlogged': 'false'}",
"(11, 12, 12)",minecraft:mangrove_wood,{'axis': 'z'},
"(12, 12, 12)",minecraft:petrified_oak_slab,"{'type': 'bottom', 'waterlogged': 'false'}",
"(13, 12, 12)",minecraft:petrified_oak_slab,"{'type': 'bottom', 'waterlogged': 'false'}",
"(14, 12, 12)",minecraft:petrified_oak_slab,"{'type': 'bottom', 'waterlogged': 'false'}",
"(15, 12, 12)",minecraft:cobblestone,{},
"(16, 12, 12)",minecraft:azalea_leaves,"{'distance': '1', 'persistent': 'true', 'waterlogged': 'false'}",
"(2, 12, 13)",minecraft:oak_planks,{},
"(3, 12, 13)",minecraft:stripped_oak_wood,{'axis': 'z'},
"(4, 12, 13)",minecraft:oak_planks,{},
"(5, 12, 13)",minecraft:oak_planks,{},
"(6, 12, 13)",minecraft:oak_planks,{},
"(7, 12, 13)",minecraft:stripped_oak_wood,{'axis': 'x'},
"(8, 12, 13)",minecraft:oak_planks,{},
"(9, 12, 13)",minecraft:oak_planks,{},
"(10, 12, 13)",minecraft:stripped_oak_wood,{'axis': 'z'},
"(11, 12, 13)",minecraft:oak_planks,{},
"(12, 12, 13)",minecraft:oak_planks,{},
"(13, 12, 13)",minecraft:oak_planks,{},
"(14, 12, 13)",minecraft:stripped_oak_wood,{'axis': 'z'},
"(15, 12, 13)",minecraft:oak_planks,{},
"(16, 12, 13)",minecraft:stripped_oak_wood,{'axis': 'z'},
"(2, 13, 8)",minecraft:oak_planks,{},
"(3, 13, 8)",minecraft:birch_planks,{},
"(4, 13, 8)",minecraft:oak_planks,{},
"(5, 13, 8)",minecraft:stripped_oak_wood,{'axis': 'z'},
"(6, 13, 8)",minecraft:oak_planks,{},
"(7, 13, 8)",minecraft:stripped_birch_wood,{'axis': 'y'},
"(8, 13, 8)",minecraft:birch_planks,{},
"(9, 13, 8)",minecraft:oak_planks,{},
"(10, 13, 8)",minecraft:stripped_oak_wood,{'axis': 'z'},
"(11, 13, 8)",minecraft:oak_planks,{},
"(12, 13, 8)",minecraft:oak_planks,{},
"(13, 13, 8)",minecraft:stripped_oak_wood,{'axis': 'y'},
"(14, 13, 8)",minecraft:stripped_oak_wood,{'axis': 'z'},
"(15, 13, 8)",minecraft:oak_planks,{},
"(16, 13, 8)",minecraft:birch_planks,{},
"(2, 13, 9)",minecraft:oak_leaves,"{'distance': '1', 'persistent': 'true', 'waterlogged': 'false'}",
"(3, 13, 9)",minecraft:stripped_dark_oak_wood,{'axis': 'x'},
"(15, 13, 9)",minecraft:stripped_dark_oak_wood,{'axis': 'x'},
"(3, 13, 10)",minecraft:stripped_dark_oak_wood,{'axis': 'y'},
"(7, 13, 10)",minecraft:oak_log,{'axis': 'y'},
"(11, 13, 10)",minecraft:oak_log,{'axis': 'y'},
"(15, 13, 10)",minecraft:stripped_dark_oak_wood,{'axis': 'y'},
"(3, 13, 11)",minecraft:stripped_dark_oak_wood,{'axis': 'x'},
"(15, 13, 11)",minecraft:stripped_dark_oak_wood,{'axis': 'x'},
"(16, 13, 11)",minecraft:flowering_azalea_leaves,"{'distance': '1', 'persistent': 'true', 'waterlogged': 'false'}",
"(2, 13, 12)",minecraft:oak_planks,{},
"(3, 13, 12)",minecraft:oak_planks,{},
"(4, 13, 12)",minecraft:stripped_oak_wood,{'axis': 'z'},
"(5, 13, 12)",minecraft:oak_planks,{},
"(6, 13, 12)",minecraft:stripped_birch_wood,{'axis': 'y'},
"(7, 13, 12)",minecraft:oak_planks,{},
"(8, 13, 12)",minecraft:stripped_oak_wood,{'axis': 'z'},
"(9, 13, 12)",minecraft:oak_planks,{},
"(10, 13, 12)",minecraft:oak_planks,{},
"(11, 13, 12)",minecraft:oak_planks,{},
"(12, 13, 12)",minecraft:birch_planks,{},
"(13, 13, 12)",minecraft:oak_planks,{},
"(14, 13, 12)",minecraft:oak_planks,{},
"(15, 13, 12)",minecraft:cobblestone,{},
"(16, 13, 12)",minecraft:oak_planks,{},
"(2, 14, 9)",minecraft:stripped_birch_wood,{'axis': 'y'},
"(3, 14, 9)",minecraft:birch_planks,{},
"(4, 14, 9)",minecraft:stripped_oak_wood,{'axis': 'z'},
"(5, 14, 9)",minecraft:stripped_birch_wood,{'axis': 'z'},
"(6, 14, 9)",minecraft:birch_planks,{},
"(7, 14, 9)",minecraft:birch_planks,{},
"(8, 14, 9)",minecraft:stripped_birch_wood,{'axis': 'y'},
"(9, 14, 9)",minecraft:stripped_birch_wood,{'axis': 'y'},
"(10, 14, 9)",minecraft:oak_planks,{},
"(11, 14, 9)",minecraft:stripped_birch_wood,{'axis': 'z'},
"(12, 14, 9)",minecraft:birch_planks,{},
"(13, 14, 9)",minecraft:oak_planks,{},
"(14, 14, 9)",minecraft:birch_planks,{},
"(15, 14, 9)",minecraft:stripped_birch_wood,{'axis': 'z'},
"(16, 14, 9)",minecraft:birch_planks,{},
"(2, 14, 10)",minecraft:dark_oak_fence,"{'east': 'true', 'north': 'true', 'south': 'true', 'waterlogged': 'false', 'west': 'false'}",
"(3, 14, 10)",minecraft:stripped_dark_oak_wood,{'axis': 'y'},
"(4, 14, 10)",minecraft:lantern,"{'hanging': 'true', 'waterlogged': 'false'}",
"(7, 14, 10)",minecraft:oak_log,{'axis': 'y'},
"(11, 14, 10)",minecraft:oak_log,{'axis': 'y'},
"(14, 14, 10)",minecraft:lantern,"{'hanging': 'true', 'waterlogged': 'false'}",
"(15, 14, 10)",minecraft:stripped_dark_oak_wood,{'axis': 'y'},
"(16, 14, 10)",minecraft:dark_oak_fence,"{'east': 'false', 'north': 'true', 'south': 'true', 'waterlogged': 'false', 'west': 'true'}",
"(2, 14, 11)",minecraft:birch_planks,{},
"(3, 14, 11)",minecraft:stripped_birch_wood,{'axis': 'z'},
"(4, 14, 11)",minecraft:oak_planks,{},
"(5, 14, 11)",minecraft:birch_planks,{},
"(6, 14, 11)",minecraft:birch_planks,{},
"(7, 14, 11)",minecraft:stripped_birch_wood,{'axis': 'z'},
"(8, 14, 11)",minecraft:birch_planks,{},
"(9, 14, 11)",minecraft:oak_planks,{},
"(10, 14, 11)",minecraft:stripped_oak_wood,{'axis': 'z'},
"(11, 14, 11)",minecraft:stripped_birch_wood,{'axis': 'z'},
"(12, 14, 11)",minecraft:stripped_birch_wood,{'axis': 'z'},
"(13, 14, 11)",minecraft:birch_planks,{},
"(14, 14, 11)",minecraft:birch_planks,{},
"(15, 14, 11)",minecraft:oak_planks,{},
"(16, 14, 11)",minecraft:stripped_birch_wood,{'axis': 'z'},
"(15, 14, 12)",minecraft:mossy_cobblestone,{},
"(2, 15, 10)",minecraft:birch_planks,{},
"(3, 15, 10)",minecraft:birch_planks,{},
"(4, 15, 10)",minecraft:birch_planks,{},
"(5, 15, 10)",minecraft:birch_planks,{},
"(6, 15, 10)",minecraft:stripped_birch_wood,{'axis': 'y'},
"(7, 15, 10)",minecraft:birch_planks,{},
"(8, 15, 10)",minecraft:birch_planks,{},
"(9, 15, 10)",minecraft:birch_planks,{},
"(10, 15, 10)",minecraft:birch_planks,{},
"(11, 15, 10)",minecraft:birch_planks,{},
"(12, 15, 10)",minecraft:birch_planks,{},
"(13, 15, 10)",minecraft:stripped_birch_wood,{'axis': 'z'},
"(14, 15, 10)",minecraft:stripped_birch_wood,{'axis': 'z'},
"(15, 15, 10)",minecraft:birch_planks,{},
"(16, 15, 10)",minecraft:birch_planks,{},
"(15, 15, 12)",minecraft:tuff,{},
"(15, 16, 11)",minecraft:spruce_trapdoor,"{'facing': 'north', 'half': 'bottom', 'open': 'true', 'powered': 'false', 'waterlogged': 'false'}",
"(14, 16, 12)",minecraft:spruce_trapdoor,"{'facing': 'west', 'half': 'bottom', 'open': 'true', 'powered': 'false', 'waterlogged': 'false'}",
"(15, 16, 12)",minecraft:campfire,"{'facing': 'west', 'lit': 'true', 'signal_fire': 'false', 'waterlogged': 'false'}","{components: {}, Items: [], CookingTimes: [I; 0, 0, 0, 0], CookingTotalTimes: [I; 0, 0, 0, 0], id: ""minecraft:campfire""}"
"(16, 16, 12)",minecraft:spruce_trapdoor,"{'facing': 'east', 'half': 'bottom', 'open': 'true', 'powered': 'false', 'waterlogged': 'false'}",
"(15, 16, 13)",minecraft:spruce_trapdoor,"{'facing': 'south', 'half': 'bottom', 'open': 'true', 'powered': 'false', 'waterlogged': 'false'}",
"(15, 17, 12)",minecraft:cobbled_deepslate_wall,"{'east': 'none', 'north': 'none', 'south': 'none', 'up': 'true', 'waterlogged': 'false', 'west': 'none'}",
