Position,BlockID,States,Data
"(7, 0, 0)",minecraft:azalea_leaves,"{'distance': '1', 'persistent': 'true', 'waterlogged': 'false'}",
"(6, 0, 1)",minecraft:oak_leaves,"{'distance': '1', 'persistent': 'true', 'waterlogged': 'false'}",
"(7, 0, 1)",minecraft:oak_log,{'axis': 'y'},
"(10, 0, 1)",minecraft:oak_leaves,"{'distance': '3', 'persistent': 'true', 'waterlogged': 'false'}",
"(11, 0, 1)",minecraft:azalea_leaves,"{'distance': '2', 'persistent': 'true', 'waterlogged': 'false'}",
"(12, 0, 1)",minecraft:oak_leaves,"{'distance': '1', 'persistent': 'true', 'waterlogged': 'false'}",
"(13, 0, 1)",minecraft:oak_log,{'axis': 'y'},
"(5, 0, 2)",minecraft:spruce_trapdoor,"{'facing': 'north', 'half': 'bottom', 'open': 'true', 'powered': 'false', 'waterlogged': 'false'}",
"(6, 0, 2)",minecraft:oak_log,{'axis': 'y'},
"(7, 0, 2)",minecraft:oak_log,{'axis': 'y'},
"(8, 0, 2)",minecraft:tuff_bricks,{},
"(9, 0, 2)",minecraft:tuff_bricks,{},
"(10, 0, 2)",minecraft:stone_bricks,{},
"(11, 0, 2)",minecraft:tuff_bricks,{},
"(12, 0, 2)",minecraft:stone_bricks,{},
"(13, 0, 2)",minecraft:oak_log,{'axis': 'y'},
"(14, 0, 2)",minecraft:oak_log,{'axis': 'y'},
"(4, 0, 3)",minecraft:spruce_trapdoor,"{'facing': 'west', 'half': 'bottom', 'open': 'true', 'powered': 'false', 'waterlogged': 'false'}",
"(5, 0, 3)",minecraft:peony,{'half': 'lower'},
"(6, 0, 3)",minecraft:large_fern,{'half': 'lower'},
"(7, 0, 3)",minecraft:stone_bricks,{},
"(8, 0, 3)",minecraft:tuff_bricks,{},
"(9, 0, 3)",minecraft:stone_bricks,{},
"(10, 0, 3)",minecraft:stone_bricks,{},
"(11, 0, 3)",minecraft:tuff_bricks,{},
"(12, 0, 3)",minecraft:stone_bricks,{},
"(13, 0, 3)",minecraft:stone_bricks,{},
"(14, 0, 3)",minecraft:cobbled_deepslate_wall,"{'east': 'none', 'north': 'low', 'south': 'tall', 'up': 'true', 'waterlogged': 'false', 'west': 'tall'}",
"(4, 0, 4)",minecraft:spruce_trapdoor,"{'facing': 'west', 'half': 'bottom', 'open': 'true', 'powered': 'false', 'waterlogged': 'false'}",
"(5, 0, 4)",minecraft:oak_leaves,"{'distance': '7', 'persistent': 'true', 'waterlogged': 'false'}",
"(6, 0, 4)",minecraft:peony,{'half': 'lower'},
"(7, 0, 4)",minecraft:stone_bricks,{},
"(8, 0, 4)",minecraft:stone_bricks,{},
"(9, 0, 4)",minecraft:tuff_bricks,{},
"(10, 0, 4)",minecraft:bamboo_slab,"{'type': 'top', 'waterlogged': 'true'}",
"(11, 0, 4)",minecraft:bamboo_slab,"{'type': 'top', 'waterlogged': 'true'}",
"(12, 0, 4)",minecraft:tuff_bricks,{},
"(13, 0, 4)",minecraft:cobbled_deepslate,{},
"(14, 0, 4)",minecraft:cobbled_deepslate,{},
"(15, 0, 4)",minecraft:cobbled_deepslate_wall,"{'east': 'none', 'north': 'none', 'south': 'low', 'up': 'true', 'waterlogged': 'false', 'west': 'low'}",
"(4, 0, 5)",minecraft:spruce_trapdoor,"{'facing': 'west', 'half': 'bottom', 'open': 'true', 'powered': 'false', 'waterlogged': 'false'}",
"(5, 0, 5)",minecraft:large_fern,{'half': 'lower'},
"(6, 0, 5)",minecraft:oak_leaves,"{'distance': '7', 'persistent': 'true', 'waterlogged': 'false'}",
"(7, 0, 5)",minecraft:stone_bricks,{},
"(8, 0, 5)",minecraft:stone_bricks,{},
"(9, 0, 5)",minecraft:stone_bricks,{},
"(10, 0, 5)",minecraft:bamboo_slab,"{'type': 'top', 'waterlogged': 'true'}",
"(11, 0, 5)",minecraft:bamboo_slab,"{'type': 'top', 'waterlogged': 'true'}",
"(12, 0, 5)",minecraft:bamboo_slab,"{'type': 'top', 'waterlogged': 'true'}",
"(13, 0, 5)",minecraft:cobbled_deepslate,{},
"(14, 0, 5)",minecraft:cobbled_deepslate,{},
"(15, 0, 5)",minecraft:cobbled_deepslate,{},
"(4, 0, 6)",minecraft:spruce_trapdoor,"{'facing': 'west', 'half': 'bottom', 'open': 'true', 'powered': 'false', 'waterlogged': 'false'}",
"(5, 0, 6)",minecraft:oak_leaves,"{'distance': '7', 'persistent': 'true', 'waterlogged': 'false'}",
"(6, 0, 6)",minecraft:large_fern,{'half': 'lower'},
"(7, 0, 6)",minecraft:stone_bricks,{},
"(8, 0, 6)",minecraft:tuff_bricks,{},
"(9, 0, 6)",minecraft:stone_bricks,{},
"(10, 0, 6)",minecraft:tuff_bricks,{},
"(11, 0, 6)",minecraft:bamboo_slab,"{'type': 'top', 'waterlogged': 'true'}",
"(12, 0, 6)",minecraft:bamboo_slab,"{'type': 'top', 'waterlogged': 'true'}",
"(13, 0, 6)",minecraft:cobbled_deepslate,{},
"(14, 0, 6)",minecraft:cobbled_deepslate,{},
"(15, 0, 6)",minecraft:cobbled_deepslate_wall,"{'east': 'none', 'north': 'low', 'south': 'none', 'up': 'true', 'waterlogged': 'false', 'west': 'low'}",
"(4, 0, 7)",minecraft:oak_log,{'axis': 'y'},
"(5, 0, 7)",minecraft:peony,{'half': 'lower'},
"(6, 0, 7)",minecraft:oak_leaves,"{'distance': '7', 'persistent': 'true', 'waterlogged': 'false'}",
"(7, 0, 7)",minecraft:stone_bricks,{},
"(8, 0, 7)",minecraft:tuff_bricks,{},
"(9, 0, 7)",minecraft:tuff_bricks,{},
"(10, 0, 7)",minecraft:stone_bricks,{},
"(11, 0, 7)",minecraft:tuff_bricks,{},
"(12, 0, 7)",minecraft:stone_bricks,{},
"(13, 0, 7)",minecraft:tuff_bricks,{},
"(14, 0, 7)",minecraft:cobbled_deepslate_wall,"{'east': 'none', 'north': 'low', 'south': 'low', 'up': 'true', 'waterlogged': 'false', 'west': 'low'}",
"(15, 0, 7)",minecraft:oak_leaves,"{'distance': '1', 'persistent': 'true', 'waterlogged': 'false'}",
"(16, 0, 7)",minecraft:oak_log,{'axis': 'y'},
"(3, 0, 8)",minecraft:oak_log,{'axis': 'y'},
"(4, 0, 8)",minecraft:oak_log,{'axis': 'y'},
"(5, 0, 8)",minecraft:stone_bricks,{},
"(6, 0, 8)",minecraft:stone_bricks,{},
"(7, 0, 8)",minecraft:stone_bricks,{},
"(8, 0, 8)",minecraft:stone_bricks,{},
"(9, 0, 8)",minecraft:stone_bricks,{},
"(10, 0, 8)",minecraft:oak_log,{'axis': 'y'},
"(11, 0, 8)",minecraft:stone_bricks,{},
"(12, 0, 8)",minecraft:stone_bricks,{},
"(13, 0, 8)",minecraft:stone_bricks,{},
"(14, 0, 8)",minecraft:stone_bricks,{},
"(15, 0, 8)",minecraft:tuff_bricks,{},
"(16, 0, 8)",minecraft:oak_log,{'axis': 'y'},
"(17, 0, 8)",minecraft:oak_log,{'axis': 'y'},
"(2, 0, 9)",minecraft:spruce_trapdoor,"{'facing': 'west', 'half': 'bottom', 'open': 'true', 'powered': 'false', 'waterlogged': 'false'}",
"(3, 0, 9)",minecraft:lilac,{'half': 'lower'},
"(4, 0, 9)",minecraft:stone_bricks,{},
"(5, 0, 9)",minecraft:stone_bricks,{},
"(6, 0, 9)",minecraft:stone_bricks,{},
"(7, 0, 9)",minecraft:stone_bricks,{},
"(8, 0, 9)",minecraft:stone_bricks,{},
"(9, 0, 9)",minecraft:stone_bricks,{},
"(10, 0, 9)",minecraft:stone_bricks,{},
"(11, 0, 9)",minecraft:stone_bricks,{},
"(12, 0, 9)",minecraft:tuff_bricks,{},
"(13, 0, 9)",minecraft:tuff_bricks,{},
"(14, 0, 9)",minecraft:stone_bricks,{},
"(15, 0, 9)",minecraft:tuff_bricks,{},
"(16, 0, 9)",minecraft:stone_bricks,{},
"(17, 0, 9)",minecraft:flowering_azalea_leaves,"{'distance': '1', 'persistent': 'true', 'waterlogged': 'false'}",
"(2, 0, 10)",minecraft:spruce_trapdoor,"{'facing': 'west', 'half': 'bottom', 'open': 'true', 'powered': 'false', 'waterlogged': 'false'}",
"(3, 0, 10)",minecraft:lilac,{'half': 'lower'},
"(4, 0, 10)",minecraft:stone_bricks,{},
"(5, 0, 10)",minecraft:tuff_bricks,{},
"(6, 0, 10)",minecraft:tuff_bricks,{},
"(7, 0, 10)",minecraft:stone_bricks,{},
"(8, 0, 10)",minecraft:stone_bricks,{},
"(9, 0, 10)",minecraft:tuff_bricks,{},
"(10, 0, 10)",minecraft:stone_bricks,{},
"(11, 0, 10)",minecraft:stone_bricks,{},
"(12, 0, 10)",minecraft:stone_bricks,{},
"(13, 0, 10)",minecraft:tuff_bricks,{},
"(14, 0, 10)",minecraft:stone_bricks,{},
"(15, 0, 10)",minecraft:tuff_bricks,{},
"(16, 0, 10)",minecraft:tuff_bricks,{},
"(1, 0, 11)",minecraft:jigsaw,{'orientation': 'up_north'},"{components: {}, joint: ""rollable"", name: ""minecraft:empty"", pool: ""minecraft:empty"", final_state: ""minecraft:air"", placement_priority: 0, selection_priority: 0, id: ""minecraft:jigsaw"", target: ""minecraft:empty""}"
"(2, 0, 11)",minecraft:spruce_trapdoor,"{'facing': 'west', 'half': 'bottom', 'open': 'true', 'powered': 'false', 'waterlogged': 'false'}",
"(3, 0, 11)",minecraft:lilac,{'half': 'lower'},
"(4, 0, 11)",minecraft:stone_bricks,{},
"(5, 0, 11)",minecraft:tuff_bricks,{},
"(6, 0, 11)",minecraft:stone_bricks,{},
"(7, 0, 11)",minecraft:stone_bricks,{},
"(8, 0, 11)",minecraft:tuff_bricks,{},
"(9, 0, 11)",minecraft:tuff_bricks,{},
"(10, 0, 11)",minecraft:tuff_bricks,{},
"(11, 0, 11)",minecraft:tuff_bricks,{},
"(12, 0, 11)",minecraft:tuff_bricks,{},
"(13, 0, 11)",minecraft:stone_bricks,{},
"(14, 0, 11)",minecraft:tuff_bricks,{},
"(15, 0, 11)",minecraft:stone_bricks,{},
"(16, 0, 11)",minecraft:tuff_bricks,{},
"(0, 0, 12)",minecraft:tuff_bricks,{},
"(1, 0, 12)",minecraft:stone_brick_stairs,"{'facing': 'south', 'half': 'bottom', 'shape': 'straight', 'waterlogged': 'false'}",
"(2, 0, 12)",minecraft:tuff_brick_stairs,"{'facing': 'south', 'half': 'bottom', 'shape': 'straight', 'waterlogged': 'false'}",
"(3, 0, 12)",minecraft:oak_log,{'axis': 'y'},
"(4, 0, 12)",minecraft:oak_log,{'axis': 'y'},
"(5, 0, 12)",minecraft:stone_bricks,{},
"(6, 0, 12)",minecraft:tuff_bricks,{},
"(7, 0, 12)",minecraft:stone_bricks,{},
"(8, 0, 12)",minecraft:stone_bricks,{},
"(9, 0, 12)",minecraft:stone_bricks,{},
"(10, 0, 12)",minecraft:stone_bricks,{},
"(11, 0, 12)",minecraft:stone_bricks,{},
"(12, 0, 12)",minecraft:stone_bricks,{},
"(13, 0, 12)",minecraft:tuff_bricks,{},
"(14, 0, 12)",minecraft:tuff_bricks,{},
"(15, 0, 12)",minecraft:stone_bricks,{},
"(16, 0, 12)",minecraft:oak_log,{'axis': 'y'},
"(17, 0, 12)",minecraft:oak_log,{'axis': 'y'},
"(0, 0, 13)",minecraft:stone_brick_stairs,"{'facing': 'east', 'half': 'top', 'shape': 'straight', 'waterlogged': 'false'}",
"(1, 0, 13)",minecraft:tuff_bricks,{},
"(2, 0, 13)",minecraft:stone_bricks,{},
"(3, 0, 13)",minecraft:stone_bricks,{},
"(4, 0, 13)",minecraft:stone_bricks,{},
"(5, 0, 13)",minecraft:tuff_bricks,{},
"(6, 0, 13)",minecraft:stone_bricks,{},
"(7, 0, 13)",minecraft:stone_bricks,{},
"(8, 0, 13)",minecraft:tuff_bricks,{},
"(9, 0, 13)",minecraft:stone_bricks,{},
"(10, 0, 13)",minecraft:stone_bricks,{},
"(11, 0, 13)",minecraft:tuff_bricks,{},
"(12, 0, 13)",minecraft:stone_bricks,{},
"(13, 0, 13)",minecraft:stone_bricks,{},
"(14, 0, 13)",minecraft:stone_bricks,{},
"(15, 0, 13)",minecraft:tuff_bricks,{},
"(16, 0, 13)",minecraft:tuff_bricks,{},
"(17, 0, 13)",minecraft:oak_leaves,"{'distance': '1', 'persistent': 'true', 'waterlogged': 'false'}",
"(0, 0, 14)",minecraft:tuff_brick_stairs,"{'facing': 'east', 'half': 'top', 'shape': 'straight', 'waterlogged': 'false'}",
"(1, 0, 14)",minecraft:tuff_bricks,{},
"(2, 0, 14)",minecraft:stone_bricks,{},
"(3, 0, 14)",minecraft:tuff_bricks,{},
"(4, 0, 14)",minecraft:stone_bricks,{},
"(5, 0, 14)",minecraft:stone_bricks,{},
"(6, 0, 14)",minecraft:stone_bricks,{},
"(7, 0, 14)",minecraft:mangrove_slab,"{'type': 'top', 'waterlogged': 'true'}",
"(8, 0, 14)",minecraft:mangrove_slab,"{'type': 'top', 'waterlogged': 'true'}",
"(9, 0, 14)",minecraft:mangrove_slab,"{'type': 'top', 'waterlogged': 'true'}",
"(10, 0, 14)",minecraft:mangrove_slab,"{'type': 'top', 'waterlogged': 'true'}",
"(11, 0, 14)",minecraft:mangrove_slab,"{'type': 'top', 'waterlogged': 'true'}",
"(12, 0, 14)",minecraft:mangrove_slab,"{'type': 'top', 'waterlogged': 'true'}",
"(13, 0, 14)",minecraft:tuff_bricks,{},
"(14, 0, 14)",minecraft:tuff_bricks,{},
"(15, 0, 14)",minecraft:stone_bricks,{},
"(16, 0, 14)",minecraft:tuff_bricks,{},
"(0, 0, 15)",minecraft:tuff_brick_stairs,"{'facing': 'east', 'half': 'top', 'shape': 'straight', 'waterlogged': 'false'}",
"(1, 0, 15)",minecraft:stone_bricks,{},
"(2, 0, 15)",minecraft:stone_bricks,{},
"(3, 0, 15)",minecraft:stone_bricks,{},
"(4, 0, 15)",minecraft:tuff_bricks,{},
"(5, 0, 15)",minecraft:stone_bricks,{},
"(6, 0, 15)",minecraft:mangrove_slab,"{'type': 'top', 'waterlogged': 'true'}",
"(7, 0, 15)",minecraft:mangrove_slab,"{'type': 'top', 'waterlogged': 'true'}",
"(8, 0, 15)",minecraft:mangrove_slab,"{'type': 'top', 'waterlogged': 'true'}",
"(9, 0, 15)",minecraft:mangrove_slab,"{'type': 'top', 'waterlogged': 'true'}",
"(10, 0, 15)",minecraft:mangrove_slab,"{'type': 'top', 'waterlogged': 'true'}",
"(11, 0, 15)",minecraft:mangrove_slab,"{'type': 'top', 'waterlogged': 'true'}",
"(12, 0, 15)",minecraft:mangrove_slab,"{'type': 'top', 'waterlogged': 'true'}",
"(13, 0, 15)",minecraft:mangrove_slab,"{'type': 'top', 'waterlogged': 'true'}",
"(14, 0, 15)",minecraft:stone_bricks,{},
"(15, 0, 15)",minecraft:tuff_bricks,{},
"(16, 0, 15)",minecraft:tuff_bricks,{},
"(17, 0, 15)",minecraft:oak_leaves,"{'distance': '7', 'persistent': 'true', 'waterlogged': 'false'}",
"(0, 0, 16)",minecraft:stone_brick_stairs,"{'facing': 'east', 'half': 'top', 'shape': 'straight', 'waterlogged': 'false'}",
"(1, 0, 16)",minecraft:stone_bricks,{},
"(2, 0, 16)",minecraft:stone_bricks,{},
"(3, 0, 16)",minecraft:tuff_bricks,{},
"(4, 0, 16)",minecraft:tuff_bricks,{},
"(5, 0, 16)",minecraft:tuff_bricks,{},
"(6, 0, 16)",minecraft:tuff_bricks,{},
"(7, 0, 16)",minecraft:mangrove_slab,"{'type': 'top', 'waterlogged': 'true'}",
"(8, 0, 16)",minecraft:mangrove_slab,"{'type': 'top', 'waterlogged': 'true'}",
"(9, 0, 16)",minecraft:mangrove_slab,"{'type': 'top', 'waterlogged': 'true'}",
"(10, 0, 16)",minecraft:mangrove_slab,"{'type': 'top', 'waterlogged': 'true'}",
"(11, 0, 16)",minecraft:mangrove_slab,"{'type': 'top', 'waterlogged': 'true'}",
"(12, 0, 16)",minecraft:mangrove_slab,"{'type': 'top', 'waterlogged': 'true'}",
"(13, 0, 16)",minecraft:stone_bricks,{},
"(14, 0, 16)",minecraft:tuff_bricks,{},
"(15, 0, 16)",minecraft:tuff_bricks,{},
"(16, 0, 16)",minecraft:stone_bricks,{},
"(0, 0, 17)",minecraft:tuff_brick_stairs,"{'facing': 'east', 'half': 'top', 'shape': 'straight', 'waterlogged': 'false'}",
"(1, 0, 17)",minecraft:stone_bricks,{},
"(2, 0, 17)",minecraft:tuff_bricks,{},
"(3, 0, 17)",minecraft:tuff_bricks,{},
"(4, 0, 17)",minecraft:stone_bricks,{},
"(5, 0, 17)",minecraft:stone_bricks,{},
"(6, 0, 17)",minecraft:tuff_bricks,{},
"(7, 0, 17)",minecraft:stone_bricks,{},
"(8, 0, 17)",minecraft:stone_bricks,{},
"(9, 0, 17)",minecraft:tuff_bricks,{},
"(10, 0, 17)",minecraft:tuff_bricks,{},
"(11, 0, 17)",minecraft:stone_bricks,{},
"(12, 0, 17)",minecraft:stone_bricks,{},
"(13, 0, 17)",minecraft:stone_bricks,{},
"(14, 0, 17)",minecraft:tuff_bricks,{},
"(15, 0, 17)",minecraft:stone_bricks,{},
"(16, 0, 17)",minecraft:tuff_bricks,{},
"(17, 0, 17)",minecraft:azalea_leaves,"{'distance': '1', 'persistent': 'true', 'waterlogged': 'false'}",
"(0, 0, 18)",minecraft:stone_bricks,{},
"(1, 0, 18)",minecraft:tuff_brick_stairs,"{'facing': 'north', 'half': 'bottom', 'shape': 'straight', 'waterlogged': 'false'}",
"(2, 0, 18)",minecraft:stone_brick_stairs,"{'facing': 'north', 'half': 'bottom', 'shape': 'straight', 'waterlogged': 'false'}",
"(3, 0, 18)",minecraft:oak_log,{'axis': 'y'},
"(4, 0, 18)",minecraft:oak_log,{'axis': 'y'},
"(5, 0, 18)",minecraft:stone_bricks,{},
"(6, 0, 18)",minecraft:stone_bricks,{},
"(7, 0, 18)",minecraft:stone_bricks,{},
"(8, 0, 18)",minecraft:stone_bricks,{},
"(9, 0, 18)",minecraft:tuff_bricks,{},
"(10, 0, 18)",minecraft:stone_bricks,{},
"(11, 0, 18)",minecraft:stone_bricks,{},
"(12, 0, 18)",minecraft:tuff_bricks,{},
"(13, 0, 18)",minecraft:tuff_bricks,{},
"(14, 0, 18)",minecraft:stone_bricks,{},
"(15, 0, 18)",minecraft:stone_bricks,{},
"(16, 0, 18)",minecraft:oak_log,{'axis': 'y'},
"(17, 0, 18)",minecraft:oak_log,{'axis': 'y'},
"(1, 0, 19)",minecraft:jigsaw,{'orientation': 'up_south'},"{components: {}, joint: ""rollable"", name: ""minecraft:empty"", pool: ""minecraft:empty"", final_state: ""minecraft:air"", placement_priority: 0, selection_priority: 0, id: ""minecraft:jigsaw"", target: ""minecraft:empty""}"
"(2, 0, 19)",minecraft:spruce_trapdoor,"{'facing': 'west', 'half': 'bottom', 'open': 'true', 'powered': 'false', 'waterlogged': 'false'}",
"(3, 0, 19)",minecraft:lilac,{'half': 'lower'},
"(4, 0, 19)",minecraft:stone_bricks,{},
"(5, 0, 19)",minecraft:tuff_bricks,{},
"(6, 0, 19)",minecraft:stone_bricks,{},
"(7, 0, 19)",minecraft:tuff_bricks,{},
"(8, 0, 19)",minecraft:stone_bricks,{},
"(9, 0, 19)",minecraft:stone_bricks,{},
"(10, 0, 19)",minecraft:stone_bricks,{},
"(11, 0, 19)",minecraft:tuff_bricks,{},
"(12, 0, 19)",minecraft:tuff_bricks,{},
"(13, 0, 19)",minecraft:stone_bricks,{},
"(14, 0, 19)",minecraft:tuff_bricks,{},
"(15, 0, 19)",minecraft:stone_bricks,{},
"(16, 0, 19)",minecraft:tuff_bricks,{},
"(2, 0, 20)",minecraft:spruce_trapdoor,"{'facing': 'west', 'half': 'bottom', 'open': 'true', 'powered': 'false', 'waterlogged': 'false'}",
"(3, 0, 20)",minecraft:lilac,{'half': 'lower'},
"(4, 0, 20)",minecraft:stone_bricks,{},
"(5, 0, 20)",minecraft:tuff_bricks,{},
"(6, 0, 20)",minecraft:tuff_bricks,{},
"(7, 0, 20)",minecraft:stone_bricks,{},
"(8, 0, 20)",minecraft:stone_bricks,{},
"(9, 0, 20)",minecraft:tuff_bricks,{},
"(10, 0, 20)",minecraft:tuff_bricks,{},
"(11, 0, 20)",minecraft:stone_bricks,{},
"(12, 0, 20)",minecraft:stone_bricks,{},
"(13, 0, 20)",minecraft:stone_bricks,{},
"(14, 0, 20)",minecraft:tuff_bricks,{},
"(15, 0, 20)",minecraft:tuff_bricks,{},
"(16, 0, 20)",minecraft:tuff_bricks,{},
"(17, 0, 20)",minecraft:azalea_leaves,"{'distance': '2', 'persistent': 'true', 'waterlogged': 'false'}",
"(2, 0, 21)",minecraft:spruce_trapdoor,"{'facing': 'west', 'half': 'bottom', 'open': 'true', 'powered': 'false', 'waterlogged': 'false'}",
"(3, 0, 21)",minecraft:lilac,{'half': 'lower'},
"(4, 0, 21)",minecraft:stone_bricks,{},
"(5, 0, 21)",minecraft:stone_bricks,{},
"(6, 0, 21)",minecraft:tuff_bricks,{},
"(7, 0, 21)",minecraft:stone_bricks,{},
"(8, 0, 21)",minecraft:tuff_bricks,{},
"(9, 0, 21)",minecraft:stone_bricks,{},
"(10, 0, 21)",minecraft:tuff_bricks,{},
"(11, 0, 21)",minecraft:tuff_bricks,{},
"(12, 0, 21)",minecraft:stone_bricks,{},
"(13, 0, 21)",minecraft:tuff_bricks,{},
"(14, 0, 21)",minecraft:tuff_bricks,{},
"(15, 0, 21)",minecraft:stone_bricks,{},
"(16, 0, 21)",minecraft:tuff_bricks,{},
"(17, 0, 21)",minecraft:azalea_leaves,"{'distance': '1', 'persistent': 'true', 'waterlogged': 'false'}",
"(3, 0, 22)",minecraft:oak_log,{'axis': 'y'},
"(4, 0, 22)",minecraft:oak_log,{'axis': 'y'},
"(5, 0, 22)",minecraft:stone_bricks,{},
"(6, 0, 22)",minecraft:stone_bricks,{},
"(7, 0, 22)",minecraft:stone_bricks,{},
"(8, 0, 22)",minecraft:stone_bricks,{},
"(9, 0, 22)",minecraft:stone_bricks,{},
"(10, 0, 22)",minecraft:oak_log,{'axis': 'y'},
"(11, 0, 22)",minecraft:stone_bricks,{},
"(12, 0, 22)",minecraft:stone_bricks,{},
"(13, 0, 22)",minecraft:stone_bricks,{},
"(14, 0, 22)",minecraft:tuff_bricks,{},
"(15, 0, 22)",minecraft:stone_bricks,{},
"(16, 0, 22)",minecraft:oak_log,{'axis': 'y'},
"(17, 0, 22)",minecraft:oak_log,{'axis': 'y'},
"(4, 0, 23)",minecraft:oak_log,{'axis': 'y'},
"(5, 0, 23)",minecraft:oak_leaves,"{'distance': '1', 'persistent': 'true', 'waterlogged': 'false'}",
"(6, 0, 23)",minecraft:peony,{'half': 'lower'},
"(7, 0, 23)",minecraft:stone_bricks,{},
"(8, 0, 23)",minecraft:stone_bricks,{},
"(9, 0, 23)",minecraft:tuff_bricks,{},
"(10, 0, 23)",minecraft:stone_bricks,{},
"(11, 0, 23)",minecraft:tuff_bricks,{},
"(12, 0, 23)",minecraft:stone_bricks,{},
"(13, 0, 23)",minecraft:tuff_bricks,{},
"(16, 0, 23)",minecraft:oak_log,{'axis': 'y'},
"(4, 0, 24)",minecraft:spruce_trapdoor,"{'facing': 'west', 'half': 'bottom', 'open': 'true', 'powered': 'false', 'waterlogged': 'false'}",
"(5, 0, 24)",minecraft:large_fern,{'half': 'lower'},
"(6, 0, 24)",minecraft:peony,{'half': 'lower'},
"(7, 0, 24)",minecraft:stone_bricks,{},
"(8, 0, 24)",minecraft:tuff_bricks,{},
"(9, 0, 24)",minecraft:tuff_bricks,{},
"(10, 0, 24)",minecraft:stone_bricks,{},
"(11, 0, 24)",minecraft:stone_bricks,{},
"(12, 0, 24)",minecraft:tuff_bricks,{},
"(13, 0, 24)",minecraft:stone_bricks,{},
"(4, 0, 25)",minecraft:spruce_trapdoor,"{'facing': 'west', 'half': 'bottom', 'open': 'true', 'powered': 'false', 'waterlogged': 'false'}",
"(5, 0, 25)",minecraft:peony,{'half': 'lower'},
"(6, 0, 25)",minecraft:oak_leaves,"{'distance': '7', 'persistent': 'true', 'waterlogged': 'false'}",
"(7, 0, 25)",minecraft:stone_bricks,{},
"(8, 0, 25)",minecraft:tuff_bricks,{},
"(9, 0, 25)",minecraft:stone_bricks,{},
"(10, 0, 25)",minecraft:stone_bricks,{},
"(11, 0, 25)",minecraft:tuff_bricks,{},
"(12, 0, 25)",minecraft:tuff_bricks,{},
"(13, 0, 25)",minecraft:tuff_bricks,{},
"(4, 0, 26)",minecraft:spruce_trapdoor,"{'facing': 'west', 'half': 'bottom', 'open': 'true', 'powered': 'false', 'waterlogged': 'false'}",
"(5, 0, 26)",minecraft:large_fern,{'half': 'lower'},
"(6, 0, 26)",minecraft:large_fern,{'half': 'lower'},
"(7, 0, 26)",minecraft:stone_bricks,{},
"(8, 0, 26)",minecraft:stone_bricks,{},
"(9, 0, 26)",minecraft:stone_bricks,{},
"(10, 0, 26)",minecraft:tuff_bricks,{},
"(11, 0, 26)",minecraft:tuff_bricks,{},
"(12, 0, 26)",minecraft:stone_bricks,{},
"(13, 0, 26)",minecraft:tuff_bricks,{},
"(4, 0, 27)",minecraft:spruce_trapdoor,"{'facing': 'west', 'half': 'bottom', 'open': 'true', 'powered': 'false', 'waterlogged': 'false'}",
"(5, 0, 27)",minecraft:oak_leaves,"{'distance': '7', 'persistent': 'true', 'waterlogged': 'false'}",
"(6, 0, 27)",minecraft:peony,{'half': 'lower'},
"(7, 0, 27)",minecraft:stone_bricks,{},
"(8, 0, 27)",minecraft:stone_bricks,{},
"(9, 0, 27)",minecraft:tuff_bricks,{},
"(10, 0, 27)",minecraft:tuff_bricks,{},
"(11, 0, 27)",minecraft:stone_bricks,{},
"(12, 0, 27)",minecraft:tuff_bricks,{},
"(13, 0, 27)",minecraft:stone_bricks,{},
"(5, 0, 28)",minecraft:spruce_trapdoor,"{'facing': 'south', 'half': 'bottom', 'open': 'true', 'powered': 'false', 'waterlogged': 'false'}",
"(6, 0, 28)",minecraft:oak_log,{'axis': 'y'},
"(7, 0, 28)",minecraft:oak_log,{'axis': 'y'},
"(8, 0, 28)",minecraft:stone_bricks,{},
"(9, 0, 28)",minecraft:tuff_bricks,{},
"(10, 0, 28)",minecraft:stone_bricks,{},
"(11, 0, 28)",minecraft:tuff_bricks,{},
"(12, 0, 28)",minecraft:tuff_bricks,{},
"(13, 0, 28)",minecraft:oak_log,{'axis': 'y'},
"(14, 0, 28)",minecraft:oak_log,{'axis': 'y'},
"(7, 0, 29)",minecraft:oak_log,{'axis': 'y'},
"(11, 0, 29)",minecraft:oak_leaves,"{'distance': '7', 'persistent': 'true', 'waterlogged': 'false'}",
"(13, 0, 29)",minecraft:oak_log,{'axis': 'y'},
"(6, 1, 1)",minecraft:azalea_leaves,"{'distance': '2', 'persistent': 'true', 'waterlogged': 'false'}",
"(7, 1, 1)",minecraft:spruce_stairs,"{'facing': 'south', 'half': 'bottom', 'shape': 'straight', 'waterlogged': 'false'}",
"(12, 1, 1)",minecraft:flowering_azalea_leaves,"{'distance': '2', 'persistent': 'true', 'waterlogged': 'false'}",
"(13, 1, 1)",minecraft:spruce_stairs,"{'facing': 'south', 'half': 'bottom', 'shape': 'straight', 'waterlogged': 'false'}",
"(6, 1, 2)",minecraft:spruce_stairs,"{'facing': 'east', 'half': 'bottom', 'shape': 'straight', 'waterlogged': 'false'}",
"(7, 1, 2)",minecraft:oak_log,{'axis': 'y'},
"(8, 1, 2)",minecraft:granite,{},
"(9, 1, 2)",minecraft:granite,{},
"(10, 1, 2)",minecraft:granite,{},
"(11, 1, 2)",minecraft:terracotta,{},
"(12, 1, 2)",minecraft:terracotta,{},
"(13, 1, 2)",minecraft:oak_log,{'axis': 'y'},
"(14, 1, 2)",minecraft:spruce_stairs,"{'facing': 'west', 'half': 'bottom', 'shape': 'straight', 'waterlogged': 'false'}",
"(5, 1, 3)",minecraft:peony,{'half': 'upper'},
"(6, 1, 3)",minecraft:large_fern,{'half': 'upper'},
"(7, 1, 3)",minecraft:granite,{},
"(8, 1, 3)",minecraft:barrel,"{'facing': 'south', 'open': 'false'}","{components: {}, Items: [], id: ""minecraft:barrel""}"
"(9, 1, 3)",minecraft:barrel,"{'facing': 'south', 'open': 'false'}","{components: {}, Items: [], id: ""minecraft:barrel""}"
"(10, 1, 3)",minecraft:bookshelf,{},
"(11, 1, 3)",minecraft:bookshelf,{},
"(12, 1, 3)",minecraft:cauldron,{},
"(13, 1, 3)",minecraft:granite,{},
"(14, 1, 3)",minecraft:cobbled_deepslate_wall,"{'east': 'none', 'north': 'none', 'south': 'low', 'up': 'true', 'waterlogged': 'false', 'west': 'low'}",
"(6, 1, 4)",minecraft:peony,{'half': 'upper'},
"(7, 1, 4)",minecraft:granite,{},
"(8, 1, 4)",minecraft:spruce_wall_sign,"{'facing': 'south', 'waterlogged': 'false'}","{back_text: {has_glowing_text: 0b, color: ""black"", messages: ["""", """", """", """"]}, components: {}, is_waxed: 0b, id: ""minecraft:sign"", front_text: {has_glowing_text: 0b, color: ""black"", messages: ["""", """", """", """"]}}"
"(9, 1, 4)",minecraft:spruce_wall_sign,"{'facing': 'south', 'waterlogged': 'false'}","{back_text: {has_glowing_text: 0b, color: ""black"", messages: ["""", """", """", """"]}, components: {}, is_waxed: 0b, id: ""minecraft:sign"", front_text: {has_glowing_text: 0b, color: ""black"", messages: ["""", """", """", """"]}}"
"(10, 1, 4)",minecraft:horn_coral_fan,{'waterlogged': 'false'},
"(11, 1, 4)",minecraft:horn_coral_fan,{'waterlogged': 'false'},
"(13, 1, 4)",minecraft:cobbled_deepslate_stairs,"{'facing': 'east', 'half': 'bottom', 'shape': 'straight', 'waterlogged': 'false'}",
"(14, 1, 4)",minecraft:cobbled_deepslate,{},
"(5, 1, 5)",minecraft:large_fern,{'half': 'upper'},
"(7, 1, 5)",minecraft:granite,{},
"(8, 1, 5)",minecraft:scaffolding,"{'bottom': 'false', 'distance': '0', 'waterlogged': 'false'}",
"(10, 1, 5)",minecraft:horn_coral_fan,{'waterlogged': 'false'},
"(11, 1, 5)",minecraft:horn_coral_fan,{'waterlogged': 'false'},
"(12, 1, 5)",minecraft:horn_coral_fan,{'waterlogged': 'false'},
"(14, 1, 5)",minecraft:campfire,"{'facing': 'east', 'lit': 'true', 'signal_fire': 'false', 'waterlogged': 'false'}","{components: {}, Items: [], CookingTimes: [I; 0, 0, 0, 0], CookingTotalTimes: [I; 0, 0, 0, 0], id: ""minecraft:campfire""}"
"(15, 1, 5)",minecraft:basalt,{'axis': 'x'},
"(6, 1, 6)",minecraft:large_fern,{'half': 'upper'},
"(7, 1, 6)",minecraft:granite,{},
"(8, 1, 6)",minecraft:brown_bed,"{'facing': 'west', 'occupied': 'false', 'part': 'head'}","{components: {}, id: ""minecraft:bed""}"
"(9, 1, 6)",minecraft:brown_bed,"{'facing': 'west', 'occupied': 'false', 'part': 'foot'}","{components: {}, id: ""minecraft:bed""}"
"(11, 1, 6)",minecraft:horn_coral_fan,{'waterlogged': 'false'},
"(12, 1, 6)",minecraft:horn_coral_fan,{'waterlogged': 'false'},
"(13, 1, 6)",minecraft:cobbled_deepslate_stairs,"{'facing': 'east', 'half': 'bottom', 'shape': 'straight', 'waterlogged': 'false'}",
"(14, 1, 6)",minecraft:cobbled_deepslate,{},
"(4, 1, 7)",minecraft:spruce_stairs,"{'facing': 'south', 'half': 'bottom', 'shape': 'straight', 'waterlogged': 'false'}",
"(5, 1, 7)",minecraft:peony,{'half': 'upper'},
"(7, 1, 7)",minecraft:terracotta,{},
"(8, 1, 7)",minecraft:brown_bed,"{'facing': 'west', 'occupied': 'false', 'part': 'head'}","{components: {}, id: ""minecraft:bed""}"
"(9, 1, 7)",minecraft:brown_bed,"{'facing': 'west', 'occupied': 'false', 'part': 'foot'}","{components: {}, id: ""minecraft:bed""}"
"(10, 1, 7)",minecraft:decorated_pot,"{'cracked': 'false', 'facing': 'south', 'waterlogged': 'false'}","{components: {}, id: ""minecraft:decorated_pot""}"
"(11, 1, 7)",minecraft:dark_oak_door,"{'facing': 'north', 'half': 'lower', 'hinge': 'left', 'open': 'false', 'powered': 'false'}",
"(12, 1, 7)",minecraft:dark_oak_door,"{'facing': 'north', 'half': 'lower', 'hinge': 'right', 'open': 'false', 'powered': 'false'}",
"(13, 1, 7)",minecraft:terracotta,{},
"(16, 1, 7)",minecraft:spruce_stairs,"{'facing': 'south', 'half': 'bottom', 'shape': 'straight', 'waterlogged': 'false'}",
"(3, 1, 8)",minecraft:spruce_stairs,"{'facing': 'east', 'half': 'bottom', 'shape': 'straight', 'waterlogged': 'false'}",
"(4, 1, 8)",minecraft:oak_log,{'axis': 'y'},
"(5, 1, 8)",minecraft:terracotta,{},
"(6, 1, 8)",minecraft:granite,{},
"(7, 1, 8)",minecraft:granite,{},
"(8, 1, 8)",minecraft:granite,{},
"(9, 1, 8)",minecraft:granite,{},
"(10, 1, 8)",minecraft:stripped_spruce_log,{'axis': 'y'},
"(11, 1, 8)",minecraft:spruce_trapdoor,"{'facing': 'east', 'half': 'bottom', 'open': 'true', 'powered': 'false', 'waterlogged': 'false'}",
"(12, 1, 8)",minecraft:spruce_trapdoor,"{'facing': 'west', 'half': 'bottom', 'open': 'true', 'powered': 'false', 'waterlogged': 'false'}",
"(13, 1, 8)",minecraft:granite,{},
"(14, 1, 8)",minecraft:granite,{},
"(15, 1, 8)",minecraft:granite,{},
"(16, 1, 8)",minecraft:oak_log,{'axis': 'y'},
"(17, 1, 8)",minecraft:spruce_stairs,"{'facing': 'west', 'half': 'bottom', 'shape': 'straight', 'waterlogged': 'false'}",
"(3, 1, 9)",minecraft:lilac,{'half': 'upper'},
"(4, 1, 9)",minecraft:terracotta,{},
"(5, 1, 9)",minecraft:barrel,"{'facing': 'south', 'open': 'false'}","{components: {}, Items: [], id: ""minecraft:barrel""}"
"(6, 1, 9)",minecraft:barrel,"{'facing': 'south', 'open': 'false'}","{components: {}, Items: [], id: ""minecraft:barrel""}"
"(7, 1, 9)",minecraft:barrel,"{'facing': 'south', 'open': 'false'}","{components: {}, Items: [], id: ""minecraft:barrel""}"
"(8, 1, 9)",minecraft:barrel,"{'facing': 'south', 'open': 'false'}","{components: {}, Items: [], id: ""minecraft:barrel""}"
"(9, 1, 9)",minecraft:spruce_trapdoor,"{'facing': 'east', 'half': 'bottom', 'open': 'true', 'powered': 'false', 'waterlogged': 'false'}",
"(10, 1, 9)",minecraft:decorated_pot,"{'cracked': 'false', 'facing': 'north', 'waterlogged': 'false'}","{components: {}, id: ""minecraft:decorated_pot""}"
"(13, 1, 9)",minecraft:barrel,"{'facing': 'west', 'open': 'false'}","{components: {}, Items: [], id: ""minecraft:barrel""}"
"(16, 1, 9)",minecraft:terracotta,{},
"(17, 1, 9)",minecraft:azalea_leaves,"{'distance': '2', 'persistent': 'true', 'waterlogged': 'false'}",
"(3, 1, 10)",minecraft:lilac,{'half': 'upper'},
"(4, 1, 10)",minecraft:terracotta,{},
"(13, 1, 10)",minecraft:barrel,"{'facing': 'west', 'open': 'false'}","{components: {}, Items: [], id: ""minecraft:barrel""}"
"(16, 1, 10)",minecraft:granite,{},
"(3, 1, 11)",minecraft:lilac,{'half': 'upper'},
"(4, 1, 11)",minecraft:granite,{},
"(11, 1, 11)",minecraft:chiseled_bookshelf,"{'facing': 'west', 'slot_0_occupied': 'false', 'slot_1_occupied': 'false', 'slot_2_occupied': 'false', 'slot_3_occupied': 'false', 'slot_4_occupied': 'false', 'slot_5_occupied': 'false'}","{last_interacted_slot: -1, components: {}, Items: [], id: ""minecraft:chiseled_bookshelf""}"
"(12, 1, 11)",minecraft:dark_oak_door,"{'facing': 'north', 'half': 'lower', 'hinge': 'right', 'open': 'false', 'powered': 'false'}",
"(13, 1, 11)",minecraft:chiseled_bookshelf,"{'facing': 'north', 'slot_0_occupied': 'false', 'slot_1_occupied': 'false', 'slot_2_occupied': 'false', 'slot_3_occupied': 'false', 'slot_4_occupied': 'false', 'slot_5_occupied': 'false'}","{last_interacted_slot: -1, components: {}, Items: [], id: ""minecraft:chiseled_bookshelf""}"
"(16, 1, 11)",minecraft:granite,{},
"(0, 1, 12)",minecraft:dark_oak_wall_hanging_sign,"{'facing': 'east', 'waterlogged': 'false'}","{back_text: {has_glowing_text: 0b, color: ""black"", messages: ["""", """", """", """"]}, components: {}, is_waxed: 0b, id: ""minecraft:hanging_sign"", front_text: {has_glowing_text: 0b, color: ""black"", messages: ["""", """", """", """"]}}"
"(3, 1, 12)",minecraft:spruce_stairs,"{'facing': 'east', 'half': 'bottom', 'shape': 'straight', 'waterlogged': 'false'}",
"(4, 1, 12)",minecraft:stripped_spruce_log,{'axis': 'y'},
"(5, 1, 12)",minecraft:oak_stairs,"{'facing': 'north', 'half': 'top', 'shape': 'straight', 'waterlogged': 'false'}",
"(6, 1, 12)",minecraft:oak_stairs,"{'facing': 'north', 'half': 'top', 'shape': 'straight', 'waterlogged': 'false'}",
"(7, 1, 12)",minecraft:lectern,"{'facing': 'north', 'has_book': 'true', 'powered': 'false'}","{components: {}, Book: {count: 1, id: ""minecraft:writable_book""}, Page: -1, id: ""minecraft:lectern""}"
"(8, 1, 12)",minecraft:oak_stairs,"{'facing': 'north', 'half': 'top', 'shape': 'straight', 'waterlogged': 'false'}",
"(9, 1, 12)",minecraft:chiseled_bookshelf,"{'facing': 'south', 'slot_0_occupied': 'false', 'slot_1_occupied': 'false', 'slot_2_occupied': 'false', 'slot_3_occupied': 'true', 'slot_4_occupied': 'false', 'slot_5_occupied': 'false'}","{last_interacted_slot: 3, components: {}, Items: [{count: 1, Slot: 3b, id: ""minecraft:writable_book""}], id: ""minecraft:chiseled_bookshelf""}"
"(10, 1, 12)",minecraft:stripped_spruce_log,{'axis': 'y'},
"(11, 1, 12)",minecraft:scaffolding,"{'bottom': 'false', 'distance': '0', 'waterlogged': 'false'}",
"(13, 1, 12)",minecraft:ender_chest,"{'facing': 'south', 'waterlogged': 'false'}","{components: {}, id: ""minecraft:ender_chest""}"
"(14, 1, 12)",minecraft:spruce_stairs,"{'facing': 'west', 'half': 'bottom', 'shape': 'inner_right', 'waterlogged': 'false'}",
"(15, 1, 12)",minecraft:spruce_stairs,"{'facing': 'north', 'half': 'bottom', 'shape': 'straight', 'waterlogged': 'false'}",
"(16, 1, 12)",minecraft:stripped_spruce_log,{'axis': 'y'},
"(17, 1, 12)",minecraft:spruce_stairs,"{'facing': 'west', 'half': 'bottom', 'shape': 'straight', 'waterlogged': 'false'}",
"(0, 1, 13)",minecraft:dark_oak_wall_hanging_sign,"{'facing': 'east', 'waterlogged': 'false'}","{back_text: {has_glowing_text: 0b, color: ""black"", messages: ["""", """", """", """"]}, components: {}, is_waxed: 0b, id: ""minecraft:hanging_sign"", front_text: {has_glowing_text: 0b, color: ""black"", messages: ["""", """", """", """"]}}"
"(4, 1, 13)",minecraft:terracotta,{},
"(5, 1, 13)",minecraft:decorated_pot,"{'cracked': 'false', 'facing': 'west', 'waterlogged': 'false'}","{components: {}, id: ""minecraft:decorated_pot""}"
"(6, 1, 13)",minecraft:oak_wall_sign,"{'facing': 'south', 'waterlogged': 'false'}","{back_text: {has_glowing_text: 0b, color: ""black"", messages: ["""", """", """", """"]}, components: {}, is_waxed: 0b, id: ""minecraft:sign"", front_text: {has_glowing_text: 0b, color: ""black"", messages: ["""", """", """", """"]}}"
"(7, 1, 13)",minecraft:oak_wall_sign,"{'facing': 'south', 'waterlogged': 'false'}","{back_text: {has_glowing_text: 0b, color: ""black"", messages: ["""", """", """", """"]}, components: {}, is_waxed: 0b, id: ""minecraft:sign"", front_text: {has_glowing_text: 0b, color: ""black"", messages: ["""", """", """", """"]}}"
"(8, 1, 13)",minecraft:oak_wall_sign,"{'facing': 'south', 'waterlogged': 'false'}","{back_text: {has_glowing_text: 0b, color: ""black"", messages: ["""", """", """", """"]}, components: {}, is_waxed: 0b, id: ""minecraft:sign"", front_text: {has_glowing_text: 0b, color: ""black"", messages: ["""", """", """", """"]}}"
"(16, 1, 13)",minecraft:terracotta,{},
"(0, 1, 14)",minecraft:dark_oak_wall_hanging_sign,"{'facing': 'west', 'waterlogged': 'false'}","{back_text: {has_glowing_text: 0b, color: ""black"", messages: ["""", """", """", """"]}, components: {}, is_waxed: 0b, id: ""minecraft:hanging_sign"", front_text: {has_glowing_text: 0b, color: ""black"", messages: ["""", """", """", """"]}}"
"(4, 1, 14)",minecraft:spruce_trapdoor,"{'facing': 'south', 'half': 'top', 'open': 'true', 'powered': 'false', 'waterlogged': 'false'}",
"(5, 1, 14)",minecraft:dark_oak_trapdoor,"{'facing': 'east', 'half': 'bottom', 'open': 'true', 'powered': 'false', 'waterlogged': 'false'}",
"(7, 1, 14)",minecraft:fire_coral_fan,{'waterlogged': 'false'},
"(8, 1, 14)",minecraft:fire_coral_fan,{'waterlogged': 'false'},
"(9, 1, 14)",minecraft:fire_coral_fan,{'waterlogged': 'false'},
"(10, 1, 14)",minecraft:fire_coral_fan,{'waterlogged': 'false'},
"(11, 1, 14)",minecraft:fire_coral_fan,{'waterlogged': 'false'},
"(12, 1, 14)",minecraft:fire_coral_fan,{'waterlogged': 'false'},
"(15, 1, 14)",minecraft:lectern,"{'facing': 'west', 'has_book': 'true', 'powered': 'false'}","{components: {}, Book: {count: 1, id: ""minecraft:writable_book""}, Page: -1, id: ""minecraft:lectern""}"
"(16, 1, 14)",minecraft:terracotta,{},
"(17, 1, 14)",minecraft:oak_leaves,"{'distance': '7', 'persistent': 'true', 'waterlogged': 'false'}",
"(0, 1, 15)",minecraft:dark_oak_wall_hanging_sign,"{'facing': 'east', 'waterlogged': 'false'}","{back_text: {has_glowing_text: 0b, color: ""black"", messages: ["""", """", """", """"]}, components: {}, is_waxed: 0b, id: ""minecraft:hanging_sign"", front_text: {has_glowing_text: 0b, color: ""black"", messages: ["""", """", """", """"]}}"
"(5, 1, 15)",minecraft:dark_oak_door,"{'facing': 'east', 'half': 'lower', 'hinge': 'left', 'open': 'false', 'powered': 'false'}",
"(6, 1, 15)",minecraft:fire_coral_fan,{'waterlogged': 'false'},
"(7, 1, 15)",minecraft:fire_coral_fan,{'waterlogged': 'false'},
"(8, 1, 15)",minecraft:fire_coral_fan,{'waterlogged': 'false'},
"(9, 1, 15)",minecraft:fire_coral_fan,{'waterlogged': 'false'},
"(10, 1, 15)",minecraft:fire_coral_fan,{'waterlogged': 'false'},
"(11, 1, 15)",minecraft:fire_coral_fan,{'waterlogged': 'false'},
"(12, 1, 15)",minecraft:fire_coral_fan,{'waterlogged': 'false'},
"(13, 1, 15)",minecraft:fire_coral_fan,{'waterlogged': 'false'},
"(15, 1, 15)",minecraft:bookshelf,{},
"(16, 1, 15)",minecraft:granite,{},
"(0, 1, 16)",minecraft:dark_oak_wall_hanging_sign,"{'facing': 'east', 'waterlogged': 'false'}","{back_text: {has_glowing_text: 0b, color: ""black"", messages: ["""", """", """", """"]}, components: {}, is_waxed: 0b, id: ""minecraft:hanging_sign"", front_text: {has_glowing_text: 0b, color: ""black"", messages: ["""", """", """", """"]}}"
"(4, 1, 16)",minecraft:spruce_trapdoor,"{'facing': 'north', 'half': 'top', 'open': 'true', 'powered': 'false', 'waterlogged': 'false'}",
"(5, 1, 16)",minecraft:dark_oak_trapdoor,"{'facing': 'east', 'half': 'bottom', 'open': 'true', 'powered': 'false', 'waterlogged': 'false'}",
"(7, 1, 16)",minecraft:fire_coral_fan,{'waterlogged': 'false'},
"(8, 1, 16)",minecraft:fire_coral_fan,{'waterlogged': 'false'},
"(9, 1, 16)",minecraft:fire_coral_fan,{'waterlogged': 'false'},
"(10, 1, 16)",minecraft:fire_coral_fan,{'waterlogged': 'false'},
"(11, 1, 16)",minecraft:fire_coral_fan,{'waterlogged': 'false'},
"(12, 1, 16)",minecraft:fire_coral_fan,{'waterlogged': 'false'},
"(15, 1, 16)",minecraft:bookshelf,{},
"(16, 1, 16)",minecraft:granite,{},
"(0, 1, 17)",minecraft:dark_oak_wall_hanging_sign,"{'facing': 'east', 'waterlogged': 'false'}","{back_text: {has_glowing_text: 0b, color: ""black"", messages: ["""", """", """", """"]}, components: {}, is_waxed: 0b, id: ""minecraft:hanging_sign"", front_text: {has_glowing_text: 0b, color: ""black"", messages: ["""", """", """", """"]}}"
"(4, 1, 17)",minecraft:granite,{},
"(5, 1, 17)",minecraft:decorated_pot,"{'cracked': 'false', 'facing': 'west', 'waterlogged': 'false'}","{components: {}, id: ""minecraft:decorated_pot""}"
"(15, 1, 17)",minecraft:bookshelf,{},
"(16, 1, 17)",minecraft:granite,{},
"(0, 1, 18)",minecraft:dark_oak_wall_hanging_sign,"{'facing': 'east', 'waterlogged': 'false'}","{back_text: {has_glowing_text: 0b, color: ""black"", messages: ["""", """", """", """"]}, components: {}, is_waxed: 0b, id: ""minecraft:hanging_sign"", front_text: {has_glowing_text: 0b, color: ""black"", messages: ["""", """", """", """"]}}"
"(3, 1, 18)",minecraft:spruce_stairs,"{'facing': 'east', 'half': 'bottom', 'shape': 'straight', 'waterlogged': 'false'}",
"(4, 1, 18)",minecraft:stripped_spruce_log,{'axis': 'y'},
"(5, 1, 18)",minecraft:waxed_exposed_cut_copper_stairs,"{'facing': 'north', 'half': 'bottom', 'shape': 'straight', 'waterlogged': 'false'}",
"(6, 1, 18)",minecraft:waxed_exposed_cut_copper_stairs,"{'facing': 'north', 'half': 'bottom', 'shape': 'straight', 'waterlogged': 'false'}",
"(7, 1, 18)",minecraft:chiseled_bookshelf,"{'facing': 'south', 'slot_0_occupied': 'true', 'slot_1_occupied': 'true', 'slot_2_occupied': 'true', 'slot_3_occupied': 'false', 'slot_4_occupied': 'true', 'slot_5_occupied': 'false'}","{last_interacted_slot: 1, components: {}, Items: [{count: 1, Slot: 0b, id: ""minecraft:writable_book""}, {count: 1, Slot: 1b, id: ""minecraft:writable_book""}, {count: 1, Slot: 2b, id: ""minecraft:writable_book""}, {count: 1, Slot: 4b, id: ""minecraft:writable_book""}], id: ""minecraft:chiseled_bookshelf""}"
"(10, 1, 18)",minecraft:stripped_spruce_log,{'axis': 'y'},
"(13, 1, 18)",minecraft:bookshelf,{},
"(14, 1, 18)",minecraft:bookshelf,{},
"(15, 1, 18)",minecraft:bookshelf,{},
"(16, 1, 18)",minecraft:stripped_spruce_log,{'axis': 'y'},
"(17, 1, 18)",minecraft:spruce_stairs,"{'facing': 'west', 'half': 'bottom', 'shape': 'straight', 'waterlogged': 'false'}",
"(3, 1, 19)",minecraft:lilac,{'half': 'upper'},
"(4, 1, 19)",minecraft:terracotta,{},
"(12, 1, 19)",minecraft:pink_carpet,{},
"(13, 1, 19)",minecraft:magenta_carpet,{},
"(14, 1, 19)",minecraft:purple_carpet,{},
"(16, 1, 19)",minecraft:terracotta,{},
"(3, 1, 20)",minecraft:lilac,{'half': 'upper'},
"(4, 1, 20)",minecraft:granite,{},
"(11, 1, 20)",minecraft:pink_carpet,{},
"(12, 1, 20)",minecraft:magenta_carpet,{},
"(13, 1, 20)",minecraft:purple_carpet,{},
"(15, 1, 20)",minecraft:lectern,"{'facing': 'west', 'has_book': 'true', 'powered': 'false'}","{components: {}, Book: {count: 1, id: ""minecraft:writable_book""}, Page: -1, id: ""minecraft:lectern""}"
"(16, 1, 20)",minecraft:granite,{},
"(17, 1, 20)",minecraft:flowering_azalea_leaves,"{'distance': '3', 'persistent': 'true', 'waterlogged': 'false'}",
"(3, 1, 21)",minecraft:lilac,{'half': 'upper'},
"(4, 1, 21)",minecraft:granite,{},
"(5, 1, 21)",minecraft:chiseled_bookshelf,"{'facing': 'north', 'slot_0_occupied': 'true', 'slot_1_occupied': 'false', 'slot_2_occupied': 'false', 'slot_3_occupied': 'false', 'slot_4_occupied': 'true', 'slot_5_occupied': 'true'}","{last_interacted_slot: 5, components: {}, Items: [{count: 1, Slot: 0b, id: ""minecraft:writable_book""}, {count: 1, Slot: 4b, id: ""minecraft:writable_book""}, {count: 1, Slot: 5b, id: ""minecraft:writable_book""}], id: ""minecraft:chiseled_bookshelf""}"
"(6, 1, 21)",minecraft:waxed_exposed_cut_copper_stairs,"{'facing': 'south', 'half': 'bottom', 'shape': 'straight', 'waterlogged': 'false'}",
"(7, 1, 21)",minecraft:waxed_exposed_cut_copper_stairs,"{'facing': 'south', 'half': 'bottom', 'shape': 'straight', 'waterlogged': 'false'}",
"(8, 1, 21)",minecraft:waxed_exposed_cut_copper_stairs,"{'facing': 'south', 'half': 'bottom', 'shape': 'straight', 'waterlogged': 'false'}",
"(9, 1, 21)",minecraft:chiseled_bookshelf,"{'facing': 'north', 'slot_0_occupied': 'false', 'slot_1_occupied': 'true', 'slot_2_occupied': 'true', 'slot_3_occupied': 'true', 'slot_4_occupied': 'true', 'slot_5_occupied': 'false'}","{last_interacted_slot: 1, components: {}, Items: [{count: 1, Slot: 1b, id: ""minecraft:writable_book""}, {count: 1, Slot: 2b, id: ""minecraft:writable_book""}, {count: 1, Slot: 3b, id: ""minecraft:writable_book""}, {count: 1, Slot: 4b, id: ""minecraft:writable_book""}], id: ""minecraft:chiseled_bookshelf""}"
"(13, 1, 21)",minecraft:bookshelf,{},
"(14, 1, 21)",minecraft:bookshelf,{},
"(15, 1, 21)",minecraft:bookshelf,{},
"(16, 1, 21)",minecraft:granite,{},
"(3, 1, 22)",minecraft:spruce_stairs,"{'facing': 'east', 'half': 'bottom', 'shape': 'straight', 'waterlogged': 'false'}",
"(4, 1, 22)",minecraft:oak_log,{'axis': 'y'},
"(5, 1, 22)",minecraft:granite,{},
"(6, 1, 22)",minecraft:granite,{},
"(7, 1, 22)",minecraft:granite,{},
"(8, 1, 22)",minecraft:granite,{},
"(9, 1, 22)",minecraft:terracotta,{},
"(10, 1, 22)",minecraft:stripped_spruce_log,{'axis': 'y'},
"(11, 1, 22)",minecraft:spruce_trapdoor,"{'facing': 'east', 'half': 'bottom', 'open': 'true', 'powered': 'false', 'waterlogged': 'false'}",
"(12, 1, 22)",minecraft:spruce_trapdoor,"{'facing': 'west', 'half': 'bottom', 'open': 'true', 'powered': 'false', 'waterlogged': 'false'}",
"(13, 1, 22)",minecraft:granite,{},
"(14, 1, 22)",minecraft:granite,{},
"(15, 1, 22)",minecraft:granite,{},
"(16, 1, 22)",minecraft:oak_log,{'axis': 'y'},
"(17, 1, 22)",minecraft:spruce_stairs,"{'facing': 'west', 'half': 'bottom', 'shape': 'straight', 'waterlogged': 'false'}",
"(4, 1, 23)",minecraft:spruce_stairs,"{'facing': 'north', 'half': 'bottom', 'shape': 'straight', 'waterlogged': 'false'}",
"(6, 1, 23)",minecraft:peony,{'half': 'upper'},
"(7, 1, 23)",minecraft:terracotta,{},
"(8, 1, 23)",minecraft:bookshelf,{},
"(9, 1, 23)",minecraft:bookshelf,{},
"(10, 1, 23)",minecraft:bookshelf,{},
"(11, 1, 23)",minecraft:waxed_copper_door,"{'facing': 'south', 'half': 'lower', 'hinge': 'right', 'open': 'false', 'powered': 'false'}",
"(12, 1, 23)",minecraft:waxed_copper_door,"{'facing': 'south', 'half': 'lower', 'hinge': 'left', 'open': 'false', 'powered': 'false'}",
"(13, 1, 23)",minecraft:terracotta,{},
"(16, 1, 23)",minecraft:spruce_stairs,"{'facing': 'north', 'half': 'bottom', 'shape': 'straight', 'waterlogged': 'false'}",
"(5, 1, 24)",minecraft:large_fern,{'half': 'upper'},
"(6, 1, 24)",minecraft:peony,{'half': 'upper'},
"(7, 1, 24)",minecraft:terracotta,{},
"(8, 1, 24)",minecraft:bookshelf,{},
"(10, 1, 24)",minecraft:light_gray_carpet,{},
"(11, 1, 24)",minecraft:white_carpet,{},
"(13, 1, 24)",minecraft:granite,{},
"(5, 1, 25)",minecraft:peony,{'half': 'upper'},
"(7, 1, 25)",minecraft:granite,{},
"(8, 1, 25)",minecraft:bookshelf,{},
"(9, 1, 25)",minecraft:black_carpet,{},
"(10, 1, 25)",minecraft:gray_carpet,{},
"(11, 1, 25)",minecraft:light_gray_carpet,{},
"(13, 1, 25)",minecraft:granite,{},
"(5, 1, 26)",minecraft:large_fern,{'half': 'upper'},
"(6, 1, 26)",minecraft:large_fern,{'half': 'upper'},
"(7, 1, 26)",minecraft:granite,{},
"(8, 1, 26)",minecraft:bookshelf,{},
"(9, 1, 26)",minecraft:brown_carpet,{},
"(10, 1, 26)",minecraft:black_carpet,{},
"(11, 1, 26)",minecraft:oak_wall_sign,"{'facing': 'north', 'waterlogged': 'false'}","{back_text: {has_glowing_text: 0b, color: ""black"", messages: ["""", """", """", """"]}, components: {}, is_waxed: 0b, id: ""minecraft:sign"", front_text: {has_glowing_text: 0b, color: ""black"", messages: ["""", """", """", """"]}}"
"(12, 1, 26)",minecraft:oak_wall_sign,"{'facing': 'north', 'waterlogged': 'false'}","{back_text: {has_glowing_text: 0b, color: ""black"", messages: ["""", """", """", """"]}, components: {}, is_waxed: 0b, id: ""minecraft:sign"", front_text: {has_glowing_text: 0b, color: ""black"", messages: ["""", """", """", """"]}}"
"(13, 1, 26)",minecraft:granite,{},
"(6, 1, 27)",minecraft:peony,{'half': 'upper'},
"(7, 1, 27)",minecraft:granite,{},
"(8, 1, 27)",minecraft:bookshelf,{},
"(11, 1, 27)",minecraft:loom,{'facing': 'south'},
"(12, 1, 27)",minecraft:loom,{'facing': 'south'},
"(13, 1, 27)",minecraft:granite,{},
"(6, 1, 28)",minecraft:spruce_stairs,"{'facing': 'east', 'half': 'bottom', 'shape': 'straight', 'waterlogged': 'false'}",
"(7, 1, 28)",minecraft:oak_log,{'axis': 'y'},
"(8, 1, 28)",minecraft:terracotta,{},
"(9, 1, 28)",minecraft:terracotta,{},
"(10, 1, 28)",minecraft:granite,{},
"(11, 1, 28)",minecraft:granite,{},
"(12, 1, 28)",minecraft:granite,{},
"(13, 1, 28)",minecraft:oak_log,{'axis': 'y'},
"(14, 1, 28)",minecraft:spruce_stairs,"{'facing': 'west', 'half': 'bottom', 'shape': 'straight', 'waterlogged': 'false'}",
"(7, 1, 29)",minecraft:spruce_stairs,"{'facing': 'north', 'half': 'bottom', 'shape': 'straight', 'waterlogged': 'false'}",
"(12, 1, 29)",minecraft:azalea_leaves,"{'distance': '7', 'persistent': 'true', 'waterlogged': 'false'}",
"(13, 1, 29)",minecraft:spruce_stairs,"{'facing': 'north', 'half': 'bottom', 'shape': 'straight', 'waterlogged': 'false'}",
"(6, 2, 2)",minecraft:flowering_azalea_leaves,"{'distance': '1', 'persistent': 'true', 'waterlogged': 'false'}",
"(7, 2, 2)",minecraft:stripped_spruce_log,{'axis': 'y'},
"(8, 2, 2)",minecraft:granite,{},
"(9, 2, 2)",minecraft:terracotta,{},
"(10, 2, 2)",minecraft:white_stained_glass_pane,"{'east': 'true', 'north': 'false', 'south': 'false', 'waterlogged': 'false', 'west': 'true'}",
"(11, 2, 2)",minecraft:white_stained_glass_pane,"{'east': 'true', 'north': 'false', 'south': 'false', 'waterlogged': 'false', 'west': 'true'}",
"(12, 2, 2)",minecraft:terracotta,{},
"(13, 2, 2)",minecraft:stripped_spruce_log,{'axis': 'y'},
"(7, 2, 3)",minecraft:granite,{},
"(8, 2, 3)",minecraft:barrel,"{'facing': 'south', 'open': 'false'}","{components: {}, Items: [], id: ""minecraft:barrel""}"
"(9, 2, 3)",minecraft:barrel,"{'facing': 'south', 'open': 'false'}","{components: {}, Items: [], id: ""minecraft:barrel""}"
"(12, 2, 3)",minecraft:lever,"{'face': 'wall', 'facing': 'south', 'powered': 'true'}",
"(13, 2, 3)",minecraft:terracotta,{},
"(7, 2, 4)",minecraft:terracotta,{},
"(8, 2, 4)",minecraft:spruce_wall_sign,"{'facing': 'south', 'waterlogged': 'false'}","{back_text: {has_glowing_text: 0b, color: ""black"", messages: ["""", """", """", """"]}, components: {}, is_waxed: 0b, id: ""minecraft:sign"", front_text: {has_glowing_text: 0b, color: ""black"", messages: ["""", """", """", """"]}}"
"(9, 2, 4)",minecraft:spruce_wall_sign,"{'facing': 'south', 'waterlogged': 'false'}","{back_text: {has_glowing_text: 0b, color: ""black"", messages: ["""", """", """", """"]}, components: {}, is_waxed: 0b, id: ""minecraft:sign"", front_text: {has_glowing_text: 0b, color: ""black"", messages: ["""", """", """", """"]}}"
"(13, 2, 4)",minecraft:cobbled_deepslate_stairs,"{'facing': 'east', 'half': 'top', 'shape': 'straight', 'waterlogged': 'false'}",
"(14, 2, 4)",minecraft:basalt,{'axis': 'x'},
"(7, 2, 5)",minecraft:white_stained_glass_pane,"{'east': 'false', 'north': 'true', 'south': 'true', 'waterlogged': 'false', 'west': 'false'}",
"(8, 2, 5)",minecraft:pointed_dripstone,"{'thickness': 'tip', 'vertical_direction': 'up', 'waterlogged': 'false'}",
"(13, 2, 5)",minecraft:cobbled_deepslate_slab,"{'type': 'top', 'waterlogged': 'false'}",
"(15, 2, 5)",minecraft:tuff_stairs,"{'facing': 'west', 'half': 'bottom', 'shape': 'straight', 'waterlogged': 'false'}",
"(7, 2, 6)",minecraft:terracotta,{},
"(13, 2, 6)",minecraft:cobbled_deepslate_stairs,"{'facing': 'east', 'half': 'top', 'shape': 'straight', 'waterlogged': 'false'}",
"(14, 2, 6)",minecraft:basalt,{'axis': 'x'},
"(7, 2, 7)",minecraft:terracotta,{},
"(10, 2, 7)",minecraft:potted_bamboo,{},
"(11, 2, 7)",minecraft:dark_oak_door,"{'facing': 'north', 'half': 'upper', 'hinge': 'left', 'open': 'false', 'powered': 'false'}",
"(12, 2, 7)",minecraft:dark_oak_door,"{'facing': 'north', 'half': 'upper', 'hinge': 'right', 'open': 'false', 'powered': 'false'}",
"(13, 2, 7)",minecraft:terracotta,{},
"(4, 2, 8)",minecraft:stripped_spruce_log,{'axis': 'y'},
"(5, 2, 8)",minecraft:terracotta,{},
"(6, 2, 8)",minecraft:terracotta,{},
"(7, 2, 8)",minecraft:terracotta,{},
"(8, 2, 8)",minecraft:granite,{},
"(9, 2, 8)",minecraft:terracotta,{},
"(10, 2, 8)",minecraft:stripped_spruce_log,{'axis': 'y'},
"(11, 2, 8)",minecraft:spruce_trapdoor,"{'facing': 'east', 'half': 'top', 'open': 'true', 'powered': 'false', 'waterlogged': 'false'}",
"(12, 2, 8)",minecraft:spruce_trapdoor,"{'facing': 'west', 'half': 'bottom', 'open': 'true', 'powered': 'false', 'waterlogged': 'false'}",
"(13, 2, 8)",minecraft:terracotta,{},
"(14, 2, 8)",minecraft:terracotta,{},
"(15, 2, 8)",minecraft:granite,{},
"(16, 2, 8)",minecraft:stripped_spruce_log,{'axis': 'y'},
"(4, 2, 9)",minecraft:terracotta,{},
"(5, 2, 9)",minecraft:black_candle,"{'candles': '4', 'lit': 'true', 'waterlogged': 'false'}",
"(8, 2, 9)",minecraft:potted_torchflower,{},
"(9, 2, 9)",minecraft:spruce_trapdoor,"{'facing': 'east', 'half': 'bottom', 'open': 'true', 'powered': 'false', 'waterlogged': 'false'}",
"(10, 2, 9)",minecraft:potted_bamboo,{},
"(13, 2, 9)",minecraft:barrel,"{'facing': 'west', 'open': 'false'}","{components: {}, Items: [], id: ""minecraft:barrel""}"
"(16, 2, 9)",minecraft:terracotta,{},
"(4, 2, 10)",minecraft:white_stained_glass_pane,"{'east': 'false', 'north': 'true', 'south': 'true', 'waterlogged': 'false', 'west': 'false'}",
"(13, 2, 10)",minecraft:barrel,"{'facing': 'west', 'open': 'false'}","{components: {}, Items: [], id: ""minecraft:barrel""}"
"(16, 2, 10)",minecraft:terracotta,{},
"(4, 2, 11)",minecraft:granite,{},
"(11, 2, 11)",minecraft:chiseled_bookshelf,"{'facing': 'west', 'slot_0_occupied': 'false', 'slot_1_occupied': 'false', 'slot_2_occupied': 'false', 'slot_3_occupied': 'false', 'slot_4_occupied': 'false', 'slot_5_occupied': 'false'}","{last_interacted_slot: -1, components: {}, Items: [], id: ""minecraft:chiseled_bookshelf""}"
"(12, 2, 11)",minecraft:dark_oak_door,"{'facing': 'north', 'half': 'upper', 'hinge': 'right', 'open': 'false', 'powered': 'false'}",
"(13, 2, 11)",minecraft:chiseled_bookshelf,"{'facing': 'north', 'slot_0_occupied': 'false', 'slot_1_occupied': 'false', 'slot_2_occupied': 'false', 'slot_3_occupied': 'false', 'slot_4_occupied': 'false', 'slot_5_occupied': 'false'}","{last_interacted_slot: -1, components: {}, Items: [], id: ""minecraft:chiseled_bookshelf""}"
"(14, 2, 11)",minecraft:spruce_stairs,"{'facing': 'west', 'half': 'bottom', 'shape': 'inner_right', 'waterlogged': 'false'}",
"(15, 2, 11)",minecraft:spruce_stairs,"{'facing': 'north', 'half': 'bottom', 'shape': 'straight', 'waterlogged': 'false'}",
"(16, 2, 11)",minecraft:granite,{},
"(4, 2, 12)",minecraft:stripped_spruce_log,{'axis': 'y'},
"(5, 2, 12)",minecraft:lantern,"{'hanging': 'false', 'waterlogged': 'false'}",
"(9, 2, 12)",minecraft:potted_fern,{},
"(10, 2, 12)",minecraft:stripped_spruce_log,{'axis': 'y'},
"(11, 2, 12)",minecraft:potted_cherry_sapling,{},
"(14, 2, 12)",minecraft:spruce_trapdoor,"{'facing': 'east', 'half': 'bottom', 'open': 'true', 'powered': 'false', 'waterlogged': 'false'}",
"(16, 2, 12)",minecraft:stripped_spruce_log,{'axis': 'y'},
"(4, 2, 13)",minecraft:terracotta,{},
"(5, 2, 13)",minecraft:potted_bamboo,{},
"(16, 2, 13)",minecraft:terracotta,{},
"(4, 2, 14)",minecraft:spruce_trapdoor,"{'facing': 'south', 'half': 'top', 'open': 'true', 'powered': 'false', 'waterlogged': 'false'}",
"(5, 2, 14)",minecraft:dark_oak_trapdoor,"{'facing': 'east', 'half': 'bottom', 'open': 'true', 'powered': 'false', 'waterlogged': 'false'}",
"(16, 2, 14)",minecraft:terracotta,{},
"(17, 2, 14)",minecraft:azalea_leaves,"{'distance': '7', 'persistent': 'true', 'waterlogged': 'false'}",
"(5, 2, 15)",minecraft:dark_oak_door,"{'facing': 'east', 'half': 'upper', 'hinge': 'left', 'open': 'false', 'powered': 'false'}",
"(15, 2, 15)",minecraft:bookshelf,{},
"(16, 2, 15)",minecraft:terracotta,{},
"(4, 2, 16)",minecraft:spruce_trapdoor,"{'facing': 'north', 'half': 'top', 'open': 'true', 'powered': 'false', 'waterlogged': 'false'}",
"(5, 2, 16)",minecraft:dark_oak_trapdoor,"{'facing': 'east', 'half': 'bottom', 'open': 'true', 'powered': 'false', 'waterlogged': 'false'}",
"(15, 2, 16)",minecraft:bookshelf,{},
"(16, 2, 16)",minecraft:terracotta,{},
"(4, 2, 17)",minecraft:terracotta,{},
"(5, 2, 17)",minecraft:potted_bamboo,{},
"(15, 2, 17)",minecraft:bookshelf,{},
"(16, 2, 17)",minecraft:granite,{},
"(4, 2, 18)",minecraft:stripped_spruce_log,{'axis': 'y'},
"(7, 2, 18)",minecraft:potted_blue_orchid,{},
"(10, 2, 18)",minecraft:stripped_spruce_log,{'axis': 'y'},
"(13, 2, 18)",minecraft:bookshelf,{},
"(14, 2, 18)",minecraft:bookshelf,{},
"(15, 2, 18)",minecraft:bookshelf,{},
"(16, 2, 18)",minecraft:oak_log,{'axis': 'y'},
"(4, 2, 19)",minecraft:terracotta,{},
"(16, 2, 19)",minecraft:terracotta,{},
"(4, 2, 20)",minecraft:white_stained_glass_pane,"{'east': 'false', 'north': 'true', 'south': 'true', 'waterlogged': 'false', 'west': 'false'}",
"(16, 2, 20)",minecraft:white_stained_glass_pane,"{'east': 'false', 'north': 'true', 'south': 'true', 'waterlogged': 'false', 'west': 'false'}",
"(4, 2, 21)",minecraft:granite,{},
"(5, 2, 21)",minecraft:lantern,"{'hanging': 'false', 'waterlogged': 'false'}",
"(13, 2, 21)",minecraft:bookshelf,{},
"(14, 2, 21)",minecraft:bookshelf,{},
"(15, 2, 21)",minecraft:bookshelf,{},
"(16, 2, 21)",minecraft:granite,{},
"(4, 2, 22)",minecraft:oak_log,{'axis': 'y'},
"(5, 2, 22)",minecraft:terracotta,{},
"(6, 2, 22)",minecraft:terracotta,{},
"(7, 2, 22)",minecraft:granite,{},
"(8, 2, 22)",minecraft:terracotta,{},
"(9, 2, 22)",minecraft:terracotta,{},
"(10, 2, 22)",minecraft:oak_log,{'axis': 'y'},
"(11, 2, 22)",minecraft:spruce_trapdoor,"{'facing': 'east', 'half': 'bottom', 'open': 'true', 'powered': 'false', 'waterlogged': 'false'}",
"(12, 2, 22)",minecraft:spruce_trapdoor,"{'facing': 'west', 'half': 'bottom', 'open': 'true', 'powered': 'false', 'waterlogged': 'false'}",
"(13, 2, 22)",minecraft:terracotta,{},
"(14, 2, 22)",minecraft:terracotta,{},
"(15, 2, 22)",minecraft:terracotta,{},
"(16, 2, 22)",minecraft:oak_log,{'axis': 'y'},
"(7, 2, 23)",minecraft:terracotta,{},
"(8, 2, 23)",minecraft:bookshelf,{},
"(9, 2, 23)",minecraft:bookshelf,{},
"(10, 2, 23)",minecraft:bookshelf,{},
"(11, 2, 23)",minecraft:waxed_copper_door,"{'facing': 'south', 'half': 'upper', 'hinge': 'right', 'open': 'false', 'powered': 'false'}",
"(12, 2, 23)",minecraft:waxed_copper_door,"{'facing': 'south', 'half': 'upper', 'hinge': 'left', 'open': 'false', 'powered': 'false'}",
"(13, 2, 23)",minecraft:terracotta,{},
"(7, 2, 24)",minecraft:black_stained_glass_pane,"{'east': 'false', 'north': 'true', 'south': 'true', 'waterlogged': 'false', 'west': 'false'}",
"(8, 2, 24)",minecraft:potted_cactus,{},
"(13, 2, 24)",minecraft:terracotta,{},
"(7, 2, 25)",minecraft:black_stained_glass_pane,"{'east': 'false', 'north': 'true', 'south': 'true', 'waterlogged': 'false', 'west': 'false'}",
"(13, 2, 25)",minecraft:terracotta,{},
"(7, 2, 26)",minecraft:black_stained_glass_pane,"{'east': 'false', 'north': 'true', 'south': 'true', 'waterlogged': 'false', 'west': 'false'}",
"(8, 2, 26)",minecraft:light_gray_candle,"{'candles': '4', 'lit': 'true', 'waterlogged': 'false'}",
"(11, 2, 26)",minecraft:oak_wall_sign,"{'facing': 'north', 'waterlogged': 'false'}","{back_text: {has_glowing_text: 0b, color: ""black"", messages: ["""", """", """", """"]}, components: {}, is_waxed: 0b, id: ""minecraft:sign"", front_text: {has_glowing_text: 0b, color: ""black"", messages: ["""", """", """", """"]}}"
"(12, 2, 26)",minecraft:oak_wall_sign,"{'facing': 'north', 'waterlogged': 'false'}","{back_text: {has_glowing_text: 0b, color: ""black"", messages: ["""", """", """", """"]}, components: {}, is_waxed: 0b, id: ""minecraft:sign"", front_text: {has_glowing_text: 0b, color: ""black"", messages: ["""", """", """", """"]}}"
"(13, 2, 26)",minecraft:terracotta,{},
"(7, 2, 27)",minecraft:terracotta,{},
"(8, 2, 27)",minecraft:bookshelf,{},
"(11, 2, 27)",minecraft:loom,{'facing': 'south'},
"(12, 2, 27)",minecraft:loom,{'facing': 'south'},
"(13, 2, 27)",minecraft:granite,{},
"(7, 2, 28)",minecraft:oak_log,{'axis': 'y'},
"(8, 2, 28)",minecraft:terracotta,{},
"(9, 2, 28)",minecraft:black_stained_glass_pane,"{'east': 'true', 'north': 'false', 'south': 'false', 'waterlogged': 'false', 'west': 'true'}",
"(10, 2, 28)",minecraft:black_stained_glass_pane,"{'east': 'true', 'north': 'false', 'south': 'false', 'waterlogged': 'false', 'west': 'true'}",
"(11, 2, 28)",minecraft:terracotta,{},
"(12, 2, 28)",minecraft:granite,{},
"(13, 2, 28)",minecraft:oak_log,{'axis': 'y'},
"(10, 3, 1)",minecraft:oak_fence_gate,"{'facing': 'south', 'in_wall': 'false', 'open': 'true', 'powered': 'false'}",
"(11, 3, 1)",minecraft:oak_fence_gate,"{'facing': 'south', 'in_wall': 'false', 'open': 'true', 'powered': 'false'}",
"(7, 3, 2)",minecraft:oak_log,{'axis': 'y'},
"(8, 3, 2)",minecraft:terracotta,{},
"(9, 3, 2)",minecraft:terracotta,{},
"(10, 3, 2)",minecraft:white_stained_glass_pane,"{'east': 'true', 'north': 'false', 'south': 'false', 'waterlogged': 'false', 'west': 'true'}",
"(11, 3, 2)",minecraft:white_stained_glass_pane,"{'east': 'true', 'north': 'false', 'south': 'false', 'waterlogged': 'false', 'west': 'true'}",
"(12, 3, 2)",minecraft:terracotta,{},
"(13, 3, 2)",minecraft:oak_log,{'axis': 'y'},
"(7, 3, 3)",minecraft:terracotta,{},
"(8, 3, 3)",minecraft:barrel,"{'facing': 'south', 'open': 'false'}","{components: {}, Items: [], id: ""minecraft:barrel""}"
"(9, 3, 3)",minecraft:barrel,"{'facing': 'south', 'open': 'false'}","{components: {}, Items: [], id: ""minecraft:barrel""}"
"(12, 3, 3)",minecraft:spruce_trapdoor,"{'facing': 'south', 'half': 'top', 'open': 'false', 'powered': 'true', 'waterlogged': 'false'}",
"(13, 3, 3)",minecraft:terracotta,{},
"(7, 3, 4)",minecraft:terracotta,{},
"(8, 3, 4)",minecraft:spruce_wall_sign,"{'facing': 'south', 'waterlogged': 'false'}","{back_text: {has_glowing_text: 0b, color: ""black"", messages: ["""", """", """", """"]}, components: {}, is_waxed: 0b, id: ""minecraft:sign"", front_text: {has_glowing_text: 0b, color: ""black"", messages: ["""", """", """", """"]}}"
"(9, 3, 4)",minecraft:spruce_wall_sign,"{'facing': 'south', 'waterlogged': 'false'}","{back_text: {has_glowing_text: 0b, color: ""black"", messages: ["""", """", """", """"]}, components: {}, is_waxed: 0b, id: ""minecraft:sign"", front_text: {has_glowing_text: 0b, color: ""black"", messages: ["""", """", """", """"]}}"
"(13, 3, 4)",minecraft:terracotta,{},
"(14, 3, 4)",minecraft:tuff_stairs,"{'facing': 'west', 'half': 'bottom', 'shape': 'straight', 'waterlogged': 'false'}",
"(6, 3, 5)",minecraft:oak_fence_gate,"{'facing': 'east', 'in_wall': 'false', 'open': 'true', 'powered': 'false'}",
"(7, 3, 5)",minecraft:white_stained_glass_pane,"{'east': 'false', 'north': 'true', 'south': 'true', 'waterlogged': 'false', 'west': 'false'}",
"(13, 3, 5)",minecraft:brown_wool,{},
"(14, 3, 5)",minecraft:basalt,{'axis': 'x'},
"(7, 3, 6)",minecraft:terracotta,{},
"(8, 3, 6)",minecraft:orange_wall_banner,{'facing': 'east'},"{components: {}, id: ""minecraft:banner""}"
"(13, 3, 6)",minecraft:brown_wool,{},
"(14, 3, 6)",minecraft:tuff_stairs,"{'facing': 'north', 'half': 'bottom', 'shape': 'straight', 'waterlogged': 'false'}",
"(7, 3, 7)",minecraft:terracotta,{},
"(8, 3, 7)",minecraft:spruce_trapdoor,"{'facing': 'north', 'half': 'top', 'open': 'false', 'powered': 'false', 'waterlogged': 'false'}",
"(9, 3, 7)",minecraft:spruce_trapdoor,"{'facing': 'north', 'half': 'top', 'open': 'false', 'powered': 'false', 'waterlogged': 'false'}",
"(10, 3, 7)",minecraft:oak_leaves,"{'distance': '1', 'persistent': 'true', 'waterlogged': 'false'}",
"(11, 3, 7)",minecraft:dark_oak_trapdoor,"{'facing': 'north', 'half': 'top', 'open': 'true', 'powered': 'false', 'waterlogged': 'false'}",
"(12, 3, 7)",minecraft:dark_oak_trapdoor,"{'facing': 'north', 'half': 'top', 'open': 'true', 'powered': 'false', 'waterlogged': 'false'}",
"(13, 3, 7)",minecraft:terracotta,{},
"(4, 3, 8)",minecraft:oak_log,{'axis': 'y'},
"(5, 3, 8)",minecraft:brown_wool,{},
"(6, 3, 8)",minecraft:terracotta,{},
"(7, 3, 8)",minecraft:terracotta,{},
"(8, 3, 8)",minecraft:terracotta,{},
"(9, 3, 8)",minecraft:terracotta,{},
"(10, 3, 8)",minecraft:oak_log,{'axis': 'y'},
"(11, 3, 8)",minecraft:spruce_stairs,"{'facing': 'west', 'half': 'top', 'shape': 'straight', 'waterlogged': 'false'}",
"(12, 3, 8)",minecraft:spruce_stairs,"{'facing': 'east', 'half': 'top', 'shape': 'straight', 'waterlogged': 'false'}",
"(13, 3, 8)",minecraft:terracotta,{},
"(14, 3, 8)",minecraft:terracotta,{},
"(15, 3, 8)",minecraft:terracotta,{},
"(16, 3, 8)",minecraft:oak_log,{'axis': 'y'},
"(4, 3, 9)",minecraft:brown_wool,{},
"(5, 3, 9)",minecraft:spruce_trapdoor,"{'facing': 'east', 'half': 'top', 'open': 'false', 'powered': 'false', 'waterlogged': 'false'}",
"(6, 3, 9)",minecraft:spruce_trapdoor,"{'facing': 'east', 'half': 'top', 'open': 'false', 'powered': 'false', 'waterlogged': 'false'}",
"(7, 3, 9)",minecraft:spruce_trapdoor,"{'facing': 'east', 'half': 'top', 'open': 'false', 'powered': 'false', 'waterlogged': 'false'}",
"(8, 3, 9)",minecraft:spruce_trapdoor,"{'facing': 'east', 'half': 'top', 'open': 'false', 'powered': 'false', 'waterlogged': 'false'}",
"(9, 3, 9)",minecraft:spruce_trapdoor,"{'facing': 'east', 'half': 'bottom', 'open': 'true', 'powered': 'false', 'waterlogged': 'false'}",
"(10, 3, 9)",minecraft:cherry_leaves,"{'distance': '1', 'persistent': 'true', 'waterlogged': 'false'}",
"(11, 3, 9)",minecraft:spruce_trapdoor,"{'facing': 'south', 'half': 'top', 'open': 'false', 'powered': 'false', 'waterlogged': 'false'}",
"(13, 3, 9)",minecraft:barrel,"{'facing': 'west', 'open': 'false'}","{components: {}, Items: [], id: ""minecraft:barrel""}"
"(14, 3, 9)",minecraft:spruce_slab,"{'type': 'top', 'waterlogged': 'false'}",
"(15, 3, 9)",minecraft:spruce_slab,"{'type': 'top', 'waterlogged': 'false'}",
"(16, 3, 9)",minecraft:brown_wool,{},
"(4, 3, 10)",minecraft:white_stained_glass_pane,"{'east': 'false', 'north': 'true', 'south': 'true', 'waterlogged': 'false', 'west': 'false'}",
"(13, 3, 10)",minecraft:barrel,"{'facing': 'west', 'open': 'false'}","{components: {}, Items: [], id: ""minecraft:barrel""}"
"(14, 3, 10)",minecraft:spruce_stairs,"{'facing': 'west', 'half': 'bottom', 'shape': 'inner_right', 'waterlogged': 'false'}",
"(15, 3, 10)",minecraft:spruce_stairs,"{'facing': 'north', 'half': 'bottom', 'shape': 'straight', 'waterlogged': 'false'}",
"(16, 3, 10)",minecraft:terracotta,{},
"(4, 3, 11)",minecraft:terracotta,{},
"(5, 3, 11)",minecraft:oak_wall_sign,"{'facing': 'north', 'waterlogged': 'false'}","{back_text: {has_glowing_text: 0b, color: ""black"", messages: ["""", """", """", """"]}, components: {}, is_waxed: 0b, id: ""minecraft:sign"", front_text: {has_glowing_text: 0b, color: ""black"", messages: ["""", """", """", """"]}}"
"(6, 3, 11)",minecraft:oak_wall_sign,"{'facing': 'north', 'waterlogged': 'false'}","{back_text: {has_glowing_text: 0b, color: ""black"", messages: ["""", """", """", """"]}, components: {}, is_waxed: 0b, id: ""minecraft:sign"", front_text: {has_glowing_text: 0b, color: ""black"", messages: ["""", """", """", """"]}}"
"(7, 3, 11)",minecraft:oak_wall_sign,"{'facing': 'north', 'waterlogged': 'false'}","{back_text: {has_glowing_text: 0b, color: ""black"", messages: ["""", """", """", """"]}, components: {}, is_waxed: 0b, id: ""minecraft:sign"", front_text: {has_glowing_text: 0b, color: ""black"", messages: ["""", """", """", """"]}}"
"(8, 3, 11)",minecraft:oak_wall_sign,"{'facing': 'north', 'waterlogged': 'false'}","{back_text: {has_glowing_text: 0b, color: ""black"", messages: ["""", """", """", """"]}, components: {}, is_waxed: 0b, id: ""minecraft:sign"", front_text: {has_glowing_text: 0b, color: ""black"", messages: ["""", """", """", """"]}}"
"(9, 3, 11)",minecraft:oak_wall_sign,"{'facing': 'north', 'waterlogged': 'false'}","{back_text: {has_glowing_text: 0b, color: ""black"", messages: ["""", """", """", """"]}, components: {}, is_waxed: 0b, id: ""minecraft:sign"", front_text: {has_glowing_text: 0b, color: ""black"", messages: ["""", """", """", """"]}}"
"(11, 3, 11)",minecraft:bookshelf,{},
"(12, 3, 11)",minecraft:bookshelf,{},
"(13, 3, 11)",minecraft:bookshelf,{},
"(14, 3, 11)",minecraft:spruce_trapdoor,"{'facing': 'east', 'half': 'top', 'open': 'true', 'powered': 'false', 'waterlogged': 'false'}",
"(16, 3, 11)",minecraft:terracotta,{},
"(4, 3, 12)",minecraft:oak_log,{'axis': 'y'},
"(5, 3, 12)",minecraft:oak_slab,"{'type': 'top', 'waterlogged': 'false'}",
"(6, 3, 12)",minecraft:oak_slab,"{'type': 'top', 'waterlogged': 'false'}",
"(7, 3, 12)",minecraft:oak_slab,"{'type': 'top', 'waterlogged': 'false'}",
"(8, 3, 12)",minecraft:oak_slab,"{'type': 'top', 'waterlogged': 'false'}",
"(9, 3, 12)",minecraft:oak_slab,"{'type': 'top', 'waterlogged': 'false'}",
"(10, 3, 12)",minecraft:oak_log,{'axis': 'y'},
"(16, 3, 12)",minecraft:oak_log,{'axis': 'y'},
"(4, 3, 13)",minecraft:brown_wool,{},
"(5, 3, 13)",minecraft:oak_leaves,"{'distance': '7', 'persistent': 'true', 'waterlogged': 'false'}",
"(6, 3, 13)",minecraft:oak_wall_sign,"{'facing': 'south', 'waterlogged': 'false'}","{back_text: {has_glowing_text: 0b, color: ""black"", messages: ["""", """", """", """"]}, components: {}, is_waxed: 0b, id: ""minecraft:sign"", front_text: {has_glowing_text: 0b, color: ""black"", messages: ["""", """", """", """"]}}"
"(7, 3, 13)",minecraft:oak_wall_sign,"{'facing': 'south', 'waterlogged': 'false'}","{back_text: {has_glowing_text: 0b, color: ""black"", messages: ["""", """", """", """"]}, components: {}, is_waxed: 0b, id: ""minecraft:sign"", front_text: {has_glowing_text: 0b, color: ""black"", messages: ["""", """", """", """"]}}"
"(8, 3, 13)",minecraft:oak_wall_sign,"{'facing': 'south', 'waterlogged': 'false'}","{back_text: {has_glowing_text: 0b, color: ""black"", messages: ["""", """", """", """"]}, components: {}, is_waxed: 0b, id: ""minecraft:sign"", front_text: {has_glowing_text: 0b, color: ""black"", messages: ["""", """", """", """"]}}"
"(9, 3, 13)",minecraft:oak_wall_sign,"{'facing': 'south', 'waterlogged': 'false'}","{back_text: {has_glowing_text: 0b, color: ""black"", messages: ["""", """", """", """"]}, components: {}, is_waxed: 0b, id: ""minecraft:sign"", front_text: {has_glowing_text: 0b, color: ""black"", messages: ["""", """", """", """"]}}"
"(15, 3, 13)",minecraft:light_gray_wall_banner,{'facing': 'west'},"{components: {}, id: ""minecraft:banner""}"
"(16, 3, 13)",minecraft:brown_wool,{},
"(4, 3, 14)",minecraft:spruce_trapdoor,"{'facing': 'south', 'half': 'top', 'open': 'true', 'powered': 'false', 'waterlogged': 'false'}",
"(5, 3, 14)",minecraft:dark_oak_trapdoor,"{'facing': 'east', 'half': 'bottom', 'open': 'true', 'powered': 'false', 'waterlogged': 'false'}",
"(16, 3, 14)",minecraft:brown_wool,{},
"(5, 3, 15)",minecraft:dark_oak_trapdoor,"{'facing': 'east', 'half': 'bottom', 'open': 'true', 'powered': 'false', 'waterlogged': 'false'}",
"(15, 3, 15)",minecraft:bookshelf,{},
"(16, 3, 15)",minecraft:terracotta,{},
"(4, 3, 16)",minecraft:spruce_trapdoor,"{'facing': 'north', 'half': 'top', 'open': 'true', 'powered': 'false', 'waterlogged': 'false'}",
"(5, 3, 16)",minecraft:dark_oak_trapdoor,"{'facing': 'east', 'half': 'bottom', 'open': 'true', 'powered': 'false', 'waterlogged': 'false'}",
"(15, 3, 16)",minecraft:bookshelf,{},
"(16, 3, 16)",minecraft:terracotta,{},
"(4, 3, 17)",minecraft:terracotta,{},
"(5, 3, 17)",minecraft:oak_leaves,"{'distance': '7', 'persistent': 'true', 'waterlogged': 'false'}",
"(15, 3, 17)",minecraft:bookshelf,{},
"(16, 3, 17)",minecraft:terracotta,{},
"(4, 3, 18)",minecraft:oak_log,{'axis': 'y'},
"(10, 3, 18)",minecraft:oak_log,{'axis': 'y'},
"(13, 3, 18)",minecraft:bookshelf,{},
"(14, 3, 18)",minecraft:bookshelf,{},
"(15, 3, 18)",minecraft:bookshelf,{},
"(16, 3, 18)",minecraft:mangrove_wood,{'axis': 'y'},
"(4, 3, 19)",minecraft:terracotta,{},
"(5, 3, 19)",minecraft:brown_wall_banner,{'facing': 'east'},"{components: {}, id: ""minecraft:banner""}"
"(16, 3, 19)",minecraft:terracotta,{},
"(4, 3, 20)",minecraft:white_stained_glass_pane,"{'east': 'false', 'north': 'true', 'south': 'true', 'waterlogged': 'false', 'west': 'false'}",
"(16, 3, 20)",minecraft:white_stained_glass_pane,"{'east': 'false', 'north': 'true', 'south': 'true', 'waterlogged': 'false', 'west': 'false'}",
"(17, 3, 20)",minecraft:oak_fence_gate,"{'facing': 'west', 'in_wall': 'false', 'open': 'true', 'powered': 'false'}",
"(4, 3, 21)",minecraft:terracotta,{},
"(5, 3, 21)",minecraft:spruce_trapdoor,"{'facing': 'north', 'half': 'top', 'open': 'false', 'powered': 'false', 'waterlogged': 'false'}",
"(13, 3, 21)",minecraft:bookshelf,{},
"(14, 3, 21)",minecraft:bookshelf,{},
"(15, 3, 21)",minecraft:bookshelf,{},
"(16, 3, 21)",minecraft:terracotta,{},
"(4, 3, 22)",minecraft:mangrove_wood,{'axis': 'y'},
"(5, 3, 22)",minecraft:terracotta,{},
"(6, 3, 22)",minecraft:terracotta,{},
"(7, 3, 22)",minecraft:terracotta,{},
"(8, 3, 22)",minecraft:terracotta,{},
"(9, 3, 22)",minecraft:terracotta,{},
"(10, 3, 22)",minecraft:mangrove_wood,{'axis': 'y'},
"(11, 3, 22)",minecraft:spruce_trapdoor,"{'facing': 'east', 'half': 'bottom', 'open': 'true', 'powered': 'false', 'waterlogged': 'false'}",
"(12, 3, 22)",minecraft:spruce_trapdoor,"{'facing': 'west', 'half': 'bottom', 'open': 'true', 'powered': 'false', 'waterlogged': 'false'}",
"(13, 3, 22)",minecraft:terracotta,{},
"(14, 3, 22)",minecraft:terracotta,{},
"(15, 3, 22)",minecraft:terracotta,{},
"(16, 3, 22)",minecraft:mangrove_wood,{'axis': 'y'},
"(7, 3, 23)",minecraft:terracotta,{},
"(8, 3, 23)",minecraft:bookshelf,{},
"(9, 3, 23)",minecraft:bookshelf,{},
"(10, 3, 23)",minecraft:bookshelf,{},
"(11, 3, 23)",minecraft:waxed_copper_trapdoor,"{'facing': 'south', 'half': 'top', 'open': 'true', 'powered': 'false', 'waterlogged': 'false'}",
"(12, 3, 23)",minecraft:waxed_copper_trapdoor,"{'facing': 'south', 'half': 'top', 'open': 'true', 'powered': 'false', 'waterlogged': 'false'}",
"(13, 3, 23)",minecraft:terracotta,{},
"(6, 3, 24)",minecraft:oak_fence_gate,"{'facing': 'east', 'in_wall': 'false', 'open': 'true', 'powered': 'false'}",
"(7, 3, 24)",minecraft:black_stained_glass_pane,"{'east': 'false', 'north': 'true', 'south': 'true', 'waterlogged': 'false', 'west': 'false'}",
"(13, 3, 24)",minecraft:terracotta,{},
"(7, 3, 25)",minecraft:black_stained_glass_pane,"{'east': 'false', 'north': 'true', 'south': 'true', 'waterlogged': 'false', 'west': 'false'}",
"(13, 3, 25)",minecraft:terracotta,{},
"(6, 3, 26)",minecraft:oak_fence_gate,"{'facing': 'east', 'in_wall': 'false', 'open': 'true', 'powered': 'false'}",
"(7, 3, 26)",minecraft:black_stained_glass_pane,"{'east': 'false', 'north': 'true', 'south': 'true', 'waterlogged': 'false', 'west': 'false'}",
"(11, 3, 26)",minecraft:oak_wall_sign,"{'facing': 'north', 'waterlogged': 'false'}","{back_text: {has_glowing_text: 0b, color: ""black"", messages: ["""", """", """", """"]}, components: {}, is_waxed: 0b, id: ""minecraft:sign"", front_text: {has_glowing_text: 0b, color: ""black"", messages: ["""", """", """", """"]}}"
"(12, 3, 26)",minecraft:oak_wall_sign,"{'facing': 'north', 'waterlogged': 'false'}","{back_text: {has_glowing_text: 0b, color: ""black"", messages: ["""", """", """", """"]}, components: {}, is_waxed: 0b, id: ""minecraft:sign"", front_text: {has_glowing_text: 0b, color: ""black"", messages: ["""", """", """", """"]}}"
"(13, 3, 26)",minecraft:terracotta,{},
"(7, 3, 27)",minecraft:terracotta,{},
"(8, 3, 27)",minecraft:bookshelf,{},
"(11, 3, 27)",minecraft:loom,{'facing': 'south'},
"(12, 3, 27)",minecraft:loom,{'facing': 'south'},
"(13, 3, 27)",minecraft:terracotta,{},
"(7, 3, 28)",minecraft:mangrove_wood,{'axis': 'y'},
"(8, 3, 28)",minecraft:terracotta,{},
"(9, 3, 28)",minecraft:black_stained_glass_pane,"{'east': 'true', 'north': 'false', 'south': 'false', 'waterlogged': 'false', 'west': 'true'}",
"(10, 3, 28)",minecraft:black_stained_glass_pane,"{'east': 'true', 'north': 'false', 'south': 'false', 'waterlogged': 'false', 'west': 'true'}",
"(11, 3, 28)",minecraft:terracotta,{},
"(12, 3, 28)",minecraft:terracotta,{},
"(13, 3, 28)",minecraft:mangrove_wood,{'axis': 'y'},
"(9, 3, 29)",minecraft:oak_fence_gate,"{'facing': 'north', 'in_wall': 'false', 'open': 'true', 'powered': 'false'}",
"(10, 3, 29)",minecraft:oak_fence_gate,"{'facing': 'north', 'in_wall': 'false', 'open': 'true', 'powered': 'false'}",
"(10, 4, 1)",minecraft:oxidized_copper_trapdoor,"{'facing': 'north', 'half': 'bottom', 'open': 'false', 'powered': 'false', 'waterlogged': 'false'}",
"(11, 4, 1)",minecraft:oxidized_copper_trapdoor,"{'facing': 'north', 'half': 'bottom', 'open': 'false', 'powered': 'false', 'waterlogged': 'false'}",
"(7, 4, 2)",minecraft:mangrove_wood,{'axis': 'y'},
"(8, 4, 2)",minecraft:terracotta,{},
"(9, 4, 2)",minecraft:brown_wool,{},
"(10, 4, 2)",minecraft:brown_wool,{},
"(11, 4, 2)",minecraft:brown_wool,{},
"(12, 4, 2)",minecraft:brown_wool,{},
"(13, 4, 2)",minecraft:mangrove_wood,{'axis': 'y'},
"(7, 4, 3)",minecraft:terracotta,{},
"(9, 4, 3)",minecraft:potted_dark_oak_sapling,{},
"(12, 4, 3)",minecraft:purple_candle,"{'candles': '4', 'lit': 'true', 'waterlogged': 'false'}",
"(13, 4, 3)",minecraft:terracotta,{},
"(7, 4, 4)",minecraft:brown_wool,{},
"(13, 4, 4)",minecraft:brown_wool,{},
"(14, 4, 4)",minecraft:tuff_wall,"{'east': 'none', 'north': 'none', 'south': 'tall', 'up': 'true', 'waterlogged': 'false', 'west': 'tall'}",
"(6, 4, 5)",minecraft:oxidized_copper_trapdoor,"{'facing': 'west', 'half': 'bottom', 'open': 'false', 'powered': 'false', 'waterlogged': 'false'}",
"(7, 4, 5)",minecraft:brown_wool,{},
"(13, 4, 5)",minecraft:brown_wool,{},
"(14, 4, 5)",minecraft:tuff,{},
"(7, 4, 6)",minecraft:brown_wool,{},
"(13, 4, 6)",minecraft:brown_wool,{},
"(14, 4, 6)",minecraft:tuff_wall,"{'east': 'none', 'north': 'tall', 'south': 'none', 'up': 'true', 'waterlogged': 'false', 'west': 'tall'}",
"(7, 4, 7)",minecraft:brown_wool,{},
"(8, 4, 7)",minecraft:lantern,"{'hanging': 'false', 'waterlogged': 'false'}",
"(10, 4, 7)",minecraft:oak_leaves,"{'distance': '1', 'persistent': 'true', 'waterlogged': 'false'}",
"(11, 4, 7)",minecraft:spruce_trapdoor,"{'facing': 'west', 'half': 'top', 'open': 'false', 'powered': 'false', 'waterlogged': 'false'}",
"(12, 4, 7)",minecraft:spruce_trapdoor,"{'facing': 'west', 'half': 'top', 'open': 'false', 'powered': 'false', 'waterlogged': 'false'}",
"(13, 4, 7)",minecraft:brown_wool,{},
"(4, 4, 8)",minecraft:mangrove_wood,{'axis': 'y'},
"(5, 4, 8)",minecraft:terracotta,{},
"(6, 4, 8)",minecraft:brown_wool,{},
"(7, 4, 8)",minecraft:brown_wool,{},
"(8, 4, 8)",minecraft:terracotta,{},
"(9, 4, 8)",minecraft:brown_wool,{},
"(10, 4, 8)",minecraft:mangrove_wood,{'axis': 'y'},
"(11, 4, 8)",minecraft:brown_wool,{},
"(12, 4, 8)",minecraft:terracotta,{},
"(13, 4, 8)",minecraft:terracotta,{},
"(14, 4, 8)",minecraft:brown_wool,{},
"(15, 4, 8)",minecraft:terracotta,{},
"(16, 4, 8)",minecraft:mangrove_wood,{'axis': 'y'},
"(4, 4, 9)",minecraft:brown_wool,{},
"(5, 4, 9)",minecraft:potted_allium,{},
"(7, 4, 9)",minecraft:potted_cactus,{},
"(10, 4, 9)",minecraft:spruce_trapdoor,"{'facing': 'south', 'half': 'top', 'open': 'true', 'powered': 'false', 'waterlogged': 'false'}",
"(11, 4, 9)",minecraft:candle,"{'candles': '4', 'lit': 'true', 'waterlogged': 'false'}",
"(12, 4, 9)",minecraft:spruce_stairs,"{'facing': 'east', 'half': 'top', 'shape': 'straight', 'waterlogged': 'false'}",
"(13, 4, 9)",minecraft:spruce_stairs,"{'facing': 'west', 'half': 'bottom', 'shape': 'straight', 'waterlogged': 'false'}",
"(16, 4, 9)",minecraft:brown_wool,{},
"(3, 4, 10)",minecraft:oak_fence_gate,"{'facing': 'east', 'in_wall': 'false', 'open': 'true', 'powered': 'false'}",
"(4, 4, 10)",minecraft:white_stained_glass_pane,"{'east': 'false', 'north': 'true', 'south': 'true', 'waterlogged': 'false', 'west': 'false'}",
"(12, 4, 10)",minecraft:spruce_stairs,"{'facing': 'east', 'half': 'top', 'shape': 'straight', 'waterlogged': 'false'}",
"(13, 4, 10)",minecraft:spruce_stairs,"{'facing': 'south', 'half': 'bottom', 'shape': 'inner_right', 'waterlogged': 'false'}",
"(16, 4, 10)",minecraft:brown_wool,{},
"(4, 4, 11)",minecraft:brown_wool,{},
"(5, 4, 11)",minecraft:brown_wall_banner,{'facing': 'east'},"{components: {}, id: ""minecraft:banner""}"
"(10, 4, 11)",minecraft:dark_oak_trapdoor,"{'facing': 'north', 'half': 'top', 'open': 'true', 'powered': 'false', 'waterlogged': 'false'}",
"(11, 4, 11)",minecraft:bookshelf,{},
"(12, 4, 11)",minecraft:bookshelf,{},
"(13, 4, 11)",minecraft:bookshelf,{},
"(14, 4, 11)",minecraft:spruce_trapdoor,"{'facing': 'east', 'half': 'top', 'open': 'true', 'powered': 'false', 'waterlogged': 'false'}",
"(16, 4, 11)",minecraft:terracotta,{},
"(3, 4, 12)",minecraft:lantern,"{'hanging': 'true', 'waterlogged': 'false'}",
"(4, 4, 12)",minecraft:mangrove_wood,{'axis': 'y'},
"(5, 4, 12)",minecraft:dark_oak_trapdoor,"{'facing': 'east', 'half': 'top', 'open': 'true', 'powered': 'false', 'waterlogged': 'false'}",
"(9, 4, 12)",minecraft:dark_oak_trapdoor,"{'facing': 'west', 'half': 'top', 'open': 'true', 'powered': 'false', 'waterlogged': 'false'}",
"(10, 4, 12)",minecraft:mangrove_wood,{'axis': 'y'},
"(11, 4, 12)",minecraft:dark_oak_trapdoor,"{'facing': 'east', 'half': 'top', 'open': 'true', 'powered': 'false', 'waterlogged': 'false'}",
"(15, 4, 12)",minecraft:dark_oak_trapdoor,"{'facing': 'west', 'half': 'top', 'open': 'true', 'powered': 'false', 'waterlogged': 'false'}",
"(16, 4, 12)",minecraft:mangrove_wood,{'axis': 'y'},
"(4, 4, 13)",minecraft:brown_wool,{},
"(5, 4, 13)",minecraft:oak_leaves,"{'distance': '7', 'persistent': 'true', 'waterlogged': 'false'}",
"(10, 4, 13)",minecraft:dark_oak_trapdoor,"{'facing': 'south', 'half': 'top', 'open': 'true', 'powered': 'false', 'waterlogged': 'false'}",
"(16, 4, 13)",minecraft:brown_wool,{},
"(3, 4, 14)",minecraft:oak_fence_gate,"{'facing': 'east', 'in_wall': 'false', 'open': 'true', 'powered': 'false'}",
"(4, 4, 14)",minecraft:spruce_stairs,"{'facing': 'north', 'half': 'top', 'shape': 'straight', 'waterlogged': 'false'}",
"(5, 4, 14)",minecraft:dark_oak_trapdoor,"{'facing': 'east', 'half': 'bottom', 'open': 'true', 'powered': 'false', 'waterlogged': 'false'}",
"(16, 4, 14)",minecraft:brown_wool,{},
"(4, 4, 15)",minecraft:spruce_trapdoor,"{'facing': 'north', 'half': 'top', 'open': 'false', 'powered': 'false', 'waterlogged': 'false'}",
"(5, 4, 15)",minecraft:dark_oak_trapdoor,"{'facing': 'east', 'half': 'bottom', 'open': 'true', 'powered': 'false', 'waterlogged': 'false'}",
"(16, 4, 15)",minecraft:brown_wool,{},
"(3, 4, 16)",minecraft:oak_fence_gate,"{'facing': 'east', 'in_wall': 'false', 'open': 'true', 'powered': 'false'}",
"(4, 4, 16)",minecraft:spruce_stairs,"{'facing': 'south', 'half': 'top', 'shape': 'straight', 'waterlogged': 'false'}",
"(5, 4, 16)",minecraft:dark_oak_trapdoor,"{'facing': 'east', 'half': 'bottom', 'open': 'true', 'powered': 'false', 'waterlogged': 'false'}",
"(16, 4, 16)",minecraft:brown_wool,{},
"(4, 4, 17)",minecraft:brown_wool,{},
"(5, 4, 17)",minecraft:oak_leaves,"{'distance': '7', 'persistent': 'true', 'waterlogged': 'false'}",
"(10, 4, 17)",minecraft:spruce_trapdoor,"{'facing': 'north', 'half': 'top', 'open': 'true', 'powered': 'false', 'waterlogged': 'false'}",
"(15, 4, 17)",minecraft:potted_azalea_bush,{},
"(16, 4, 17)",minecraft:terracotta,{},
"(3, 4, 18)",minecraft:lantern,"{'hanging': 'true', 'waterlogged': 'false'}",
"(4, 4, 18)",minecraft:mangrove_wood,{'axis': 'y'},
"(5, 4, 18)",minecraft:dark_oak_trapdoor,"{'facing': 'east', 'half': 'top', 'open': 'true', 'powered': 'false', 'waterlogged': 'false'}",
"(9, 4, 18)",minecraft:dark_oak_trapdoor,"{'facing': 'west', 'half': 'top', 'open': 'true', 'powered': 'false', 'waterlogged': 'false'}",
"(10, 4, 18)",minecraft:mangrove_wood,{'axis': 'y'},
"(11, 4, 18)",minecraft:dark_oak_trapdoor,"{'facing': 'east', 'half': 'top', 'open': 'true', 'powered': 'false', 'waterlogged': 'false'}",
"(14, 4, 18)",minecraft:lantern,"{'hanging': 'false', 'waterlogged': 'false'}",
"(15, 4, 18)",minecraft:spruce_trapdoor,"{'facing': 'west', 'half': 'bottom', 'open': 'true', 'powered': 'false', 'waterlogged': 'false'}",
"(16, 4, 18)",minecraft:mangrove_wood,{'axis': 'y'},
"(4, 4, 19)",minecraft:brown_wool,{},
"(10, 4, 19)",minecraft:dark_oak_trapdoor,"{'facing': 'south', 'half': 'top', 'open': 'true', 'powered': 'false', 'waterlogged': 'false'}",
"(15, 4, 19)",minecraft:orange_wall_banner,{'facing': 'west'},"{components: {}, id: ""minecraft:banner""}"
"(16, 4, 19)",minecraft:brown_wool,{},
"(3, 4, 20)",minecraft:oak_fence_gate,"{'facing': 'east', 'in_wall': 'false', 'open': 'true', 'powered': 'false'}",
"(4, 4, 20)",minecraft:white_stained_glass_pane,"{'east': 'false', 'north': 'true', 'south': 'true', 'waterlogged': 'false', 'west': 'false'}",
"(16, 4, 20)",minecraft:brown_wool,{},
"(17, 4, 20)",minecraft:oxidized_copper_trapdoor,"{'facing': 'east', 'half': 'bottom', 'open': 'false', 'powered': 'false', 'waterlogged': 'false'}",
"(4, 4, 21)",minecraft:terracotta,{},
"(5, 4, 21)",minecraft:azalea_leaves,"{'distance': '7', 'persistent': 'true', 'waterlogged': 'false'}",
"(10, 4, 21)",minecraft:dark_oak_trapdoor,"{'facing': 'north', 'half': 'top', 'open': 'true', 'powered': 'false', 'waterlogged': 'false'}",
"(13, 4, 21)",minecraft:bookshelf,{},
"(14, 4, 21)",minecraft:bookshelf,{},
"(15, 4, 21)",minecraft:bookshelf,{},
"(16, 4, 21)",minecraft:terracotta,{},
"(4, 4, 22)",minecraft:stripped_dark_oak_wood,{'axis': 'y'},
"(5, 4, 22)",minecraft:brown_wool,{},
"(6, 4, 22)",minecraft:terracotta,{},
"(7, 4, 22)",minecraft:terracotta,{},
"(8, 4, 22)",minecraft:terracotta,{},
"(9, 4, 22)",minecraft:brown_wool,{},
"(10, 4, 22)",minecraft:stripped_dark_oak_wood,{'axis': 'y'},
"(11, 4, 22)",minecraft:spruce_stairs,"{'facing': 'west', 'half': 'top', 'shape': 'straight', 'waterlogged': 'false'}",
"(12, 4, 22)",minecraft:spruce_stairs,"{'facing': 'east', 'half': 'top', 'shape': 'straight', 'waterlogged': 'false'}",
"(13, 4, 22)",minecraft:brown_wool,{},
"(14, 4, 22)",minecraft:brown_wool,{},
"(15, 4, 22)",minecraft:terracotta,{},
"(16, 4, 22)",minecraft:stripped_dark_oak_wood,{'axis': 'y'},
"(7, 4, 23)",minecraft:brown_wool,{},
"(8, 4, 23)",minecraft:bookshelf,{},
"(9, 4, 23)",minecraft:bookshelf,{},
"(10, 4, 23)",minecraft:bookshelf,{},
"(11, 4, 23)",minecraft:waxed_copper_trapdoor,"{'facing': 'south', 'half': 'top', 'open': 'true', 'powered': 'false', 'waterlogged': 'false'}",
"(12, 4, 23)",minecraft:waxed_copper_trapdoor,"{'facing': 'south', 'half': 'top', 'open': 'true', 'powered': 'false', 'waterlogged': 'false'}",
"(13, 4, 23)",minecraft:brown_wool,{},
"(6, 4, 24)",minecraft:oxidized_copper_trapdoor,"{'facing': 'west', 'half': 'bottom', 'open': 'false', 'powered': 'false', 'waterlogged': 'false'}",
"(7, 4, 24)",minecraft:brown_wool,{},
"(8, 4, 24)",minecraft:bookshelf,{},
"(13, 4, 24)",minecraft:terracotta,{},
"(6, 4, 25)",minecraft:oxidized_cut_copper_slab,"{'type': 'bottom', 'waterlogged': 'false'}",
"(7, 4, 25)",minecraft:brown_wool,{},
"(8, 4, 25)",minecraft:bookshelf,{},
"(13, 4, 25)",minecraft:terracotta,{},
"(6, 4, 26)",minecraft:oxidized_copper_trapdoor,"{'facing': 'west', 'half': 'bottom', 'open': 'false', 'powered': 'false', 'waterlogged': 'false'}",
"(7, 4, 26)",minecraft:brown_wool,{},
"(8, 4, 26)",minecraft:bookshelf,{},
"(13, 4, 26)",minecraft:brown_wool,{},
"(7, 4, 27)",minecraft:terracotta,{},
"(8, 4, 27)",minecraft:bookshelf,{},
"(11, 4, 27)",minecraft:lantern,"{'hanging': 'false', 'waterlogged': 'false'}",
"(12, 4, 27)",minecraft:potted_brown_mushroom,{},
"(13, 4, 27)",minecraft:terracotta,{},
"(7, 4, 28)",minecraft:stripped_dark_oak_wood,{'axis': 'y'},
"(8, 4, 28)",minecraft:brown_wool,{},
"(9, 4, 28)",minecraft:brown_wool,{},
"(10, 4, 28)",minecraft:brown_wool,{},
"(11, 4, 28)",minecraft:brown_wool,{},
"(12, 4, 28)",minecraft:terracotta,{},
"(13, 4, 28)",minecraft:stripped_dark_oak_wood,{'axis': 'y'},
"(9, 4, 29)",minecraft:oxidized_copper_trapdoor,"{'facing': 'south', 'half': 'bottom', 'open': 'false', 'powered': 'false', 'waterlogged': 'false'}",
"(10, 4, 29)",minecraft:oxidized_copper_trapdoor,"{'facing': 'south', 'half': 'bottom', 'open': 'false', 'powered': 'false', 'waterlogged': 'false'}",
"(7, 5, 1)",minecraft:spruce_fence,"{'east': 'false', 'north': 'false', 'south': 'true', 'waterlogged': 'false', 'west': 'false'}",
"(13, 5, 1)",minecraft:spruce_fence,"{'east': 'false', 'north': 'false', 'south': 'true', 'waterlogged': 'false', 'west': 'false'}",
"(6, 5, 2)",minecraft:spruce_fence,"{'east': 'true', 'north': 'false', 'south': 'false', 'waterlogged': 'false', 'west': 'false'}",
"(7, 5, 2)",minecraft:stripped_dark_oak_wood,{'axis': 'y'},
"(8, 5, 2)",minecraft:brown_wool,{},
"(9, 5, 2)",minecraft:brown_wool,{},
"(10, 5, 2)",minecraft:brown_wool,{},
"(11, 5, 2)",minecraft:brown_wool,{},
"(12, 5, 2)",minecraft:brown_wool,{},
"(13, 5, 2)",minecraft:stripped_dark_oak_wood,{'axis': 'y'},
"(14, 5, 2)",minecraft:spruce_fence,"{'east': 'false', 'north': 'false', 'south': 'false', 'waterlogged': 'false', 'west': 'true'}",
"(7, 5, 3)",minecraft:brown_wool,{},
"(13, 5, 3)",minecraft:brown_wool,{},
"(7, 5, 4)",minecraft:brown_wool,{},
"(13, 5, 4)",minecraft:brown_wool,{},
"(14, 5, 4)",minecraft:cobblestone_wall,"{'east': 'none', 'north': 'none', 'south': 'low', 'up': 'true', 'waterlogged': 'false', 'west': 'low'}",
"(7, 5, 5)",minecraft:brown_wool,{},
"(13, 5, 5)",minecraft:brown_wool,{},
"(14, 5, 5)",minecraft:tuff,{},
"(7, 5, 6)",minecraft:brown_wool,{},
"(13, 5, 6)",minecraft:brown_wool,{},
"(14, 5, 6)",minecraft:cobblestone_wall,"{'east': 'none', 'north': 'low', 'south': 'none', 'up': 'true', 'waterlogged': 'false', 'west': 'low'}",
"(4, 5, 7)",minecraft:spruce_fence,"{'east': 'false', 'north': 'false', 'south': 'true', 'waterlogged': 'false', 'west': 'false'}",
"(6, 5, 7)",minecraft:oak_leaves,"{'distance': '7', 'persistent': 'true', 'waterlogged': 'false'}",
"(7, 5, 7)",minecraft:brown_wool,{},
"(12, 5, 7)",minecraft:potted_cornflower,{},
"(13, 5, 7)",minecraft:brown_wool,{},
"(16, 5, 7)",minecraft:spruce_fence,"{'east': 'false', 'north': 'false', 'south': 'true', 'waterlogged': 'false', 'west': 'false'}",
"(3, 5, 8)",minecraft:spruce_fence,"{'east': 'true', 'north': 'false', 'south': 'false', 'waterlogged': 'false', 'west': 'false'}",
"(4, 5, 8)",minecraft:stripped_dark_oak_wood,{'axis': 'y'},
"(5, 5, 8)",minecraft:brown_wool,{},
"(6, 5, 8)",minecraft:brown_wool,{},
"(7, 5, 8)",minecraft:brown_wool,{},
"(8, 5, 8)",minecraft:brown_wool,{},
"(9, 5, 8)",minecraft:brown_wool,{},
"(10, 5, 8)",minecraft:stripped_dark_oak_wood,{'axis': 'y'},
"(11, 5, 8)",minecraft:brown_wool,{},
"(12, 5, 8)",minecraft:brown_wool,{},
"(13, 5, 8)",minecraft:brown_wool,{},
"(14, 5, 8)",minecraft:brown_wool,{},
"(15, 5, 8)",minecraft:brown_wool,{},
"(16, 5, 8)",minecraft:stripped_dark_oak_wood,{'axis': 'y'},
"(17, 5, 8)",minecraft:spruce_fence,"{'east': 'false', 'north': 'false', 'south': 'false', 'waterlogged': 'false', 'west': 'true'}",
"(3, 5, 9)",minecraft:oak_leaves,"{'distance': '7', 'persistent': 'true', 'waterlogged': 'false'}",
"(4, 5, 9)",minecraft:brown_wool,{},
"(10, 5, 9)",minecraft:dark_oak_stairs,"{'facing': 'north', 'half': 'top', 'shape': 'straight', 'waterlogged': 'false'}",
"(11, 5, 9)",minecraft:spruce_stairs,"{'facing': 'east', 'half': 'top', 'shape': 'inner_left', 'waterlogged': 'false'}",
"(12, 5, 9)",minecraft:spruce_stairs,"{'facing': 'west', 'half': 'bottom', 'shape': 'straight', 'waterlogged': 'false'}",
"(16, 5, 9)",minecraft:brown_wool,{},
"(3, 5, 10)",minecraft:oxidized_copper_trapdoor,"{'facing': 'west', 'half': 'bottom', 'open': 'false', 'powered': 'false', 'waterlogged': 'false'}",
"(4, 5, 10)",minecraft:brown_wool,{},
"(10, 5, 10)",minecraft:dark_oak_trapdoor,"{'facing': 'west', 'half': 'top', 'open': 'false', 'powered': 'false', 'waterlogged': 'false'}",
"(11, 5, 10)",minecraft:spruce_stairs,"{'facing': 'south', 'half': 'top', 'shape': 'inner_left', 'waterlogged': 'false'}",
"(12, 5, 10)",minecraft:spruce_stairs,"{'facing': 'south', 'half': 'bottom', 'shape': 'inner_right', 'waterlogged': 'false'}",
"(13, 5, 10)",minecraft:spruce_trapdoor,"{'facing': 'north', 'half': 'bottom', 'open': 'true', 'powered': 'false', 'waterlogged': 'false'}",
"(16, 5, 10)",minecraft:brown_wool,{},
"(4, 5, 11)",minecraft:brown_wool,{},
"(10, 5, 11)",minecraft:dark_oak_stairs,"{'facing': 'south', 'half': 'top', 'shape': 'straight', 'waterlogged': 'false'}",
"(11, 5, 11)",minecraft:bookshelf,{},
"(12, 5, 11)",minecraft:bookshelf,{},
"(13, 5, 11)",minecraft:bookshelf,{},
"(14, 5, 11)",minecraft:spruce_trapdoor,"{'facing': 'east', 'half': 'top', 'open': 'true', 'powered': 'false', 'waterlogged': 'false'}",
"(16, 5, 11)",minecraft:brown_wool,{},
"(3, 5, 12)",minecraft:spruce_fence,"{'east': 'true', 'north': 'false', 'south': 'false', 'waterlogged': 'false', 'west': 'false'}",
"(4, 5, 12)",minecraft:stripped_dark_oak_wood,{'axis': 'y'},
"(5, 5, 12)",minecraft:dark_oak_stairs,"{'facing': 'west', 'half': 'top', 'shape': 'straight', 'waterlogged': 'false'}",
"(6, 5, 12)",minecraft:dark_oak_trapdoor,"{'facing': 'south', 'half': 'top', 'open': 'false', 'powered': 'false', 'waterlogged': 'false'}",
"(8, 5, 12)",minecraft:dark_oak_trapdoor,"{'facing': 'south', 'half': 'top', 'open': 'false', 'powered': 'false', 'waterlogged': 'false'}",
"(9, 5, 12)",minecraft:dark_oak_stairs,"{'facing': 'east', 'half': 'top', 'shape': 'straight', 'waterlogged': 'false'}",
"(10, 5, 12)",minecraft:stripped_dark_oak_wood,{'axis': 'y'},
"(11, 5, 12)",minecraft:dark_oak_stairs,"{'facing': 'west', 'half': 'top', 'shape': 'straight', 'waterlogged': 'false'}",
"(12, 5, 12)",minecraft:dark_oak_trapdoor,"{'facing': 'south', 'half': 'top', 'open': 'false', 'powered': 'false', 'waterlogged': 'false'}",
"(13, 5, 12)",minecraft:lantern,"{'hanging': 'true', 'waterlogged': 'false'}",
"(14, 5, 12)",minecraft:dark_oak_trapdoor,"{'facing': 'west', 'half': 'top', 'open': 'false', 'powered': 'false', 'waterlogged': 'false'}",
"(15, 5, 12)",minecraft:dark_oak_stairs,"{'facing': 'east', 'half': 'top', 'shape': 'straight', 'waterlogged': 'false'}",
"(16, 5, 12)",minecraft:stripped_dark_oak_wood,{'axis': 'y'},
"(17, 5, 12)",minecraft:spruce_fence,"{'east': 'false', 'north': 'false', 'south': 'false', 'waterlogged': 'false', 'west': 'true'}",
"(4, 5, 13)",minecraft:brown_wool,{},
"(10, 5, 13)",minecraft:dark_oak_stairs,"{'facing': 'north', 'half': 'top', 'shape': 'straight', 'waterlogged': 'false'}",
"(16, 5, 13)",minecraft:brown_wool,{},
"(3, 5, 14)",minecraft:oxidized_copper_trapdoor,"{'facing': 'west', 'half': 'bottom', 'open': 'false', 'powered': 'false', 'waterlogged': 'false'}",
"(4, 5, 14)",minecraft:brown_wool,{},
"(10, 5, 14)",minecraft:dark_oak_trapdoor,"{'facing': 'west', 'half': 'top', 'open': 'false', 'powered': 'false', 'waterlogged': 'false'}",
"(16, 5, 14)",minecraft:brown_wool,{},
"(3, 5, 15)",minecraft:oxidized_cut_copper_slab,"{'type': 'bottom', 'waterlogged': 'false'}",
"(4, 5, 15)",minecraft:brown_wool,{},
"(16, 5, 15)",minecraft:brown_wool,{},
"(3, 5, 16)",minecraft:oxidized_copper_trapdoor,"{'facing': 'west', 'half': 'bottom', 'open': 'false', 'powered': 'false', 'waterlogged': 'false'}",
"(4, 5, 16)",minecraft:brown_wool,{},
"(10, 5, 16)",minecraft:dark_oak_trapdoor,"{'facing': 'west', 'half': 'top', 'open': 'false', 'powered': 'false', 'waterlogged': 'false'}",
"(16, 5, 16)",minecraft:brown_wool,{},
"(4, 5, 17)",minecraft:brown_wool,{},
"(10, 5, 17)",minecraft:dark_oak_stairs,"{'facing': 'south', 'half': 'top', 'shape': 'straight', 'waterlogged': 'false'}",
"(16, 5, 17)",minecraft:brown_wool,{},
"(3, 5, 18)",minecraft:dark_oak_fence,"{'east': 'true', 'north': 'false', 'south': 'false', 'waterlogged': 'false', 'west': 'false'}",
"(4, 5, 18)",minecraft:stripped_dark_oak_wood,{'axis': 'y'},
"(5, 5, 18)",minecraft:dark_oak_stairs,"{'facing': 'west', 'half': 'top', 'shape': 'straight', 'waterlogged': 'false'}",
"(6, 5, 18)",minecraft:dark_oak_trapdoor,"{'facing': 'south', 'half': 'top', 'open': 'false', 'powered': 'false', 'waterlogged': 'false'}",
"(8, 5, 18)",minecraft:dark_oak_trapdoor,"{'facing': 'south', 'half': 'top', 'open': 'false', 'powered': 'false', 'waterlogged': 'false'}",
"(9, 5, 18)",minecraft:dark_oak_stairs,"{'facing': 'east', 'half': 'top', 'shape': 'straight', 'waterlogged': 'false'}",
"(10, 5, 18)",minecraft:stripped_dark_oak_wood,{'axis': 'y'},
"(11, 5, 18)",minecraft:dark_oak_stairs,"{'facing': 'west', 'half': 'top', 'shape': 'straight', 'waterlogged': 'false'}",
"(12, 5, 18)",minecraft:dark_oak_trapdoor,"{'facing': 'north', 'half': 'top', 'open': 'false', 'powered': 'false', 'waterlogged': 'false'}",
"(14, 5, 18)",minecraft:dark_oak_trapdoor,"{'facing': 'north', 'half': 'top', 'open': 'false', 'powered': 'false', 'waterlogged': 'false'}",
"(15, 5, 18)",minecraft:dark_oak_stairs,"{'facing': 'east', 'half': 'top', 'shape': 'straight', 'waterlogged': 'false'}",
"(16, 5, 18)",minecraft:stripped_dark_oak_wood,{'axis': 'y'},
"(17, 5, 18)",minecraft:dark_oak_fence,"{'east': 'false', 'north': 'false', 'south': 'false', 'waterlogged': 'false', 'west': 'true'}",
"(4, 5, 19)",minecraft:brown_wool,{},
"(10, 5, 19)",minecraft:dark_oak_stairs,"{'facing': 'north', 'half': 'top', 'shape': 'straight', 'waterlogged': 'false'}",
"(16, 5, 19)",minecraft:brown_wool,{},
"(3, 5, 20)",minecraft:oxidized_copper_trapdoor,"{'facing': 'west', 'half': 'bottom', 'open': 'false', 'powered': 'false', 'waterlogged': 'false'}",
"(4, 5, 20)",minecraft:brown_wool,{},
"(10, 5, 20)",minecraft:dark_oak_trapdoor,"{'facing': 'south', 'half': 'top', 'open': 'false', 'powered': 'false', 'waterlogged': 'false'}",
"(16, 5, 20)",minecraft:brown_wool,{},
"(4, 5, 21)",minecraft:brown_wool,{},
"(10, 5, 21)",minecraft:dark_oak_stairs,"{'facing': 'south', 'half': 'top', 'shape': 'straight', 'waterlogged': 'false'}",
"(13, 5, 21)",minecraft:potted_white_tulip,{},
"(15, 5, 21)",minecraft:skeleton_skull,"{'powered': 'false', 'rotation': '14'}","{components: {}, id: ""minecraft:skull""}"
"(16, 5, 21)",minecraft:brown_wool,{},
"(3, 5, 22)",minecraft:dark_oak_fence,"{'east': 'true', 'north': 'false', 'south': 'false', 'waterlogged': 'false', 'west': 'false'}",
"(4, 5, 22)",minecraft:stripped_dark_oak_wood,{'axis': 'y'},
"(5, 5, 22)",minecraft:brown_wool,{},
"(6, 5, 22)",minecraft:brown_wool,{},
"(7, 5, 22)",minecraft:brown_wool,{},
"(8, 5, 22)",minecraft:brown_wool,{},
"(9, 5, 22)",minecraft:brown_wool,{},
"(10, 5, 22)",minecraft:stripped_dark_oak_wood,{'axis': 'y'},
"(11, 5, 22)",minecraft:brown_wool,{},
"(12, 5, 22)",minecraft:brown_wool,{},
"(13, 5, 22)",minecraft:brown_wool,{},
"(14, 5, 22)",minecraft:brown_wool,{},
"(15, 5, 22)",minecraft:brown_wool,{},
"(16, 5, 22)",minecraft:stripped_dark_oak_wood,{'axis': 'y'},
"(17, 5, 22)",minecraft:dark_oak_fence,"{'east': 'false', 'north': 'false', 'south': 'false', 'waterlogged': 'false', 'west': 'true'}",
"(4, 5, 23)",minecraft:dark_oak_fence,"{'east': 'false', 'north': 'true', 'south': 'false', 'waterlogged': 'false', 'west': 'false'}",
"(7, 5, 23)",minecraft:brown_wool,{},
"(8, 5, 23)",minecraft:lantern,"{'hanging': 'false', 'waterlogged': 'false'}",
"(9, 5, 23)",minecraft:spruce_leaves,"{'distance': '7', 'persistent': 'true', 'waterlogged': 'false'}",
"(13, 5, 23)",minecraft:brown_wool,{},
"(16, 5, 23)",minecraft:dark_oak_fence,"{'east': 'false', 'north': 'true', 'south': 'false', 'waterlogged': 'false', 'west': 'false'}",
"(7, 5, 24)",minecraft:brown_wool,{},
"(13, 5, 24)",minecraft:brown_wool,{},
"(7, 5, 25)",minecraft:brown_wool,{},
"(8, 5, 25)",minecraft:spruce_leaves,"{'distance': '7', 'persistent': 'true', 'waterlogged': 'false'}",
"(13, 5, 25)",minecraft:brown_wool,{},
"(7, 5, 26)",minecraft:brown_wool,{},
"(13, 5, 26)",minecraft:brown_wool,{},
"(7, 5, 27)",minecraft:brown_wool,{},
"(8, 5, 27)",minecraft:spruce_leaves,"{'distance': '7', 'persistent': 'true', 'waterlogged': 'false'}",
"(10, 5, 27)",minecraft:black_wall_banner,{'facing': 'north'},"{components: {}, patterns: [{color: ""white"", pattern: ""minecraft:skull""}], id: ""minecraft:banner""}"
"(13, 5, 27)",minecraft:brown_wool,{},
"(6, 5, 28)",minecraft:dark_oak_fence,"{'east': 'true', 'north': 'false', 'south': 'false', 'waterlogged': 'false', 'west': 'false'}",
"(7, 5, 28)",minecraft:stripped_dark_oak_wood,{'axis': 'y'},
"(8, 5, 28)",minecraft:brown_wool,{},
"(9, 5, 28)",minecraft:brown_wool,{},
"(10, 5, 28)",minecraft:brown_wool,{},
"(11, 5, 28)",minecraft:brown_wool,{},
"(12, 5, 28)",minecraft:brown_wool,{},
"(13, 5, 28)",minecraft:stripped_dark_oak_wood,{'axis': 'y'},
"(14, 5, 28)",minecraft:dark_oak_fence,"{'east': 'false', 'north': 'false', 'south': 'false', 'waterlogged': 'false', 'west': 'true'}",
"(7, 5, 29)",minecraft:dark_oak_fence,"{'east': 'false', 'north': 'true', 'south': 'false', 'waterlogged': 'false', 'west': 'false'}",
"(13, 5, 29)",minecraft:dark_oak_fence,"{'east': 'false', 'north': 'true', 'south': 'false', 'waterlogged': 'false', 'west': 'false'}",
"(7, 6, 1)",minecraft:oak_log,{'axis': 'z'},
"(8, 6, 1)",minecraft:spruce_stairs,"{'facing': 'south', 'half': 'top', 'shape': 'straight', 'waterlogged': 'false'}",
"(9, 6, 1)",minecraft:dark_oak_slab,"{'type': 'top', 'waterlogged': 'false'}",
"(10, 6, 1)",minecraft:spruce_stairs,"{'facing': 'south', 'half': 'top', 'shape': 'straight', 'waterlogged': 'false'}",
"(11, 6, 1)",minecraft:dark_oak_slab,"{'type': 'top', 'waterlogged': 'false'}",
"(12, 6, 1)",minecraft:spruce_stairs,"{'facing': 'south', 'half': 'top', 'shape': 'straight', 'waterlogged': 'false'}",
"(13, 6, 1)",minecraft:oak_log,{'axis': 'z'},
"(6, 6, 2)",minecraft:oak_log,{'axis': 'x'},
"(7, 6, 2)",minecraft:oak_log,{'axis': 'y'},
"(8, 6, 2)",minecraft:stripped_dark_oak_wood,{'axis': 'x'},
"(9, 6, 2)",minecraft:stripped_dark_oak_wood,{'axis': 'x'},
"(10, 6, 2)",minecraft:stripped_dark_oak_wood,{'axis': 'x'},
"(11, 6, 2)",minecraft:stripped_dark_oak_wood,{'axis': 'x'},
"(12, 6, 2)",minecraft:stripped_dark_oak_wood,{'axis': 'x'},
"(13, 6, 2)",minecraft:oak_log,{'axis': 'y'},
"(14, 6, 2)",minecraft:oak_log,{'axis': 'x'},
"(6, 6, 3)",minecraft:spruce_stairs,"{'facing': 'east', 'half': 'top', 'shape': 'straight', 'waterlogged': 'false'}",
"(7, 6, 3)",minecraft:stripped_dark_oak_wood,{'axis': 'z'},
"(8, 6, 3)",minecraft:spruce_slab,"{'type': 'top', 'waterlogged': 'false'}",
"(9, 6, 3)",minecraft:spruce_stairs,"{'facing': 'north', 'half': 'top', 'shape': 'straight', 'waterlogged': 'false'}",
"(10, 6, 3)",minecraft:spruce_stairs,"{'facing': 'north', 'half': 'top', 'shape': 'straight', 'waterlogged': 'false'}",
"(11, 6, 3)",minecraft:spruce_slab,"{'type': 'top', 'waterlogged': 'false'}",
"(12, 6, 3)",minecraft:spruce_stairs,"{'facing': 'north', 'half': 'top', 'shape': 'inner_right', 'waterlogged': 'false'}",
"(13, 6, 3)",minecraft:stripped_dark_oak_wood,{'axis': 'z'},
"(14, 6, 3)",minecraft:spruce_stairs,"{'facing': 'west', 'half': 'top', 'shape': 'straight', 'waterlogged': 'false'}",
"(6, 6, 4)",minecraft:dark_oak_slab,"{'type': 'top', 'waterlogged': 'false'}",
"(7, 6, 4)",minecraft:stripped_dark_oak_wood,{'axis': 'z'},
"(8, 6, 4)",minecraft:spruce_slab,"{'type': 'top', 'waterlogged': 'false'}",
"(9, 6, 4)",minecraft:spruce_trapdoor,"{'facing': 'east', 'half': 'top', 'open': 'false', 'powered': 'false', 'waterlogged': 'false'}",
"(10, 6, 4)",minecraft:spruce_trapdoor,"{'facing': 'north', 'half': 'top', 'open': 'false', 'powered': 'false', 'waterlogged': 'false'}",
"(11, 6, 4)",minecraft:spruce_slab,"{'type': 'top', 'waterlogged': 'false'}",
"(12, 6, 4)",minecraft:spruce_stairs,"{'facing': 'east', 'half': 'top', 'shape': 'straight', 'waterlogged': 'false'}",
"(13, 6, 4)",minecraft:stripped_dark_oak_wood,{'axis': 'z'},
"(14, 6, 4)",minecraft:dark_oak_slab,"{'type': 'top', 'waterlogged': 'false'}",
"(6, 6, 5)",minecraft:spruce_stairs,"{'facing': 'east', 'half': 'top', 'shape': 'straight', 'waterlogged': 'false'}",
"(7, 6, 5)",minecraft:stripped_dark_oak_wood,{'axis': 'z'},
"(8, 6, 5)",minecraft:spruce_slab,"{'type': 'top', 'waterlogged': 'false'}",
"(9, 6, 5)",minecraft:spruce_slab,"{'type': 'top', 'waterlogged': 'false'}",
"(10, 6, 5)",minecraft:spruce_trapdoor,"{'facing': 'north', 'half': 'top', 'open': 'false', 'powered': 'false', 'waterlogged': 'false'}",
"(11, 6, 5)",minecraft:spruce_trapdoor,"{'facing': 'west', 'half': 'top', 'open': 'false', 'powered': 'false', 'waterlogged': 'false'}",
"(12, 6, 5)",minecraft:spruce_slab,"{'type': 'top', 'waterlogged': 'false'}",
"(13, 6, 5)",minecraft:stripped_dark_oak_wood,{'axis': 'z'},
"(14, 6, 5)",minecraft:cobblestone,{},
"(6, 6, 6)",minecraft:spruce_slab,"{'type': 'top', 'waterlogged': 'false'}",
"(7, 6, 6)",minecraft:stripped_dark_oak_wood,{'axis': 'z'},
"(8, 6, 6)",minecraft:spruce_stairs,"{'facing': 'west', 'half': 'top', 'shape': 'straight', 'waterlogged': 'false'}",
"(9, 6, 6)",minecraft:spruce_trapdoor,"{'facing': 'east', 'half': 'top', 'open': 'false', 'powered': 'false', 'waterlogged': 'false'}",
"(10, 6, 6)",minecraft:spruce_slab,"{'type': 'top', 'waterlogged': 'false'}",
"(11, 6, 6)",minecraft:spruce_trapdoor,"{'facing': 'north', 'half': 'top', 'open': 'false', 'powered': 'false', 'waterlogged': 'false'}",
"(12, 6, 6)",minecraft:spruce_stairs,"{'facing': 'east', 'half': 'top', 'shape': 'straight', 'waterlogged': 'false'}",
"(13, 6, 6)",minecraft:stripped_dark_oak_wood,{'axis': 'z'},
"(14, 6, 6)",minecraft:dark_oak_slab,"{'type': 'top', 'waterlogged': 'false'}",
"(4, 6, 7)",minecraft:oak_log,{'axis': 'z'},
"(5, 6, 7)",minecraft:spruce_stairs,"{'facing': 'south', 'half': 'top', 'shape': 'straight', 'waterlogged': 'false'}",
"(6, 6, 7)",minecraft:dark_oak_slab,"{'type': 'top', 'waterlogged': 'false'}",
"(7, 6, 7)",minecraft:stripped_dark_oak_wood,{'axis': 'z'},
"(8, 6, 7)",minecraft:spruce_slab,"{'type': 'top', 'waterlogged': 'false'}",
"(9, 6, 7)",minecraft:spruce_stairs,"{'facing': 'south', 'half': 'top', 'shape': 'straight', 'waterlogged': 'false'}",
"(10, 6, 7)",minecraft:spruce_slab,"{'type': 'top', 'waterlogged': 'false'}",
"(11, 6, 7)",minecraft:spruce_stairs,"{'facing': 'south', 'half': 'top', 'shape': 'straight', 'waterlogged': 'false'}",
"(12, 6, 7)",minecraft:spruce_slab,"{'type': 'top', 'waterlogged': 'false'}",
"(13, 6, 7)",minecraft:stripped_dark_oak_wood,{'axis': 'z'},
"(14, 6, 7)",minecraft:spruce_slab,"{'type': 'top', 'waterlogged': 'false'}",
"(15, 6, 7)",minecraft:dark_oak_stairs,"{'facing': 'south', 'half': 'top', 'shape': 'straight', 'waterlogged': 'false'}",
"(16, 6, 7)",minecraft:oak_log,{'axis': 'z'},
"(3, 6, 8)",minecraft:oak_log,{'axis': 'x'},
"(4, 6, 8)",minecraft:oak_log,{'axis': 'y'},
"(5, 6, 8)",minecraft:stripped_dark_oak_wood,{'axis': 'x'},
"(6, 6, 8)",minecraft:stripped_dark_oak_wood,{'axis': 'x'},
"(7, 6, 8)",minecraft:stripped_dark_oak_wood,{'axis': 'x'},
"(8, 6, 8)",minecraft:stripped_dark_oak_wood,{'axis': 'x'},
"(9, 6, 8)",minecraft:stripped_dark_oak_wood,{'axis': 'x'},
"(10, 6, 8)",minecraft:stripped_dark_oak_wood,{'axis': 'y'},
"(11, 6, 8)",minecraft:stripped_dark_oak_wood,{'axis': 'x'},
"(12, 6, 8)",minecraft:stripped_dark_oak_wood,{'axis': 'x'},
"(13, 6, 8)",minecraft:stripped_dark_oak_wood,{'axis': 'x'},
"(14, 6, 8)",minecraft:stripped_dark_oak_wood,{'axis': 'x'},
"(15, 6, 8)",minecraft:stripped_dark_oak_wood,{'axis': 'x'},
"(16, 6, 8)",minecraft:oak_log,{'axis': 'y'},
"(17, 6, 8)",minecraft:oak_log,{'axis': 'x'},
"(3, 6, 9)",minecraft:dark_oak_stairs,"{'facing': 'east', 'half': 'top', 'shape': 'straight', 'waterlogged': 'false'}",
"(4, 6, 9)",minecraft:stripped_dark_oak_wood,{'axis': 'z'},
"(5, 6, 9)",minecraft:spruce_slab,"{'type': 'top', 'waterlogged': 'false'}",
"(6, 6, 9)",minecraft:spruce_slab,"{'type': 'top', 'waterlogged': 'false'}",
"(7, 6, 9)",minecraft:spruce_stairs,"{'facing': 'north', 'half': 'top', 'shape': 'straight', 'waterlogged': 'false'}",
"(8, 6, 9)",minecraft:spruce_slab,"{'type': 'top', 'waterlogged': 'false'}",
"(9, 6, 9)",minecraft:spruce_stairs,"{'facing': 'north', 'half': 'top', 'shape': 'inner_right', 'waterlogged': 'false'}",
"(10, 6, 9)",minecraft:stripped_dark_oak_wood,{'axis': 'z'},
"(11, 6, 9)",minecraft:spruce_stairs,"{'facing': 'west', 'half': 'bottom', 'shape': 'straight', 'waterlogged': 'false'}",
"(16, 6, 9)",minecraft:stripped_dark_oak_wood,{'axis': 'z'},
"(17, 6, 9)",minecraft:dark_oak_stairs,"{'facing': 'west', 'half': 'top', 'shape': 'straight', 'waterlogged': 'false'}",
"(3, 6, 10)",minecraft:dark_oak_slab,"{'type': 'top', 'waterlogged': 'false'}",
"(4, 6, 10)",minecraft:stripped_dark_oak_wood,{'axis': 'z'},
"(5, 6, 10)",minecraft:spruce_slab,"{'type': 'top', 'waterlogged': 'false'}",
"(6, 6, 10)",minecraft:spruce_trapdoor,"{'facing': 'south', 'half': 'top', 'open': 'false', 'powered': 'false', 'waterlogged': 'false'}",
"(7, 6, 10)",minecraft:spruce_trapdoor,"{'facing': 'north', 'half': 'top', 'open': 'false', 'powered': 'false', 'waterlogged': 'false'}",
"(8, 6, 10)",minecraft:spruce_trapdoor,"{'facing': 'west', 'half': 'top', 'open': 'false', 'powered': 'false', 'waterlogged': 'false'}",
"(9, 6, 10)",minecraft:spruce_stairs,"{'facing': 'east', 'half': 'top', 'shape': 'straight', 'waterlogged': 'false'}",
"(10, 6, 10)",minecraft:stripped_dark_oak_wood,{'axis': 'z'},
"(11, 6, 10)",minecraft:spruce_stairs,"{'facing': 'south', 'half': 'bottom', 'shape': 'inner_right', 'waterlogged': 'false'}",
"(12, 6, 10)",minecraft:spruce_trapdoor,"{'facing': 'north', 'half': 'bottom', 'open': 'true', 'powered': 'false', 'waterlogged': 'false'}",
"(13, 6, 10)",minecraft:spruce_trapdoor,"{'facing': 'north', 'half': 'bottom', 'open': 'true', 'powered': 'false', 'waterlogged': 'false'}",
"(16, 6, 10)",minecraft:stripped_dark_oak_wood,{'axis': 'z'},
"(17, 6, 10)",minecraft:dark_oak_slab,"{'type': 'top', 'waterlogged': 'false'}",
"(3, 6, 11)",minecraft:spruce_stairs,"{'facing': 'east', 'half': 'top', 'shape': 'straight', 'waterlogged': 'false'}",
"(4, 6, 11)",minecraft:stripped_dark_oak_wood,{'axis': 'z'},
"(5, 6, 11)",minecraft:spruce_stairs,"{'facing': 'west', 'half': 'top', 'shape': 'inner_left', 'waterlogged': 'false'}",
"(6, 6, 11)",minecraft:spruce_stairs,"{'facing': 'south', 'half': 'top', 'shape': 'straight', 'waterlogged': 'false'}",
"(7, 6, 11)",minecraft:spruce_slab,"{'type': 'top', 'waterlogged': 'false'}",
"(8, 6, 11)",minecraft:spruce_slab,"{'type': 'top', 'waterlogged': 'false'}",
"(9, 6, 11)",minecraft:spruce_slab,"{'type': 'top', 'waterlogged': 'false'}",
"(10, 6, 11)",minecraft:stripped_dark_oak_wood,{'axis': 'z'},
"(11, 6, 11)",minecraft:spruce_planks,{},
"(12, 6, 11)",minecraft:spruce_planks,{},
"(13, 6, 11)",minecraft:spruce_planks,{},
"(14, 6, 11)",minecraft:spruce_stairs,"{'facing': 'west', 'half': 'top', 'shape': 'inner_left', 'waterlogged': 'false'}",
"(15, 6, 11)",minecraft:spruce_stairs,"{'facing': 'south', 'half': 'top', 'shape': 'straight', 'waterlogged': 'false'}",
"(16, 6, 11)",minecraft:stripped_dark_oak_wood,{'axis': 'z'},
"(17, 6, 11)",minecraft:spruce_stairs,"{'facing': 'west', 'half': 'top', 'shape': 'straight', 'waterlogged': 'false'}",
"(3, 6, 12)",minecraft:oak_log,{'axis': 'x'},
"(4, 6, 12)",minecraft:stripped_dark_oak_wood,{'axis': 'y'},
"(5, 6, 12)",minecraft:stripped_dark_oak_wood,{'axis': 'x'},
"(6, 6, 12)",minecraft:stripped_dark_oak_wood,{'axis': 'x'},
"(7, 6, 12)",minecraft:stripped_dark_oak_wood,{'axis': 'x'},
"(8, 6, 12)",minecraft:stripped_dark_oak_wood,{'axis': 'x'},
"(9, 6, 12)",minecraft:stripped_dark_oak_wood,{'axis': 'x'},
"(10, 6, 12)",minecraft:stripped_dark_oak_wood,{'axis': 'z'},
"(11, 6, 12)",minecraft:stripped_dark_oak_wood,{'axis': 'x'},
"(12, 6, 12)",minecraft:stripped_dark_oak_wood,{'axis': 'x'},
"(13, 6, 12)",minecraft:stripped_dark_oak_wood,{'axis': 'x'},
"(14, 6, 12)",minecraft:stripped_dark_oak_wood,{'axis': 'x'},
"(15, 6, 12)",minecraft:stripped_dark_oak_wood,{'axis': 'x'},
"(16, 6, 12)",minecraft:stripped_dark_oak_wood,{'axis': 'y'},
"(17, 6, 12)",minecraft:oak_log,{'axis': 'x'},
"(3, 6, 13)",minecraft:spruce_stairs,"{'facing': 'east', 'half': 'top', 'shape': 'straight', 'waterlogged': 'false'}",
"(4, 6, 13)",minecraft:stripped_dark_oak_wood,{'axis': 'z'},
"(10, 6, 13)",minecraft:stripped_dark_oak_wood,{'axis': 'z'},
"(11, 6, 13)",minecraft:spruce_stairs,"{'facing': 'west', 'half': 'top', 'shape': 'inner_right', 'waterlogged': 'false'}",
"(12, 6, 13)",minecraft:spruce_stairs,"{'facing': 'north', 'half': 'top', 'shape': 'straight', 'waterlogged': 'false'}",
"(13, 6, 13)",minecraft:spruce_slab,"{'type': 'top', 'waterlogged': 'false'}",
"(14, 6, 13)",minecraft:spruce_stairs,"{'facing': 'north', 'half': 'top', 'shape': 'straight', 'waterlogged': 'false'}",
"(15, 6, 13)",minecraft:spruce_slab,"{'type': 'top', 'waterlogged': 'false'}",
"(16, 6, 13)",minecraft:stripped_dark_oak_wood,{'axis': 'z'},
"(17, 6, 13)",minecraft:spruce_stairs,"{'facing': 'west', 'half': 'top', 'shape': 'straight', 'waterlogged': 'false'}",
"(3, 6, 14)",minecraft:dark_oak_slab,"{'type': 'top', 'waterlogged': 'false'}",
"(4, 6, 14)",minecraft:stripped_dark_oak_wood,{'axis': 'z'},
"(7, 6, 14)",minecraft:dark_oak_fence_gate,"{'facing': 'south', 'in_wall': 'false', 'open': 'true', 'powered': 'false'}",
"(10, 6, 14)",minecraft:stripped_dark_oak_wood,{'axis': 'z'},
"(11, 6, 14)",minecraft:spruce_stairs,"{'facing': 'west', 'half': 'top', 'shape': 'straight', 'waterlogged': 'false'}",
"(12, 6, 14)",minecraft:spruce_slab,"{'type': 'top', 'waterlogged': 'false'}",
"(13, 6, 14)",minecraft:spruce_trapdoor,"{'facing': 'south', 'half': 'top', 'open': 'false', 'powered': 'false', 'waterlogged': 'false'}",
"(14, 6, 14)",minecraft:spruce_trapdoor,"{'facing': 'west', 'half': 'top', 'open': 'false', 'powered': 'false', 'waterlogged': 'false'}",
"(15, 6, 14)",minecraft:spruce_slab,"{'type': 'top', 'waterlogged': 'false'}",
"(16, 6, 14)",minecraft:stripped_dark_oak_wood,{'axis': 'z'},
"(17, 6, 14)",minecraft:dark_oak_slab,"{'type': 'top', 'waterlogged': 'false'}",
"(3, 6, 15)",minecraft:dark_oak_stairs,"{'facing': 'east', 'half': 'top', 'shape': 'straight', 'waterlogged': 'false'}",
"(4, 6, 15)",minecraft:stripped_dark_oak_wood,{'axis': 'z'},
"(6, 6, 15)",minecraft:dark_oak_fence_gate,"{'facing': 'east', 'in_wall': 'false', 'open': 'true', 'powered': 'false'}",
"(7, 6, 15)",minecraft:dark_oak_fence,"{'east': 'false', 'north': 'false', 'south': 'false', 'waterlogged': 'false', 'west': 'false'}",
"(8, 6, 15)",minecraft:dark_oak_fence_gate,"{'facing': 'west', 'in_wall': 'false', 'open': 'true', 'powered': 'false'}",
"(10, 6, 15)",minecraft:stripped_dark_oak_wood,{'axis': 'z'},
"(11, 6, 15)",minecraft:spruce_slab,"{'type': 'top', 'waterlogged': 'false'}",
"(12, 6, 15)",minecraft:spruce_trapdoor,"{'facing': 'east', 'half': 'top', 'open': 'false', 'powered': 'false', 'waterlogged': 'false'}",
"(13, 6, 15)",minecraft:spruce_trapdoor,"{'facing': 'north', 'half': 'top', 'open': 'false', 'powered': 'false', 'waterlogged': 'false'}",
"(14, 6, 15)",minecraft:spruce_slab,"{'type': 'top', 'waterlogged': 'false'}",
"(15, 6, 15)",minecraft:spruce_stairs,"{'facing': 'east', 'half': 'top', 'shape': 'straight', 'waterlogged': 'false'}",
"(16, 6, 15)",minecraft:stripped_dark_oak_wood,{'axis': 'z'},
"(17, 6, 15)",minecraft:dark_oak_stairs,"{'facing': 'west', 'half': 'top', 'shape': 'straight', 'waterlogged': 'false'}",
"(3, 6, 16)",minecraft:dark_oak_slab,"{'type': 'top', 'waterlogged': 'false'}",
"(4, 6, 16)",minecraft:stripped_dark_oak_wood,{'axis': 'z'},
"(7, 6, 16)",minecraft:dark_oak_fence_gate,"{'facing': 'north', 'in_wall': 'false', 'open': 'true', 'powered': 'false'}",
"(10, 6, 16)",minecraft:stripped_dark_oak_wood,{'axis': 'z'},
"(11, 6, 16)",minecraft:spruce_stairs,"{'facing': 'west', 'half': 'top', 'shape': 'straight', 'waterlogged': 'false'}",
"(12, 6, 16)",minecraft:spruce_trapdoor,"{'facing': 'north', 'half': 'top', 'open': 'false', 'powered': 'false', 'waterlogged': 'false'}",
"(13, 6, 16)",minecraft:spruce_slab,"{'type': 'top', 'waterlogged': 'false'}",
"(14, 6, 16)",minecraft:spruce_trapdoor,"{'facing': 'west', 'half': 'top', 'open': 'false', 'powered': 'false', 'waterlogged': 'false'}",
"(15, 6, 16)",minecraft:spruce_stairs,"{'facing': 'east', 'half': 'top', 'shape': 'straight', 'waterlogged': 'false'}",
"(16, 6, 16)",minecraft:stripped_dark_oak_wood,{'axis': 'z'},
"(17, 6, 16)",minecraft:spruce_slab,"{'type': 'top', 'waterlogged': 'false'}",
"(3, 6, 17)",minecraft:spruce_stairs,"{'facing': 'east', 'half': 'top', 'shape': 'straight', 'waterlogged': 'false'}",
"(4, 6, 17)",minecraft:stripped_dark_oak_wood,{'axis': 'z'},
"(10, 6, 17)",minecraft:stripped_dark_oak_wood,{'axis': 'z'},
"(11, 6, 17)",minecraft:spruce_slab,"{'type': 'top', 'waterlogged': 'false'}",
"(12, 6, 17)",minecraft:spruce_slab,"{'type': 'top', 'waterlogged': 'false'}",
"(13, 6, 17)",minecraft:spruce_stairs,"{'facing': 'south', 'half': 'top', 'shape': 'straight', 'waterlogged': 'false'}",
"(14, 6, 17)",minecraft:spruce_stairs,"{'facing': 'south', 'half': 'top', 'shape': 'straight', 'waterlogged': 'false'}",
"(15, 6, 17)",minecraft:spruce_slab,"{'type': 'top', 'waterlogged': 'false'}",
"(16, 6, 17)",minecraft:stripped_dark_oak_wood,{'axis': 'z'},
"(17, 6, 17)",minecraft:dark_oak_stairs,"{'facing': 'west', 'half': 'top', 'shape': 'straight', 'waterlogged': 'false'}",
"(3, 6, 18)",minecraft:oak_log,{'axis': 'x'},
"(4, 6, 18)",minecraft:stripped_dark_oak_wood,{'axis': 'y'},
"(5, 6, 18)",minecraft:stripped_dark_oak_wood,{'axis': 'x'},
"(6, 6, 18)",minecraft:stripped_dark_oak_wood,{'axis': 'x'},
"(7, 6, 18)",minecraft:stripped_dark_oak_wood,{'axis': 'x'},
"(8, 6, 18)",minecraft:stripped_dark_oak_wood,{'axis': 'x'},
"(9, 6, 18)",minecraft:stripped_dark_oak_wood,{'axis': 'x'},
"(10, 6, 18)",minecraft:stripped_dark_oak_wood,{'axis': 'z'},
"(11, 6, 18)",minecraft:stripped_dark_oak_wood,{'axis': 'x'},
"(12, 6, 18)",minecraft:stripped_dark_oak_wood,{'axis': 'x'},
"(13, 6, 18)",minecraft:stripped_dark_oak_wood,{'axis': 'x'},
"(14, 6, 18)",minecraft:stripped_dark_oak_wood,{'axis': 'x'},
"(15, 6, 18)",minecraft:stripped_dark_oak_wood,{'axis': 'x'},
"(16, 6, 18)",minecraft:stripped_dark_oak_wood,{'axis': 'y'},
"(17, 6, 18)",minecraft:oak_log,{'axis': 'x'},
"(3, 6, 19)",minecraft:spruce_stairs,"{'facing': 'east', 'half': 'top', 'shape': 'straight', 'waterlogged': 'false'}",
"(4, 6, 19)",minecraft:stripped_dark_oak_wood,{'axis': 'z'},
"(5, 6, 19)",minecraft:spruce_stairs,"{'facing': 'west', 'half': 'top', 'shape': 'inner_right', 'waterlogged': 'false'}",
"(6, 6, 19)",minecraft:spruce_stairs,"{'facing': 'north', 'half': 'top', 'shape': 'straight', 'waterlogged': 'false'}",
"(7, 6, 19)",minecraft:spruce_slab,"{'type': 'top', 'waterlogged': 'false'}",
"(8, 6, 19)",minecraft:spruce_slab,"{'type': 'top', 'waterlogged': 'false'}",
"(9, 6, 19)",minecraft:spruce_stairs,"{'facing': 'east', 'half': 'top', 'shape': 'straight', 'waterlogged': 'false'}",
"(10, 6, 19)",minecraft:stripped_dark_oak_wood,{'axis': 'z'},
"(11, 6, 19)",minecraft:spruce_slab,"{'type': 'top', 'waterlogged': 'false'}",
"(12, 6, 19)",minecraft:spruce_slab,"{'type': 'top', 'waterlogged': 'false'}",
"(13, 6, 19)",minecraft:spruce_stairs,"{'facing': 'north', 'half': 'top', 'shape': 'straight', 'waterlogged': 'false'}",
"(14, 6, 19)",minecraft:spruce_slab,"{'type': 'top', 'waterlogged': 'false'}",
"(15, 6, 19)",minecraft:spruce_stairs,"{'facing': 'north', 'half': 'top', 'shape': 'inner_right', 'waterlogged': 'false'}",
"(16, 6, 19)",minecraft:stripped_dark_oak_wood,{'axis': 'z'},
"(17, 6, 19)",minecraft:dark_oak_stairs,"{'facing': 'west', 'half': 'top', 'shape': 'straight', 'waterlogged': 'false'}",
"(3, 6, 20)",minecraft:dark_oak_slab,"{'type': 'top', 'waterlogged': 'false'}",
"(4, 6, 20)",minecraft:stripped_dark_oak_wood,{'axis': 'z'},
"(5, 6, 20)",minecraft:spruce_slab,"{'type': 'top', 'waterlogged': 'false'}",
"(6, 6, 20)",minecraft:spruce_trapdoor,"{'facing': 'north', 'half': 'top', 'open': 'false', 'powered': 'false', 'waterlogged': 'false'}",
"(7, 6, 20)",minecraft:spruce_trapdoor,"{'facing': 'west', 'half': 'top', 'open': 'false', 'powered': 'false', 'waterlogged': 'false'}",
"(8, 6, 20)",minecraft:spruce_trapdoor,"{'facing': 'south', 'half': 'top', 'open': 'false', 'powered': 'false', 'waterlogged': 'false'}",
"(9, 6, 20)",minecraft:spruce_stairs,"{'facing': 'east', 'half': 'top', 'shape': 'straight', 'waterlogged': 'false'}",
"(10, 6, 20)",minecraft:stripped_dark_oak_wood,{'axis': 'z'},
"(11, 6, 20)",minecraft:spruce_stairs,"{'facing': 'west', 'half': 'top', 'shape': 'straight', 'waterlogged': 'false'}",
"(12, 6, 20)",minecraft:spruce_trapdoor,"{'facing': 'east', 'half': 'top', 'open': 'false', 'powered': 'false', 'waterlogged': 'false'}",
"(13, 6, 20)",minecraft:spruce_trapdoor,"{'facing': 'west', 'half': 'top', 'open': 'false', 'powered': 'false', 'waterlogged': 'false'}",
"(14, 6, 20)",minecraft:spruce_trapdoor,"{'facing': 'south', 'half': 'top', 'open': 'false', 'powered': 'false', 'waterlogged': 'false'}",
"(15, 6, 20)",minecraft:spruce_stairs,"{'facing': 'east', 'half': 'top', 'shape': 'straight', 'waterlogged': 'false'}",
"(16, 6, 20)",minecraft:stripped_dark_oak_wood,{'axis': 'z'},
"(17, 6, 20)",minecraft:dark_oak_slab,"{'type': 'top', 'waterlogged': 'false'}",
"(3, 6, 21)",minecraft:spruce_stairs,"{'facing': 'east', 'half': 'top', 'shape': 'straight', 'waterlogged': 'false'}",
"(4, 6, 21)",minecraft:stripped_dark_oak_wood,{'axis': 'z'},
"(5, 6, 21)",minecraft:spruce_stairs,"{'facing': 'west', 'half': 'top', 'shape': 'straight', 'waterlogged': 'false'}",
"(6, 6, 21)",minecraft:spruce_slab,"{'type': 'top', 'waterlogged': 'false'}",
"(7, 6, 21)",minecraft:spruce_stairs,"{'facing': 'south', 'half': 'top', 'shape': 'straight', 'waterlogged': 'false'}",
"(8, 6, 21)",minecraft:spruce_stairs,"{'facing': 'south', 'half': 'top', 'shape': 'straight', 'waterlogged': 'false'}",
"(9, 6, 21)",minecraft:spruce_slab,"{'type': 'top', 'waterlogged': 'false'}",
"(10, 6, 21)",minecraft:stripped_dark_oak_wood,{'axis': 'z'},
"(11, 6, 21)",minecraft:spruce_slab,"{'type': 'top', 'waterlogged': 'false'}",
"(12, 6, 21)",minecraft:spruce_stairs,"{'facing': 'south', 'half': 'top', 'shape': 'straight', 'waterlogged': 'false'}",
"(13, 6, 21)",minecraft:spruce_stairs,"{'facing': 'south', 'half': 'top', 'shape': 'straight', 'waterlogged': 'false'}",
"(14, 6, 21)",minecraft:spruce_slab,"{'type': 'top', 'waterlogged': 'false'}",
"(15, 6, 21)",minecraft:spruce_slab,"{'type': 'top', 'waterlogged': 'false'}",
"(16, 6, 21)",minecraft:stripped_dark_oak_wood,{'axis': 'z'},
"(17, 6, 21)",minecraft:spruce_stairs,"{'facing': 'west', 'half': 'top', 'shape': 'straight', 'waterlogged': 'false'}",
"(3, 6, 22)",minecraft:oak_log,{'axis': 'x'},
"(4, 6, 22)",minecraft:oak_log,{'axis': 'y'},
"(5, 6, 22)",minecraft:stripped_dark_oak_wood,{'axis': 'x'},
"(6, 6, 22)",minecraft:stripped_dark_oak_wood,{'axis': 'x'},
"(7, 6, 22)",minecraft:stripped_dark_oak_wood,{'axis': 'x'},
"(8, 6, 22)",minecraft:stripped_dark_oak_wood,{'axis': 'x'},
"(9, 6, 22)",minecraft:stripped_dark_oak_wood,{'axis': 'x'},
"(10, 6, 22)",minecraft:stripped_dark_oak_wood,{'axis': 'y'},
"(11, 6, 22)",minecraft:stripped_dark_oak_wood,{'axis': 'x'},
"(12, 6, 22)",minecraft:stripped_dark_oak_wood,{'axis': 'x'},
"(13, 6, 22)",minecraft:stripped_dark_oak_wood,{'axis': 'x'},
"(14, 6, 22)",minecraft:stripped_dark_oak_wood,{'axis': 'x'},
"(15, 6, 22)",minecraft:stripped_dark_oak_wood,{'axis': 'x'},
"(16, 6, 22)",minecraft:oak_log,{'axis': 'y'},
"(17, 6, 22)",minecraft:oak_log,{'axis': 'x'},
"(4, 6, 23)",minecraft:oak_log,{'axis': 'z'},
"(5, 6, 23)",minecraft:dark_oak_stairs,"{'facing': 'north', 'half': 'top', 'shape': 'straight', 'waterlogged': 'false'}",
"(6, 6, 23)",minecraft:dark_oak_slab,"{'type': 'top', 'waterlogged': 'false'}",
"(7, 6, 23)",minecraft:stripped_dark_oak_wood,{'axis': 'z'},
"(8, 6, 23)",minecraft:spruce_stairs,"{'facing': 'west', 'half': 'top', 'shape': 'straight', 'waterlogged': 'false'}",
"(9, 6, 23)",minecraft:spruce_slab,"{'type': 'top', 'waterlogged': 'false'}",
"(10, 6, 23)",minecraft:spruce_stairs,"{'facing': 'north', 'half': 'top', 'shape': 'straight', 'waterlogged': 'false'}",
"(11, 6, 23)",minecraft:spruce_stairs,"{'facing': 'north', 'half': 'top', 'shape': 'straight', 'waterlogged': 'false'}",
"(12, 6, 23)",minecraft:spruce_slab,"{'type': 'top', 'waterlogged': 'false'}",
"(13, 6, 23)",minecraft:stripped_dark_oak_wood,{'axis': 'z'},
"(14, 6, 23)",minecraft:dark_oak_slab,"{'type': 'top', 'waterlogged': 'false'}",
"(15, 6, 23)",minecraft:spruce_stairs,"{'facing': 'north', 'half': 'top', 'shape': 'straight', 'waterlogged': 'false'}",
"(16, 6, 23)",minecraft:oak_log,{'axis': 'z'},
"(6, 6, 24)",minecraft:dark_oak_slab,"{'type': 'top', 'waterlogged': 'false'}",
"(7, 6, 24)",minecraft:stripped_dark_oak_wood,{'axis': 'z'},
"(8, 6, 24)",minecraft:spruce_slab,"{'type': 'top', 'waterlogged': 'false'}",
"(9, 6, 24)",minecraft:spruce_trapdoor,"{'facing': 'east', 'half': 'top', 'open': 'false', 'powered': 'false', 'waterlogged': 'false'}",
"(10, 6, 24)",minecraft:spruce_slab,"{'type': 'top', 'waterlogged': 'false'}",
"(11, 6, 24)",minecraft:spruce_slab,"{'type': 'top', 'waterlogged': 'false'}",
"(12, 6, 24)",minecraft:spruce_slab,"{'type': 'top', 'waterlogged': 'false'}",
"(13, 6, 24)",minecraft:stripped_dark_oak_wood,{'axis': 'z'},
"(14, 6, 24)",minecraft:spruce_slab,"{'type': 'top', 'waterlogged': 'false'}",
"(6, 6, 25)",minecraft:spruce_stairs,"{'facing': 'east', 'half': 'top', 'shape': 'straight', 'waterlogged': 'false'}",
"(7, 6, 25)",minecraft:stripped_dark_oak_wood,{'axis': 'z'},
"(8, 6, 25)",minecraft:spruce_stairs,"{'facing': 'west', 'half': 'top', 'shape': 'straight', 'waterlogged': 'false'}",
"(9, 6, 25)",minecraft:spruce_trapdoor,"{'facing': 'north', 'half': 'top', 'open': 'false', 'powered': 'false', 'waterlogged': 'false'}",
"(10, 6, 25)",minecraft:spruce_trapdoor,"{'facing': 'north', 'half': 'top', 'open': 'false', 'powered': 'false', 'waterlogged': 'false'}",
"(11, 6, 25)",minecraft:spruce_trapdoor,"{'facing': 'west', 'half': 'top', 'open': 'false', 'powered': 'false', 'waterlogged': 'false'}",
"(12, 6, 25)",minecraft:spruce_slab,"{'type': 'top', 'waterlogged': 'false'}",
"(13, 6, 25)",minecraft:stripped_dark_oak_wood,{'axis': 'z'},
"(14, 6, 25)",minecraft:dark_oak_stairs,"{'facing': 'west', 'half': 'top', 'shape': 'straight', 'waterlogged': 'false'}",
"(6, 6, 26)",minecraft:dark_oak_slab,"{'type': 'top', 'waterlogged': 'false'}",
"(7, 6, 26)",minecraft:stripped_dark_oak_wood,{'axis': 'z'},
"(8, 6, 26)",minecraft:spruce_slab,"{'type': 'top', 'waterlogged': 'false'}",
"(9, 6, 26)",minecraft:spruce_slab,"{'type': 'top', 'waterlogged': 'false'}",
"(10, 6, 26)",minecraft:spruce_trapdoor,"{'facing': 'east', 'half': 'top', 'open': 'false', 'powered': 'false', 'waterlogged': 'false'}",
"(11, 6, 26)",minecraft:spruce_trapdoor,"{'facing': 'north', 'half': 'top', 'open': 'false', 'powered': 'false', 'waterlogged': 'false'}",
"(12, 6, 26)",minecraft:spruce_stairs,"{'facing': 'east', 'half': 'top', 'shape': 'straight', 'waterlogged': 'false'}",
"(13, 6, 26)",minecraft:stripped_dark_oak_wood,{'axis': 'z'},
"(14, 6, 26)",minecraft:dark_oak_slab,"{'type': 'top', 'waterlogged': 'false'}",
"(6, 6, 27)",minecraft:dark_oak_stairs,"{'facing': 'east', 'half': 'top', 'shape': 'straight', 'waterlogged': 'false'}",
"(7, 6, 27)",minecraft:stripped_dark_oak_wood,{'axis': 'z'},
"(8, 6, 27)",minecraft:spruce_slab,"{'type': 'top', 'waterlogged': 'false'}",
"(9, 6, 27)",minecraft:spruce_stairs,"{'facing': 'south', 'half': 'top', 'shape': 'straight', 'waterlogged': 'false'}",
"(10, 6, 27)",minecraft:spruce_slab,"{'type': 'top', 'waterlogged': 'false'}",
"(11, 6, 27)",minecraft:spruce_slab,"{'type': 'top', 'waterlogged': 'false'}",
"(12, 6, 27)",minecraft:spruce_stairs,"{'facing': 'south', 'half': 'top', 'shape': 'inner_left', 'waterlogged': 'false'}",
"(13, 6, 27)",minecraft:stripped_dark_oak_wood,{'axis': 'z'},
"(14, 6, 27)",minecraft:spruce_stairs,"{'facing': 'west', 'half': 'top', 'shape': 'straight', 'waterlogged': 'false'}",
"(6, 6, 28)",minecraft:oak_log,{'axis': 'x'},
"(7, 6, 28)",minecraft:oak_log,{'axis': 'y'},
"(8, 6, 28)",minecraft:stripped_dark_oak_wood,{'axis': 'x'},
"(9, 6, 28)",minecraft:stripped_dark_oak_wood,{'axis': 'x'},
"(10, 6, 28)",minecraft:stripped_dark_oak_wood,{'axis': 'x'},
"(11, 6, 28)",minecraft:stripped_dark_oak_wood,{'axis': 'x'},
"(12, 6, 28)",minecraft:stripped_dark_oak_wood,{'axis': 'x'},
"(13, 6, 28)",minecraft:oak_log,{'axis': 'y'},
"(14, 6, 28)",minecraft:oak_log,{'axis': 'x'},
"(7, 6, 29)",minecraft:oak_log,{'axis': 'z'},
"(8, 6, 29)",minecraft:spruce_stairs,"{'facing': 'north', 'half': 'top', 'shape': 'straight', 'waterlogged': 'false'}",
"(9, 6, 29)",minecraft:spruce_slab,"{'type': 'top', 'waterlogged': 'false'}",
"(10, 6, 29)",minecraft:dark_oak_stairs,"{'facing': 'north', 'half': 'top', 'shape': 'straight', 'waterlogged': 'false'}",
"(11, 6, 29)",minecraft:dark_oak_slab,"{'type': 'top', 'waterlogged': 'false'}",
"(12, 6, 29)",minecraft:spruce_stairs,"{'facing': 'north', 'half': 'top', 'shape': 'straight', 'waterlogged': 'false'}",
"(13, 6, 29)",minecraft:oak_log,{'axis': 'z'},
"(6, 7, 1)",minecraft:stripped_jungle_wood,{'axis': 'y'},
"(7, 7, 1)",minecraft:spruce_stairs,"{'facing': 'south', 'half': 'bottom', 'shape': 'straight', 'waterlogged': 'false'}",
"(8, 7, 1)",minecraft:oak_leaves,"{'distance': '7', 'persistent': 'true', 'waterlogged': 'false'}",
"(9, 7, 1)",minecraft:spruce_slab,"{'type': 'bottom', 'waterlogged': 'false'}",
"(11, 7, 1)",minecraft:spruce_slab,"{'type': 'bottom', 'waterlogged': 'false'}",
"(13, 7, 1)",minecraft:spruce_stairs,"{'facing': 'south', 'half': 'bottom', 'shape': 'straight', 'waterlogged': 'false'}",
"(14, 7, 1)",minecraft:jungle_planks,{},
"(6, 7, 2)",minecraft:jungle_planks,{},
"(8, 7, 2)",minecraft:terracotta,{},
"(9, 7, 2)",minecraft:granite,{},
"(10, 7, 2)",minecraft:terracotta,{},
"(11, 7, 2)",minecraft:terracotta,{},
"(12, 7, 2)",minecraft:terracotta,{},
"(14, 7, 2)",minecraft:jungle_planks,{},
"(6, 7, 3)",minecraft:jungle_planks,{},
"(14, 7, 3)",minecraft:jungle_planks,{},
"(6, 7, 4)",minecraft:jungle_planks,{},
"(14, 7, 4)",minecraft:stripped_jungle_wood,{'axis': 'y'},
"(6, 7, 5)",minecraft:jungle_planks,{},
"(14, 7, 5)",minecraft:cobblestone,{},
"(6, 7, 6)",minecraft:stripped_jungle_wood,{'axis': 'y'},
"(14, 7, 6)",minecraft:jungle_planks,{},
"(4, 7, 7)",minecraft:spruce_stairs,"{'facing': 'south', 'half': 'bottom', 'shape': 'straight', 'waterlogged': 'false'}",
"(6, 7, 7)",minecraft:jungle_planks,{},
"(14, 7, 7)",minecraft:jungle_planks,{},
"(16, 7, 7)",minecraft:spruce_stairs,"{'facing': 'south', 'half': 'bottom', 'shape': 'straight', 'waterlogged': 'false'}",
"(3, 7, 8)",minecraft:spruce_stairs,"{'facing': 'east', 'half': 'bottom', 'shape': 'straight', 'waterlogged': 'false'}",
"(4, 7, 8)",minecraft:oak_log,{'axis': 'y'},
"(5, 7, 8)",minecraft:granite,{},
"(6, 7, 8)",minecraft:granite,{},
"(7, 7, 8)",minecraft:granite,{},
"(8, 7, 8)",minecraft:granite,{},
"(9, 7, 8)",minecraft:granite,{},
"(10, 7, 8)",minecraft:mangrove_wood,{'axis': 'y'},
"(11, 7, 8)",minecraft:granite,{},
"(12, 7, 8)",minecraft:granite,{},
"(13, 7, 8)",minecraft:granite,{},
"(14, 7, 8)",minecraft:terracotta,{},
"(15, 7, 8)",minecraft:terracotta,{},
"(16, 7, 8)",minecraft:oak_log,{'axis': 'y'},
"(17, 7, 8)",minecraft:spruce_stairs,"{'facing': 'west', 'half': 'bottom', 'shape': 'straight', 'waterlogged': 'false'}",
"(4, 7, 9)",minecraft:terracotta,{},
"(5, 7, 9)",minecraft:bookshelf,{},
"(6, 7, 9)",minecraft:bookshelf,{},
"(7, 7, 9)",minecraft:bookshelf,{},
"(8, 7, 9)",minecraft:bookshelf,{},
"(9, 7, 9)",minecraft:lectern,"{'facing': 'south', 'has_book': 'true', 'powered': 'false'}","{components: {}, Book: {count: 1, id: ""minecraft:writable_book""}, Page: -1, id: ""minecraft:lectern""}"
"(11, 7, 9)",minecraft:spruce_wall_sign,"{'facing': 'south', 'waterlogged': 'false'}","{back_text: {has_glowing_text: 0b, color: ""black"", messages: ["""", """", """", """"]}, components: {}, is_waxed: 0b, id: ""minecraft:sign"", front_text: {has_glowing_text: 0b, color: ""black"", messages: ["""", """", """", """"]}}"
"(12, 7, 9)",minecraft:spruce_wall_sign,"{'facing': 'south', 'waterlogged': 'false'}","{back_text: {has_glowing_text: 0b, color: ""black"", messages: ["""", """", """", """"]}, components: {}, is_waxed: 0b, id: ""minecraft:sign"", front_text: {has_glowing_text: 0b, color: ""black"", messages: ["""", """", """", """"]}}"
"(13, 7, 9)",minecraft:spruce_wall_sign,"{'facing': 'south', 'waterlogged': 'false'}","{back_text: {has_glowing_text: 0b, color: ""black"", messages: ["""", """", """", """"]}, components: {}, is_waxed: 0b, id: ""minecraft:sign"", front_text: {has_glowing_text: 0b, color: ""black"", messages: ["""", """", """", """"]}}"
"(16, 7, 9)",minecraft:terracotta,{},
"(3, 7, 10)",minecraft:spruce_slab,"{'type': 'bottom', 'waterlogged': 'false'}",
"(4, 7, 10)",minecraft:granite,{},
"(7, 7, 10)",minecraft:oak_stairs,"{'facing': 'north', 'half': 'bottom', 'shape': 'straight', 'waterlogged': 'false'}",
"(8, 7, 10)",minecraft:red_carpet,{},
"(9, 7, 10)",minecraft:orange_carpet,{},
"(11, 7, 10)",minecraft:spruce_trapdoor,"{'facing': 'north', 'half': 'bottom', 'open': 'true', 'powered': 'false', 'waterlogged': 'false'}",
"(12, 7, 10)",minecraft:spruce_trapdoor,"{'facing': 'north', 'half': 'bottom', 'open': 'true', 'powered': 'false', 'waterlogged': 'false'}",
"(13, 7, 10)",minecraft:spruce_trapdoor,"{'facing': 'north', 'half': 'bottom', 'open': 'true', 'powered': 'false', 'waterlogged': 'false'}",
"(14, 7, 10)",minecraft:spruce_trapdoor,"{'facing': 'north', 'half': 'bottom', 'open': 'true', 'powered': 'false', 'waterlogged': 'false'}",
"(15, 7, 10)",minecraft:spruce_trapdoor,"{'facing': 'north', 'half': 'bottom', 'open': 'true', 'powered': 'false', 'waterlogged': 'false'}",
"(16, 7, 10)",minecraft:terracotta,{},
"(17, 7, 10)",minecraft:spruce_slab,"{'type': 'bottom', 'waterlogged': 'false'}",
"(4, 7, 11)",minecraft:granite,{},
"(5, 7, 11)",minecraft:decorated_pot,"{'cracked': 'false', 'facing': 'west', 'waterlogged': 'false'}","{components: {}, id: ""minecraft:decorated_pot""}"
"(8, 7, 11)",minecraft:orange_carpet,{},
"(9, 7, 11)",minecraft:red_carpet,{},
"(13, 7, 11)",minecraft:spruce_stairs,"{'facing': 'east', 'half': 'bottom', 'shape': 'straight', 'waterlogged': 'false'}",
"(14, 7, 11)",minecraft:spruce_trapdoor,"{'facing': 'east', 'half': 'bottom', 'open': 'true', 'powered': 'false', 'waterlogged': 'false'}",
"(16, 7, 11)",minecraft:granite,{},
"(17, 7, 11)",minecraft:azalea_leaves,"{'distance': '7', 'persistent': 'true', 'waterlogged': 'false'}",
"(3, 7, 12)",minecraft:spruce_stairs,"{'facing': 'east', 'half': 'bottom', 'shape': 'straight', 'waterlogged': 'false'}",
"(4, 7, 12)",minecraft:mangrove_wood,{'axis': 'y'},
"(5, 7, 12)",minecraft:dark_oak_wall_hanging_sign,"{'facing': 'north', 'waterlogged': 'false'}","{back_text: {has_glowing_text: 0b, color: ""black"", messages: ["""", """", """", """"]}, components: {}, is_waxed: 0b, id: ""minecraft:hanging_sign"", front_text: {has_glowing_text: 0b, color: ""black"", messages: ["""", """", """", """"]}}"
"(6, 7, 12)",minecraft:spruce_wall_hanging_sign,"{'facing': 'north', 'waterlogged': 'false'}","{back_text: {has_glowing_text: 0b, color: ""black"", messages: ["""", """", """", """"]}, components: {}, is_waxed: 0b, id: ""minecraft:hanging_sign"", front_text: {has_glowing_text: 0b, color: ""black"", messages: ["""", """", """", """"]}}"
"(7, 7, 12)",minecraft:spruce_wall_hanging_sign,"{'facing': 'north', 'waterlogged': 'false'}","{back_text: {has_glowing_text: 0b, color: ""black"", messages: ["""", """", """", """"]}, components: {}, is_waxed: 0b, id: ""minecraft:hanging_sign"", front_text: {has_glowing_text: 0b, color: ""black"", messages: ["""", """", """", """"]}}"
"(8, 7, 12)",minecraft:spruce_wall_hanging_sign,"{'facing': 'north', 'waterlogged': 'false'}","{back_text: {has_glowing_text: 0b, color: ""black"", messages: ["""", """", """", """"]}, components: {}, is_waxed: 0b, id: ""minecraft:hanging_sign"", front_text: {has_glowing_text: 0b, color: ""black"", messages: ["""", """", """", """"]}}"
"(9, 7, 12)",minecraft:dark_oak_wall_hanging_sign,"{'facing': 'north', 'waterlogged': 'false'}","{back_text: {has_glowing_text: 0b, color: ""black"", messages: ["""", """", """", """"]}, components: {}, is_waxed: 0b, id: ""minecraft:hanging_sign"", front_text: {has_glowing_text: 0b, color: ""black"", messages: ["""", """", """", """"]}}"
"(10, 7, 12)",minecraft:mangrove_wood,{'axis': 'y'},
"(12, 7, 12)",minecraft:jungle_wall_sign,"{'facing': 'north', 'waterlogged': 'false'}","{back_text: {has_glowing_text: 0b, color: ""black"", messages: ["""", """", """", """"]}, components: {}, is_waxed: 0b, id: ""minecraft:sign"", front_text: {has_glowing_text: 0b, color: ""black"", messages: ["""", """", """", """"]}}"
"(13, 7, 12)",minecraft:jungle_wall_sign,"{'facing': 'north', 'waterlogged': 'false'}","{back_text: {has_glowing_text: 0b, color: ""black"", messages: ["""", """", """", """"]}, components: {}, is_waxed: 0b, id: ""minecraft:sign"", front_text: {has_glowing_text: 0b, color: ""black"", messages: ["""", """", """", """"]}}"
"(15, 7, 12)",minecraft:lectern,"{'facing': 'west', 'has_book': 'true', 'powered': 'false'}","{components: {}, Book: {count: 1, id: ""minecraft:writable_book""}, Page: -1, id: ""minecraft:lectern""}"
"(16, 7, 12)",minecraft:mangrove_wood,{'axis': 'y'},
"(17, 7, 12)",minecraft:spruce_stairs,"{'facing': 'west', 'half': 'bottom', 'shape': 'straight', 'waterlogged': 'false'}",
"(4, 7, 13)",minecraft:terracotta,{},
"(10, 7, 13)",minecraft:dark_oak_wall_hanging_sign,"{'facing': 'east', 'waterlogged': 'false'}","{back_text: {has_glowing_text: 0b, color: ""black"", messages: ["""", """", """", """"]}, components: {}, is_waxed: 0b, id: ""minecraft:hanging_sign"", front_text: {has_glowing_text: 0b, color: ""black"", messages: ["""", """", """", """"]}}"
"(11, 7, 13)",minecraft:jungle_wall_sign,"{'facing': 'west', 'waterlogged': 'false'}","{back_text: {has_glowing_text: 0b, color: ""black"", messages: ["""", """", """", """"]}, components: {}, is_waxed: 0b, id: ""minecraft:sign"", front_text: {has_glowing_text: 0b, color: ""black"", messages: ["""", """", """", """"]}}"
"(12, 7, 13)",minecraft:waxed_exposed_cut_copper_stairs,"{'facing': 'north', 'half': 'bottom', 'shape': 'straight', 'waterlogged': 'false'}",
"(13, 7, 13)",minecraft:waxed_exposed_cut_copper_stairs,"{'facing': 'north', 'half': 'bottom', 'shape': 'straight', 'waterlogged': 'false'}",
"(14, 7, 13)",minecraft:jungle_wall_sign,"{'facing': 'east', 'waterlogged': 'false'}","{back_text: {has_glowing_text: 0b, color: ""black"", messages: ["""", """", """", """"]}, components: {}, is_waxed: 0b, id: ""minecraft:sign"", front_text: {has_glowing_text: 0b, color: ""black"", messages: ["""", """", """", """"]}}"
"(15, 7, 13)",minecraft:bookshelf,{},
"(16, 7, 13)",minecraft:terracotta,{},
"(3, 7, 14)",minecraft:spruce_slab,"{'type': 'bottom', 'waterlogged': 'false'}",
"(4, 7, 14)",minecraft:terracotta,{},
"(7, 7, 14)",minecraft:candle,"{'candles': '4', 'lit': 'true', 'waterlogged': 'false'}",
"(10, 7, 14)",minecraft:dark_oak_wall_hanging_sign,"{'facing': 'east', 'waterlogged': 'false'}","{back_text: {has_glowing_text: 0b, color: ""black"", messages: ["""", """", """", """"]}, components: {}, is_waxed: 0b, id: ""minecraft:hanging_sign"", front_text: {has_glowing_text: 0b, color: ""black"", messages: ["""", """", """", """"]}}"
"(15, 7, 14)",minecraft:bookshelf,{},
"(16, 7, 14)",minecraft:terracotta,{},
"(17, 7, 14)",minecraft:spruce_slab,"{'type': 'bottom', 'waterlogged': 'false'}",
"(4, 7, 15)",minecraft:granite,{},
"(6, 7, 15)",minecraft:candle,"{'candles': '4', 'lit': 'true', 'waterlogged': 'false'}",
"(7, 7, 15)",minecraft:iron_chain,"{'axis': 'y', 'waterlogged': 'false'}",
"(8, 7, 15)",minecraft:candle,"{'candles': '4', 'lit': 'true', 'waterlogged': 'false'}",
"(10, 7, 15)",minecraft:spruce_wall_hanging_sign,"{'facing': 'east', 'waterlogged': 'false'}","{back_text: {has_glowing_text: 0b, color: ""black"", messages: ["""", """", """", """"]}, components: {}, is_waxed: 0b, id: ""minecraft:hanging_sign"", front_text: {has_glowing_text: 0b, color: ""black"", messages: ["""", """", """", """"]}}"
"(12, 7, 15)",minecraft:moss_carpet,{},
"(13, 7, 15)",minecraft:green_carpet,{},
"(15, 7, 15)",minecraft:bookshelf,{},
"(16, 7, 15)",minecraft:granite,{},
"(17, 7, 15)",minecraft:oak_leaves,"{'distance': '7', 'persistent': 'true', 'waterlogged': 'false'}",
"(3, 7, 16)",minecraft:spruce_slab,"{'type': 'bottom', 'waterlogged': 'false'}",
"(4, 7, 16)",minecraft:granite,{},
"(7, 7, 16)",minecraft:candle,"{'candles': '4', 'lit': 'true', 'waterlogged': 'false'}",
"(10, 7, 16)",minecraft:spruce_wall_hanging_sign,"{'facing': 'east', 'waterlogged': 'false'}","{back_text: {has_glowing_text: 0b, color: ""black"", messages: ["""", """", """", """"]}, components: {}, is_waxed: 0b, id: ""minecraft:hanging_sign"", front_text: {has_glowing_text: 0b, color: ""black"", messages: ["""", """", """", """"]}}"
"(15, 7, 16)",minecraft:bookshelf,{},
"(16, 7, 16)",minecraft:granite,{},
"(17, 7, 16)",minecraft:dark_oak_slab,"{'type': 'bottom', 'waterlogged': 'false'}",
"(3, 7, 17)",minecraft:azalea_leaves,"{'distance': '7', 'persistent': 'true', 'waterlogged': 'false'}",
"(4, 7, 17)",minecraft:granite,{},
"(10, 7, 17)",minecraft:spruce_wall_hanging_sign,"{'facing': 'east', 'waterlogged': 'false'}","{back_text: {has_glowing_text: 0b, color: ""black"", messages: ["""", """", """", """"]}, components: {}, is_waxed: 0b, id: ""minecraft:hanging_sign"", front_text: {has_glowing_text: 0b, color: ""black"", messages: ["""", """", """", """"]}}"
"(11, 7, 17)",minecraft:jungle_wall_sign,"{'facing': 'west', 'waterlogged': 'false'}","{back_text: {has_glowing_text: 0b, color: ""black"", messages: ["""", """", """", """"]}, components: {}, is_waxed: 0b, id: ""minecraft:sign"", front_text: {has_glowing_text: 0b, color: ""black"", messages: ["""", """", """", """"]}}"
"(12, 7, 17)",minecraft:waxed_exposed_cut_copper_stairs,"{'facing': 'south', 'half': 'bottom', 'shape': 'straight', 'waterlogged': 'false'}",
"(13, 7, 17)",minecraft:waxed_exposed_cut_copper_stairs,"{'facing': 'south', 'half': 'bottom', 'shape': 'straight', 'waterlogged': 'false'}",
"(14, 7, 17)",minecraft:jungle_wall_sign,"{'facing': 'east', 'waterlogged': 'false'}","{back_text: {has_glowing_text: 0b, color: ""black"", messages: ["""", """", """", """"]}, components: {}, is_waxed: 0b, id: ""minecraft:sign"", front_text: {has_glowing_text: 0b, color: ""black"", messages: ["""", """", """", """"]}}"
"(15, 7, 17)",minecraft:bookshelf,{},
"(16, 7, 17)",minecraft:granite,{},
"(17, 7, 17)",minecraft:azalea_leaves,"{'distance': '7', 'persistent': 'true', 'waterlogged': 'false'}",
"(3, 7, 18)",minecraft:dark_oak_stairs,"{'facing': 'east', 'half': 'bottom', 'shape': 'straight', 'waterlogged': 'false'}",
"(4, 7, 18)",minecraft:mangrove_wood,{'axis': 'y'},
"(5, 7, 18)",minecraft:spruce_wall_hanging_sign,"{'facing': 'north', 'waterlogged': 'false'}","{back_text: {has_glowing_text: 0b, color: ""black"", messages: ["""", """", """", """"]}, components: {}, is_waxed: 0b, id: ""minecraft:hanging_sign"", front_text: {has_glowing_text: 0b, color: ""black"", messages: ["""", """", """", """"]}}"
"(6, 7, 18)",minecraft:dark_oak_wall_hanging_sign,"{'facing': 'south', 'waterlogged': 'false'}","{back_text: {has_glowing_text: 0b, color: ""black"", messages: ["""", """", """", """"]}, components: {}, is_waxed: 0b, id: ""minecraft:hanging_sign"", front_text: {has_glowing_text: 0b, color: ""black"", messages: ["""", """", """", """"]}}"
"(7, 7, 18)",minecraft:spruce_wall_hanging_sign,"{'facing': 'south', 'waterlogged': 'false'}","{back_text: {has_glowing_text: 0b, color: ""black"", messages: ["""", """", """", """"]}, components: {}, is_waxed: 0b, id: ""minecraft:hanging_sign"", front_text: {has_glowing_text: 0b, color: ""black"", messages: ["""", """", """", """"]}}"
"(8, 7, 18)",minecraft:spruce_wall_hanging_sign,"{'facing': 'south', 'waterlogged': 'false'}","{back_text: {has_glowing_text: 0b, color: ""black"", messages: ["""", """", """", """"]}, components: {}, is_waxed: 0b, id: ""minecraft:hanging_sign"", front_text: {has_glowing_text: 0b, color: ""black"", messages: ["""", """", """", """"]}}"
"(9, 7, 18)",minecraft:dark_oak_wall_hanging_sign,"{'facing': 'south', 'waterlogged': 'false'}","{back_text: {has_glowing_text: 0b, color: ""black"", messages: ["""", """", """", """"]}, components: {}, is_waxed: 0b, id: ""minecraft:hanging_sign"", front_text: {has_glowing_text: 0b, color: ""black"", messages: ["""", """", """", """"]}}"
"(10, 7, 18)",minecraft:mangrove_wood,{'axis': 'y'},
"(12, 7, 18)",minecraft:jungle_wall_sign,"{'facing': 'south', 'waterlogged': 'false'}","{back_text: {has_glowing_text: 0b, color: ""black"", messages: ["""", """", """", """"]}, components: {}, is_waxed: 0b, id: ""minecraft:sign"", front_text: {has_glowing_text: 0b, color: ""black"", messages: ["""", """", """", """"]}}"
"(13, 7, 18)",minecraft:jungle_wall_sign,"{'facing': 'south', 'waterlogged': 'false'}","{back_text: {has_glowing_text: 0b, color: ""black"", messages: ["""", """", """", """"]}, components: {}, is_waxed: 0b, id: ""minecraft:sign"", front_text: {has_glowing_text: 0b, color: ""black"", messages: ["""", """", """", """"]}}"
"(15, 7, 18)",minecraft:lectern,"{'facing': 'west', 'has_book': 'true', 'powered': 'false'}","{components: {}, Book: {count: 1, id: ""minecraft:writable_book""}, Page: -1, id: ""minecraft:lectern""}"
"(16, 7, 18)",minecraft:mangrove_wood,{'axis': 'y'},
"(17, 7, 18)",minecraft:dark_oak_stairs,"{'facing': 'west', 'half': 'bottom', 'shape': 'straight', 'waterlogged': 'false'}",
"(4, 7, 19)",minecraft:terracotta,{},
"(5, 7, 19)",minecraft:waxed_exposed_cut_copper_stairs,"{'facing': 'west', 'half': 'bottom', 'shape': 'straight', 'waterlogged': 'false'}",
"(15, 7, 19)",minecraft:bookshelf,{},
"(16, 7, 19)",minecraft:brown_wool,{},
"(3, 7, 20)",minecraft:spruce_slab,"{'type': 'bottom', 'waterlogged': 'false'}",
"(4, 7, 20)",minecraft:granite,{},
"(5, 7, 20)",minecraft:jungle_wall_sign,"{'facing': 'south', 'waterlogged': 'false'}","{back_text: {has_glowing_text: 0b, color: ""black"", messages: ["""", """", """", """"]}, components: {}, is_waxed: 0b, id: ""minecraft:sign"", front_text: {has_glowing_text: 0b, color: ""black"", messages: ["""", """", """", """"]}}"
"(8, 7, 20)",minecraft:yellow_carpet,{},
"(9, 7, 20)",minecraft:lime_carpet,{},
"(10, 7, 20)",minecraft:moss_carpet,{},
"(11, 7, 20)",minecraft:green_carpet,{},
"(12, 7, 20)",minecraft:cyan_carpet,{},
"(13, 7, 20)",minecraft:oak_stairs,"{'facing': 'south', 'half': 'bottom', 'shape': 'straight', 'waterlogged': 'false'}",
"(15, 7, 20)",minecraft:bookshelf,{},
"(16, 7, 20)",minecraft:terracotta,{},
"(17, 7, 20)",minecraft:spruce_slab,"{'type': 'bottom', 'waterlogged': 'false'}",
"(4, 7, 21)",minecraft:granite,{},
"(5, 7, 21)",minecraft:bookshelf,{},
"(6, 7, 21)",minecraft:bookshelf,{},
"(7, 7, 21)",minecraft:bookshelf,{},
"(8, 7, 21)",minecraft:lectern,"{'facing': 'north', 'has_book': 'true', 'powered': 'false'}","{components: {}, Book: {count: 1, id: ""minecraft:writable_book""}, Page: -1, id: ""minecraft:lectern""}"
"(9, 7, 21)",minecraft:decorated_pot,"{'cracked': 'false', 'facing': 'south', 'waterlogged': 'false'}","{components: {}, id: ""minecraft:decorated_pot""}"
"(11, 7, 21)",minecraft:bookshelf,{},
"(12, 7, 21)",minecraft:bookshelf,{},
"(13, 7, 21)",minecraft:bookshelf,{},
"(14, 7, 21)",minecraft:bookshelf,{},
"(16, 7, 21)",minecraft:granite,{},
"(17, 7, 21)",minecraft:oak_leaves,"{'distance': '7', 'persistent': 'true', 'waterlogged': 'false'}",
"(3, 7, 22)",minecraft:dark_oak_stairs,"{'facing': 'east', 'half': 'bottom', 'shape': 'straight', 'waterlogged': 'false'}",
"(4, 7, 22)",minecraft:oak_log,{'axis': 'y'},
"(5, 7, 22)",minecraft:terracotta,{},
"(6, 7, 22)",minecraft:terracotta,{},
"(7, 7, 22)",minecraft:terracotta,{},
"(8, 7, 22)",minecraft:granite,{},
"(9, 7, 22)",minecraft:granite,{},
"(10, 7, 22)",minecraft:mangrove_wood,{'axis': 'y'},
"(11, 7, 22)",minecraft:terracotta,{},
"(12, 7, 22)",minecraft:granite,{},
"(13, 7, 22)",minecraft:granite,{},
"(14, 7, 22)",minecraft:granite,{},
"(15, 7, 22)",minecraft:granite,{},
"(16, 7, 22)",minecraft:oak_log,{'axis': 'y'},
"(17, 7, 22)",minecraft:dark_oak_stairs,"{'facing': 'west', 'half': 'bottom', 'shape': 'straight', 'waterlogged': 'false'}",
"(4, 7, 23)",minecraft:spruce_stairs,"{'facing': 'north', 'half': 'bottom', 'shape': 'straight', 'waterlogged': 'false'}",
"(6, 7, 23)",minecraft:stripped_jungle_wood,{'axis': 'y'},
"(14, 7, 23)",minecraft:jungle_planks,{},
"(15, 7, 23)",minecraft:oak_leaves,"{'distance': '7', 'persistent': 'true', 'waterlogged': 'false'}",
"(16, 7, 23)",minecraft:spruce_stairs,"{'facing': 'north', 'half': 'bottom', 'shape': 'straight', 'waterlogged': 'false'}",
"(6, 7, 24)",minecraft:jungle_planks,{},
"(14, 7, 24)",minecraft:stripped_jungle_wood,{'axis': 'y'},
"(6, 7, 25)",minecraft:stripped_jungle_wood,{'axis': 'y'},
"(14, 7, 25)",minecraft:jungle_planks,{},
"(6, 7, 26)",minecraft:jungle_planks,{},
"(14, 7, 26)",minecraft:jungle_planks,{},
"(6, 7, 27)",minecraft:stripped_jungle_wood,{'axis': 'y'},
"(14, 7, 27)",minecraft:stripped_jungle_wood,{'axis': 'y'},
"(6, 7, 28)",minecraft:jungle_planks,{},
"(8, 7, 28)",minecraft:terracotta,{},
"(9, 7, 28)",minecraft:terracotta,{},
"(10, 7, 28)",minecraft:granite,{},
"(11, 7, 28)",minecraft:granite,{},
"(12, 7, 28)",minecraft:terracotta,{},
"(14, 7, 28)",minecraft:stripped_jungle_wood,{'axis': 'y'},
"(6, 7, 29)",minecraft:jungle_planks,{},
"(7, 7, 29)",minecraft:dark_oak_stairs,"{'facing': 'north', 'half': 'bottom', 'shape': 'straight', 'waterlogged': 'false'}",
"(9, 7, 29)",minecraft:dark_oak_slab,"{'type': 'bottom', 'waterlogged': 'false'}",
"(10, 7, 29)",minecraft:flowering_azalea_leaves,"{'distance': '7', 'persistent': 'true', 'waterlogged': 'false'}",
"(11, 7, 29)",minecraft:spruce_slab,"{'type': 'bottom', 'waterlogged': 'false'}",
"(13, 7, 29)",minecraft:dark_oak_stairs,"{'facing': 'north', 'half': 'bottom', 'shape': 'straight', 'waterlogged': 'false'}",
"(14, 7, 29)",minecraft:jungle_planks,{},
"(7, 8, 1)",minecraft:oak_planks,{},
"(13, 8, 1)",minecraft:stripped_jungle_wood,{'axis': 'x'},
"(7, 8, 2)",minecraft:jungle_planks,{},
"(8, 8, 2)",minecraft:brown_wool,{},
"(9, 8, 2)",minecraft:terracotta,{},
"(10, 8, 2)",minecraft:terracotta,{},
"(11, 8, 2)",minecraft:brown_wool,{},
"(12, 8, 2)",minecraft:brown_wool,{},
"(13, 8, 2)",minecraft:jungle_planks,{},
"(7, 8, 3)",minecraft:stripped_jungle_wood,{'axis': 'x'},
"(13, 8, 3)",minecraft:stripped_oak_wood,{'axis': 'y'},
"(7, 8, 4)",minecraft:oak_planks,{},
"(13, 8, 4)",minecraft:oak_planks,{},
"(7, 8, 5)",minecraft:stripped_oak_wood,{'axis': 'y'},
"(13, 8, 5)",minecraft:jungle_planks,{},
"(14, 8, 5)",minecraft:cobblestone,{},
"(7, 8, 6)",minecraft:jungle_planks,{},
"(13, 8, 6)",minecraft:stripped_jungle_wood,{'axis': 'x'},
"(7, 8, 7)",minecraft:stripped_jungle_wood,{'axis': 'x'},
"(13, 8, 7)",minecraft:stripped_oak_wood,{'axis': 'y'},
"(4, 8, 8)",minecraft:oak_log,{'axis': 'y'},
"(5, 8, 8)",minecraft:terracotta,{},
"(6, 8, 8)",minecraft:granite,{},
"(7, 8, 8)",minecraft:terracotta,{},
"(8, 8, 8)",minecraft:terracotta,{},
"(9, 8, 8)",minecraft:granite,{},
"(10, 8, 8)",minecraft:oak_log,{'axis': 'y'},
"(11, 8, 8)",minecraft:terracotta,{},
"(12, 8, 8)",minecraft:terracotta,{},
"(13, 8, 8)",minecraft:terracotta,{},
"(14, 8, 8)",minecraft:terracotta,{},
"(15, 8, 8)",minecraft:terracotta,{},
"(16, 8, 8)",minecraft:oak_log,{'axis': 'y'},
"(4, 8, 9)",minecraft:terracotta,{},
"(5, 8, 9)",minecraft:bookshelf,{},
"(6, 8, 9)",minecraft:bookshelf,{},
"(7, 8, 9)",minecraft:bookshelf,{},
"(8, 8, 9)",minecraft:bookshelf,{},
"(15, 8, 9)",minecraft:spruce_wall_sign,"{'facing': 'south', 'waterlogged': 'false'}","{back_text: {has_glowing_text: 0b, color: ""black"", messages: ["""", """", """", """"]}, components: {}, is_waxed: 0b, id: ""minecraft:sign"", front_text: {has_glowing_text: 0b, color: ""black"", messages: ["""", """", """", """"]}}"
"(16, 8, 9)",minecraft:brown_wool,{},
"(4, 8, 10)",minecraft:white_stained_glass_pane,"{'east': 'false', 'north': 'true', 'south': 'true', 'waterlogged': 'false', 'west': 'false'}",
"(16, 8, 10)",minecraft:white_stained_glass_pane,"{'east': 'false', 'north': 'true', 'south': 'true', 'waterlogged': 'false', 'west': 'false'}",
"(4, 8, 11)",minecraft:terracotta,{},
"(5, 8, 11)",minecraft:potted_bamboo,{},
"(13, 8, 11)",minecraft:spruce_trapdoor,"{'facing': 'west', 'half': 'bottom', 'open': 'true', 'powered': 'false', 'waterlogged': 'false'}",
"(14, 8, 11)",minecraft:spruce_stairs,"{'facing': 'west', 'half': 'top', 'shape': 'straight', 'waterlogged': 'false'}",
"(15, 8, 11)",minecraft:light_gray_wall_banner,{'facing': 'west'},"{components: {}, id: ""minecraft:banner""}"
"(16, 8, 11)",minecraft:terracotta,{},
"(17, 8, 11)",minecraft:oak_leaves,"{'distance': '7', 'persistent': 'true', 'waterlogged': 'false'}",
"(4, 8, 12)",minecraft:oak_log,{'axis': 'y'},
"(9, 8, 12)",minecraft:potted_blue_orchid,{},
"(10, 8, 12)",minecraft:oak_log,{'axis': 'y'},
"(16, 8, 12)",minecraft:oak_log,{'axis': 'y'},
"(4, 8, 13)",minecraft:terracotta,{},
"(5, 8, 13)",minecraft:orange_wall_banner,{'facing': 'east'},"{components: {}, id: ""minecraft:banner""}"
"(10, 8, 13)",minecraft:green_candle,"{'candles': '3', 'lit': 'true', 'waterlogged': 'false'}",
"(15, 8, 13)",minecraft:bookshelf,{},
"(16, 8, 13)",minecraft:brown_wool,{},
"(4, 8, 14)",minecraft:white_stained_glass_pane,"{'east': 'false', 'north': 'true', 'south': 'true', 'waterlogged': 'false', 'west': 'false'}",
"(15, 8, 14)",minecraft:bookshelf,{},
"(16, 8, 14)",minecraft:terracotta,{},
"(4, 8, 15)",minecraft:white_stained_glass_pane,"{'east': 'false', 'north': 'true', 'south': 'true', 'waterlogged': 'false', 'west': 'false'}",
"(7, 8, 15)",minecraft:iron_chain,"{'axis': 'y', 'waterlogged': 'false'}",
"(15, 8, 15)",minecraft:bookshelf,{},
"(16, 8, 15)",minecraft:terracotta,{},
"(4, 8, 16)",minecraft:white_stained_glass_pane,"{'east': 'false', 'north': 'true', 'south': 'true', 'waterlogged': 'false', 'west': 'false'}",
"(15, 8, 16)",minecraft:bookshelf,{},
"(16, 8, 16)",minecraft:terracotta,{},
"(17, 8, 16)",minecraft:azalea_leaves,"{'distance': '7', 'persistent': 'true', 'waterlogged': 'false'}",
"(4, 8, 17)",minecraft:terracotta,{},
"(10, 8, 17)",minecraft:potted_lily_of_the_valley,{},
"(15, 8, 17)",minecraft:bookshelf,{},
"(16, 8, 17)",minecraft:granite,{},
"(4, 8, 18)",minecraft:oak_log,{'axis': 'y'},
"(6, 8, 18)",minecraft:gray_candle,"{'candles': '4', 'lit': 'true', 'waterlogged': 'false'}",
"(10, 8, 18)",minecraft:oak_log,{'axis': 'y'},
"(16, 8, 18)",minecraft:oak_log,{'axis': 'y'},
"(4, 8, 19)",minecraft:terracotta,{},
"(15, 8, 19)",minecraft:bookshelf,{},
"(16, 8, 19)",minecraft:brown_wool,{},
"(4, 8, 20)",minecraft:white_stained_glass_pane,"{'east': 'false', 'north': 'true', 'south': 'true', 'waterlogged': 'false', 'west': 'false'}",
"(15, 8, 20)",minecraft:bookshelf,{},
"(16, 8, 20)",minecraft:terracotta,{},
"(4, 8, 21)",minecraft:terracotta,{},
"(5, 8, 21)",minecraft:bookshelf,{},
"(6, 8, 21)",minecraft:bookshelf,{},
"(7, 8, 21)",minecraft:bookshelf,{},
"(9, 8, 21)",minecraft:potted_bamboo,{},
"(11, 8, 21)",minecraft:bookshelf,{},
"(12, 8, 21)",minecraft:bookshelf,{},
"(13, 8, 21)",minecraft:bookshelf,{},
"(14, 8, 21)",minecraft:bookshelf,{},
"(16, 8, 21)",minecraft:terracotta,{},
"(4, 8, 22)",minecraft:oak_log,{'axis': 'y'},
"(5, 8, 22)",minecraft:terracotta,{},
"(6, 8, 22)",minecraft:terracotta,{},
"(7, 8, 22)",minecraft:terracotta,{},
"(8, 8, 22)",minecraft:terracotta,{},
"(9, 8, 22)",minecraft:granite,{},
"(10, 8, 22)",minecraft:oak_log,{'axis': 'y'},
"(11, 8, 22)",minecraft:terracotta,{},
"(12, 8, 22)",minecraft:granite,{},
"(13, 8, 22)",minecraft:terracotta,{},
"(14, 8, 22)",minecraft:terracotta,{},
"(15, 8, 22)",minecraft:terracotta,{},
"(16, 8, 22)",minecraft:oak_log,{'axis': 'y'},
"(7, 8, 23)",minecraft:oak_planks,{},
"(13, 8, 23)",minecraft:stripped_jungle_wood,{'axis': 'x'},
"(7, 8, 24)",minecraft:stripped_jungle_wood,{'axis': 'y'},
"(13, 8, 24)",minecraft:jungle_planks,{},
"(7, 8, 25)",minecraft:jungle_planks,{},
"(13, 8, 25)",minecraft:stripped_oak_wood,{'axis': 'x'},
"(7, 8, 26)",minecraft:stripped_oak_wood,{'axis': 'x'},
"(13, 8, 26)",minecraft:oak_planks,{},
"(7, 8, 27)",minecraft:oak_planks,{},
"(13, 8, 27)",minecraft:oak_planks,{},
"(7, 8, 28)",minecraft:oak_planks,{},
"(8, 8, 28)",minecraft:brown_wool,{},
"(9, 8, 28)",minecraft:terracotta,{},
"(10, 8, 28)",minecraft:terracotta,{},
"(11, 8, 28)",minecraft:terracotta,{},
"(12, 8, 28)",minecraft:brown_wool,{},
"(13, 8, 28)",minecraft:jungle_planks,{},
"(7, 8, 29)",minecraft:stripped_jungle_wood,{'axis': 'y'},
"(13, 8, 29)",minecraft:stripped_oak_wood,{'axis': 'y'},
"(8, 9, 1)",minecraft:stripped_oak_wood,{'axis': 'y'},
"(9, 9, 1)",minecraft:birch_slab,"{'type': 'top', 'waterlogged': 'false'}",
"(11, 9, 1)",minecraft:oak_slab,"{'type': 'top', 'waterlogged': 'false'}",
"(12, 9, 1)",minecraft:oak_planks,{},
"(8, 9, 2)",minecraft:oak_planks,{},
"(9, 9, 2)",minecraft:brown_wool,{},
"(10, 9, 2)",minecraft:brown_wool,{},
"(11, 9, 2)",minecraft:brown_wool,{},
"(12, 9, 2)",minecraft:stripped_oak_wood,{'axis': 'x'},
"(8, 9, 3)",minecraft:stripped_oak_wood,{'axis': 'y'},
"(12, 9, 3)",minecraft:oak_planks,{},
"(8, 9, 4)",minecraft:stripped_oak_wood,{'axis': 'y'},
"(12, 9, 4)",minecraft:stripped_oak_wood,{'axis': 'x'},
"(8, 9, 5)",minecraft:oak_planks,{},
"(12, 9, 5)",minecraft:stripped_oak_wood,{'axis': 'x'},
"(14, 9, 5)",minecraft:tuff,{},
"(8, 9, 6)",minecraft:stripped_oak_wood,{'axis': 'y'},
"(12, 9, 6)",minecraft:oak_planks,{},
"(8, 9, 7)",minecraft:oak_planks,{},
"(12, 9, 7)",minecraft:oak_planks,{},
"(4, 9, 8)",minecraft:mangrove_wood,{'axis': 'y'},
"(5, 9, 8)",minecraft:brown_wool,{},
"(6, 9, 8)",minecraft:terracotta,{},
"(7, 9, 8)",minecraft:terracotta,{},
"(8, 9, 8)",minecraft:terracotta,{},
"(9, 9, 8)",minecraft:terracotta,{},
"(10, 9, 8)",minecraft:mangrove_wood,{'axis': 'y'},
"(11, 9, 8)",minecraft:terracotta,{},
"(12, 9, 8)",minecraft:terracotta,{},
"(13, 9, 8)",minecraft:brown_wool,{},
"(14, 9, 8)",minecraft:terracotta,{},
"(15, 9, 8)",minecraft:brown_wool,{},
"(16, 9, 8)",minecraft:mangrove_wood,{'axis': 'y'},
"(4, 9, 9)",minecraft:brown_wool,{},
"(5, 9, 9)",minecraft:bookshelf,{},
"(6, 9, 9)",minecraft:bookshelf,{},
"(7, 9, 9)",minecraft:bookshelf,{},
"(8, 9, 9)",minecraft:bookshelf,{},
"(9, 9, 9)",minecraft:brown_wall_banner,{'facing': 'south'},"{components: {}, id: ""minecraft:banner""}"
"(10, 9, 9)",minecraft:spruce_trapdoor,"{'facing': 'south', 'half': 'top', 'open': 'true', 'powered': 'false', 'waterlogged': 'false'}",
"(16, 9, 9)",minecraft:brown_wool,{},
"(3, 9, 10)",minecraft:oak_fence_gate,"{'facing': 'east', 'in_wall': 'false', 'open': 'true', 'powered': 'false'}",
"(4, 9, 10)",minecraft:white_stained_glass_pane,"{'east': 'false', 'north': 'true', 'south': 'true', 'waterlogged': 'false', 'west': 'false'}",
"(16, 9, 10)",minecraft:white_stained_glass_pane,"{'east': 'false', 'north': 'true', 'south': 'true', 'waterlogged': 'false', 'west': 'false'}",
"(17, 9, 10)",minecraft:oak_fence_gate,"{'facing': 'west', 'in_wall': 'false', 'open': 'true', 'powered': 'false'}",
"(4, 9, 11)",minecraft:terracotta,{},
"(5, 9, 11)",minecraft:cherry_leaves,"{'distance': '7', 'persistent': 'true', 'waterlogged': 'false'}",
"(10, 9, 11)",minecraft:dark_oak_trapdoor,"{'facing': 'north', 'half': 'top', 'open': 'true', 'powered': 'false', 'waterlogged': 'false'}",
"(14, 9, 11)",minecraft:spruce_stairs,"{'facing': 'east', 'half': 'bottom', 'shape': 'straight', 'waterlogged': 'false'}",
"(15, 9, 11)",minecraft:spruce_trapdoor,"{'facing': 'east', 'half': 'top', 'open': 'true', 'powered': 'false', 'waterlogged': 'false'}",
"(16, 9, 11)",minecraft:brown_wool,{},
"(4, 9, 12)",minecraft:mangrove_wood,{'axis': 'y'},
"(5, 9, 12)",minecraft:dark_oak_trapdoor,"{'facing': 'east', 'half': 'top', 'open': 'true', 'powered': 'false', 'waterlogged': 'false'}",
"(9, 9, 12)",minecraft:dark_oak_trapdoor,"{'facing': 'west', 'half': 'top', 'open': 'true', 'powered': 'false', 'waterlogged': 'false'}",
"(10, 9, 12)",minecraft:mangrove_wood,{'axis': 'y'},
"(11, 9, 12)",minecraft:spruce_trapdoor,"{'facing': 'east', 'half': 'bottom', 'open': 'true', 'powered': 'false', 'waterlogged': 'false'}",
"(15, 9, 12)",minecraft:dark_oak_trapdoor,"{'facing': 'west', 'half': 'top', 'open': 'true', 'powered': 'false', 'waterlogged': 'false'}",
"(16, 9, 12)",minecraft:mangrove_wood,{'axis': 'y'},
"(4, 9, 13)",minecraft:brown_wool,{},
"(10, 9, 13)",minecraft:spruce_trapdoor,"{'facing': 'south', 'half': 'bottom', 'open': 'true', 'powered': 'false', 'waterlogged': 'false'}",
"(15, 9, 13)",minecraft:bookshelf,{},
"(16, 9, 13)",minecraft:brown_wool,{},
"(3, 9, 14)",minecraft:oak_fence_gate,"{'facing': 'east', 'in_wall': 'false', 'open': 'true', 'powered': 'false'}",
"(4, 9, 14)",minecraft:white_stained_glass_pane,"{'east': 'false', 'north': 'true', 'south': 'true', 'waterlogged': 'false', 'west': 'false'}",
"(15, 9, 14)",minecraft:bookshelf,{},
"(16, 9, 14)",minecraft:brown_wool,{},
"(4, 9, 15)",minecraft:white_stained_glass_pane,"{'east': 'false', 'north': 'true', 'south': 'true', 'waterlogged': 'false', 'west': 'false'}",
"(7, 9, 15)",minecraft:iron_chain,"{'axis': 'y', 'waterlogged': 'false'}",
"(15, 9, 15)",minecraft:bookshelf,{},
"(16, 9, 15)",minecraft:brown_wool,{},
"(3, 9, 16)",minecraft:oak_fence_gate,"{'facing': 'east', 'in_wall': 'false', 'open': 'true', 'powered': 'false'}",
"(4, 9, 16)",minecraft:white_stained_glass_pane,"{'east': 'false', 'north': 'true', 'south': 'true', 'waterlogged': 'false', 'west': 'false'}",
"(15, 9, 16)",minecraft:bookshelf,{},
"(16, 9, 16)",minecraft:terracotta,{},
"(4, 9, 17)",minecraft:terracotta,{},
"(10, 9, 17)",minecraft:dark_oak_trapdoor,"{'facing': 'north', 'half': 'top', 'open': 'true', 'powered': 'false', 'waterlogged': 'false'}",
"(15, 9, 17)",minecraft:bookshelf,{},
"(16, 9, 17)",minecraft:terracotta,{},
"(4, 9, 18)",minecraft:mangrove_wood,{'axis': 'y'},
"(5, 9, 18)",minecraft:dark_oak_trapdoor,"{'facing': 'east', 'half': 'top', 'open': 'true', 'powered': 'false', 'waterlogged': 'false'}",
"(9, 9, 18)",minecraft:spruce_trapdoor,"{'facing': 'west', 'half': 'top', 'open': 'true', 'powered': 'false', 'waterlogged': 'false'}",
"(10, 9, 18)",minecraft:mangrove_wood,{'axis': 'y'},
"(11, 9, 18)",minecraft:dark_oak_trapdoor,"{'facing': 'east', 'half': 'top', 'open': 'true', 'powered': 'false', 'waterlogged': 'false'}",
"(15, 9, 18)",minecraft:spruce_trapdoor,"{'facing': 'west', 'half': 'bottom', 'open': 'true', 'powered': 'false', 'waterlogged': 'false'}",
"(16, 9, 18)",minecraft:mangrove_wood,{'axis': 'y'},
"(4, 9, 19)",minecraft:brown_wool,{},
"(5, 9, 19)",minecraft:light_gray_wall_banner,{'facing': 'east'},"{components: {}, id: ""minecraft:banner""}"
"(10, 9, 19)",minecraft:dark_oak_trapdoor,"{'facing': 'south', 'half': 'top', 'open': 'true', 'powered': 'false', 'waterlogged': 'false'}",
"(15, 9, 19)",minecraft:bookshelf,{},
"(16, 9, 19)",minecraft:brown_wool,{},
"(3, 9, 20)",minecraft:oak_fence_gate,"{'facing': 'east', 'in_wall': 'false', 'open': 'true', 'powered': 'false'}",
"(4, 9, 20)",minecraft:white_stained_glass_pane,"{'east': 'false', 'north': 'true', 'south': 'true', 'waterlogged': 'false', 'west': 'false'}",
"(15, 9, 20)",minecraft:bookshelf,{},
"(16, 9, 20)",minecraft:brown_wool,{},
"(4, 9, 21)",minecraft:terracotta,{},
"(5, 9, 21)",minecraft:bookshelf,{},
"(6, 9, 21)",minecraft:bookshelf,{},
"(7, 9, 21)",minecraft:bookshelf,{},
"(9, 9, 21)",minecraft:azalea_leaves,"{'distance': '7', 'persistent': 'true', 'waterlogged': 'false'}",
"(10, 9, 21)",minecraft:dark_oak_trapdoor,"{'facing': 'north', 'half': 'top', 'open': 'true', 'powered': 'false', 'waterlogged': 'false'}",
"(11, 9, 21)",minecraft:bookshelf,{},
"(12, 9, 21)",minecraft:bookshelf,{},
"(13, 9, 21)",minecraft:bookshelf,{},
"(14, 9, 21)",minecraft:bookshelf,{},
"(15, 9, 21)",minecraft:bookshelf,{},
"(16, 9, 21)",minecraft:terracotta,{},
"(4, 9, 22)",minecraft:mangrove_wood,{'axis': 'y'},
"(5, 9, 22)",minecraft:brown_wool,{},
"(6, 9, 22)",minecraft:terracotta,{},
"(7, 9, 22)",minecraft:brown_wool,{},
"(8, 9, 22)",minecraft:terracotta,{},
"(9, 9, 22)",minecraft:terracotta,{},
"(10, 9, 22)",minecraft:mangrove_wood,{'axis': 'y'},
"(11, 9, 22)",minecraft:terracotta,{},
"(12, 9, 22)",minecraft:terracotta,{},
"(13, 9, 22)",minecraft:terracotta,{},
"(14, 9, 22)",minecraft:terracotta,{},
"(15, 9, 22)",minecraft:brown_wool,{},
"(16, 9, 22)",minecraft:mangrove_wood,{'axis': 'y'},
"(8, 9, 23)",minecraft:stripped_oak_wood,{'axis': 'x'},
"(12, 9, 23)",minecraft:stripped_oak_wood,{'axis': 'y'},
"(8, 9, 24)",minecraft:oak_planks,{},
"(12, 9, 24)",minecraft:oak_planks,{},
"(8, 9, 25)",minecraft:oak_planks,{},
"(12, 9, 25)",minecraft:oak_planks,{},
"(8, 9, 26)",minecraft:oak_planks,{},
"(12, 9, 26)",minecraft:stripped_oak_wood,{'axis': 'x'},
"(8, 9, 27)",minecraft:stripped_oak_wood,{'axis': 'x'},
"(12, 9, 27)",minecraft:oak_planks,{},
"(8, 9, 28)",minecraft:stripped_oak_wood,{'axis': 'x'},
"(9, 9, 28)",minecraft:brown_wool,{},
"(10, 9, 28)",minecraft:brown_wool,{},
"(11, 9, 28)",minecraft:brown_wool,{},
"(12, 9, 28)",minecraft:stripped_oak_wood,{'axis': 'x'},
"(8, 9, 29)",minecraft:oak_planks,{},
"(9, 9, 29)",minecraft:oak_slab,"{'type': 'top', 'waterlogged': 'false'}",
"(11, 9, 29)",minecraft:birch_slab,"{'type': 'top', 'waterlogged': 'false'}",
"(12, 9, 29)",minecraft:oak_planks,{},
"(9, 10, 1)",minecraft:birch_slab,"{'type': 'bottom', 'waterlogged': 'false'}",
"(10, 10, 1)",minecraft:birch_planks,{},
"(11, 10, 1)",minecraft:oak_slab,"{'type': 'bottom', 'waterlogged': 'false'}",
"(9, 10, 2)",minecraft:oak_slab,"{'type': 'bottom', 'waterlogged': 'false'}",
"(10, 10, 2)",minecraft:stripped_birch_wood,{'axis': 'y'},
"(11, 10, 2)",minecraft:oak_slab,"{'type': 'bottom', 'waterlogged': 'false'}",
"(9, 10, 3)",minecraft:oak_slab,"{'type': 'bottom', 'waterlogged': 'false'}",
"(10, 10, 3)",minecraft:birch_planks,{},
"(11, 10, 3)",minecraft:birch_slab,"{'type': 'bottom', 'waterlogged': 'false'}",
"(9, 10, 4)",minecraft:birch_slab,"{'type': 'bottom', 'waterlogged': 'false'}",
"(10, 10, 4)",minecraft:birch_planks,{},
"(11, 10, 4)",minecraft:birch_slab,"{'type': 'bottom', 'waterlogged': 'false'}",
"(14, 10, 4)",minecraft:spruce_trapdoor,"{'facing': 'north', 'half': 'bottom', 'open': 'true', 'powered': 'false', 'waterlogged': 'false'}",
"(9, 10, 5)",minecraft:birch_slab,"{'type': 'bottom', 'waterlogged': 'false'}",
"(10, 10, 5)",minecraft:stripped_birch_wood,{'axis': 'y'},
"(11, 10, 5)",minecraft:oak_slab,"{'type': 'bottom', 'waterlogged': 'false'}",
"(13, 10, 5)",minecraft:spruce_trapdoor,"{'facing': 'west', 'half': 'bottom', 'open': 'true', 'powered': 'false', 'waterlogged': 'false'}",
"(14, 10, 5)",minecraft:campfire,"{'facing': 'south', 'lit': 'true', 'signal_fire': 'false', 'waterlogged': 'false'}","{components: {}, Items: [], CookingTimes: [I; 0, 0, 0, 0], CookingTotalTimes: [I; 0, 0, 0, 0], id: ""minecraft:campfire""}"
"(15, 10, 5)",minecraft:spruce_trapdoor,"{'facing': 'east', 'half': 'bottom', 'open': 'true', 'powered': 'false', 'waterlogged': 'false'}",
"(9, 10, 6)",minecraft:oak_slab,"{'type': 'bottom', 'waterlogged': 'false'}",
"(10, 10, 6)",minecraft:stripped_birch_wood,{'axis': 'y'},
"(11, 10, 6)",minecraft:oak_slab,"{'type': 'bottom', 'waterlogged': 'false'}",
"(14, 10, 6)",minecraft:spruce_trapdoor,"{'facing': 'south', 'half': 'bottom', 'open': 'true', 'powered': 'false', 'waterlogged': 'false'}",
"(4, 10, 7)",minecraft:spruce_fence,"{'east': 'false', 'north': 'false', 'south': 'true', 'waterlogged': 'false', 'west': 'false'}",
"(9, 10, 7)",minecraft:oak_slab,"{'type': 'bottom', 'waterlogged': 'false'}",
"(10, 10, 7)",minecraft:birch_planks,{},
"(11, 10, 7)",minecraft:birch_slab,"{'type': 'bottom', 'waterlogged': 'false'}",
"(16, 10, 7)",minecraft:spruce_fence,"{'east': 'false', 'north': 'false', 'south': 'true', 'waterlogged': 'false', 'west': 'false'}",
"(3, 10, 8)",minecraft:spruce_fence,"{'east': 'true', 'north': 'false', 'south': 'false', 'waterlogged': 'false', 'west': 'false'}",
"(4, 10, 8)",minecraft:stripped_dark_oak_wood,{'axis': 'y'},
"(5, 10, 8)",minecraft:brown_wool,{},
"(6, 10, 8)",minecraft:brown_wool,{},
"(7, 10, 8)",minecraft:brown_wool,{},
"(8, 10, 8)",minecraft:brown_wool,{},
"(9, 10, 8)",minecraft:terracotta,{},
"(10, 10, 8)",minecraft:stripped_dark_oak_wood,{'axis': 'y'},
"(11, 10, 8)",minecraft:brown_wool,{},
"(12, 10, 8)",minecraft:brown_wool,{},
"(13, 10, 8)",minecraft:brown_wool,{},
"(14, 10, 8)",minecraft:brown_wool,{},
"(15, 10, 8)",minecraft:brown_wool,{},
"(16, 10, 8)",minecraft:stripped_dark_oak_wood,{'axis': 'y'},
"(17, 10, 8)",minecraft:spruce_fence,"{'east': 'false', 'north': 'false', 'south': 'false', 'waterlogged': 'false', 'west': 'true'}",
"(4, 10, 9)",minecraft:brown_wool,{},
"(5, 10, 9)",minecraft:brewing_stand,"{'has_bottle_0': 'false', 'has_bottle_1': 'false', 'has_bottle_2': 'false'}","{components: {}, Fuel: 0b, Items: [], id: ""minecraft:brewing_stand"", BrewTime: 0s}"
"(6, 10, 9)",minecraft:potted_bamboo,{},
"(8, 10, 9)",minecraft:brown_candle,"{'candles': '4', 'lit': 'true', 'waterlogged': 'false'}",
"(10, 10, 9)",minecraft:dark_oak_stairs,"{'facing': 'north', 'half': 'top', 'shape': 'straight', 'waterlogged': 'false'}",
"(16, 10, 9)",minecraft:brown_wool,{},
"(3, 10, 10)",minecraft:oxidized_copper_trapdoor,"{'facing': 'west', 'half': 'bottom', 'open': 'false', 'powered': 'false', 'waterlogged': 'false'}",
"(4, 10, 10)",minecraft:brown_wool,{},
"(10, 10, 10)",minecraft:dark_oak_trapdoor,"{'facing': 'west', 'half': 'top', 'open': 'false', 'powered': 'false', 'waterlogged': 'false'}",
"(16, 10, 10)",minecraft:brown_wool,{},
"(17, 10, 10)",minecraft:oxidized_copper_trapdoor,"{'facing': 'east', 'half': 'bottom', 'open': 'false', 'powered': 'false', 'waterlogged': 'false'}",
"(4, 10, 11)",minecraft:brown_wool,{},
"(5, 10, 11)",minecraft:cherry_leaves,"{'distance': '7', 'persistent': 'true', 'waterlogged': 'false'}",
"(10, 10, 11)",minecraft:dark_oak_stairs,"{'facing': 'south', 'half': 'top', 'shape': 'straight', 'waterlogged': 'false'}",
"(14, 10, 11)",minecraft:spruce_trapdoor,"{'facing': 'west', 'half': 'bottom', 'open': 'true', 'powered': 'false', 'waterlogged': 'false'}",
"(15, 10, 11)",minecraft:spruce_stairs,"{'facing': 'west', 'half': 'top', 'shape': 'straight', 'waterlogged': 'false'}",
"(16, 10, 11)",minecraft:brown_wool,{},
"(3, 10, 12)",minecraft:dark_oak_fence,"{'east': 'true', 'north': 'false', 'south': 'false', 'waterlogged': 'false', 'west': 'false'}",
"(4, 10, 12)",minecraft:stripped_dark_oak_wood,{'axis': 'y'},
"(5, 10, 12)",minecraft:dark_oak_stairs,"{'facing': 'west', 'half': 'top', 'shape': 'straight', 'waterlogged': 'false'}",
"(6, 10, 12)",minecraft:dark_oak_trapdoor,"{'facing': 'east', 'half': 'top', 'open': 'false', 'powered': 'false', 'waterlogged': 'false'}",
"(8, 10, 12)",minecraft:dark_oak_trapdoor,"{'facing': 'west', 'half': 'top', 'open': 'false', 'powered': 'false', 'waterlogged': 'false'}",
"(9, 10, 12)",minecraft:dark_oak_stairs,"{'facing': 'east', 'half': 'top', 'shape': 'straight', 'waterlogged': 'false'}",
"(10, 10, 12)",minecraft:stripped_dark_oak_wood,{'axis': 'y'},
"(11, 10, 12)",minecraft:dark_oak_stairs,"{'facing': 'west', 'half': 'top', 'shape': 'straight', 'waterlogged': 'false'}",
"(12, 10, 12)",minecraft:dark_oak_trapdoor,"{'facing': 'east', 'half': 'top', 'open': 'false', 'powered': 'false', 'waterlogged': 'false'}",
"(14, 10, 12)",minecraft:dark_oak_trapdoor,"{'facing': 'north', 'half': 'top', 'open': 'false', 'powered': 'false', 'waterlogged': 'false'}",
"(15, 10, 12)",minecraft:dark_oak_stairs,"{'facing': 'east', 'half': 'top', 'shape': 'straight', 'waterlogged': 'false'}",
"(16, 10, 12)",minecraft:stripped_dark_oak_wood,{'axis': 'y'},
"(17, 10, 12)",minecraft:dark_oak_fence,"{'east': 'false', 'north': 'false', 'south': 'false', 'waterlogged': 'false', 'west': 'true'}",
"(4, 10, 13)",minecraft:brown_wool,{},
"(10, 10, 13)",minecraft:dark_oak_stairs,"{'facing': 'north', 'half': 'top', 'shape': 'straight', 'waterlogged': 'false'}",
"(15, 10, 13)",minecraft:bell,"{'attachment': 'floor', 'facing': 'east', 'powered': 'false'}","{components: {}, id: ""minecraft:bell""}"
"(16, 10, 13)",minecraft:brown_wool,{},
"(3, 10, 14)",minecraft:oxidized_copper_trapdoor,"{'facing': 'west', 'half': 'bottom', 'open': 'false', 'powered': 'false', 'waterlogged': 'false'}",
"(4, 10, 14)",minecraft:brown_wool,{},
"(10, 10, 14)",minecraft:dark_oak_trapdoor,"{'facing': 'west', 'half': 'top', 'open': 'false', 'powered': 'false', 'waterlogged': 'false'}",
"(15, 10, 14)",minecraft:azalea_leaves,"{'distance': '7', 'persistent': 'true', 'waterlogged': 'false'}",
"(16, 10, 14)",minecraft:brown_wool,{},
"(3, 10, 15)",minecraft:oxidized_cut_copper_slab,"{'type': 'bottom', 'waterlogged': 'false'}",
"(4, 10, 15)",minecraft:brown_wool,{},
"(7, 10, 15)",minecraft:iron_chain,"{'axis': 'y', 'waterlogged': 'false'}",
"(15, 10, 15)",minecraft:large_amethyst_bud,"{'facing': 'up', 'waterlogged': 'false'}",
"(16, 10, 15)",minecraft:brown_wool,{},
"(3, 10, 16)",minecraft:oxidized_copper_trapdoor,"{'facing': 'west', 'half': 'bottom', 'open': 'false', 'powered': 'false', 'waterlogged': 'false'}",
"(4, 10, 16)",minecraft:brown_wool,{},
"(10, 10, 16)",minecraft:dark_oak_trapdoor,"{'facing': 'north', 'half': 'top', 'open': 'false', 'powered': 'false', 'waterlogged': 'false'}",
"(15, 10, 16)",minecraft:light_gray_candle,"{'candles': '4', 'lit': 'true', 'waterlogged': 'false'}",
"(16, 10, 16)",minecraft:brown_wool,{},
"(4, 10, 17)",minecraft:brown_wool,{},
"(10, 10, 17)",minecraft:dark_oak_stairs,"{'facing': 'south', 'half': 'top', 'shape': 'straight', 'waterlogged': 'false'}",
"(16, 10, 17)",minecraft:brown_wool,{},
"(3, 10, 18)",minecraft:dark_oak_fence,"{'east': 'true', 'north': 'false', 'south': 'false', 'waterlogged': 'false', 'west': 'false'}",
"(4, 10, 18)",minecraft:stripped_dark_oak_wood,{'axis': 'y'},
"(5, 10, 18)",minecraft:dark_oak_stairs,"{'facing': 'west', 'half': 'top', 'shape': 'straight', 'waterlogged': 'false'}",
"(6, 10, 18)",minecraft:dark_oak_trapdoor,"{'facing': 'east', 'half': 'top', 'open': 'false', 'powered': 'false', 'waterlogged': 'false'}",
"(8, 10, 18)",minecraft:dark_oak_trapdoor,"{'facing': 'south', 'half': 'top', 'open': 'false', 'powered': 'false', 'waterlogged': 'false'}",
"(9, 10, 18)",minecraft:dark_oak_stairs,"{'facing': 'east', 'half': 'top', 'shape': 'straight', 'waterlogged': 'false'}",
"(10, 10, 18)",minecraft:stripped_dark_oak_wood,{'axis': 'y'},
"(11, 10, 18)",minecraft:dark_oak_stairs,"{'facing': 'west', 'half': 'top', 'shape': 'straight', 'waterlogged': 'false'}",
"(12, 10, 18)",minecraft:dark_oak_trapdoor,"{'facing': 'east', 'half': 'top', 'open': 'false', 'powered': 'false', 'waterlogged': 'false'}",
"(14, 10, 18)",minecraft:dark_oak_trapdoor,"{'facing': 'west', 'half': 'top', 'open': 'false', 'powered': 'false', 'waterlogged': 'false'}",
"(15, 10, 18)",minecraft:dark_oak_stairs,"{'facing': 'east', 'half': 'top', 'shape': 'straight', 'waterlogged': 'false'}",
"(16, 10, 18)",minecraft:stripped_dark_oak_wood,{'axis': 'y'},
"(17, 10, 18)",minecraft:dark_oak_fence,"{'east': 'false', 'north': 'false', 'south': 'false', 'waterlogged': 'false', 'west': 'true'}",
"(4, 10, 19)",minecraft:brown_wool,{},
"(10, 10, 19)",minecraft:dark_oak_stairs,"{'facing': 'north', 'half': 'top', 'shape': 'straight', 'waterlogged': 'false'}",
"(15, 10, 19)",minecraft:potted_azure_bluet,{},
"(16, 10, 19)",minecraft:brown_wool,{},
"(3, 10, 20)",minecraft:oxidized_copper_trapdoor,"{'facing': 'west', 'half': 'bottom', 'open': 'false', 'powered': 'false', 'waterlogged': 'false'}",
"(4, 10, 20)",minecraft:brown_wool,{},
"(10, 10, 20)",minecraft:dark_oak_trapdoor,"{'facing': 'east', 'half': 'top', 'open': 'false', 'powered': 'false', 'waterlogged': 'false'}",
"(16, 10, 20)",minecraft:brown_wool,{},
"(4, 10, 21)",minecraft:brown_wool,{},
"(5, 10, 21)",minecraft:piglin_head,"{'powered': 'false', 'rotation': '2'}","{components: {}, id: ""minecraft:skull""}"
"(6, 10, 21)",minecraft:azalea_leaves,"{'distance': '7', 'persistent': 'true', 'waterlogged': 'false'}",
"(7, 10, 21)",minecraft:pointed_dripstone,"{'thickness': 'tip', 'vertical_direction': 'up', 'waterlogged': 'false'}",
"(8, 10, 21)",minecraft:orange_wall_banner,{'facing': 'north'},"{components: {}, id: ""minecraft:banner""}"
"(9, 10, 21)",minecraft:azalea_leaves,"{'distance': '7', 'persistent': 'true', 'waterlogged': 'false'}",
"(10, 10, 21)",minecraft:dark_oak_stairs,"{'facing': 'south', 'half': 'top', 'shape': 'straight', 'waterlogged': 'false'}",
"(11, 10, 21)",minecraft:white_candle,"{'candles': '4', 'lit': 'true', 'waterlogged': 'false'}",
"(12, 10, 21)",minecraft:potted_flowering_azalea_bush,{},
"(14, 10, 21)",minecraft:creeper_head,"{'powered': 'false', 'rotation': '14'}","{components: {}, id: ""minecraft:skull""}"
"(15, 10, 21)",minecraft:lantern,"{'hanging': 'false', 'waterlogged': 'false'}",
"(16, 10, 21)",minecraft:brown_wool,{},
"(3, 10, 22)",minecraft:dark_oak_fence,"{'east': 'true', 'north': 'false', 'south': 'false', 'waterlogged': 'false', 'west': 'false'}",
"(4, 10, 22)",minecraft:stripped_dark_oak_wood,{'axis': 'y'},
"(5, 10, 22)",minecraft:brown_wool,{},
"(6, 10, 22)",minecraft:brown_wool,{},
"(7, 10, 22)",minecraft:brown_wool,{},
"(8, 10, 22)",minecraft:brown_wool,{},
"(9, 10, 22)",minecraft:brown_wool,{},
"(10, 10, 22)",minecraft:stripped_dark_oak_wood,{'axis': 'y'},
"(11, 10, 22)",minecraft:brown_wool,{},
"(12, 10, 22)",minecraft:brown_wool,{},
"(13, 10, 22)",minecraft:brown_wool,{},
"(14, 10, 22)",minecraft:brown_wool,{},
"(15, 10, 22)",minecraft:brown_wool,{},
"(16, 10, 22)",minecraft:stripped_dark_oak_wood,{'axis': 'y'},
"(17, 10, 22)",minecraft:dark_oak_fence,"{'east': 'false', 'north': 'false', 'south': 'false', 'waterlogged': 'false', 'west': 'true'}",
"(4, 10, 23)",minecraft:dark_oak_fence,"{'east': 'false', 'north': 'true', 'south': 'false', 'waterlogged': 'false', 'west': 'false'}",
"(9, 10, 23)",minecraft:birch_slab,"{'type': 'bottom', 'waterlogged': 'false'}",
"(10, 10, 23)",minecraft:stripped_birch_wood,{'axis': 'x'},
"(11, 10, 23)",minecraft:oak_slab,"{'type': 'bottom', 'waterlogged': 'false'}",
"(16, 10, 23)",minecraft:spruce_fence,"{'east': 'false', 'north': 'true', 'south': 'false', 'waterlogged': 'false', 'west': 'false'}",
"(9, 10, 24)",minecraft:oak_slab,"{'type': 'bottom', 'waterlogged': 'false'}",
"(10, 10, 24)",minecraft:birch_planks,{},
"(11, 10, 24)",minecraft:oak_slab,"{'type': 'bottom', 'waterlogged': 'false'}",
"(9, 10, 25)",minecraft:oak_slab,"{'type': 'bottom', 'waterlogged': 'false'}",
"(10, 10, 25)",minecraft:stripped_birch_wood,{'axis': 'y'},
"(11, 10, 25)",minecraft:birch_slab,"{'type': 'bottom', 'waterlogged': 'false'}",
"(9, 10, 26)",minecraft:birch_slab,"{'type': 'bottom', 'waterlogged': 'false'}",
"(10, 10, 26)",minecraft:stripped_birch_wood,{'axis': 'y'},
"(11, 10, 26)",minecraft:birch_slab,"{'type': 'bottom', 'waterlogged': 'false'}",
"(9, 10, 27)",minecraft:birch_slab,"{'type': 'bottom', 'waterlogged': 'false'}",
"(10, 10, 27)",minecraft:birch_planks,{},
"(11, 10, 27)",minecraft:birch_slab,"{'type': 'bottom', 'waterlogged': 'false'}",
"(9, 10, 28)",minecraft:birch_slab,"{'type': 'bottom', 'waterlogged': 'false'}",
"(10, 10, 28)",minecraft:birch_planks,{},
"(11, 10, 28)",minecraft:oak_slab,"{'type': 'bottom', 'waterlogged': 'false'}",
"(9, 10, 29)",minecraft:oak_slab,"{'type': 'bottom', 'waterlogged': 'false'}",
"(10, 10, 29)",minecraft:stripped_birch_wood,{'axis': 'y'},
"(11, 10, 29)",minecraft:birch_slab,"{'type': 'bottom', 'waterlogged': 'false'}",
"(14, 11, 5)",minecraft:cobbled_deepslate_wall,"{'east': 'none', 'north': 'none', 'south': 'none', 'up': 'true', 'waterlogged': 'false', 'west': 'none'}",
"(4, 11, 7)",minecraft:oak_log,{'axis': 'z'},
"(5, 11, 7)",minecraft:spruce_stairs,"{'facing': 'south', 'half': 'top', 'shape': 'straight', 'waterlogged': 'false'}",
"(6, 11, 7)",minecraft:dark_oak_slab,"{'type': 'top', 'waterlogged': 'false'}",
"(7, 11, 7)",minecraft:spruce_stairs,"{'facing': 'south', 'half': 'top', 'shape': 'straight', 'waterlogged': 'false'}",
"(8, 11, 7)",minecraft:dark_oak_slab,"{'type': 'top', 'waterlogged': 'false'}",
"(9, 11, 7)",minecraft:spruce_stairs,"{'facing': 'south', 'half': 'top', 'shape': 'straight', 'waterlogged': 'false'}",
"(10, 11, 7)",minecraft:oak_log,{'axis': 'z'},
"(11, 11, 7)",minecraft:spruce_stairs,"{'facing': 'south', 'half': 'top', 'shape': 'straight', 'waterlogged': 'false'}",
"(12, 11, 7)",minecraft:dark_oak_slab,"{'type': 'top', 'waterlogged': 'false'}",
"(13, 11, 7)",minecraft:spruce_stairs,"{'facing': 'south', 'half': 'top', 'shape': 'straight', 'waterlogged': 'false'}",
"(14, 11, 7)",minecraft:dark_oak_slab,"{'type': 'top', 'waterlogged': 'false'}",
"(15, 11, 7)",minecraft:spruce_stairs,"{'facing': 'south', 'half': 'top', 'shape': 'straight', 'waterlogged': 'false'}",
"(16, 11, 7)",minecraft:oak_log,{'axis': 'z'},
"(3, 11, 8)",minecraft:oak_log,{'axis': 'x'},
"(4, 11, 8)",minecraft:oak_log,{'axis': 'y'},
"(5, 11, 8)",minecraft:stripped_dark_oak_wood,{'axis': 'x'},
"(6, 11, 8)",minecraft:stripped_dark_oak_wood,{'axis': 'x'},
"(7, 11, 8)",minecraft:stripped_dark_oak_wood,{'axis': 'x'},
"(8, 11, 8)",minecraft:stripped_dark_oak_wood,{'axis': 'x'},
"(9, 11, 8)",minecraft:stripped_dark_oak_wood,{'axis': 'x'},
"(10, 11, 8)",minecraft:stripped_dark_oak_wood,{'axis': 'y'},
"(11, 11, 8)",minecraft:stripped_dark_oak_wood,{'axis': 'x'},
"(12, 11, 8)",minecraft:stripped_dark_oak_wood,{'axis': 'x'},
"(13, 11, 8)",minecraft:stripped_dark_oak_wood,{'axis': 'x'},
"(14, 11, 8)",minecraft:stripped_dark_oak_wood,{'axis': 'x'},
"(15, 11, 8)",minecraft:stripped_dark_oak_wood,{'axis': 'x'},
"(16, 11, 8)",minecraft:oak_log,{'axis': 'y'},
"(17, 11, 8)",minecraft:oak_log,{'axis': 'x'},
"(3, 11, 9)",minecraft:spruce_stairs,"{'facing': 'east', 'half': 'top', 'shape': 'straight', 'waterlogged': 'false'}",
"(4, 11, 9)",minecraft:stripped_dark_oak_wood,{'axis': 'z'},
"(5, 11, 9)",minecraft:spruce_slab,"{'type': 'top', 'waterlogged': 'false'}",
"(6, 11, 9)",minecraft:spruce_slab,"{'type': 'top', 'waterlogged': 'false'}",
"(7, 11, 9)",minecraft:spruce_stairs,"{'facing': 'north', 'half': 'top', 'shape': 'straight', 'waterlogged': 'false'}",
"(8, 11, 9)",minecraft:spruce_slab,"{'type': 'top', 'waterlogged': 'false'}",
"(9, 11, 9)",minecraft:spruce_stairs,"{'facing': 'north', 'half': 'top', 'shape': 'inner_right', 'waterlogged': 'false'}",
"(10, 11, 9)",minecraft:stripped_dark_oak_wood,{'axis': 'z'},
"(11, 11, 9)",minecraft:spruce_stairs,"{'facing': 'north', 'half': 'top', 'shape': 'inner_left', 'waterlogged': 'false'}",
"(12, 11, 9)",minecraft:spruce_slab,"{'type': 'top', 'waterlogged': 'false'}",
"(13, 11, 9)",minecraft:spruce_stairs,"{'facing': 'north', 'half': 'top', 'shape': 'straight', 'waterlogged': 'false'}",
"(14, 11, 9)",minecraft:spruce_stairs,"{'facing': 'north', 'half': 'top', 'shape': 'straight', 'waterlogged': 'false'}",
"(15, 11, 9)",minecraft:spruce_slab,"{'type': 'top', 'waterlogged': 'false'}",
"(16, 11, 9)",minecraft:stripped_dark_oak_wood,{'axis': 'z'},
"(17, 11, 9)",minecraft:spruce_stairs,"{'facing': 'west', 'half': 'top', 'shape': 'straight', 'waterlogged': 'false'}",
"(3, 11, 10)",minecraft:dark_oak_slab,"{'type': 'top', 'waterlogged': 'false'}",
"(4, 11, 10)",minecraft:stripped_dark_oak_wood,{'axis': 'z'},
"(5, 11, 10)",minecraft:spruce_slab,"{'type': 'top', 'waterlogged': 'false'}",
"(6, 11, 10)",minecraft:spruce_trapdoor,"{'facing': 'north', 'half': 'top', 'open': 'false', 'powered': 'false', 'waterlogged': 'false'}",
"(7, 11, 10)",minecraft:spruce_trapdoor,"{'facing': 'north', 'half': 'top', 'open': 'false', 'powered': 'false', 'waterlogged': 'false'}",
"(8, 11, 10)",minecraft:spruce_trapdoor,"{'facing': 'west', 'half': 'top', 'open': 'false', 'powered': 'false', 'waterlogged': 'false'}",
"(9, 11, 10)",minecraft:spruce_stairs,"{'facing': 'east', 'half': 'top', 'shape': 'straight', 'waterlogged': 'false'}",
"(10, 11, 10)",minecraft:stripped_dark_oak_wood,{'axis': 'z'},
"(11, 11, 10)",minecraft:spruce_stairs,"{'facing': 'west', 'half': 'top', 'shape': 'straight', 'waterlogged': 'false'}",
"(12, 11, 10)",minecraft:spruce_trapdoor,"{'facing': 'north', 'half': 'top', 'open': 'false', 'powered': 'false', 'waterlogged': 'false'}",
"(13, 11, 10)",minecraft:spruce_slab,"{'type': 'top', 'waterlogged': 'false'}",
"(14, 11, 10)",minecraft:spruce_slab,"{'type': 'top', 'waterlogged': 'false'}",
"(15, 11, 10)",minecraft:spruce_stairs,"{'facing': 'east', 'half': 'top', 'shape': 'straight', 'waterlogged': 'false'}",
"(16, 11, 10)",minecraft:stripped_dark_oak_wood,{'axis': 'z'},
"(17, 11, 10)",minecraft:dark_oak_slab,"{'type': 'top', 'waterlogged': 'false'}",
"(3, 11, 11)",minecraft:dark_oak_stairs,"{'facing': 'east', 'half': 'top', 'shape': 'straight', 'waterlogged': 'false'}",
"(4, 11, 11)",minecraft:stripped_dark_oak_wood,{'axis': 'z'},
"(5, 11, 11)",minecraft:spruce_stairs,"{'facing': 'west', 'half': 'top', 'shape': 'inner_left', 'waterlogged': 'false'}",
"(6, 11, 11)",minecraft:spruce_stairs,"{'facing': 'south', 'half': 'top', 'shape': 'straight', 'waterlogged': 'false'}",
"(7, 11, 11)",minecraft:spruce_slab,"{'type': 'top', 'waterlogged': 'false'}",
"(8, 11, 11)",minecraft:spruce_slab,"{'type': 'top', 'waterlogged': 'false'}",
"(9, 11, 11)",minecraft:spruce_slab,"{'type': 'top', 'waterlogged': 'false'}",
"(10, 11, 11)",minecraft:stripped_dark_oak_wood,{'axis': 'z'},
"(11, 11, 11)",minecraft:spruce_slab,"{'type': 'top', 'waterlogged': 'false'}",
"(12, 11, 11)",minecraft:spruce_stairs,"{'facing': 'south', 'half': 'top', 'shape': 'straight', 'waterlogged': 'false'}",
"(15, 11, 11)",minecraft:spruce_stairs,"{'facing': 'east', 'half': 'bottom', 'shape': 'straight', 'waterlogged': 'false'}",
"(16, 11, 11)",minecraft:stripped_dark_oak_wood,{'axis': 'z'},
"(17, 11, 11)",minecraft:dark_oak_stairs,"{'facing': 'west', 'half': 'top', 'shape': 'straight', 'waterlogged': 'false'}",
"(3, 11, 12)",minecraft:oak_log,{'axis': 'x'},
"(4, 11, 12)",minecraft:stripped_dark_oak_wood,{'axis': 'z'},
"(5, 11, 12)",minecraft:stripped_dark_oak_wood,{'axis': 'x'},
"(6, 11, 12)",minecraft:stripped_dark_oak_wood,{'axis': 'x'},
"(7, 11, 12)",minecraft:stripped_dark_oak_wood,{'axis': 'x'},
"(8, 11, 12)",minecraft:stripped_dark_oak_wood,{'axis': 'x'},
"(9, 11, 12)",minecraft:stripped_dark_oak_wood,{'axis': 'x'},
"(10, 11, 12)",minecraft:stripped_dark_oak_wood,{'axis': 'z'},
"(11, 11, 12)",minecraft:stripped_dark_oak_wood,{'axis': 'x'},
"(12, 11, 12)",minecraft:stripped_dark_oak_wood,{'axis': 'x'},
"(13, 11, 12)",minecraft:stripped_dark_oak_wood,{'axis': 'x'},
"(14, 11, 12)",minecraft:stripped_dark_oak_wood,{'axis': 'x'},
"(15, 11, 12)",minecraft:stripped_dark_oak_wood,{'axis': 'x'},
"(16, 11, 12)",minecraft:stripped_dark_oak_wood,{'axis': 'y'},
"(17, 11, 12)",minecraft:oak_log,{'axis': 'x'},
"(3, 11, 13)",minecraft:dark_oak_stairs,"{'facing': 'east', 'half': 'top', 'shape': 'straight', 'waterlogged': 'false'}",
"(4, 11, 13)",minecraft:stripped_dark_oak_wood,{'axis': 'z'},
"(5, 11, 13)",minecraft:spruce_stairs,"{'facing': 'north', 'half': 'top', 'shape': 'inner_left', 'waterlogged': 'false'}",
"(6, 11, 13)",minecraft:spruce_slab,"{'type': 'top', 'waterlogged': 'false'}",
"(7, 11, 13)",minecraft:spruce_stairs,"{'facing': 'north', 'half': 'top', 'shape': 'straight', 'waterlogged': 'false'}",
"(8, 11, 13)",minecraft:spruce_stairs,"{'facing': 'north', 'half': 'top', 'shape': 'straight', 'waterlogged': 'false'}",
"(9, 11, 13)",minecraft:spruce_slab,"{'type': 'top', 'waterlogged': 'false'}",
"(10, 11, 13)",minecraft:stripped_dark_oak_wood,{'axis': 'z'},
"(11, 11, 13)",minecraft:spruce_stairs,"{'facing': 'west', 'half': 'top', 'shape': 'inner_right', 'waterlogged': 'false'}",
"(12, 11, 13)",minecraft:spruce_stairs,"{'facing': 'north', 'half': 'top', 'shape': 'straight', 'waterlogged': 'false'}",
"(13, 11, 13)",minecraft:spruce_slab,"{'type': 'top', 'waterlogged': 'false'}",
"(14, 11, 13)",minecraft:spruce_stairs,"{'facing': 'north', 'half': 'top', 'shape': 'straight', 'waterlogged': 'false'}",
"(15, 11, 13)",minecraft:spruce_slab,"{'type': 'top', 'waterlogged': 'false'}",
"(16, 11, 13)",minecraft:stripped_dark_oak_wood,{'axis': 'z'},
"(17, 11, 13)",minecraft:spruce_stairs,"{'facing': 'west', 'half': 'top', 'shape': 'straight', 'waterlogged': 'false'}",
"(3, 11, 14)",minecraft:dark_oak_slab,"{'type': 'top', 'waterlogged': 'false'}",
"(4, 11, 14)",minecraft:stripped_dark_oak_wood,{'axis': 'z'},
"(5, 11, 14)",minecraft:spruce_stairs,"{'facing': 'west', 'half': 'top', 'shape': 'straight', 'waterlogged': 'false'}",
"(6, 11, 14)",minecraft:spruce_slab,"{'type': 'top', 'waterlogged': 'false'}",
"(7, 11, 14)",minecraft:spruce_trapdoor,"{'facing': 'north', 'half': 'top', 'open': 'false', 'powered': 'false', 'waterlogged': 'false'}",
"(8, 11, 14)",minecraft:spruce_trapdoor,"{'facing': 'west', 'half': 'top', 'open': 'false', 'powered': 'false', 'waterlogged': 'false'}",
"(9, 11, 14)",minecraft:spruce_stairs,"{'facing': 'east', 'half': 'top', 'shape': 'straight', 'waterlogged': 'false'}",
"(10, 11, 14)",minecraft:stripped_dark_oak_wood,{'axis': 'z'},
"(11, 11, 14)",minecraft:spruce_stairs,"{'facing': 'west', 'half': 'top', 'shape': 'straight', 'waterlogged': 'false'}",
"(12, 11, 14)",minecraft:spruce_slab,"{'type': 'top', 'waterlogged': 'false'}",
"(13, 11, 14)",minecraft:spruce_trapdoor,"{'facing': 'south', 'half': 'top', 'open': 'false', 'powered': 'false', 'waterlogged': 'false'}",
"(14, 11, 14)",minecraft:spruce_trapdoor,"{'facing': 'west', 'half': 'top', 'open': 'false', 'powered': 'false', 'waterlogged': 'false'}",
"(15, 11, 14)",minecraft:spruce_slab,"{'type': 'top', 'waterlogged': 'false'}",
"(16, 11, 14)",minecraft:stripped_dark_oak_wood,{'axis': 'z'},
"(17, 11, 14)",minecraft:dark_oak_slab,"{'type': 'top', 'waterlogged': 'false'}",
"(3, 11, 15)",minecraft:spruce_stairs,"{'facing': 'east', 'half': 'top', 'shape': 'straight', 'waterlogged': 'false'}",
"(4, 11, 15)",minecraft:stripped_dark_oak_wood,{'axis': 'z'},
"(5, 11, 15)",minecraft:spruce_slab,"{'type': 'top', 'waterlogged': 'false'}",
"(6, 11, 15)",minecraft:spruce_trapdoor,"{'facing': 'east', 'half': 'top', 'open': 'false', 'powered': 'false', 'waterlogged': 'false'}",
"(7, 11, 15)",minecraft:stripped_spruce_log,{'axis': 'y'},
"(8, 11, 15)",minecraft:spruce_slab,"{'type': 'top', 'waterlogged': 'false'}",
"(9, 11, 15)",minecraft:spruce_stairs,"{'facing': 'east', 'half': 'top', 'shape': 'straight', 'waterlogged': 'false'}",
"(10, 11, 15)",minecraft:stripped_dark_oak_wood,{'axis': 'z'},
"(11, 11, 15)",minecraft:spruce_slab,"{'type': 'top', 'waterlogged': 'false'}",
"(12, 11, 15)",minecraft:spruce_trapdoor,"{'facing': 'east', 'half': 'top', 'open': 'false', 'powered': 'false', 'waterlogged': 'false'}",
"(13, 11, 15)",minecraft:spruce_trapdoor,"{'facing': 'north', 'half': 'top', 'open': 'false', 'powered': 'false', 'waterlogged': 'false'}",
"(14, 11, 15)",minecraft:spruce_slab,"{'type': 'top', 'waterlogged': 'false'}",
"(15, 11, 15)",minecraft:spruce_stairs,"{'facing': 'east', 'half': 'top', 'shape': 'straight', 'waterlogged': 'false'}",
"(16, 11, 15)",minecraft:stripped_dark_oak_wood,{'axis': 'z'},
"(17, 11, 15)",minecraft:dark_oak_stairs,"{'facing': 'west', 'half': 'top', 'shape': 'straight', 'waterlogged': 'false'}",
"(3, 11, 16)",minecraft:dark_oak_slab,"{'type': 'top', 'waterlogged': 'false'}",
"(4, 11, 16)",minecraft:stripped_dark_oak_wood,{'axis': 'z'},
"(5, 11, 16)",minecraft:spruce_stairs,"{'facing': 'west', 'half': 'top', 'shape': 'straight', 'waterlogged': 'false'}",
"(6, 11, 16)",minecraft:spruce_trapdoor,"{'facing': 'north', 'half': 'top', 'open': 'false', 'powered': 'false', 'waterlogged': 'false'}",
"(7, 11, 16)",minecraft:spruce_slab,"{'type': 'top', 'waterlogged': 'false'}",
"(8, 11, 16)",minecraft:spruce_trapdoor,"{'facing': 'west', 'half': 'top', 'open': 'false', 'powered': 'false', 'waterlogged': 'false'}",
"(9, 11, 16)",minecraft:spruce_slab,"{'type': 'top', 'waterlogged': 'false'}",
"(10, 11, 16)",minecraft:stripped_dark_oak_wood,{'axis': 'z'},
"(11, 11, 16)",minecraft:spruce_stairs,"{'facing': 'west', 'half': 'top', 'shape': 'straight', 'waterlogged': 'false'}",
"(12, 11, 16)",minecraft:spruce_trapdoor,"{'facing': 'north', 'half': 'top', 'open': 'false', 'powered': 'false', 'waterlogged': 'false'}",
"(13, 11, 16)",minecraft:spruce_slab,"{'type': 'top', 'waterlogged': 'false'}",
"(14, 11, 16)",minecraft:spruce_trapdoor,"{'facing': 'west', 'half': 'top', 'open': 'false', 'powered': 'false', 'waterlogged': 'false'}",
"(15, 11, 16)",minecraft:spruce_stairs,"{'facing': 'east', 'half': 'top', 'shape': 'straight', 'waterlogged': 'false'}",
"(16, 11, 16)",minecraft:stripped_dark_oak_wood,{'axis': 'z'},
"(17, 11, 16)",minecraft:spruce_slab,"{'type': 'top', 'waterlogged': 'false'}",
"(3, 11, 17)",minecraft:dark_oak_stairs,"{'facing': 'east', 'half': 'top', 'shape': 'straight', 'waterlogged': 'false'}",
"(4, 11, 17)",minecraft:stripped_dark_oak_wood,{'axis': 'z'},
"(5, 11, 17)",minecraft:spruce_slab,"{'type': 'top', 'waterlogged': 'false'}",
"(6, 11, 17)",minecraft:spruce_slab,"{'type': 'top', 'waterlogged': 'false'}",
"(7, 11, 17)",minecraft:spruce_stairs,"{'facing': 'south', 'half': 'top', 'shape': 'straight', 'waterlogged': 'false'}",
"(8, 11, 17)",minecraft:spruce_slab,"{'type': 'top', 'waterlogged': 'false'}",
"(9, 11, 17)",minecraft:spruce_slab,"{'type': 'top', 'waterlogged': 'false'}",
"(10, 11, 17)",minecraft:stripped_dark_oak_wood,{'axis': 'z'},
"(11, 11, 17)",minecraft:spruce_slab,"{'type': 'top', 'waterlogged': 'false'}",
"(12, 11, 17)",minecraft:spruce_slab,"{'type': 'top', 'waterlogged': 'false'}",
"(13, 11, 17)",minecraft:spruce_stairs,"{'facing': 'south', 'half': 'top', 'shape': 'straight', 'waterlogged': 'false'}",
"(14, 11, 17)",minecraft:spruce_stairs,"{'facing': 'south', 'half': 'top', 'shape': 'straight', 'waterlogged': 'false'}",
"(15, 11, 17)",minecraft:spruce_slab,"{'type': 'top', 'waterlogged': 'false'}",
"(16, 11, 17)",minecraft:stripped_dark_oak_wood,{'axis': 'z'},
"(17, 11, 17)",minecraft:dark_oak_stairs,"{'facing': 'west', 'half': 'top', 'shape': 'straight', 'waterlogged': 'false'}",
"(3, 11, 18)",minecraft:oak_log,{'axis': 'x'},
"(4, 11, 18)",minecraft:stripped_dark_oak_wood,{'axis': 'y'},
"(5, 11, 18)",minecraft:stripped_dark_oak_wood,{'axis': 'x'},
"(6, 11, 18)",minecraft:stripped_dark_oak_wood,{'axis': 'x'},
"(7, 11, 18)",minecraft:stripped_dark_oak_wood,{'axis': 'x'},
"(8, 11, 18)",minecraft:stripped_dark_oak_wood,{'axis': 'x'},
"(9, 11, 18)",minecraft:stripped_dark_oak_wood,{'axis': 'x'},
"(10, 11, 18)",minecraft:stripped_dark_oak_wood,{'axis': 'z'},
"(11, 11, 18)",minecraft:stripped_dark_oak_wood,{'axis': 'x'},
"(12, 11, 18)",minecraft:stripped_dark_oak_wood,{'axis': 'x'},
"(13, 11, 18)",minecraft:stripped_dark_oak_wood,{'axis': 'x'},
"(14, 11, 18)",minecraft:stripped_dark_oak_wood,{'axis': 'x'},
"(15, 11, 18)",minecraft:stripped_dark_oak_wood,{'axis': 'x'},
"(16, 11, 18)",minecraft:stripped_dark_oak_wood,{'axis': 'y'},
"(17, 11, 18)",minecraft:oak_log,{'axis': 'x'},
"(3, 11, 19)",minecraft:spruce_stairs,"{'facing': 'east', 'half': 'top', 'shape': 'straight', 'waterlogged': 'false'}",
"(4, 11, 19)",minecraft:stripped_dark_oak_wood,{'axis': 'z'},
"(5, 11, 19)",minecraft:spruce_stairs,"{'facing': 'west', 'half': 'top', 'shape': 'inner_right', 'waterlogged': 'false'}",
"(6, 11, 19)",minecraft:spruce_stairs,"{'facing': 'north', 'half': 'top', 'shape': 'straight', 'waterlogged': 'false'}",
"(7, 11, 19)",minecraft:spruce_slab,"{'type': 'top', 'waterlogged': 'false'}",
"(8, 11, 19)",minecraft:spruce_slab,"{'type': 'top', 'waterlogged': 'false'}",
"(9, 11, 19)",minecraft:spruce_stairs,"{'facing': 'east', 'half': 'top', 'shape': 'straight', 'waterlogged': 'false'}",
"(10, 11, 19)",minecraft:stripped_dark_oak_wood,{'axis': 'z'},
"(11, 11, 19)",minecraft:spruce_slab,"{'type': 'top', 'waterlogged': 'false'}",
"(12, 11, 19)",minecraft:spruce_slab,"{'type': 'top', 'waterlogged': 'false'}",
"(13, 11, 19)",minecraft:spruce_stairs,"{'facing': 'north', 'half': 'top', 'shape': 'straight', 'waterlogged': 'false'}",
"(14, 11, 19)",minecraft:spruce_slab,"{'type': 'top', 'waterlogged': 'false'}",
"(15, 11, 19)",minecraft:spruce_stairs,"{'facing': 'north', 'half': 'top', 'shape': 'inner_right', 'waterlogged': 'false'}",
"(16, 11, 19)",minecraft:stripped_dark_oak_wood,{'axis': 'z'},
"(17, 11, 19)",minecraft:dark_oak_stairs,"{'facing': 'west', 'half': 'top', 'shape': 'straight', 'waterlogged': 'false'}",
"(3, 11, 20)",minecraft:dark_oak_slab,"{'type': 'top', 'waterlogged': 'false'}",
"(4, 11, 20)",minecraft:stripped_dark_oak_wood,{'axis': 'z'},
"(5, 11, 20)",minecraft:spruce_slab,"{'type': 'top', 'waterlogged': 'false'}",
"(6, 11, 20)",minecraft:spruce_trapdoor,"{'facing': 'north', 'half': 'top', 'open': 'false', 'powered': 'false', 'waterlogged': 'false'}",
"(7, 11, 20)",minecraft:spruce_trapdoor,"{'facing': 'west', 'half': 'top', 'open': 'false', 'powered': 'false', 'waterlogged': 'false'}",
"(8, 11, 20)",minecraft:spruce_trapdoor,"{'facing': 'south', 'half': 'top', 'open': 'false', 'powered': 'false', 'waterlogged': 'false'}",
"(9, 11, 20)",minecraft:spruce_stairs,"{'facing': 'east', 'half': 'top', 'shape': 'straight', 'waterlogged': 'false'}",
"(10, 11, 20)",minecraft:stripped_dark_oak_wood,{'axis': 'z'},
"(11, 11, 20)",minecraft:spruce_stairs,"{'facing': 'west', 'half': 'top', 'shape': 'straight', 'waterlogged': 'false'}",
"(12, 11, 20)",minecraft:spruce_trapdoor,"{'facing': 'east', 'half': 'top', 'open': 'false', 'powered': 'false', 'waterlogged': 'false'}",
"(13, 11, 20)",minecraft:spruce_trapdoor,"{'facing': 'west', 'half': 'top', 'open': 'false', 'powered': 'false', 'waterlogged': 'false'}",
"(14, 11, 20)",minecraft:spruce_trapdoor,"{'facing': 'south', 'half': 'top', 'open': 'false', 'powered': 'false', 'waterlogged': 'false'}",
"(15, 11, 20)",minecraft:spruce_stairs,"{'facing': 'east', 'half': 'top', 'shape': 'straight', 'waterlogged': 'false'}",
"(16, 11, 20)",minecraft:stripped_dark_oak_wood,{'axis': 'z'},
"(17, 11, 20)",minecraft:dark_oak_slab,"{'type': 'top', 'waterlogged': 'false'}",
"(3, 11, 21)",minecraft:dark_oak_stairs,"{'facing': 'east', 'half': 'top', 'shape': 'straight', 'waterlogged': 'false'}",
"(4, 11, 21)",minecraft:stripped_dark_oak_wood,{'axis': 'z'},
"(5, 11, 21)",minecraft:spruce_stairs,"{'facing': 'west', 'half': 'top', 'shape': 'straight', 'waterlogged': 'false'}",
"(6, 11, 21)",minecraft:spruce_slab,"{'type': 'top', 'waterlogged': 'false'}",
"(7, 11, 21)",minecraft:spruce_stairs,"{'facing': 'south', 'half': 'top', 'shape': 'straight', 'waterlogged': 'false'}",
"(8, 11, 21)",minecraft:spruce_stairs,"{'facing': 'south', 'half': 'top', 'shape': 'straight', 'waterlogged': 'false'}",
"(9, 11, 21)",minecraft:spruce_slab,"{'type': 'top', 'waterlogged': 'false'}",
"(10, 11, 21)",minecraft:stripped_dark_oak_wood,{'axis': 'z'},
"(11, 11, 21)",minecraft:spruce_slab,"{'type': 'top', 'waterlogged': 'false'}",
"(12, 11, 21)",minecraft:spruce_stairs,"{'facing': 'south', 'half': 'top', 'shape': 'straight', 'waterlogged': 'false'}",
"(13, 11, 21)",minecraft:spruce_stairs,"{'facing': 'south', 'half': 'top', 'shape': 'straight', 'waterlogged': 'false'}",
"(14, 11, 21)",minecraft:spruce_slab,"{'type': 'top', 'waterlogged': 'false'}",
"(15, 11, 21)",minecraft:spruce_slab,"{'type': 'top', 'waterlogged': 'false'}",
"(16, 11, 21)",minecraft:stripped_dark_oak_wood,{'axis': 'z'},
"(17, 11, 21)",minecraft:spruce_stairs,"{'facing': 'west', 'half': 'top', 'shape': 'straight', 'waterlogged': 'false'}",
"(3, 11, 22)",minecraft:oak_log,{'axis': 'x'},
"(4, 11, 22)",minecraft:oak_log,{'axis': 'y'},
"(5, 11, 22)",minecraft:stripped_dark_oak_wood,{'axis': 'x'},
"(6, 11, 22)",minecraft:stripped_dark_oak_wood,{'axis': 'x'},
"(7, 11, 22)",minecraft:stripped_dark_oak_wood,{'axis': 'x'},
"(8, 11, 22)",minecraft:stripped_dark_oak_wood,{'axis': 'x'},
"(9, 11, 22)",minecraft:stripped_dark_oak_wood,{'axis': 'x'},
"(10, 11, 22)",minecraft:stripped_dark_oak_wood,{'axis': 'y'},
"(11, 11, 22)",minecraft:stripped_dark_oak_wood,{'axis': 'x'},
"(12, 11, 22)",minecraft:stripped_dark_oak_wood,{'axis': 'x'},
"(13, 11, 22)",minecraft:stripped_dark_oak_wood,{'axis': 'x'},
"(14, 11, 22)",minecraft:stripped_dark_oak_wood,{'axis': 'x'},
"(15, 11, 22)",minecraft:stripped_dark_oak_wood,{'axis': 'x'},
"(16, 11, 22)",minecraft:oak_log,{'axis': 'y'},
"(17, 11, 22)",minecraft:oak_log,{'axis': 'x'},
"(4, 11, 23)",minecraft:oak_log,{'axis': 'z'},
"(5, 11, 23)",minecraft:spruce_stairs,"{'facing': 'north', 'half': 'top', 'shape': 'straight', 'waterlogged': 'false'}",
"(6, 11, 23)",minecraft:dark_oak_slab,"{'type': 'top', 'waterlogged': 'false'}",
"(7, 11, 23)",minecraft:spruce_stairs,"{'facing': 'north', 'half': 'top', 'shape': 'straight', 'waterlogged': 'false'}",
"(8, 11, 23)",minecraft:dark_oak_slab,"{'type': 'top', 'waterlogged': 'false'}",
"(9, 11, 23)",minecraft:dark_oak_stairs,"{'facing': 'north', 'half': 'top', 'shape': 'straight', 'waterlogged': 'false'}",
"(10, 11, 23)",minecraft:oak_log,{'axis': 'z'},
"(11, 11, 23)",minecraft:spruce_stairs,"{'facing': 'north', 'half': 'top', 'shape': 'straight', 'waterlogged': 'false'}",
"(12, 11, 23)",minecraft:dark_oak_slab,"{'type': 'top', 'waterlogged': 'false'}",
"(13, 11, 23)",minecraft:dark_oak_stairs,"{'facing': 'north', 'half': 'top', 'shape': 'straight', 'waterlogged': 'false'}",
"(14, 11, 23)",minecraft:spruce_slab,"{'type': 'top', 'waterlogged': 'false'}",
"(15, 11, 23)",minecraft:dark_oak_stairs,"{'facing': 'north', 'half': 'top', 'shape': 'straight', 'waterlogged': 'false'}",
"(16, 11, 23)",minecraft:oak_log,{'axis': 'z'},
"(4, 12, 7)",minecraft:spruce_stairs,"{'facing': 'south', 'half': 'bottom', 'shape': 'straight', 'waterlogged': 'false'}",
"(5, 12, 7)",minecraft:oak_leaves,"{'distance': '7', 'persistent': 'true', 'waterlogged': 'false'}",
"(6, 12, 7)",minecraft:spruce_slab,"{'type': 'bottom', 'waterlogged': 'false'}",
"(8, 12, 7)",minecraft:spruce_slab,"{'type': 'bottom', 'waterlogged': 'false'}",
"(10, 12, 7)",minecraft:spruce_stairs,"{'facing': 'south', 'half': 'bottom', 'shape': 'straight', 'waterlogged': 'false'}",
"(11, 12, 7)",minecraft:azalea_leaves,"{'distance': '7', 'persistent': 'true', 'waterlogged': 'false'}",
"(12, 12, 7)",minecraft:spruce_slab,"{'type': 'bottom', 'waterlogged': 'false'}",
"(14, 12, 7)",minecraft:spruce_slab,"{'type': 'bottom', 'waterlogged': 'false'}",
"(15, 12, 7)",minecraft:azalea_leaves,"{'distance': '7', 'persistent': 'true', 'waterlogged': 'false'}",
"(16, 12, 7)",minecraft:spruce_stairs,"{'facing': 'south', 'half': 'bottom', 'shape': 'straight', 'waterlogged': 'false'}",
"(3, 12, 8)",minecraft:spruce_stairs,"{'facing': 'east', 'half': 'bottom', 'shape': 'straight', 'waterlogged': 'false'}",
"(4, 12, 8)",minecraft:oak_log,{'axis': 'y'},
"(5, 12, 8)",minecraft:terracotta,{},
"(6, 12, 8)",minecraft:terracotta,{},
"(7, 12, 8)",minecraft:granite,{},
"(8, 12, 8)",minecraft:granite,{},
"(9, 12, 8)",minecraft:granite,{},
"(10, 12, 8)",minecraft:mangrove_wood,{'axis': 'y'},
"(11, 12, 8)",minecraft:granite,{},
"(12, 12, 8)",minecraft:granite,{},
"(13, 12, 8)",minecraft:terracotta,{},
"(14, 12, 8)",minecraft:terracotta,{},
"(15, 12, 8)",minecraft:brown_wool,{},
"(16, 12, 8)",minecraft:oak_log,{'axis': 'y'},
"(17, 12, 8)",minecraft:spruce_stairs,"{'facing': 'west', 'half': 'bottom', 'shape': 'straight', 'waterlogged': 'false'}",
"(4, 12, 9)",minecraft:brown_wool,{},
"(5, 12, 9)",minecraft:dark_oak_trapdoor,"{'facing': 'east', 'half': 'bottom', 'open': 'true', 'powered': 'false', 'waterlogged': 'false'}",
"(6, 12, 9)",minecraft:lectern,"{'facing': 'south', 'has_book': 'true', 'powered': 'false'}","{components: {}, Book: {count: 1, id: ""minecraft:writable_book""}, Page: -1, id: ""minecraft:lectern""}"
"(7, 12, 9)",minecraft:bookshelf,{},
"(8, 12, 9)",minecraft:bookshelf,{},
"(9, 12, 9)",minecraft:bookshelf,{},
"(10, 12, 9)",minecraft:beehive,"{'facing': 'south', 'honey_level': '0'}","{components: {}, id: ""minecraft:beehive"", bees: []}"
"(11, 12, 9)",minecraft:bookshelf,{},
"(12, 12, 9)",minecraft:bookshelf,{},
"(13, 12, 9)",minecraft:lectern,"{'facing': 'south', 'has_book': 'true', 'powered': 'false'}","{components: {}, Book: {count: 1, id: ""minecraft:writable_book""}, Page: -1, id: ""minecraft:lectern""}"
"(14, 12, 9)",minecraft:beehive,"{'facing': 'west', 'honey_level': '0'}","{components: {}, id: ""minecraft:beehive"", bees: []}"
"(15, 12, 9)",minecraft:beehive,"{'facing': 'south', 'honey_level': '0'}","{components: {}, id: ""minecraft:beehive"", bees: []}"
"(16, 12, 9)",minecraft:brown_wool,{},
"(17, 12, 9)",minecraft:flowering_azalea_leaves,"{'distance': '7', 'persistent': 'true', 'waterlogged': 'false'}",
"(3, 12, 10)",minecraft:spruce_slab,"{'type': 'bottom', 'waterlogged': 'false'}",
"(4, 12, 10)",minecraft:brown_wool,{},
"(9, 12, 10)",minecraft:beehive,"{'facing': 'south', 'honey_level': '0'}","{components: {}, id: ""minecraft:beehive"", bees: []}"
"(16, 12, 10)",minecraft:terracotta,{},
"(17, 12, 10)",minecraft:spruce_slab,"{'type': 'bottom', 'waterlogged': 'false'}",
"(3, 12, 11)",minecraft:flowering_azalea_leaves,"{'distance': '7', 'persistent': 'true', 'waterlogged': 'false'}",
"(4, 12, 11)",minecraft:terracotta,{},
"(5, 12, 11)",minecraft:bookshelf,{},
"(6, 12, 11)",minecraft:beehive,"{'facing': 'south', 'honey_level': '0'}","{components: {}, id: ""minecraft:beehive"", bees: []}"
"(7, 12, 11)",minecraft:beehive,"{'facing': 'east', 'honey_level': '0'}","{components: {}, id: ""minecraft:beehive"", bees: []}"
"(13, 12, 11)",minecraft:dark_oak_trapdoor,"{'facing': 'north', 'half': 'bottom', 'open': 'true', 'powered': 'false', 'waterlogged': 'false'}",
"(14, 12, 11)",minecraft:dark_oak_trapdoor,"{'facing': 'north', 'half': 'bottom', 'open': 'true', 'powered': 'false', 'waterlogged': 'false'}",
"(15, 12, 11)",minecraft:dark_oak_trapdoor,"{'facing': 'north', 'half': 'bottom', 'open': 'true', 'powered': 'false', 'waterlogged': 'false'}",
"(16, 12, 11)",minecraft:brown_wool,{},
"(3, 12, 12)",minecraft:dark_oak_stairs,"{'facing': 'east', 'half': 'bottom', 'shape': 'straight', 'waterlogged': 'false'}",
"(4, 12, 12)",minecraft:mangrove_wood,{'axis': 'y'},
"(6, 12, 12)",minecraft:beehive,"{'facing': 'east', 'honey_level': '0'}","{components: {}, id: ""minecraft:beehive"", bees: []}"
"(7, 12, 12)",minecraft:beehive,"{'facing': 'east', 'honey_level': '0'}","{components: {}, id: ""minecraft:beehive"", bees: []}"
"(9, 12, 12)",minecraft:gray_carpet,{},
"(14, 12, 12)",minecraft:beehive,"{'facing': 'west', 'honey_level': '0'}","{components: {}, id: ""minecraft:beehive"", bees: []}"
"(15, 12, 12)",minecraft:dark_oak_trapdoor,"{'facing': 'west', 'half': 'bottom', 'open': 'true', 'powered': 'false', 'waterlogged': 'false'}",
"(16, 12, 12)",minecraft:stripped_dark_oak_wood,{'axis': 'y'},
"(17, 12, 12)",minecraft:dark_oak_stairs,"{'facing': 'west', 'half': 'bottom', 'shape': 'straight', 'waterlogged': 'false'}",
"(4, 12, 13)",minecraft:terracotta,{},
"(5, 12, 13)",minecraft:bookshelf,{},
"(6, 12, 13)",minecraft:beehive,"{'facing': 'east', 'honey_level': '0'}","{components: {}, id: ""minecraft:beehive"", bees: []}"
"(8, 12, 13)",minecraft:gray_carpet,{},
"(9, 12, 13)",minecraft:light_gray_carpet,{},
"(10, 12, 13)",minecraft:gray_carpet,{},
"(11, 12, 13)",minecraft:beehive,"{'facing': 'west', 'honey_level': '0'}","{components: {}, id: ""minecraft:beehive"", bees: []}"
"(14, 12, 13)",minecraft:cobweb,{},
"(15, 12, 13)",minecraft:bookshelf,{},
"(16, 12, 13)",minecraft:terracotta,{},
"(17, 12, 13)",minecraft:azalea_leaves,"{'distance': '7', 'persistent': 'true', 'waterlogged': 'false'}",
"(3, 12, 14)",minecraft:spruce_slab,"{'type': 'bottom', 'waterlogged': 'false'}",
"(4, 12, 14)",minecraft:terracotta,{},
"(5, 12, 14)",minecraft:bookshelf,{},
"(7, 12, 14)",minecraft:gray_carpet,{},
"(8, 12, 14)",minecraft:light_gray_carpet,{},
"(9, 12, 14)",minecraft:gray_carpet,{},
"(10, 12, 14)",minecraft:beehive,"{'facing': 'west', 'honey_level': '0'}","{components: {}, id: ""minecraft:beehive"", bees: []}"
"(11, 12, 14)",minecraft:beehive,"{'facing': 'west', 'honey_level': '0'}","{components: {}, id: ""minecraft:beehive"", bees: []}"
"(12, 12, 14)",minecraft:beehive,"{'facing': 'north', 'honey_level': '0'}","{components: {}, id: ""minecraft:beehive"", bees: []}"
"(15, 12, 14)",minecraft:bookshelf,{},
"(16, 12, 14)",minecraft:brown_wool,{},
"(17, 12, 14)",minecraft:spruce_slab,"{'type': 'bottom', 'waterlogged': 'false'}",
"(4, 12, 15)",minecraft:granite,{},
"(5, 12, 15)",minecraft:bookshelf,{},
"(6, 12, 15)",minecraft:gray_carpet,{},
"(7, 12, 15)",minecraft:light_gray_carpet,{},
"(8, 12, 15)",minecraft:gray_carpet,{},
"(10, 12, 15)",minecraft:cobweb,{},
"(11, 12, 15)",minecraft:bookshelf,{},
"(15, 12, 15)",minecraft:bookshelf,{},
"(16, 12, 15)",minecraft:brown_wool,{},
"(3, 12, 16)",minecraft:spruce_slab,"{'type': 'bottom', 'waterlogged': 'false'}",
"(4, 12, 16)",minecraft:granite,{},
"(5, 12, 16)",minecraft:lectern,"{'facing': 'east', 'has_book': 'true', 'powered': 'false'}","{components: {}, Book: {count: 1, id: ""minecraft:writable_book""}, Page: -1, id: ""minecraft:lectern""}"
"(6, 12, 16)",minecraft:spruce_trapdoor,"{'facing': 'east', 'half': 'bottom', 'open': 'true', 'powered': 'false', 'waterlogged': 'false'}",
"(7, 12, 16)",minecraft:gray_carpet,{},
"(11, 12, 16)",minecraft:bookshelf,{},
"(12, 12, 16)",minecraft:cobweb,{},
"(14, 12, 16)",minecraft:spruce_trapdoor,"{'facing': 'west', 'half': 'bottom', 'open': 'true', 'powered': 'false', 'waterlogged': 'false'}",
"(15, 12, 16)",minecraft:lectern,"{'facing': 'west', 'has_book': 'true', 'powered': 'false'}","{components: {}, Book: {count: 1, id: ""minecraft:writable_book""}, Page: -1, id: ""minecraft:lectern""}"
"(16, 12, 16)",minecraft:brown_wool,{},
"(17, 12, 16)",minecraft:dark_oak_slab,"{'type': 'bottom', 'waterlogged': 'false'}",
"(4, 12, 17)",minecraft:granite,{},
"(5, 12, 17)",minecraft:beehive,"{'facing': 'south', 'honey_level': '0'}","{components: {}, id: ""minecraft:beehive"", bees: []}"
"(8, 12, 17)",minecraft:bookshelf,{},
"(11, 12, 17)",minecraft:beehive,"{'facing': 'east', 'honey_level': '0'}","{components: {}, id: ""minecraft:beehive"", bees: []}"
"(14, 12, 17)",minecraft:cobweb,{},
"(15, 12, 17)",minecraft:beehive,"{'facing': 'west', 'honey_level': '0'}","{components: {}, id: ""minecraft:beehive"", bees: []}"
"(16, 12, 17)",minecraft:terracotta,{},
"(3, 12, 18)",minecraft:dark_oak_stairs,"{'facing': 'east', 'half': 'bottom', 'shape': 'straight', 'waterlogged': 'false'}",
"(4, 12, 18)",minecraft:mangrove_wood,{'axis': 'y'},
"(5, 12, 18)",minecraft:dark_oak_trapdoor,"{'facing': 'east', 'half': 'bottom', 'open': 'true', 'powered': 'false', 'waterlogged': 'false'}",
"(8, 12, 18)",minecraft:bookshelf,{},
"(14, 12, 18)",minecraft:beehive,"{'facing': 'west', 'honey_level': '0'}","{components: {}, id: ""minecraft:beehive"", bees: []}"
"(15, 12, 18)",minecraft:beehive,"{'facing': 'west', 'honey_level': '0'}","{components: {}, id: ""minecraft:beehive"", bees: []}"
"(16, 12, 18)",minecraft:stripped_dark_oak_wood,{'axis': 'y'},
"(17, 12, 18)",minecraft:dark_oak_stairs,"{'facing': 'west', 'half': 'bottom', 'shape': 'straight', 'waterlogged': 'false'}",
"(4, 12, 19)",minecraft:terracotta,{},
"(5, 12, 19)",minecraft:bookshelf,{},
"(11, 12, 19)",minecraft:beehive,"{'facing': 'north', 'honey_level': '0'}","{components: {}, id: ""minecraft:beehive"", bees: []}"
"(14, 12, 19)",minecraft:beehive,"{'facing': 'west', 'honey_level': '0'}","{components: {}, id: ""minecraft:beehive"", bees: []}"
"(15, 12, 19)",minecraft:beehive,"{'facing': 'west', 'honey_level': '0'}","{components: {}, id: ""minecraft:beehive"", bees: []}"
"(16, 12, 19)",minecraft:terracotta,{},
"(17, 12, 19)",minecraft:oak_leaves,"{'distance': '7', 'persistent': 'true', 'waterlogged': 'false'}",
"(3, 12, 20)",minecraft:dark_oak_slab,"{'type': 'bottom', 'waterlogged': 'false'}",
"(4, 12, 20)",minecraft:brown_wool,{},
"(5, 12, 20)",minecraft:bookshelf,{},
"(6, 12, 20)",minecraft:spruce_trapdoor,"{'facing': 'north', 'half': 'bottom', 'open': 'true', 'powered': 'false', 'waterlogged': 'false'}",
"(7, 12, 20)",minecraft:cobweb,{},
"(9, 12, 20)",minecraft:beehive,"{'facing': 'north', 'honey_level': '0'}","{components: {}, id: ""minecraft:beehive"", bees: []}"
"(10, 12, 20)",minecraft:beehive,"{'facing': 'north', 'honey_level': '0'}","{components: {}, id: ""minecraft:beehive"", bees: []}"
"(12, 12, 20)",minecraft:lectern,"{'facing': 'north', 'has_book': 'true', 'powered': 'false'}","{components: {}, Book: {count: 1, id: ""minecraft:writable_book""}, Page: -1, id: ""minecraft:lectern""}"
"(14, 12, 20)",minecraft:beehive,"{'facing': 'west', 'honey_level': '0'}","{components: {}, id: ""minecraft:beehive"", bees: []}"
"(15, 12, 20)",minecraft:beehive,"{'facing': 'west', 'honey_level': '0'}","{components: {}, id: ""minecraft:beehive"", bees: []}"
"(16, 12, 20)",minecraft:brown_wool,{},
"(17, 12, 20)",minecraft:spruce_slab,"{'type': 'bottom', 'waterlogged': 'false'}",
"(3, 12, 21)",minecraft:oak_leaves,"{'distance': '7', 'persistent': 'true', 'waterlogged': 'false'}",
"(4, 12, 21)",minecraft:brown_wool,{},
"(5, 12, 21)",minecraft:dark_oak_trapdoor,"{'facing': 'east', 'half': 'bottom', 'open': 'true', 'powered': 'false', 'waterlogged': 'false'}",
"(6, 12, 21)",minecraft:lectern,"{'facing': 'north', 'has_book': 'true', 'powered': 'false'}","{components: {}, Book: {count: 1, id: ""minecraft:writable_book""}, Page: -1, id: ""minecraft:lectern""}"
"(7, 12, 21)",minecraft:bookshelf,{},
"(8, 12, 21)",minecraft:bookshelf,{},
"(9, 12, 21)",minecraft:beehive,"{'facing': 'north', 'honey_level': '0'}","{components: {}, id: ""minecraft:beehive"", bees: []}"
"(10, 12, 21)",minecraft:beehive,"{'facing': 'north', 'honey_level': '0'}","{components: {}, id: ""minecraft:beehive"", bees: []}"
"(11, 12, 21)",minecraft:bookshelf,{},
"(12, 12, 21)",minecraft:bookshelf,{},
"(13, 12, 21)",minecraft:bookshelf,{},
"(15, 12, 21)",minecraft:dark_oak_trapdoor,"{'facing': 'west', 'half': 'bottom', 'open': 'true', 'powered': 'false', 'waterlogged': 'false'}",
"(16, 12, 21)",minecraft:brown_wool,{},
"(3, 12, 22)",minecraft:dark_oak_stairs,"{'facing': 'east', 'half': 'bottom', 'shape': 'straight', 'waterlogged': 'false'}",
"(4, 12, 22)",minecraft:oak_log,{'axis': 'y'},
"(5, 12, 22)",minecraft:brown_wool,{},
"(6, 12, 22)",minecraft:terracotta,{},
"(7, 12, 22)",minecraft:terracotta,{},
"(8, 12, 22)",minecraft:granite,{},
"(9, 12, 22)",minecraft:granite,{},
"(10, 12, 22)",minecraft:mangrove_wood,{'axis': 'y'},
"(11, 12, 22)",minecraft:granite,{},
"(12, 12, 22)",minecraft:granite,{},
"(13, 12, 22)",minecraft:terracotta,{},
"(14, 12, 22)",minecraft:terracotta,{},
"(15, 12, 22)",minecraft:brown_wool,{},
"(16, 12, 22)",minecraft:oak_log,{'axis': 'y'},
"(17, 12, 22)",minecraft:dark_oak_stairs,"{'facing': 'west', 'half': 'bottom', 'shape': 'straight', 'waterlogged': 'false'}",
"(4, 12, 23)",minecraft:dark_oak_stairs,"{'facing': 'north', 'half': 'bottom', 'shape': 'straight', 'waterlogged': 'false'}",
"(5, 12, 23)",minecraft:azalea_leaves,"{'distance': '7', 'persistent': 'true', 'waterlogged': 'false'}",
"(6, 12, 23)",minecraft:dark_oak_slab,"{'type': 'bottom', 'waterlogged': 'false'}",
"(8, 12, 23)",minecraft:spruce_slab,"{'type': 'bottom', 'waterlogged': 'false'}",
"(9, 12, 23)",minecraft:flowering_azalea_leaves,"{'distance': '7', 'persistent': 'true', 'waterlogged': 'false'}",
"(10, 12, 23)",minecraft:dark_oak_stairs,"{'facing': 'north', 'half': 'bottom', 'shape': 'straight', 'waterlogged': 'false'}",
"(12, 12, 23)",minecraft:spruce_slab,"{'type': 'bottom', 'waterlogged': 'false'}",
"(14, 12, 23)",minecraft:dark_oak_slab,"{'type': 'bottom', 'waterlogged': 'false'}",
"(16, 12, 23)",minecraft:dark_oak_stairs,"{'facing': 'north', 'half': 'bottom', 'shape': 'straight', 'waterlogged': 'false'}",
"(3, 13, 7)",minecraft:stripped_jungle_wood,{'axis': 'x'},
"(4, 13, 7)",minecraft:spruce_fence,"{'east': 'false', 'north': 'false', 'south': 'true', 'waterlogged': 'false', 'west': 'true'}",
"(14, 13, 7)",minecraft:flowering_azalea_leaves,"{'distance': '7', 'persistent': 'true', 'waterlogged': 'false'}",
"(16, 13, 7)",minecraft:spruce_fence,"{'east': 'true', 'north': 'false', 'south': 'true', 'waterlogged': 'false', 'west': 'false'}",
"(17, 13, 7)",minecraft:jungle_planks,{},
"(3, 13, 8)",minecraft:mud_bricks,{},
"(4, 13, 8)",minecraft:stripped_dark_oak_wood,{'axis': 'y'},
"(5, 13, 8)",minecraft:brown_wool,{},
"(6, 13, 8)",minecraft:terracotta,{},
"(7, 13, 8)",minecraft:terracotta,{},
"(8, 13, 8)",minecraft:terracotta,{},
"(9, 13, 8)",minecraft:granite,{},
"(10, 13, 8)",minecraft:oak_log,{'axis': 'y'},
"(11, 13, 8)",minecraft:terracotta,{},
"(12, 13, 8)",minecraft:terracotta,{},
"(13, 13, 8)",minecraft:terracotta,{},
"(14, 13, 8)",minecraft:brown_wool,{},
"(15, 13, 8)",minecraft:brown_wool,{},
"(16, 13, 8)",minecraft:stripped_dark_oak_wood,{'axis': 'y'},
"(17, 13, 8)",minecraft:stripped_jungle_wood,{'axis': 'y'},
"(3, 13, 9)",minecraft:mud_bricks,{},
"(4, 13, 9)",minecraft:terracotta,{},
"(5, 13, 9)",minecraft:dark_oak_trapdoor,"{'facing': 'east', 'half': 'bottom', 'open': 'true', 'powered': 'false', 'waterlogged': 'false'}",
"(7, 13, 9)",minecraft:bookshelf,{},
"(8, 13, 9)",minecraft:bookshelf,{},
"(9, 13, 9)",minecraft:bookshelf,{},
"(10, 13, 9)",minecraft:beehive,"{'facing': 'south', 'honey_level': '0'}","{components: {}, id: ""minecraft:beehive"", bees: []}"
"(11, 13, 9)",minecraft:bookshelf,{},
"(12, 13, 9)",minecraft:bookshelf,{},
"(14, 13, 9)",minecraft:beehive,"{'facing': 'south', 'honey_level': '0'}","{components: {}, id: ""minecraft:beehive"", bees: []}"
"(15, 13, 9)",minecraft:dark_oak_trapdoor,"{'facing': 'west', 'half': 'top', 'open': 'true', 'powered': 'false', 'waterlogged': 'false'}",
"(16, 13, 9)",minecraft:brown_wool,{},
"(17, 13, 9)",minecraft:jungle_planks,{},
"(3, 13, 10)",minecraft:jungle_slab,"{'type': 'top', 'waterlogged': 'false'}",
"(4, 13, 10)",minecraft:terracotta,{},
"(9, 13, 10)",minecraft:brown_candle,"{'candles': '4', 'lit': 'true', 'waterlogged': 'false'}",
"(16, 13, 10)",minecraft:brown_wool,{},
"(17, 13, 10)",minecraft:mud_bricks,{},
"(4, 13, 11)",minecraft:brown_wool,{},
"(5, 13, 11)",minecraft:bookshelf,{},
"(7, 13, 11)",minecraft:cobweb,{},
"(16, 13, 11)",minecraft:terracotta,{},
"(17, 13, 11)",minecraft:mud_bricks,{},
"(4, 13, 12)",minecraft:stripped_dark_oak_wood,{'axis': 'y'},
"(5, 13, 12)",minecraft:dark_oak_trapdoor,"{'facing': 'east', 'half': 'top', 'open': 'true', 'powered': 'false', 'waterlogged': 'false'}",
"(6, 13, 12)",minecraft:beehive,"{'facing': 'east', 'honey_level': '0'}","{components: {}, id: ""minecraft:beehive"", bees: []}"
"(15, 13, 12)",minecraft:dark_oak_trapdoor,"{'facing': 'west', 'half': 'top', 'open': 'true', 'powered': 'false', 'waterlogged': 'false'}",
"(16, 13, 12)",minecraft:stripped_dark_oak_wood,{'axis': 'y'},
"(17, 13, 12)",minecraft:mud_bricks,{},
"(4, 13, 13)",minecraft:brown_wool,{},
"(5, 13, 13)",minecraft:beehive,"{'facing': 'east', 'honey_level': '0'}","{components: {}, id: ""minecraft:beehive"", bees: []}"
"(15, 13, 13)",minecraft:bookshelf,{},
"(16, 13, 13)",minecraft:brown_wool,{},
"(17, 13, 13)",minecraft:mud_bricks,{},
"(4, 13, 14)",minecraft:terracotta,{},
"(5, 13, 14)",minecraft:cobweb,{},
"(11, 13, 14)",minecraft:beehive,"{'facing': 'north', 'honey_level': '0'}","{components: {}, id: ""minecraft:beehive"", bees: []}"
"(12, 13, 14)",minecraft:cobweb,{},
"(15, 13, 14)",minecraft:bookshelf,{},
"(16, 13, 14)",minecraft:terracotta,{},
"(17, 13, 14)",minecraft:mud_bricks,{},
"(4, 13, 15)",minecraft:white_stained_glass_pane,"{'east': 'false', 'north': 'true', 'south': 'true', 'waterlogged': 'false', 'west': 'false'}",
"(15, 13, 15)",minecraft:bookshelf,{},
"(16, 13, 15)",minecraft:terracotta,{},
"(17, 13, 15)",minecraft:jungle_planks,{},
"(4, 13, 16)",minecraft:terracotta,{},
"(5, 13, 16)",minecraft:glass,{},
"(11, 13, 16)",minecraft:beehive,"{'facing': 'east', 'honey_level': '0'}","{components: {}, id: ""minecraft:beehive"", bees: []}"
"(15, 13, 16)",minecraft:glass,{},
"(16, 13, 16)",minecraft:brown_wool,{},
"(17, 13, 16)",minecraft:jungle_planks,{},
"(4, 13, 17)",minecraft:terracotta,{},
"(8, 13, 17)",minecraft:candle,"{'candles': '4', 'lit': 'true', 'waterlogged': 'false'}",
"(15, 13, 17)",minecraft:candle,"{'candles': '4', 'lit': 'true', 'waterlogged': 'false'}",
"(16, 13, 17)",minecraft:brown_wool,{},
"(17, 13, 17)",minecraft:mud_bricks,{},
"(4, 13, 18)",minecraft:mangrove_wood,{'axis': 'y'},
"(5, 13, 18)",minecraft:dark_oak_trapdoor,"{'facing': 'east', 'half': 'top', 'open': 'true', 'powered': 'false', 'waterlogged': 'false'}",
"(8, 13, 18)",minecraft:bookshelf,{},
"(15, 13, 18)",minecraft:dark_oak_trapdoor,"{'facing': 'west', 'half': 'top', 'open': 'true', 'powered': 'false', 'waterlogged': 'false'}",
"(16, 13, 18)",minecraft:stripped_dark_oak_wood,{'axis': 'y'},
"(17, 13, 18)",minecraft:mud_bricks,{},
"(4, 13, 19)",minecraft:brown_wool,{},
"(5, 13, 19)",minecraft:bookshelf,{},
"(14, 13, 19)",minecraft:beehive,"{'facing': 'west', 'honey_level': '0'}","{components: {}, id: ""minecraft:beehive"", bees: []}"
"(15, 13, 19)",minecraft:beehive,"{'facing': 'west', 'honey_level': '0'}","{components: {}, id: ""minecraft:beehive"", bees: []}"
"(16, 13, 19)",minecraft:terracotta,{},
"(17, 13, 19)",minecraft:mud_bricks,{},
"(3, 13, 20)",minecraft:jungle_slab,"{'type': 'top', 'waterlogged': 'false'}",
"(4, 13, 20)",minecraft:brown_wool,{},
"(5, 13, 20)",minecraft:bookshelf,{},
"(9, 13, 20)",minecraft:light_gray_candle,"{'candles': '4', 'lit': 'true', 'waterlogged': 'false'}",
"(14, 13, 20)",minecraft:cobweb,{},
"(15, 13, 20)",minecraft:beehive,"{'facing': 'west', 'honey_level': '0'}","{components: {}, id: ""minecraft:beehive"", bees: []}"
"(16, 13, 20)",minecraft:brown_wool,{},
"(17, 13, 20)",minecraft:mud_bricks,{},
"(3, 13, 21)",minecraft:jungle_planks,{},
"(4, 13, 21)",minecraft:terracotta,{},
"(5, 13, 21)",minecraft:dark_oak_trapdoor,"{'facing': 'east', 'half': 'bottom', 'open': 'true', 'powered': 'false', 'waterlogged': 'false'}",
"(6, 13, 21)",minecraft:glass,{},
"(9, 13, 21)",minecraft:beehive,"{'facing': 'north', 'honey_level': '0'}","{components: {}, id: ""minecraft:beehive"", bees: []}"
"(10, 13, 21)",minecraft:cobweb,{},
"(11, 13, 21)",minecraft:bookshelf,{},
"(12, 13, 21)",minecraft:bookshelf,{},
"(13, 13, 21)",minecraft:bookshelf,{},
"(15, 13, 21)",minecraft:dark_oak_trapdoor,"{'facing': 'west', 'half': 'top', 'open': 'true', 'powered': 'false', 'waterlogged': 'false'}",
"(16, 13, 21)",minecraft:brown_wool,{},
"(17, 13, 21)",minecraft:mud_bricks,{},
"(3, 13, 22)",minecraft:mud_bricks,{},
"(4, 13, 22)",minecraft:stripped_dark_oak_wood,{'axis': 'y'},
"(5, 13, 22)",minecraft:brown_wool,{},
"(6, 13, 22)",minecraft:brown_wool,{},
"(7, 13, 22)",minecraft:terracotta,{},
"(8, 13, 22)",minecraft:terracotta,{},
"(9, 13, 22)",minecraft:granite,{},
"(10, 13, 22)",minecraft:oak_log,{'axis': 'y'},
"(11, 13, 22)",minecraft:terracotta,{},
"(12, 13, 22)",minecraft:terracotta,{},
"(13, 13, 22)",minecraft:terracotta,{},
"(14, 13, 22)",minecraft:terracotta,{},
"(15, 13, 22)",minecraft:brown_wool,{},
"(16, 13, 22)",minecraft:mangrove_wood,{'axis': 'y'},
"(17, 13, 22)",minecraft:stripped_jungle_wood,{'axis': 'y'},
"(3, 13, 23)",minecraft:stripped_jungle_wood,{'axis': 'y'},
"(4, 13, 23)",minecraft:dark_oak_fence,"{'east': 'false', 'north': 'true', 'south': 'false', 'waterlogged': 'false', 'west': 'true'}",
"(16, 13, 23)",minecraft:dark_oak_fence,"{'east': 'true', 'north': 'true', 'south': 'false', 'waterlogged': 'false', 'west': 'false'}",
"(17, 13, 23)",minecraft:mud_bricks,{},
"(4, 14, 7)",minecraft:jungle_planks,{},
"(16, 14, 7)",minecraft:jungle_planks,{},
"(4, 14, 8)",minecraft:stripped_jungle_wood,{'axis': 'x'},
"(5, 14, 8)",minecraft:mangrove_wood,{'axis': 'x'},
"(6, 14, 8)",minecraft:brown_wool,{},
"(7, 14, 8)",minecraft:brown_wool,{},
"(8, 14, 8)",minecraft:terracotta,{},
"(9, 14, 8)",minecraft:terracotta,{},
"(10, 14, 8)",minecraft:mangrove_wood,{'axis': 'y'},
"(11, 14, 8)",minecraft:terracotta,{},
"(12, 14, 8)",minecraft:brown_wool,{},
"(13, 14, 8)",minecraft:brown_wool,{},
"(14, 14, 8)",minecraft:brown_wool,{},
"(15, 14, 8)",minecraft:mangrove_wood,{'axis': 'x'},
"(16, 14, 8)",minecraft:jungle_planks,{},
"(4, 14, 9)",minecraft:jungle_planks,{},
"(5, 14, 9)",minecraft:dark_oak_stairs,"{'facing': 'west', 'half': 'top', 'shape': 'straight', 'waterlogged': 'false'}",
"(7, 14, 9)",minecraft:bookshelf,{},
"(8, 14, 9)",minecraft:bookshelf,{},
"(9, 14, 9)",minecraft:bookshelf,{},
"(11, 14, 9)",minecraft:bookshelf,{},
"(12, 14, 9)",minecraft:bookshelf,{},
"(15, 14, 9)",minecraft:dark_oak_stairs,"{'facing': 'east', 'half': 'top', 'shape': 'straight', 'waterlogged': 'false'}",
"(16, 14, 9)",minecraft:stripped_jungle_wood,{'axis': 'x'},
"(3, 14, 10)",minecraft:jungle_slab,"{'type': 'bottom', 'waterlogged': 'false'}",
"(4, 14, 10)",minecraft:stripped_jungle_wood,{'axis': 'x'},
"(16, 14, 10)",minecraft:jungle_planks,{},
"(3, 14, 11)",minecraft:jungle_planks,{},
"(4, 14, 11)",minecraft:jungle_planks,{},
"(16, 14, 11)",minecraft:mud_bricks,{},
"(3, 14, 12)",minecraft:oak_slab,"{'type': 'top', 'waterlogged': 'false'}",
"(4, 14, 12)",minecraft:stripped_dark_oak_wood,{'axis': 'y'},
"(5, 14, 12)",minecraft:dark_oak_stairs,"{'facing': 'west', 'half': 'top', 'shape': 'straight', 'waterlogged': 'false'}",
"(15, 14, 12)",minecraft:dark_oak_stairs,"{'facing': 'east', 'half': 'top', 'shape': 'straight', 'waterlogged': 'false'}",
"(16, 14, 12)",minecraft:mud_bricks,{},
"(4, 14, 13)",minecraft:brown_wool,{},
"(5, 14, 13)",minecraft:candle,"{'candles': '4', 'lit': 'true', 'waterlogged': 'false'}",
"(15, 14, 13)",minecraft:bookshelf,{},
"(16, 14, 13)",minecraft:stripped_jungle_wood,{'axis': 'y'},
"(4, 14, 14)",minecraft:brown_wool,{},
"(15, 14, 14)",minecraft:bookshelf,{},
"(16, 14, 14)",minecraft:jungle_planks,{},
"(3, 14, 15)",minecraft:oak_fence_gate,"{'facing': 'east', 'in_wall': 'false', 'open': 'true', 'powered': 'false'}",
"(4, 14, 15)",minecraft:white_stained_glass_pane,"{'east': 'false', 'north': 'true', 'south': 'true', 'waterlogged': 'false', 'west': 'false'}",
"(15, 14, 15)",minecraft:bookshelf,{},
"(16, 14, 15)",minecraft:jungle_planks,{},
"(4, 14, 16)",minecraft:brown_wool,{},
"(5, 14, 16)",minecraft:spruce_trapdoor,"{'facing': 'east', 'half': 'bottom', 'open': 'false', 'powered': 'false', 'waterlogged': 'false'}",
"(15, 14, 16)",minecraft:spruce_trapdoor,"{'facing': 'west', 'half': 'bottom', 'open': 'false', 'powered': 'false', 'waterlogged': 'false'}",
"(16, 14, 16)",minecraft:stripped_jungle_wood,{'axis': 'x'},
"(4, 14, 17)",minecraft:brown_wool,{},
"(16, 14, 17)",minecraft:jungle_planks,{},
"(3, 14, 18)",minecraft:oak_slab,"{'type': 'top', 'waterlogged': 'false'}",
"(4, 14, 18)",minecraft:stripped_dark_oak_wood,{'axis': 'y'},
"(5, 14, 18)",minecraft:dark_oak_stairs,"{'facing': 'west', 'half': 'top', 'shape': 'straight', 'waterlogged': 'false'}",
"(15, 14, 18)",minecraft:dark_oak_stairs,"{'facing': 'east', 'half': 'top', 'shape': 'straight', 'waterlogged': 'false'}",
"(16, 14, 18)",minecraft:jungle_planks,{},
"(3, 14, 19)",minecraft:stripped_jungle_wood,{'axis': 'z'},
"(4, 14, 19)",minecraft:jungle_planks,{},
"(5, 14, 19)",minecraft:bookshelf,{},
"(15, 14, 19)",minecraft:cobweb,{},
"(16, 14, 19)",minecraft:mud_bricks,{},
"(3, 14, 20)",minecraft:jungle_slab,"{'type': 'bottom', 'waterlogged': 'false'}",
"(4, 14, 20)",minecraft:mud_bricks,{},
"(5, 14, 20)",minecraft:bookshelf,{},
"(16, 14, 20)",minecraft:jungle_planks,{},
"(4, 14, 21)",minecraft:mud_bricks,{},
"(5, 14, 21)",minecraft:dark_oak_stairs,"{'facing': 'west', 'half': 'top', 'shape': 'straight', 'waterlogged': 'false'}",
"(6, 14, 21)",minecraft:spruce_trapdoor,"{'facing': 'north', 'half': 'bottom', 'open': 'false', 'powered': 'false', 'waterlogged': 'false'}",
"(11, 14, 21)",minecraft:bookshelf,{},
"(12, 14, 21)",minecraft:bookshelf,{},
"(13, 14, 21)",minecraft:bookshelf,{},
"(15, 14, 21)",minecraft:dark_oak_stairs,"{'facing': 'east', 'half': 'top', 'shape': 'straight', 'waterlogged': 'false'}",
"(16, 14, 21)",minecraft:stripped_jungle_wood,{'axis': 'y'},
"(4, 14, 22)",minecraft:stripped_jungle_wood,{'axis': 'x'},
"(5, 14, 22)",minecraft:mangrove_wood,{'axis': 'x'},
"(6, 14, 22)",minecraft:brown_wool,{},
"(7, 14, 22)",minecraft:brown_wool,{},
"(8, 14, 22)",minecraft:terracotta,{},
"(9, 14, 22)",minecraft:terracotta,{},
"(10, 14, 22)",minecraft:mangrove_wood,{'axis': 'y'},
"(11, 14, 22)",minecraft:terracotta,{},
"(12, 14, 22)",minecraft:brown_wool,{},
"(13, 14, 22)",minecraft:brown_wool,{},
"(14, 14, 22)",minecraft:brown_wool,{},
"(15, 14, 22)",minecraft:stripped_dark_oak_wood,{'axis': 'x'},
"(16, 14, 22)",minecraft:jungle_planks,{},
"(4, 14, 23)",minecraft:jungle_planks,{},
"(15, 14, 23)",minecraft:oak_leaves,"{'distance': '1', 'persistent': 'true', 'waterlogged': 'false'}",
"(16, 14, 23)",minecraft:jungle_planks,{},
"(5, 15, 7)",minecraft:oak_planks,{},
"(6, 15, 7)",minecraft:oak_leaves,"{'distance': '1', 'persistent': 'true', 'waterlogged': 'false'}",
"(15, 15, 7)",minecraft:stripped_jungle_wood,{'axis': 'x'},
"(5, 15, 8)",minecraft:jungle_planks,{},
"(6, 15, 8)",minecraft:stripped_dark_oak_wood,{'axis': 'x'},
"(7, 15, 8)",minecraft:brown_wool,{},
"(8, 15, 8)",minecraft:brown_wool,{},
"(9, 15, 8)",minecraft:terracotta,{},
"(10, 15, 8)",minecraft:mangrove_wood,{'axis': 'y'},
"(11, 15, 8)",minecraft:brown_wool,{},
"(12, 15, 8)",minecraft:brown_wool,{},
"(13, 15, 8)",minecraft:brown_wool,{},
"(14, 15, 8)",minecraft:stripped_dark_oak_wood,{'axis': 'x'},
"(15, 15, 8)",minecraft:stripped_oak_wood,{'axis': 'y'},
"(5, 15, 9)",minecraft:stripped_jungle_wood,{'axis': 'x'},
"(6, 15, 9)",minecraft:dark_oak_stairs,"{'facing': 'west', 'half': 'top', 'shape': 'straight', 'waterlogged': 'false'}",
"(9, 15, 9)",minecraft:cobweb,{},
"(10, 15, 9)",minecraft:dark_oak_trapdoor,"{'facing': 'south', 'half': 'top', 'open': 'true', 'powered': 'false', 'waterlogged': 'false'}",
"(12, 15, 9)",minecraft:cobweb,{},
"(14, 15, 9)",minecraft:dark_oak_stairs,"{'facing': 'east', 'half': 'top', 'shape': 'straight', 'waterlogged': 'false'}",
"(15, 15, 9)",minecraft:oak_planks,{},
"(5, 15, 10)",minecraft:stripped_oak_wood,{'axis': 'y'},
"(15, 15, 10)",minecraft:jungle_planks,{},
"(5, 15, 11)",minecraft:stripped_oak_wood,{'axis': 'y'},
"(15, 15, 11)",minecraft:stripped_jungle_wood,{'axis': 'y'},
"(3, 15, 12)",minecraft:oak_slab,"{'type': 'bottom', 'waterlogged': 'false'}",
"(4, 15, 12)",minecraft:jungle_slab,"{'type': 'bottom', 'waterlogged': 'false'}",
"(5, 15, 12)",minecraft:oak_planks,{},
"(6, 15, 12)",minecraft:dark_oak_stairs,"{'facing': 'west', 'half': 'top', 'shape': 'straight', 'waterlogged': 'false'}",
"(14, 15, 12)",minecraft:dark_oak_stairs,"{'facing': 'east', 'half': 'top', 'shape': 'straight', 'waterlogged': 'false'}",
"(15, 15, 12)",minecraft:jungle_planks,{},
"(3, 15, 13)",minecraft:stripped_oak_wood,{'axis': 'y'},
"(4, 15, 13)",minecraft:oak_planks,{},
"(5, 15, 13)",minecraft:jungle_planks,{},
"(6, 15, 13)",minecraft:cobweb,{},
"(15, 15, 13)",minecraft:jungle_planks,{},
"(3, 15, 14)",minecraft:oak_slab,"{'type': 'top', 'waterlogged': 'false'}",
"(4, 15, 14)",minecraft:brown_wool,{},
"(15, 15, 14)",minecraft:jungle_planks,{},
"(3, 15, 15)",minecraft:oxidized_copper_trapdoor,"{'facing': 'west', 'half': 'bottom', 'open': 'false', 'powered': 'false', 'waterlogged': 'false'}",
"(4, 15, 15)",minecraft:brown_wool,{},
"(15, 15, 15)",minecraft:oak_planks,{},
"(3, 15, 16)",minecraft:jungle_slab,"{'type': 'top', 'waterlogged': 'false'}",
"(4, 15, 16)",minecraft:brown_wool,{},
"(15, 15, 16)",minecraft:stripped_oak_wood,{'axis': 'y'},
"(3, 15, 17)",minecraft:oak_planks,{},
"(4, 15, 17)",minecraft:jungle_planks,{},
"(5, 15, 17)",minecraft:stripped_oak_wood,{'axis': 'y'},
"(15, 15, 17)",minecraft:jungle_planks,{},
"(3, 15, 18)",minecraft:oak_slab,"{'type': 'bottom', 'waterlogged': 'false'}",
"(4, 15, 18)",minecraft:jungle_slab,"{'type': 'bottom', 'waterlogged': 'false'}",
"(5, 15, 18)",minecraft:stripped_jungle_wood,{'axis': 'x'},
"(6, 15, 18)",minecraft:dark_oak_stairs,"{'facing': 'west', 'half': 'top', 'shape': 'straight', 'waterlogged': 'false'}",
"(14, 15, 18)",minecraft:dark_oak_stairs,"{'facing': 'east', 'half': 'top', 'shape': 'straight', 'waterlogged': 'false'}",
"(15, 15, 18)",minecraft:jungle_planks,{},
"(5, 15, 19)",minecraft:jungle_planks,{},
"(15, 15, 19)",minecraft:stripped_jungle_wood,{'axis': 'y'},
"(5, 15, 20)",minecraft:stripped_jungle_wood,{'axis': 'x'},
"(15, 15, 20)",minecraft:jungle_planks,{},
"(5, 15, 21)",minecraft:jungle_planks,{},
"(6, 15, 21)",minecraft:dark_oak_stairs,"{'facing': 'west', 'half': 'top', 'shape': 'straight', 'waterlogged': 'false'}",
"(7, 15, 21)",minecraft:cobweb,{},
"(10, 15, 21)",minecraft:dark_oak_trapdoor,"{'facing': 'north', 'half': 'top', 'open': 'true', 'powered': 'false', 'waterlogged': 'false'}",
"(12, 15, 21)",minecraft:cobweb,{},
"(14, 15, 21)",minecraft:dark_oak_stairs,"{'facing': 'east', 'half': 'top', 'shape': 'straight', 'waterlogged': 'false'}",
"(15, 15, 21)",minecraft:oak_planks,{},
"(5, 15, 22)",minecraft:oak_planks,{},
"(6, 15, 22)",minecraft:stripped_dark_oak_wood,{'axis': 'x'},
"(7, 15, 22)",minecraft:brown_wool,{},
"(8, 15, 22)",minecraft:brown_wool,{},
"(9, 15, 22)",minecraft:brown_wool,{},
"(10, 15, 22)",minecraft:stripped_dark_oak_wood,{'axis': 'y'},
"(11, 15, 22)",minecraft:brown_wool,{},
"(12, 15, 22)",minecraft:brown_wool,{},
"(13, 15, 22)",minecraft:brown_wool,{},
"(14, 15, 22)",minecraft:stripped_dark_oak_wood,{'axis': 'x'},
"(15, 15, 22)",minecraft:stripped_oak_wood,{'axis': 'y'},
"(5, 15, 23)",minecraft:stripped_oak_wood,{'axis': 'y'},
"(15, 15, 23)",minecraft:stripped_jungle_wood,{'axis': 'x'},
"(6, 16, 7)",minecraft:stripped_oak_wood,{'axis': 'y'},
"(7, 16, 7)",minecraft:oak_slab,"{'type': 'top', 'waterlogged': 'false'}",
"(10, 16, 7)",minecraft:spruce_fence,"{'east': 'false', 'north': 'false', 'south': 'true', 'waterlogged': 'false', 'west': 'false'}",
"(12, 16, 7)",minecraft:oak_leaves,"{'distance': '1', 'persistent': 'true', 'waterlogged': 'false'}",
"(13, 16, 7)",minecraft:oak_slab,"{'type': 'top', 'waterlogged': 'false'}",
"(14, 16, 7)",minecraft:oak_planks,{},
"(6, 16, 8)",minecraft:oak_planks,{},
"(7, 16, 8)",minecraft:mangrove_wood,{'axis': 'x'},
"(8, 16, 8)",minecraft:stripped_dark_oak_wood,{'axis': 'x'},
"(9, 16, 8)",minecraft:brown_wool,{},
"(10, 16, 8)",minecraft:stripped_dark_oak_wood,{'axis': 'y'},
"(11, 16, 8)",minecraft:brown_wool,{},
"(12, 16, 8)",minecraft:stripped_dark_oak_wood,{'axis': 'x'},
"(13, 16, 8)",minecraft:mangrove_wood,{'axis': 'x'},
"(14, 16, 8)",minecraft:oak_planks,{},
"(6, 16, 9)",minecraft:stripped_oak_wood,{'axis': 'y'},
"(7, 16, 9)",minecraft:dark_oak_planks,{},
"(8, 16, 9)",minecraft:dark_oak_slab,"{'type': 'top', 'waterlogged': 'false'}",
"(10, 16, 9)",minecraft:dark_oak_stairs,"{'facing': 'north', 'half': 'top', 'shape': 'straight', 'waterlogged': 'false'}",
"(12, 16, 9)",minecraft:dark_oak_slab,"{'type': 'top', 'waterlogged': 'false'}",
"(13, 16, 9)",minecraft:dark_oak_planks,{},
"(14, 16, 9)",minecraft:stripped_oak_wood,{'axis': 'x'},
"(6, 16, 10)",minecraft:oak_planks,{},
"(7, 16, 10)",minecraft:oak_slab,"{'type': 'top', 'waterlogged': 'false'}",
"(10, 16, 10)",minecraft:dark_oak_trapdoor,"{'facing': 'south', 'half': 'top', 'open': 'false', 'powered': 'false', 'waterlogged': 'false'}",
"(13, 16, 10)",minecraft:oak_slab,"{'type': 'top', 'waterlogged': 'false'}",
"(14, 16, 10)",minecraft:oak_planks,{},
"(6, 16, 11)",minecraft:oak_planks,{},
"(7, 16, 11)",minecraft:oak_slab,"{'type': 'top', 'waterlogged': 'false'}",
"(13, 16, 11)",minecraft:oak_slab,"{'type': 'top', 'waterlogged': 'false'}",
"(14, 16, 11)",minecraft:oak_planks,{},
"(6, 16, 12)",minecraft:stripped_oak_wood,{'axis': 'y'},
"(7, 16, 12)",minecraft:dark_oak_planks,{},
"(8, 16, 12)",minecraft:dark_oak_slab,"{'type': 'top', 'waterlogged': 'false'}",
"(10, 16, 12)",minecraft:dark_oak_trapdoor,"{'facing': 'south', 'half': 'top', 'open': 'false', 'powered': 'false', 'waterlogged': 'false'}",
"(12, 16, 12)",minecraft:dark_oak_slab,"{'type': 'top', 'waterlogged': 'false'}",
"(13, 16, 12)",minecraft:dark_oak_planks,{},
"(14, 16, 12)",minecraft:stripped_jungle_wood,{'axis': 'x'},
"(6, 16, 13)",minecraft:stripped_jungle_wood,{'axis': 'x'},
"(7, 16, 13)",minecraft:oak_slab,"{'type': 'top', 'waterlogged': 'false'}",
"(13, 16, 13)",minecraft:oak_slab,"{'type': 'top', 'waterlogged': 'false'}",
"(14, 16, 13)",minecraft:oak_planks,{},
"(3, 16, 14)",minecraft:oak_slab,"{'type': 'bottom', 'waterlogged': 'false'}",
"(4, 16, 14)",minecraft:jungle_slab,"{'type': 'bottom', 'waterlogged': 'false'}",
"(5, 16, 14)",minecraft:oak_slab,"{'type': 'bottom', 'waterlogged': 'false'}",
"(6, 16, 14)",minecraft:jungle_planks,{},
"(7, 16, 14)",minecraft:oak_slab,"{'type': 'top', 'waterlogged': 'false'}",
"(13, 16, 14)",minecraft:oak_slab,"{'type': 'top', 'waterlogged': 'false'}",
"(14, 16, 14)",minecraft:stripped_oak_wood,{'axis': 'y'},
"(3, 16, 15)",minecraft:oak_planks,{},
"(4, 16, 15)",minecraft:oak_planks,{},
"(5, 16, 15)",minecraft:jungle_planks,{},
"(6, 16, 15)",minecraft:jungle_planks,{},
"(7, 16, 15)",minecraft:oak_slab,"{'type': 'top', 'waterlogged': 'false'}",
"(13, 16, 15)",minecraft:oak_slab,"{'type': 'top', 'waterlogged': 'false'}",
"(14, 16, 15)",minecraft:oak_planks,{},
"(3, 16, 16)",minecraft:jungle_slab,"{'type': 'bottom', 'waterlogged': 'false'}",
"(4, 16, 16)",minecraft:oak_slab,"{'type': 'bottom', 'waterlogged': 'false'}",
"(5, 16, 16)",minecraft:jungle_slab,"{'type': 'bottom', 'waterlogged': 'false'}",
"(6, 16, 16)",minecraft:jungle_planks,{},
"(7, 16, 16)",minecraft:oak_slab,"{'type': 'top', 'waterlogged': 'false'}",
"(13, 16, 16)",minecraft:oak_slab,"{'type': 'top', 'waterlogged': 'false'}",
"(14, 16, 16)",minecraft:oak_planks,{},
"(6, 16, 17)",minecraft:oak_planks,{},
"(7, 16, 17)",minecraft:oak_slab,"{'type': 'top', 'waterlogged': 'false'}",
"(13, 16, 17)",minecraft:oak_slab,"{'type': 'top', 'waterlogged': 'false'}",
"(14, 16, 17)",minecraft:stripped_oak_wood,{'axis': 'x'},
"(6, 16, 18)",minecraft:stripped_oak_wood,{'axis': 'y'},
"(7, 16, 18)",minecraft:dark_oak_planks,{},
"(8, 16, 18)",minecraft:dark_oak_slab,"{'type': 'top', 'waterlogged': 'false'}",
"(10, 16, 18)",minecraft:dark_oak_trapdoor,"{'facing': 'north', 'half': 'top', 'open': 'false', 'powered': 'false', 'waterlogged': 'false'}",
"(12, 16, 18)",minecraft:dark_oak_slab,"{'type': 'top', 'waterlogged': 'false'}",
"(13, 16, 18)",minecraft:dark_oak_planks,{},
"(14, 16, 18)",minecraft:stripped_oak_wood,{'axis': 'x'},
"(6, 16, 19)",minecraft:stripped_oak_wood,{'axis': 'y'},
"(7, 16, 19)",minecraft:oak_slab,"{'type': 'top', 'waterlogged': 'false'}",
"(13, 16, 19)",minecraft:oak_slab,"{'type': 'top', 'waterlogged': 'false'}",
"(14, 16, 19)",minecraft:jungle_planks,{},
"(6, 16, 20)",minecraft:jungle_planks,{},
"(7, 16, 20)",minecraft:oak_slab,"{'type': 'top', 'waterlogged': 'false'}",
"(10, 16, 20)",minecraft:dark_oak_trapdoor,"{'facing': 'north', 'half': 'top', 'open': 'false', 'powered': 'false', 'waterlogged': 'false'}",
"(13, 16, 20)",minecraft:oak_slab,"{'type': 'top', 'waterlogged': 'false'}",
"(14, 16, 20)",minecraft:oak_planks,{},
"(6, 16, 21)",minecraft:stripped_oak_wood,{'axis': 'y'},
"(7, 16, 21)",minecraft:dark_oak_planks,{},
"(8, 16, 21)",minecraft:dark_oak_slab,"{'type': 'top', 'waterlogged': 'false'}",
"(10, 16, 21)",minecraft:dark_oak_stairs,"{'facing': 'south', 'half': 'top', 'shape': 'straight', 'waterlogged': 'false'}",
"(12, 16, 21)",minecraft:dark_oak_slab,"{'type': 'top', 'waterlogged': 'false'}",
"(13, 16, 21)",minecraft:dark_oak_planks,{},
"(14, 16, 21)",minecraft:stripped_oak_wood,{'axis': 'y'},
"(6, 16, 22)",minecraft:stripped_oak_wood,{'axis': 'x'},
"(7, 16, 22)",minecraft:mangrove_wood,{'axis': 'x'},
"(8, 16, 22)",minecraft:stripped_dark_oak_wood,{'axis': 'x'},
"(9, 16, 22)",minecraft:brown_wool,{},
"(10, 16, 22)",minecraft:stripped_dark_oak_wood,{'axis': 'y'},
"(11, 16, 22)",minecraft:brown_wool,{},
"(12, 16, 22)",minecraft:mangrove_wood,{'axis': 'x'},
"(13, 16, 22)",minecraft:stripped_dark_oak_wood,{'axis': 'x'},
"(14, 16, 22)",minecraft:oak_planks,{},
"(6, 16, 23)",minecraft:oak_planks,{},
"(7, 16, 23)",minecraft:birch_slab,"{'type': 'top', 'waterlogged': 'false'}",
"(8, 16, 23)",minecraft:azalea_leaves,"{'distance': '1', 'persistent': 'true', 'waterlogged': 'false'}",
"(10, 16, 23)",minecraft:dark_oak_fence,"{'east': 'false', 'north': 'true', 'south': 'false', 'waterlogged': 'false', 'west': 'false'}",
"(13, 16, 23)",minecraft:oak_slab,"{'type': 'top', 'waterlogged': 'false'}",
"(14, 16, 23)",minecraft:stripped_oak_wood,{'axis': 'y'},
"(7, 17, 7)",minecraft:oak_slab,"{'type': 'bottom', 'waterlogged': 'false'}",
"(8, 17, 7)",minecraft:birch_planks,{},
"(9, 17, 7)",minecraft:birch_slab,"{'type': 'top', 'waterlogged': 'false'}",
"(10, 17, 7)",minecraft:oak_log,{'axis': 'z'},
"(11, 17, 7)",minecraft:birch_slab,"{'type': 'top', 'waterlogged': 'false'}",
"(12, 17, 7)",minecraft:stripped_oak_wood,{'axis': 'x'},
"(13, 17, 7)",minecraft:oak_slab,"{'type': 'bottom', 'waterlogged': 'false'}",
"(7, 17, 8)",minecraft:oak_slab,"{'type': 'bottom', 'waterlogged': 'false'}",
"(8, 17, 8)",minecraft:stripped_oak_wood,{'axis': 'y'},
"(9, 17, 8)",minecraft:stripped_dark_oak_wood,{'axis': 'x'},
"(10, 17, 8)",minecraft:oak_log,{'axis': 'y'},
"(11, 17, 8)",minecraft:stripped_dark_oak_wood,{'axis': 'x'},
"(12, 17, 8)",minecraft:stripped_birch_wood,{'axis': 'y'},
"(13, 17, 8)",minecraft:oak_slab,"{'type': 'bottom', 'waterlogged': 'false'}",
"(7, 17, 9)",minecraft:oak_slab,"{'type': 'bottom', 'waterlogged': 'false'}",
"(8, 17, 9)",minecraft:birch_planks,{},
"(9, 17, 9)",minecraft:dark_oak_planks,{},
"(10, 17, 9)",minecraft:stripped_dark_oak_wood,{'axis': 'z'},
"(11, 17, 9)",minecraft:dark_oak_planks,{},
"(12, 17, 9)",minecraft:stripped_birch_wood,{'axis': 'y'},
"(13, 17, 9)",minecraft:birch_slab,"{'type': 'bottom', 'waterlogged': 'false'}",
"(7, 17, 10)",minecraft:birch_slab,"{'type': 'bottom', 'waterlogged': 'false'}",
"(8, 17, 10)",minecraft:stripped_birch_wood,{'axis': 'y'},
"(9, 17, 10)",minecraft:birch_slab,"{'type': 'top', 'waterlogged': 'false'}",
"(10, 17, 10)",minecraft:stripped_dark_oak_wood,{'axis': 'z'},
"(11, 17, 10)",minecraft:birch_slab,"{'type': 'top', 'waterlogged': 'false'}",
"(12, 17, 10)",minecraft:birch_planks,{},
"(13, 17, 10)",minecraft:oak_slab,"{'type': 'bottom', 'waterlogged': 'false'}",
"(7, 17, 11)",minecraft:birch_slab,"{'type': 'bottom', 'waterlogged': 'false'}",
"(8, 17, 11)",minecraft:birch_planks,{},
"(9, 17, 11)",minecraft:birch_slab,"{'type': 'top', 'waterlogged': 'false'}",
"(10, 17, 11)",minecraft:stripped_dark_oak_wood,{'axis': 'z'},
"(11, 17, 11)",minecraft:birch_slab,"{'type': 'top', 'waterlogged': 'false'}",
"(12, 17, 11)",minecraft:oak_planks,{},
"(13, 17, 11)",minecraft:oak_slab,"{'type': 'bottom', 'waterlogged': 'false'}",
"(7, 17, 12)",minecraft:oak_slab,"{'type': 'bottom', 'waterlogged': 'false'}",
"(8, 17, 12)",minecraft:stripped_birch_wood,{'axis': 'y'},
"(9, 17, 12)",minecraft:dark_oak_planks,{},
"(10, 17, 12)",minecraft:stripped_dark_oak_wood,{'axis': 'z'},
"(11, 17, 12)",minecraft:dark_oak_planks,{},
"(12, 17, 12)",minecraft:stripped_oak_wood,{'axis': 'x'},
"(13, 17, 12)",minecraft:oak_slab,"{'type': 'bottom', 'waterlogged': 'false'}",
"(7, 17, 13)",minecraft:oak_slab,"{'type': 'bottom', 'waterlogged': 'false'}",
"(8, 17, 13)",minecraft:oak_planks,{},
"(9, 17, 13)",minecraft:birch_slab,"{'type': 'top', 'waterlogged': 'false'}",
"(10, 17, 13)",minecraft:stripped_dark_oak_wood,{'axis': 'z'},
"(11, 17, 13)",minecraft:birch_slab,"{'type': 'top', 'waterlogged': 'false'}",
"(12, 17, 13)",minecraft:oak_planks,{},
"(13, 17, 13)",minecraft:oak_slab,"{'type': 'bottom', 'waterlogged': 'false'}",
"(7, 17, 14)",minecraft:oak_slab,"{'type': 'bottom', 'waterlogged': 'false'}",
"(8, 17, 14)",minecraft:stripped_oak_wood,{'axis': 'x'},
"(9, 17, 14)",minecraft:birch_slab,"{'type': 'top', 'waterlogged': 'false'}",
"(10, 17, 14)",minecraft:stripped_dark_oak_wood,{'axis': 'z'},
"(11, 17, 14)",minecraft:birch_slab,"{'type': 'top', 'waterlogged': 'false'}",
"(12, 17, 14)",minecraft:birch_planks,{},
"(13, 17, 14)",minecraft:oak_slab,"{'type': 'bottom', 'waterlogged': 'false'}",
"(7, 17, 15)",minecraft:oak_slab,"{'type': 'bottom', 'waterlogged': 'false'}",
"(8, 17, 15)",minecraft:stripped_oak_wood,{'axis': 'x'},
"(9, 17, 15)",minecraft:birch_slab,"{'type': 'top', 'waterlogged': 'false'}",
"(10, 17, 15)",minecraft:stripped_dark_oak_wood,{'axis': 'z'},
"(11, 17, 15)",minecraft:birch_slab,"{'type': 'top', 'waterlogged': 'false'}",
"(12, 17, 15)",minecraft:stripped_birch_wood,{'axis': 'y'},
"(13, 17, 15)",minecraft:birch_slab,"{'type': 'bottom', 'waterlogged': 'false'}",
"(7, 17, 16)",minecraft:oak_slab,"{'type': 'bottom', 'waterlogged': 'false'}",
"(8, 17, 16)",minecraft:oak_planks,{},
"(9, 17, 16)",minecraft:birch_slab,"{'type': 'top', 'waterlogged': 'false'}",
"(10, 17, 16)",minecraft:stripped_dark_oak_wood,{'axis': 'z'},
"(11, 17, 16)",minecraft:birch_slab,"{'type': 'top', 'waterlogged': 'false'}",
"(12, 17, 16)",minecraft:birch_planks,{},
"(13, 17, 16)",minecraft:birch_slab,"{'type': 'bottom', 'waterlogged': 'false'}",
"(7, 17, 17)",minecraft:birch_slab,"{'type': 'bottom', 'waterlogged': 'false'}",
"(8, 17, 17)",minecraft:stripped_birch_wood,{'axis': 'y'},
"(9, 17, 17)",minecraft:birch_slab,"{'type': 'top', 'waterlogged': 'false'}",
"(10, 17, 17)",minecraft:stripped_dark_oak_wood,{'axis': 'z'},
"(11, 17, 17)",minecraft:birch_slab,"{'type': 'top', 'waterlogged': 'false'}",
"(12, 17, 17)",minecraft:oak_planks,{},
"(13, 17, 17)",minecraft:oak_slab,"{'type': 'bottom', 'waterlogged': 'false'}",
"(7, 17, 18)",minecraft:oak_slab,"{'type': 'bottom', 'waterlogged': 'false'}",
"(8, 17, 18)",minecraft:birch_planks,{},
"(9, 17, 18)",minecraft:dark_oak_planks,{},
"(10, 17, 18)",minecraft:stripped_dark_oak_wood,{'axis': 'z'},
"(11, 17, 18)",minecraft:dark_oak_planks,{},
"(12, 17, 18)",minecraft:stripped_oak_wood,{'axis': 'y'},
"(13, 17, 18)",minecraft:oak_slab,"{'type': 'bottom', 'waterlogged': 'false'}",
"(7, 17, 19)",minecraft:oak_slab,"{'type': 'bottom', 'waterlogged': 'false'}",
"(8, 17, 19)",minecraft:oak_planks,{},
"(9, 17, 19)",minecraft:birch_slab,"{'type': 'top', 'waterlogged': 'false'}",
"(10, 17, 19)",minecraft:stripped_dark_oak_wood,{'axis': 'z'},
"(11, 17, 19)",minecraft:birch_slab,"{'type': 'top', 'waterlogged': 'false'}",
"(12, 17, 19)",minecraft:stripped_oak_wood,{'axis': 'y'},
"(13, 17, 19)",minecraft:oak_slab,"{'type': 'bottom', 'waterlogged': 'false'}",
"(7, 17, 20)",minecraft:oak_slab,"{'type': 'bottom', 'waterlogged': 'false'}",
"(8, 17, 20)",minecraft:stripped_oak_wood,{'axis': 'x'},
"(9, 17, 20)",minecraft:birch_slab,"{'type': 'top', 'waterlogged': 'false'}",
"(10, 17, 20)",minecraft:stripped_dark_oak_wood,{'axis': 'z'},
"(11, 17, 20)",minecraft:birch_slab,"{'type': 'top', 'waterlogged': 'false'}",
"(12, 17, 20)",minecraft:oak_planks,{},
"(13, 17, 20)",minecraft:oak_slab,"{'type': 'bottom', 'waterlogged': 'false'}",
"(7, 17, 21)",minecraft:oak_slab,"{'type': 'bottom', 'waterlogged': 'false'}",
"(8, 17, 21)",minecraft:oak_planks,{},
"(9, 17, 21)",minecraft:dark_oak_planks,{},
"(10, 17, 21)",minecraft:stripped_dark_oak_wood,{'axis': 'z'},
"(11, 17, 21)",minecraft:dark_oak_planks,{},
"(12, 17, 21)",minecraft:stripped_birch_wood,{'axis': 'y'},
"(13, 17, 21)",minecraft:birch_slab,"{'type': 'bottom', 'waterlogged': 'false'}",
"(7, 17, 22)",minecraft:oak_slab,"{'type': 'bottom', 'waterlogged': 'false'}",
"(8, 17, 22)",minecraft:birch_planks,{},
"(9, 17, 22)",minecraft:stripped_dark_oak_wood,{'axis': 'x'},
"(10, 17, 22)",minecraft:oak_log,{'axis': 'y'},
"(11, 17, 22)",minecraft:stripped_dark_oak_wood,{'axis': 'x'},
"(12, 17, 22)",minecraft:birch_planks,{},
"(13, 17, 22)",minecraft:oak_slab,"{'type': 'bottom', 'waterlogged': 'false'}",
"(7, 17, 23)",minecraft:birch_slab,"{'type': 'bottom', 'waterlogged': 'false'}",
"(8, 17, 23)",minecraft:stripped_birch_wood,{'axis': 'y'},
"(9, 17, 23)",minecraft:birch_slab,"{'type': 'top', 'waterlogged': 'false'}",
"(10, 17, 23)",minecraft:oak_log,{'axis': 'z'},
"(11, 17, 23)",minecraft:birch_slab,"{'type': 'top', 'waterlogged': 'false'}",
"(12, 17, 23)",minecraft:oak_planks,{},
"(13, 17, 23)",minecraft:oak_slab,"{'type': 'bottom', 'waterlogged': 'false'}",
"(9, 18, 7)",minecraft:birch_slab,"{'type': 'bottom', 'waterlogged': 'false'}",
"(10, 18, 7)",minecraft:stripped_birch_wood,{'axis': 'y'},
"(11, 18, 7)",minecraft:birch_slab,"{'type': 'bottom', 'waterlogged': 'false'}",
"(9, 18, 8)",minecraft:birch_slab,"{'type': 'bottom', 'waterlogged': 'false'}",
"(10, 18, 8)",minecraft:birch_planks,{},
"(11, 18, 8)",minecraft:birch_slab,"{'type': 'bottom', 'waterlogged': 'false'}",
"(9, 18, 9)",minecraft:birch_slab,"{'type': 'bottom', 'waterlogged': 'false'}",
"(10, 18, 9)",minecraft:stripped_birch_wood,{'axis': 'y'},
"(11, 18, 9)",minecraft:birch_slab,"{'type': 'bottom', 'waterlogged': 'false'}",
"(9, 18, 10)",minecraft:birch_slab,"{'type': 'bottom', 'waterlogged': 'false'}",
"(10, 18, 10)",minecraft:birch_planks,{},
"(11, 18, 10)",minecraft:birch_slab,"{'type': 'bottom', 'waterlogged': 'false'}",
"(9, 18, 11)",minecraft:birch_slab,"{'type': 'bottom', 'waterlogged': 'false'}",
"(10, 18, 11)",minecraft:birch_planks,{},
"(11, 18, 11)",minecraft:birch_slab,"{'type': 'bottom', 'waterlogged': 'false'}",
"(9, 18, 12)",minecraft:birch_slab,"{'type': 'bottom', 'waterlogged': 'false'}",
"(10, 18, 12)",minecraft:birch_planks,{},
"(11, 18, 12)",minecraft:oak_slab,"{'type': 'bottom', 'waterlogged': 'false'}",
"(9, 18, 13)",minecraft:birch_slab,"{'type': 'bottom', 'waterlogged': 'false'}",
"(10, 18, 13)",minecraft:stripped_birch_wood,{'axis': 'y'},
"(11, 18, 13)",minecraft:birch_slab,"{'type': 'bottom', 'waterlogged': 'false'}",
"(9, 18, 14)",minecraft:oak_slab,"{'type': 'bottom', 'waterlogged': 'false'}",
"(10, 18, 14)",minecraft:stripped_birch_wood,{'axis': 'x'},
"(11, 18, 14)",minecraft:birch_slab,"{'type': 'bottom', 'waterlogged': 'false'}",
"(9, 18, 15)",minecraft:oak_slab,"{'type': 'bottom', 'waterlogged': 'false'}",
"(10, 18, 15)",minecraft:birch_planks,{},
"(11, 18, 15)",minecraft:birch_slab,"{'type': 'bottom', 'waterlogged': 'false'}",
"(9, 18, 16)",minecraft:birch_slab,"{'type': 'bottom', 'waterlogged': 'false'}",
"(10, 18, 16)",minecraft:birch_planks,{},
"(11, 18, 16)",minecraft:birch_slab,"{'type': 'bottom', 'waterlogged': 'false'}",
"(9, 18, 17)",minecraft:birch_slab,"{'type': 'bottom', 'waterlogged': 'false'}",
"(10, 18, 17)",minecraft:birch_planks,{},
"(11, 18, 17)",minecraft:birch_slab,"{'type': 'bottom', 'waterlogged': 'false'}",
"(9, 18, 18)",minecraft:birch_slab,"{'type': 'bottom', 'waterlogged': 'false'}",
"(10, 18, 18)",minecraft:stripped_birch_wood,{'axis': 'y'},
"(11, 18, 18)",minecraft:birch_slab,"{'type': 'bottom', 'waterlogged': 'false'}",
"(9, 18, 19)",minecraft:birch_slab,"{'type': 'bottom', 'waterlogged': 'false'}",
"(10, 18, 19)",minecraft:stripped_birch_wood,{'axis': 'y'},
"(11, 18, 19)",minecraft:oak_slab,"{'type': 'bottom', 'waterlogged': 'false'}",
"(9, 18, 20)",minecraft:oak_slab,"{'type': 'bottom', 'waterlogged': 'false'}",
"(10, 18, 20)",minecraft:birch_planks,{},
"(11, 18, 20)",minecraft:birch_slab,"{'type': 'bottom', 'waterlogged': 'false'}",
"(9, 18, 21)",minecraft:birch_slab,"{'type': 'bottom', 'waterlogged': 'false'}",
"(10, 18, 21)",minecraft:birch_planks,{},
"(11, 18, 21)",minecraft:birch_slab,"{'type': 'bottom', 'waterlogged': 'false'}",
"(9, 18, 22)",minecraft:birch_slab,"{'type': 'bottom', 'waterlogged': 'false'}",
"(10, 18, 22)",minecraft:stripped_birch_wood,{'axis': 'y'},
"(11, 18, 22)",minecraft:birch_slab,"{'type': 'bottom', 'waterlogged': 'false'}",
"(9, 18, 23)",minecraft:birch_slab,"{'type': 'bottom', 'waterlogged': 'false'}",
"(10, 18, 23)",minecraft:birch_planks,{},
"(11, 18, 23)",minecraft:birch_slab,"{'type': 'bottom', 'waterlogged': 'false'}",
