Position,BlockID,States,Data
"(5, 0, 1)",minecraft:spruce_stairs,"{'facing': 'south', 'half': 'bottom', 'shape': 'straight', 'waterlogged': 'false'}",
"(6, 0, 1)",minecraft:large_fern,{'half': 'lower'},
"(7, 0, 1)",minecraft:azure_bluet,{},
"(8, 0, 1)",minecraft:short_grass,{},
"(9, 0, 1)",minecraft:tall_grass,{'half': 'lower'},
"(10, 0, 1)",minecraft:short_grass,{},
"(11, 0, 1)",minecraft:spruce_stairs,"{'facing': 'south', 'half': 'bottom', 'shape': 'straight', 'waterlogged': 'false'}",
"(12, 0, 1)",minecraft:oxeye_daisy,{},
"(13, 0, 1)",minecraft:large_fern,{'half': 'lower'},
"(14, 0, 1)",minecraft:tall_grass,{'half': 'lower'},
"(15, 0, 1)",minecraft:lily_of_the_valley,{},
"(16, 0, 1)",minecraft:tall_grass,{'half': 'lower'},
"(17, 0, 1)",minecraft:spruce_stairs,"{'facing': 'south', 'half': 'bottom', 'shape': 'straight', 'waterlogged': 'false'}",
"(18, 0, 1)",minecraft:white_tulip,{},
"(19, 0, 1)",minecraft:short_grass,{},
"(20, 0, 1)",minecraft:large_fern,{'half': 'lower'},
"(21, 0, 1)",minecraft:short_grass,{},
"(22, 0, 1)",minecraft:tall_grass,{'half': 'lower'},
"(23, 0, 1)",minecraft:spruce_stairs,"{'facing': 'south', 'half': 'bottom', 'shape': 'straight', 'waterlogged': 'false'}",
"(4, 0, 2)",minecraft:spruce_stairs,"{'facing': 'east', 'half': 'bottom', 'shape': 'straight', 'waterlogged': 'false'}",
"(5, 0, 2)",minecraft:oak_log,{'axis': 'y'},
"(6, 0, 2)",minecraft:tuff_bricks,{},
"(7, 0, 2)",minecraft:tuff_bricks,{},
"(8, 0, 2)",minecraft:tuff_bricks,{},
"(9, 0, 2)",minecraft:stone_bricks,{},
"(10, 0, 2)",minecraft:stone_bricks,{},
"(11, 0, 2)",minecraft:stone_bricks,{},
"(12, 0, 2)",minecraft:tuff_bricks,{},
"(13, 0, 2)",minecraft:tuff_bricks,{},
"(14, 0, 2)",minecraft:tuff_bricks,{},
"(15, 0, 2)",minecraft:stone_bricks,{},
"(16, 0, 2)",minecraft:tuff_bricks,{},
"(17, 0, 2)",minecraft:oak_log,{'axis': 'y'},
"(18, 0, 2)",minecraft:stone_bricks,{},
"(19, 0, 2)",minecraft:tuff_bricks,{},
"(20, 0, 2)",minecraft:tuff_bricks,{},
"(21, 0, 2)",minecraft:tuff_bricks,{},
"(22, 0, 2)",minecraft:stone_bricks,{},
"(23, 0, 2)",minecraft:oak_log,{'axis': 'y'},
"(24, 0, 2)",minecraft:spruce_stairs,"{'facing': 'west', 'half': 'bottom', 'shape': 'straight', 'waterlogged': 'false'}",
"(2, 0, 3)",minecraft:spruce_stairs,"{'facing': 'south', 'half': 'bottom', 'shape': 'straight', 'waterlogged': 'false'}",
"(3, 0, 3)",minecraft:peony,{'half': 'lower'},
"(4, 0, 3)",minecraft:lilac,{'half': 'lower'},
"(5, 0, 3)",minecraft:stone_bricks,{},
"(6, 0, 3)",minecraft:stone_bricks,{},
"(7, 0, 3)",minecraft:tuff_bricks,{},
"(8, 0, 3)",minecraft:tuff_bricks,{},
"(9, 0, 3)",minecraft:tuff_bricks,{},
"(10, 0, 3)",minecraft:stone_bricks,{},
"(11, 0, 3)",minecraft:tuff_bricks,{},
"(12, 0, 3)",minecraft:tuff_bricks,{},
"(13, 0, 3)",minecraft:stone_bricks,{},
"(14, 0, 3)",minecraft:tuff_bricks,{},
"(15, 0, 3)",minecraft:tuff_bricks,{},
"(16, 0, 3)",minecraft:stone_bricks,{},
"(17, 0, 3)",minecraft:tuff_bricks,{},
"(18, 0, 3)",minecraft:tuff_bricks,{},
"(19, 0, 3)",minecraft:tuff_bricks,{},
"(20, 0, 3)",minecraft:stone_bricks,{},
"(21, 0, 3)",minecraft:tuff_bricks,{},
"(22, 0, 3)",minecraft:stone_bricks,{},
"(23, 0, 3)",minecraft:stone_bricks,{},
"(24, 0, 3)",minecraft:large_fern,{'half': 'lower'},
"(1, 0, 4)",minecraft:spruce_stairs,"{'facing': 'east', 'half': 'bottom', 'shape': 'straight', 'waterlogged': 'false'}",
"(2, 0, 4)",minecraft:oak_log,{'axis': 'y'},
"(3, 0, 4)",minecraft:stone_bricks,{},
"(4, 0, 4)",minecraft:tuff_bricks,{},
"(5, 0, 4)",minecraft:stone_bricks,{},
"(6, 0, 4)",minecraft:oak_log,{'axis': 'y'},
"(7, 0, 4)",minecraft:tuff_bricks,{},
"(8, 0, 4)",minecraft:stone_bricks,{},
"(9, 0, 4)",minecraft:stone_bricks,{},
"(10, 0, 4)",minecraft:tuff_bricks,{},
"(11, 0, 4)",minecraft:stone_bricks,{},
"(12, 0, 4)",minecraft:stone_bricks,{},
"(13, 0, 4)",minecraft:tuff_bricks,{},
"(14, 0, 4)",minecraft:stone_bricks,{},
"(15, 0, 4)",minecraft:stone_bricks,{},
"(16, 0, 4)",minecraft:tuff_bricks,{},
"(17, 0, 4)",minecraft:tuff_bricks,{},
"(18, 0, 4)",minecraft:tuff_bricks,{},
"(19, 0, 4)",minecraft:stone_bricks,{},
"(20, 0, 4)",minecraft:stone_bricks,{},
"(21, 0, 4)",minecraft:tuff_bricks,{},
"(22, 0, 4)",minecraft:tuff_bricks,{},
"(23, 0, 4)",minecraft:tuff_bricks,{},
"(1, 0, 5)",minecraft:tuff_bricks,{},
"(2, 0, 5)",minecraft:stone_bricks,{},
"(3, 0, 5)",minecraft:tuff_bricks,{},
"(4, 0, 5)",minecraft:stone_bricks,{},
"(5, 0, 5)",minecraft:tuff_bricks,{},
"(6, 0, 5)",minecraft:stone_bricks,{},
"(7, 0, 5)",minecraft:stone_bricks,{},
"(8, 0, 5)",minecraft:tuff_bricks,{},
"(9, 0, 5)",minecraft:stone_bricks,{},
"(10, 0, 5)",minecraft:stone_bricks,{},
"(11, 0, 5)",minecraft:stone_bricks,{},
"(12, 0, 5)",minecraft:tuff_bricks,{},
"(13, 0, 5)",minecraft:tuff_bricks,{},
"(14, 0, 5)",minecraft:stone_bricks,{},
"(15, 0, 5)",minecraft:tuff_bricks,{},
"(16, 0, 5)",minecraft:tuff_bricks,{},
"(17, 0, 5)",minecraft:stone_bricks,{},
"(18, 0, 5)",minecraft:stone_bricks,{},
"(19, 0, 5)",minecraft:stone_bricks,{},
"(20, 0, 5)",minecraft:tuff_bricks,{},
"(21, 0, 5)",minecraft:stone_bricks,{},
"(22, 0, 5)",minecraft:stone_bricks,{},
"(23, 0, 5)",minecraft:tuff_bricks,{},
"(24, 0, 5)",minecraft:pink_tulip,{},
"(0, 0, 6)",minecraft:jigsaw,{'orientation': 'up_west'},"{components: {}, joint: ""rollable"", name: ""minecraft:empty"", pool: ""minecraft:empty"", final_state: ""minecraft:air"", placement_priority: 0, selection_priority: 0, id: ""minecraft:jigsaw"", target: ""minecraft:empty""}"
"(1, 0, 6)",minecraft:tuff_brick_stairs,"{'facing': 'east', 'half': 'bottom', 'shape': 'straight', 'waterlogged': 'false'}",
"(2, 0, 6)",minecraft:stone_bricks,{},
"(3, 0, 6)",minecraft:stone_bricks,{},
"(4, 0, 6)",minecraft:tuff_bricks,{},
"(5, 0, 6)",minecraft:stone_bricks,{},
"(6, 0, 6)",minecraft:stone_bricks,{},
"(7, 0, 6)",minecraft:stone_bricks,{},
"(8, 0, 6)",minecraft:tuff_bricks,{},
"(9, 0, 6)",minecraft:stone_bricks,{},
"(10, 0, 6)",minecraft:stone_bricks,{},
"(11, 0, 6)",minecraft:tuff_bricks,{},
"(12, 0, 6)",minecraft:tuff_bricks,{},
"(13, 0, 6)",minecraft:stone_bricks,{},
"(14, 0, 6)",minecraft:tuff_bricks,{},
"(15, 0, 6)",minecraft:stone_bricks,{},
"(16, 0, 6)",minecraft:stone_bricks,{},
"(17, 0, 6)",minecraft:tuff_bricks,{},
"(18, 0, 6)",minecraft:tuff_bricks,{},
"(19, 0, 6)",minecraft:stone_bricks,{},
"(20, 0, 6)",minecraft:tuff_bricks,{},
"(21, 0, 6)",minecraft:stone_bricks,{},
"(22, 0, 6)",minecraft:stone_bricks,{},
"(23, 0, 6)",minecraft:tuff_bricks,{},
"(24, 0, 6)",minecraft:tall_grass,{'half': 'lower'},
"(1, 0, 7)",minecraft:tuff_bricks,{},
"(2, 0, 7)",minecraft:stone_bricks,{},
"(3, 0, 7)",minecraft:tuff_bricks,{},
"(4, 0, 7)",minecraft:tuff_bricks,{},
"(5, 0, 7)",minecraft:stone_bricks,{},
"(6, 0, 7)",minecraft:stone_bricks,{},
"(7, 0, 7)",minecraft:tuff_bricks,{},
"(8, 0, 7)",minecraft:stone_bricks,{},
"(9, 0, 7)",minecraft:stone_bricks,{},
"(10, 0, 7)",minecraft:tuff_bricks,{},
"(11, 0, 7)",minecraft:stone_bricks,{},
"(12, 0, 7)",minecraft:stone_bricks,{},
"(13, 0, 7)",minecraft:stone_bricks,{},
"(14, 0, 7)",minecraft:tuff_bricks,{},
"(15, 0, 7)",minecraft:stone_bricks,{},
"(16, 0, 7)",minecraft:stone_bricks,{},
"(17, 0, 7)",minecraft:tuff_bricks,{},
"(18, 0, 7)",minecraft:tuff_bricks,{},
"(19, 0, 7)",minecraft:tuff_bricks,{},
"(20, 0, 7)",minecraft:stone_bricks,{},
"(21, 0, 7)",minecraft:tuff_bricks,{},
"(22, 0, 7)",minecraft:tuff_bricks,{},
"(23, 0, 7)",minecraft:stone_bricks,{},
"(1, 0, 8)",minecraft:spruce_stairs,"{'facing': 'east', 'half': 'bottom', 'shape': 'straight', 'waterlogged': 'false'}",
"(2, 0, 8)",minecraft:oak_log,{'axis': 'y'},
"(3, 0, 8)",minecraft:tuff_bricks,{},
"(4, 0, 8)",minecraft:stone_bricks,{},
"(5, 0, 8)",minecraft:stone_bricks,{},
"(6, 0, 8)",minecraft:oak_log,{'axis': 'y'},
"(7, 0, 8)",minecraft:tuff_bricks,{},
"(8, 0, 8)",minecraft:stone_bricks,{},
"(9, 0, 8)",minecraft:tuff_bricks,{},
"(10, 0, 8)",minecraft:stone_bricks,{},
"(11, 0, 8)",minecraft:stone_bricks,{},
"(12, 0, 8)",minecraft:tuff_bricks,{},
"(13, 0, 8)",minecraft:stone_bricks,{},
"(14, 0, 8)",minecraft:stone_bricks,{},
"(15, 0, 8)",minecraft:tuff_bricks,{},
"(16, 0, 8)",minecraft:tuff_bricks,{},
"(17, 0, 8)",minecraft:tuff_bricks,{},
"(18, 0, 8)",minecraft:stone_bricks,{},
"(19, 0, 8)",minecraft:tuff_bricks,{},
"(20, 0, 8)",minecraft:stone_bricks,{},
"(21, 0, 8)",minecraft:stone_bricks,{},
"(22, 0, 8)",minecraft:tuff_bricks,{},
"(23, 0, 8)",minecraft:tuff_bricks,{},
"(2, 0, 9)",minecraft:spruce_stairs,"{'facing': 'north', 'half': 'bottom', 'shape': 'straight', 'waterlogged': 'false'}",
"(3, 0, 9)",minecraft:lilac,{'half': 'lower'},
"(4, 0, 9)",minecraft:peony,{'half': 'lower'},
"(5, 0, 9)",minecraft:tuff_bricks,{},
"(6, 0, 9)",minecraft:stone_bricks,{},
"(7, 0, 9)",minecraft:stone_bricks,{},
"(8, 0, 9)",minecraft:stone_bricks,{},
"(9, 0, 9)",minecraft:tuff_bricks,{},
"(10, 0, 9)",minecraft:stone_bricks,{},
"(11, 0, 9)",minecraft:tuff_bricks,{},
"(12, 0, 9)",minecraft:tuff_bricks,{},
"(13, 0, 9)",minecraft:tuff_bricks,{},
"(14, 0, 9)",minecraft:stone_bricks,{},
"(15, 0, 9)",minecraft:tuff_bricks,{},
"(16, 0, 9)",minecraft:stone_bricks,{},
"(17, 0, 9)",minecraft:stone_bricks,{},
"(18, 0, 9)",minecraft:tuff_bricks,{},
"(19, 0, 9)",minecraft:stone_bricks,{},
"(20, 0, 9)",minecraft:tuff_bricks,{},
"(21, 0, 9)",minecraft:tuff_bricks,{},
"(22, 0, 9)",minecraft:stone_bricks,{},
"(23, 0, 9)",minecraft:tuff_bricks,{},
"(24, 0, 9)",minecraft:tall_grass,{'half': 'lower'},
"(4, 0, 10)",minecraft:spruce_stairs,"{'facing': 'east', 'half': 'bottom', 'shape': 'straight', 'waterlogged': 'false'}",
"(5, 0, 10)",minecraft:oak_log,{'axis': 'y'},
"(6, 0, 10)",minecraft:stone_bricks,{},
"(7, 0, 10)",minecraft:tuff_bricks,{},
"(8, 0, 10)",minecraft:tuff_bricks,{},
"(9, 0, 10)",minecraft:stone_bricks,{},
"(10, 0, 10)",minecraft:tuff_bricks,{},
"(11, 0, 10)",minecraft:tuff_bricks,{},
"(12, 0, 10)",minecraft:stone_bricks,{},
"(13, 0, 10)",minecraft:tuff_bricks,{},
"(14, 0, 10)",minecraft:tuff_bricks,{},
"(15, 0, 10)",minecraft:tuff_bricks,{},
"(16, 0, 10)",minecraft:stone_bricks,{},
"(17, 0, 10)",minecraft:oak_log,{'axis': 'y'},
"(18, 0, 10)",minecraft:tuff_bricks,{},
"(19, 0, 10)",minecraft:tuff_bricks,{},
"(20, 0, 10)",minecraft:tuff_bricks,{},
"(21, 0, 10)",minecraft:stone_bricks,{},
"(22, 0, 10)",minecraft:tuff_bricks,{},
"(23, 0, 10)",minecraft:oak_log,{'axis': 'y'},
"(24, 0, 10)",minecraft:spruce_stairs,"{'facing': 'west', 'half': 'bottom', 'shape': 'straight', 'waterlogged': 'false'}",
"(5, 0, 11)",minecraft:spruce_stairs,"{'facing': 'north', 'half': 'bottom', 'shape': 'straight', 'waterlogged': 'false'}",
"(6, 0, 11)",minecraft:oxeye_daisy,{},
"(7, 0, 11)",minecraft:tall_grass,{'half': 'lower'},
"(9, 0, 11)",minecraft:lily_of_the_valley,{},
"(10, 0, 11)",minecraft:large_fern,{'half': 'lower'},
"(11, 0, 11)",minecraft:spruce_stairs,"{'facing': 'north', 'half': 'bottom', 'shape': 'straight', 'waterlogged': 'false'}",
"(12, 0, 11)",minecraft:large_fern,{'half': 'lower'},
"(13, 0, 11)",minecraft:oxeye_daisy,{},
"(14, 0, 11)",minecraft:tall_grass,{'half': 'lower'},
"(15, 0, 11)",minecraft:tall_grass,{'half': 'lower'},
"(16, 0, 11)",minecraft:white_tulip,{},
"(17, 0, 11)",minecraft:spruce_stairs,"{'facing': 'north', 'half': 'bottom', 'shape': 'straight', 'waterlogged': 'false'}",
"(18, 0, 11)",minecraft:tall_grass,{'half': 'lower'},
"(19, 0, 11)",minecraft:large_fern,{'half': 'lower'},
"(21, 0, 11)",minecraft:oxeye_daisy,{},
"(22, 0, 11)",minecraft:tall_grass,{'half': 'lower'},
"(23, 0, 11)",minecraft:spruce_stairs,"{'facing': 'north', 'half': 'bottom', 'shape': 'straight', 'waterlogged': 'false'}",
"(6, 1, 1)",minecraft:large_fern,{'half': 'upper'},
"(9, 1, 1)",minecraft:tall_grass,{'half': 'upper'},
"(13, 1, 1)",minecraft:large_fern,{'half': 'upper'},
"(14, 1, 1)",minecraft:tall_grass,{'half': 'upper'},
"(16, 1, 1)",minecraft:tall_grass,{'half': 'upper'},
"(20, 1, 1)",minecraft:large_fern,{'half': 'upper'},
"(22, 1, 1)",minecraft:tall_grass,{'half': 'upper'},
"(5, 1, 2)",minecraft:oak_log,{'axis': 'y'},
"(6, 1, 2)",minecraft:terracotta,{},
"(7, 1, 2)",minecraft:mud_bricks,{},
"(8, 1, 2)",minecraft:bricks,{},
"(9, 1, 2)",minecraft:bricks,{},
"(10, 1, 2)",minecraft:mud_bricks,{},
"(11, 1, 2)",minecraft:oak_log,{'axis': 'y'},
"(12, 1, 2)",minecraft:bricks,{},
"(13, 1, 2)",minecraft:bricks,{},
"(14, 1, 2)",minecraft:mud_bricks,{},
"(15, 1, 2)",minecraft:mud_bricks,{},
"(16, 1, 2)",minecraft:mud_bricks,{},
"(17, 1, 2)",minecraft:oak_log,{'axis': 'y'},
"(18, 1, 2)",minecraft:bricks,{},
"(19, 1, 2)",minecraft:mud_bricks,{},
"(20, 1, 2)",minecraft:mud_bricks,{},
"(21, 1, 2)",minecraft:terracotta,{},
"(22, 1, 2)",minecraft:mud_bricks,{},
"(23, 1, 2)",minecraft:oak_log,{'axis': 'y'},
"(3, 1, 3)",minecraft:peony,{'half': 'upper'},
"(4, 1, 3)",minecraft:lilac,{'half': 'upper'},
"(5, 1, 3)",minecraft:terracotta,{},
"(6, 1, 3)",minecraft:mud_bricks,{},
"(7, 1, 3)",minecraft:bookshelf,{},
"(21, 1, 3)",minecraft:blast_furnace,"{'facing': 'south', 'lit': 'false'}","{lit_total_time: 0s, components: {}, cooking_time_spent: 0s, cooking_total_time: 0s, Items: [], id: ""minecraft:blast_furnace"", lit_time_remaining: 0s, RecipesUsed: {}}"
"(23, 1, 3)",minecraft:mud_bricks,{},
"(24, 1, 3)",minecraft:large_fern,{'half': 'upper'},
"(2, 1, 4)",minecraft:oak_log,{'axis': 'y'},
"(3, 1, 4)",minecraft:mud_bricks,{},
"(4, 1, 4)",minecraft:mud_bricks,{},
"(5, 1, 4)",minecraft:bricks,{},
"(6, 1, 4)",minecraft:oak_log,{'axis': 'y'},
"(7, 1, 4)",minecraft:bookshelf,{},
"(10, 1, 4)",minecraft:spruce_stairs,"{'facing': 'west', 'half': 'bottom', 'shape': 'straight', 'waterlogged': 'false'}",
"(11, 1, 4)",minecraft:spruce_trapdoor,"{'facing': 'west', 'half': 'top', 'open': 'false', 'powered': 'false', 'waterlogged': 'false'}",
"(12, 1, 4)",minecraft:spruce_stairs,"{'facing': 'west', 'half': 'bottom', 'shape': 'straight', 'waterlogged': 'false'}",
"(13, 1, 4)",minecraft:spruce_trapdoor,"{'facing': 'west', 'half': 'top', 'open': 'false', 'powered': 'false', 'waterlogged': 'false'}",
"(14, 1, 4)",minecraft:spruce_stairs,"{'facing': 'west', 'half': 'bottom', 'shape': 'straight', 'waterlogged': 'false'}",
"(15, 1, 4)",minecraft:spruce_trapdoor,"{'facing': 'west', 'half': 'top', 'open': 'false', 'powered': 'false', 'waterlogged': 'false'}",
"(16, 1, 4)",minecraft:spruce_stairs,"{'facing': 'west', 'half': 'bottom', 'shape': 'straight', 'waterlogged': 'false'}",
"(17, 1, 4)",minecraft:spruce_trapdoor,"{'facing': 'west', 'half': 'top', 'open': 'false', 'powered': 'false', 'waterlogged': 'false'}",
"(18, 1, 4)",minecraft:spruce_stairs,"{'facing': 'west', 'half': 'bottom', 'shape': 'straight', 'waterlogged': 'false'}",
"(23, 1, 4)",minecraft:terracotta,{},
"(1, 1, 5)",minecraft:spruce_fence,"{'east': 'true', 'north': 'false', 'south': 'false', 'waterlogged': 'false', 'west': 'false'}",
"(2, 1, 5)",minecraft:mud_bricks,{},
"(6, 1, 5)",minecraft:mud_bricks,{},
"(10, 1, 5)",minecraft:spruce_stairs,"{'facing': 'west', 'half': 'bottom', 'shape': 'straight', 'waterlogged': 'false'}",
"(11, 1, 5)",minecraft:spruce_trapdoor,"{'facing': 'west', 'half': 'top', 'open': 'false', 'powered': 'false', 'waterlogged': 'false'}",
"(12, 1, 5)",minecraft:spruce_stairs,"{'facing': 'west', 'half': 'bottom', 'shape': 'straight', 'waterlogged': 'false'}",
"(13, 1, 5)",minecraft:spruce_trapdoor,"{'facing': 'west', 'half': 'top', 'open': 'false', 'powered': 'false', 'waterlogged': 'false'}",
"(14, 1, 5)",minecraft:spruce_stairs,"{'facing': 'west', 'half': 'bottom', 'shape': 'straight', 'waterlogged': 'false'}",
"(15, 1, 5)",minecraft:spruce_trapdoor,"{'facing': 'west', 'half': 'top', 'open': 'false', 'powered': 'false', 'waterlogged': 'false'}",
"(16, 1, 5)",minecraft:spruce_stairs,"{'facing': 'west', 'half': 'bottom', 'shape': 'straight', 'waterlogged': 'false'}",
"(17, 1, 5)",minecraft:spruce_trapdoor,"{'facing': 'west', 'half': 'top', 'open': 'false', 'powered': 'false', 'waterlogged': 'false'}",
"(18, 1, 5)",minecraft:spruce_stairs,"{'facing': 'west', 'half': 'bottom', 'shape': 'straight', 'waterlogged': 'false'}",
"(19, 1, 5)",minecraft:oak_wall_sign,"{'facing': 'west', 'waterlogged': 'false'}","{back_text: {has_glowing_text: 0b, color: ""black"", messages: ["""", """", """", """"]}, components: {}, is_waxed: 0b, id: ""minecraft:sign"", front_text: {has_glowing_text: 0b, color: ""black"", messages: ["""", """", """", """"]}}"
"(20, 1, 5)",minecraft:oak_stairs,"{'facing': 'south', 'half': 'top', 'shape': 'straight', 'waterlogged': 'false'}",
"(22, 1, 5)",minecraft:spruce_fence,"{'east': 'true', 'north': 'false', 'south': 'false', 'waterlogged': 'false', 'west': 'false'}",
"(23, 1, 5)",minecraft:bricks,{},
"(2, 1, 6)",minecraft:spruce_door,"{'facing': 'east', 'half': 'lower', 'hinge': 'right', 'open': 'false', 'powered': 'false'}",
"(6, 1, 6)",minecraft:spruce_door,"{'facing': 'east', 'half': 'lower', 'hinge': 'left', 'open': 'false', 'powered': 'false'}",
"(19, 1, 6)",minecraft:oak_wall_sign,"{'facing': 'west', 'waterlogged': 'false'}","{back_text: {has_glowing_text: 0b, color: ""black"", messages: ["""", """", """", """"]}, components: {}, is_waxed: 0b, id: ""minecraft:sign"", front_text: {has_glowing_text: 0b, color: ""black"", messages: ["""", """", """", """"]}}"
"(20, 1, 6)",minecraft:lectern,"{'facing': 'east', 'has_book': 'true', 'powered': 'false'}","{components: {}, Book: {count: 1, id: ""minecraft:writable_book""}, Page: -1, id: ""minecraft:lectern""}"
"(21, 1, 6)",minecraft:spruce_stairs,"{'facing': 'east', 'half': 'bottom', 'shape': 'straight', 'waterlogged': 'false'}",
"(23, 1, 6)",minecraft:mud_bricks,{},
"(24, 1, 6)",minecraft:tall_grass,{'half': 'upper'},
"(1, 1, 7)",minecraft:spruce_fence,"{'east': 'true', 'north': 'false', 'south': 'false', 'waterlogged': 'false', 'west': 'false'}",
"(2, 1, 7)",minecraft:terracotta,{},
"(3, 1, 7)",minecraft:ender_chest,"{'facing': 'north', 'waterlogged': 'false'}","{components: {}, id: ""minecraft:ender_chest""}"
"(4, 1, 7)",minecraft:spruce_stairs,"{'facing': 'east', 'half': 'top', 'shape': 'straight', 'waterlogged': 'false'}",
"(5, 1, 7)",minecraft:spruce_trapdoor,"{'facing': 'east', 'half': 'bottom', 'open': 'true', 'powered': 'false', 'waterlogged': 'false'}",
"(6, 1, 7)",minecraft:bricks,{},
"(10, 1, 7)",minecraft:spruce_stairs,"{'facing': 'west', 'half': 'bottom', 'shape': 'straight', 'waterlogged': 'false'}",
"(11, 1, 7)",minecraft:spruce_trapdoor,"{'facing': 'west', 'half': 'top', 'open': 'false', 'powered': 'false', 'waterlogged': 'false'}",
"(12, 1, 7)",minecraft:spruce_stairs,"{'facing': 'west', 'half': 'bottom', 'shape': 'straight', 'waterlogged': 'false'}",
"(13, 1, 7)",minecraft:spruce_trapdoor,"{'facing': 'west', 'half': 'top', 'open': 'false', 'powered': 'false', 'waterlogged': 'false'}",
"(14, 1, 7)",minecraft:spruce_stairs,"{'facing': 'west', 'half': 'bottom', 'shape': 'straight', 'waterlogged': 'false'}",
"(15, 1, 7)",minecraft:spruce_trapdoor,"{'facing': 'west', 'half': 'top', 'open': 'false', 'powered': 'false', 'waterlogged': 'false'}",
"(16, 1, 7)",minecraft:spruce_stairs,"{'facing': 'west', 'half': 'bottom', 'shape': 'straight', 'waterlogged': 'false'}",
"(17, 1, 7)",minecraft:spruce_trapdoor,"{'facing': 'west', 'half': 'top', 'open': 'false', 'powered': 'false', 'waterlogged': 'false'}",
"(18, 1, 7)",minecraft:spruce_stairs,"{'facing': 'west', 'half': 'bottom', 'shape': 'straight', 'waterlogged': 'false'}",
"(19, 1, 7)",minecraft:oak_wall_sign,"{'facing': 'west', 'waterlogged': 'false'}","{back_text: {has_glowing_text: 0b, color: ""black"", messages: ["""", """", """", """"]}, components: {}, is_waxed: 0b, id: ""minecraft:sign"", front_text: {has_glowing_text: 0b, color: ""black"", messages: ["""", """", """", """"]}}"
"(20, 1, 7)",minecraft:oak_stairs,"{'facing': 'north', 'half': 'top', 'shape': 'straight', 'waterlogged': 'false'}",
"(22, 1, 7)",minecraft:spruce_fence,"{'east': 'true', 'north': 'false', 'south': 'false', 'waterlogged': 'false', 'west': 'false'}",
"(23, 1, 7)",minecraft:mud_bricks,{},
"(2, 1, 8)",minecraft:oak_log,{'axis': 'y'},
"(3, 1, 8)",minecraft:bricks,{},
"(4, 1, 8)",minecraft:mud_bricks,{},
"(5, 1, 8)",minecraft:bricks,{},
"(6, 1, 8)",minecraft:oak_log,{'axis': 'y'},
"(7, 1, 8)",minecraft:bookshelf,{},
"(10, 1, 8)",minecraft:spruce_stairs,"{'facing': 'west', 'half': 'bottom', 'shape': 'straight', 'waterlogged': 'false'}",
"(11, 1, 8)",minecraft:spruce_trapdoor,"{'facing': 'west', 'half': 'top', 'open': 'false', 'powered': 'false', 'waterlogged': 'false'}",
"(12, 1, 8)",minecraft:spruce_stairs,"{'facing': 'west', 'half': 'bottom', 'shape': 'straight', 'waterlogged': 'false'}",
"(13, 1, 8)",minecraft:spruce_trapdoor,"{'facing': 'west', 'half': 'top', 'open': 'false', 'powered': 'false', 'waterlogged': 'false'}",
"(14, 1, 8)",minecraft:spruce_stairs,"{'facing': 'west', 'half': 'bottom', 'shape': 'straight', 'waterlogged': 'false'}",
"(15, 1, 8)",minecraft:spruce_trapdoor,"{'facing': 'west', 'half': 'top', 'open': 'false', 'powered': 'false', 'waterlogged': 'false'}",
"(16, 1, 8)",minecraft:spruce_stairs,"{'facing': 'west', 'half': 'bottom', 'shape': 'straight', 'waterlogged': 'false'}",
"(17, 1, 8)",minecraft:spruce_trapdoor,"{'facing': 'west', 'half': 'top', 'open': 'false', 'powered': 'false', 'waterlogged': 'false'}",
"(18, 1, 8)",minecraft:spruce_stairs,"{'facing': 'west', 'half': 'bottom', 'shape': 'straight', 'waterlogged': 'false'}",
"(23, 1, 8)",minecraft:terracotta,{},
"(3, 1, 9)",minecraft:lilac,{'half': 'upper'},
"(4, 1, 9)",minecraft:peony,{'half': 'upper'},
"(5, 1, 9)",minecraft:mud_bricks,{},
"(6, 1, 9)",minecraft:bricks,{},
"(7, 1, 9)",minecraft:bookshelf,{},
"(23, 1, 9)",minecraft:mud_bricks,{},
"(24, 1, 9)",minecraft:tall_grass,{'half': 'upper'},
"(5, 1, 10)",minecraft:oak_log,{'axis': 'y'},
"(6, 1, 10)",minecraft:mud_bricks,{},
"(7, 1, 10)",minecraft:mud_bricks,{},
"(8, 1, 10)",minecraft:mud_bricks,{},
"(9, 1, 10)",minecraft:bricks,{},
"(10, 1, 10)",minecraft:bricks,{},
"(11, 1, 10)",minecraft:oak_log,{'axis': 'y'},
"(12, 1, 10)",minecraft:bricks,{},
"(13, 1, 10)",minecraft:mud_bricks,{},
"(14, 1, 10)",minecraft:mud_bricks,{},
"(15, 1, 10)",minecraft:terracotta,{},
"(16, 1, 10)",minecraft:mud_bricks,{},
"(17, 1, 10)",minecraft:oak_log,{'axis': 'y'},
"(18, 1, 10)",minecraft:bricks,{},
"(19, 1, 10)",minecraft:bricks,{},
"(20, 1, 10)",minecraft:mud_bricks,{},
"(21, 1, 10)",minecraft:mud_bricks,{},
"(22, 1, 10)",minecraft:mud_bricks,{},
"(23, 1, 10)",minecraft:oak_log,{'axis': 'y'},
"(7, 1, 11)",minecraft:tall_grass,{'half': 'upper'},
"(10, 1, 11)",minecraft:large_fern,{'half': 'upper'},
"(12, 1, 11)",minecraft:large_fern,{'half': 'upper'},
"(14, 1, 11)",minecraft:tall_grass,{'half': 'upper'},
"(15, 1, 11)",minecraft:tall_grass,{'half': 'upper'},
"(18, 1, 11)",minecraft:tall_grass,{'half': 'upper'},
"(19, 1, 11)",minecraft:large_fern,{'half': 'upper'},
"(22, 1, 11)",minecraft:tall_grass,{'half': 'upper'},
"(9, 2, 1)",minecraft:oak_fence_gate,"{'facing': 'south', 'in_wall': 'false', 'open': 'true', 'powered': 'false'}",
"(14, 2, 1)",minecraft:oak_fence_gate,"{'facing': 'south', 'in_wall': 'false', 'open': 'true', 'powered': 'false'}",
"(19, 2, 1)",minecraft:oak_fence_gate,"{'facing': 'south', 'in_wall': 'false', 'open': 'true', 'powered': 'false'}",
"(21, 2, 1)",minecraft:tuff_wall,"{'east': 'none', 'north': 'none', 'south': 'tall', 'up': 'true', 'waterlogged': 'false', 'west': 'none'}",
"(5, 2, 2)",minecraft:mangrove_wood,{'axis': 'y'},
"(6, 2, 2)",minecraft:mud_bricks,{},
"(7, 2, 2)",minecraft:terracotta,{},
"(8, 2, 2)",minecraft:terracotta,{},
"(9, 2, 2)",minecraft:white_stained_glass_pane,"{'east': 'true', 'north': 'false', 'south': 'false', 'waterlogged': 'false', 'west': 'true'}",
"(10, 2, 2)",minecraft:bricks,{},
"(11, 2, 2)",minecraft:mangrove_wood,{'axis': 'y'},
"(12, 2, 2)",minecraft:terracotta,{},
"(13, 2, 2)",minecraft:bricks,{},
"(14, 2, 2)",minecraft:white_stained_glass_pane,"{'east': 'true', 'north': 'false', 'south': 'false', 'waterlogged': 'false', 'west': 'true'}",
"(15, 2, 2)",minecraft:mud_bricks,{},
"(16, 2, 2)",minecraft:terracotta,{},
"(17, 2, 2)",minecraft:mangrove_wood,{'axis': 'y'},
"(18, 2, 2)",minecraft:bricks,{},
"(19, 2, 2)",minecraft:white_stained_glass_pane,"{'east': 'true', 'north': 'false', 'south': 'false', 'waterlogged': 'false', 'west': 'true'}",
"(20, 2, 2)",minecraft:bricks,{},
"(21, 2, 2)",minecraft:bricks,{},
"(22, 2, 2)",minecraft:mud_bricks,{},
"(23, 2, 2)",minecraft:mangrove_wood,{'axis': 'y'},
"(5, 2, 3)",minecraft:terracotta,{},
"(6, 2, 3)",minecraft:bricks,{},
"(7, 2, 3)",minecraft:bookshelf,{},
"(21, 2, 3)",minecraft:polished_deepslate_wall,"{'east': 'none', 'north': 'low', 'south': 'none', 'up': 'true', 'waterlogged': 'false', 'west': 'none'}",
"(23, 2, 3)",minecraft:bricks,{},
"(2, 2, 4)",minecraft:mangrove_wood,{'axis': 'y'},
"(3, 2, 4)",minecraft:terracotta,{},
"(4, 2, 4)",minecraft:mud_bricks,{},
"(5, 2, 4)",minecraft:bricks,{},
"(6, 2, 4)",minecraft:mangrove_wood,{'axis': 'y'},
"(7, 2, 4)",minecraft:bookshelf,{},
"(13, 2, 4)",minecraft:potted_dandelion,{},
"(22, 2, 4)",minecraft:spruce_trapdoor,"{'facing': 'north', 'half': 'top', 'open': 'true', 'powered': 'false', 'waterlogged': 'false'}",
"(23, 2, 4)",minecraft:white_stained_glass_pane,"{'east': 'false', 'north': 'true', 'south': 'true', 'waterlogged': 'false', 'west': 'false'}",
"(24, 2, 4)",minecraft:oak_fence_gate,"{'facing': 'west', 'in_wall': 'false', 'open': 'true', 'powered': 'false'}",
"(1, 2, 5)",minecraft:oak_fence,"{'east': 'true', 'north': 'false', 'south': 'false', 'waterlogged': 'false', 'west': 'false'}",
"(2, 2, 5)",minecraft:bricks,{},
"(6, 2, 5)",minecraft:bricks,{},
"(20, 2, 5)",minecraft:potted_cherry_sapling,{},
"(22, 2, 5)",minecraft:black_concrete,{},
"(23, 2, 5)",minecraft:bricks,{},
"(2, 2, 6)",minecraft:spruce_door,"{'facing': 'east', 'half': 'upper', 'hinge': 'right', 'open': 'false', 'powered': 'false'}",
"(6, 2, 6)",minecraft:spruce_door,"{'facing': 'east', 'half': 'upper', 'hinge': 'left', 'open': 'false', 'powered': 'false'}",
"(22, 2, 6)",minecraft:black_concrete,{},
"(23, 2, 6)",minecraft:mud_bricks,{},
"(1, 2, 7)",minecraft:oak_fence,"{'east': 'true', 'north': 'false', 'south': 'false', 'waterlogged': 'false', 'west': 'false'}",
"(2, 2, 7)",minecraft:bricks,{},
"(3, 2, 7)",minecraft:spruce_trapdoor,"{'facing': 'west', 'half': 'top', 'open': 'true', 'powered': 'false', 'waterlogged': 'false'}",
"(4, 2, 7)",minecraft:spruce_stairs,"{'facing': 'west', 'half': 'bottom', 'shape': 'straight', 'waterlogged': 'false'}",
"(6, 2, 7)",minecraft:terracotta,{},
"(11, 2, 7)",minecraft:potted_cornflower,{},
"(22, 2, 7)",minecraft:black_concrete,{},
"(23, 2, 7)",minecraft:terracotta,{},
"(2, 2, 8)",minecraft:mangrove_wood,{'axis': 'y'},
"(3, 2, 8)",minecraft:terracotta,{},
"(4, 2, 8)",minecraft:terracotta,{},
"(5, 2, 8)",minecraft:bricks,{},
"(6, 2, 8)",minecraft:mangrove_wood,{'axis': 'y'},
"(7, 2, 8)",minecraft:bookshelf,{},
"(15, 2, 8)",minecraft:potted_poppy,{},
"(22, 2, 8)",minecraft:spruce_trapdoor,"{'facing': 'south', 'half': 'top', 'open': 'true', 'powered': 'false', 'waterlogged': 'false'}",
"(23, 2, 8)",minecraft:white_stained_glass_pane,"{'east': 'false', 'north': 'true', 'south': 'true', 'waterlogged': 'false', 'west': 'false'}",
"(24, 2, 8)",minecraft:oak_fence_gate,"{'facing': 'west', 'in_wall': 'false', 'open': 'true', 'powered': 'false'}",
"(5, 2, 9)",minecraft:bricks,{},
"(6, 2, 9)",minecraft:terracotta,{},
"(7, 2, 9)",minecraft:bookshelf,{},
"(23, 2, 9)",minecraft:terracotta,{},
"(5, 2, 10)",minecraft:mangrove_wood,{'axis': 'y'},
"(6, 2, 10)",minecraft:terracotta,{},
"(7, 2, 10)",minecraft:mud_bricks,{},
"(8, 2, 10)",minecraft:bricks,{},
"(9, 2, 10)",minecraft:white_stained_glass_pane,"{'east': 'true', 'north': 'false', 'south': 'false', 'waterlogged': 'false', 'west': 'true'}",
"(10, 2, 10)",minecraft:terracotta,{},
"(11, 2, 10)",minecraft:mangrove_wood,{'axis': 'y'},
"(12, 2, 10)",minecraft:bricks,{},
"(13, 2, 10)",minecraft:bricks,{},
"(14, 2, 10)",minecraft:white_stained_glass_pane,"{'east': 'true', 'north': 'false', 'south': 'false', 'waterlogged': 'false', 'west': 'true'}",
"(15, 2, 10)",minecraft:bricks,{},
"(16, 2, 10)",minecraft:mud_bricks,{},
"(17, 2, 10)",minecraft:mangrove_wood,{'axis': 'y'},
"(18, 2, 10)",minecraft:terracotta,{},
"(19, 2, 10)",minecraft:white_stained_glass_pane,"{'east': 'true', 'north': 'false', 'south': 'false', 'waterlogged': 'false', 'west': 'true'}",
"(20, 2, 10)",minecraft:bricks,{},
"(21, 2, 10)",minecraft:mud_bricks,{},
"(22, 2, 10)",minecraft:terracotta,{},
"(23, 2, 10)",minecraft:mangrove_wood,{'axis': 'y'},
"(9, 2, 11)",minecraft:oak_fence_gate,"{'facing': 'north', 'in_wall': 'false', 'open': 'true', 'powered': 'false'}",
"(14, 2, 11)",minecraft:oak_fence_gate,"{'facing': 'north', 'in_wall': 'false', 'open': 'true', 'powered': 'false'}",
"(19, 2, 11)",minecraft:oak_fence_gate,"{'facing': 'north', 'in_wall': 'false', 'open': 'true', 'powered': 'false'}",
"(21, 3, 0)",minecraft:cobblestone_wall,"{'east': 'none', 'north': 'none', 'south': 'low', 'up': 'true', 'waterlogged': 'false', 'west': 'none'}",
"(5, 3, 1)",minecraft:spruce_fence,"{'east': 'false', 'north': 'false', 'south': 'true', 'waterlogged': 'false', 'west': 'false'}",
"(9, 3, 1)",minecraft:oxidized_copper_trapdoor,"{'facing': 'north', 'half': 'bottom', 'open': 'false', 'powered': 'false', 'waterlogged': 'false'}",
"(11, 3, 1)",minecraft:spruce_fence,"{'east': 'false', 'north': 'false', 'south': 'true', 'waterlogged': 'false', 'west': 'false'}",
"(14, 3, 1)",minecraft:oxidized_copper_trapdoor,"{'facing': 'north', 'half': 'bottom', 'open': 'false', 'powered': 'false', 'waterlogged': 'false'}",
"(17, 3, 1)",minecraft:spruce_fence,"{'east': 'false', 'north': 'false', 'south': 'true', 'waterlogged': 'false', 'west': 'false'}",
"(19, 3, 1)",minecraft:oxidized_copper_trapdoor,"{'facing': 'north', 'half': 'bottom', 'open': 'false', 'powered': 'false', 'waterlogged': 'false'}",
"(21, 3, 1)",minecraft:tuff_wall,"{'east': 'none', 'north': 'low', 'south': 'low', 'up': 'false', 'waterlogged': 'false', 'west': 'none'}",
"(23, 3, 1)",minecraft:spruce_fence,"{'east': 'false', 'north': 'false', 'south': 'true', 'waterlogged': 'false', 'west': 'false'}",
"(4, 3, 2)",minecraft:spruce_fence,"{'east': 'true', 'north': 'false', 'south': 'false', 'waterlogged': 'false', 'west': 'false'}",
"(5, 3, 2)",minecraft:stripped_dark_oak_wood,{'axis': 'y'},
"(6, 3, 2)",minecraft:bricks,{},
"(7, 3, 2)",minecraft:bricks,{},
"(8, 3, 2)",minecraft:bricks,{},
"(9, 3, 2)",minecraft:bricks,{},
"(10, 3, 2)",minecraft:terracotta,{},
"(11, 3, 2)",minecraft:stripped_dark_oak_wood,{'axis': 'y'},
"(12, 3, 2)",minecraft:bricks,{},
"(13, 3, 2)",minecraft:terracotta,{},
"(14, 3, 2)",minecraft:terracotta,{},
"(15, 3, 2)",minecraft:bricks,{},
"(16, 3, 2)",minecraft:bricks,{},
"(17, 3, 2)",minecraft:stripped_dark_oak_wood,{'axis': 'y'},
"(18, 3, 2)",minecraft:bricks,{},
"(19, 3, 2)",minecraft:terracotta,{},
"(20, 3, 2)",minecraft:terracotta,{},
"(21, 3, 2)",minecraft:bricks,{},
"(22, 3, 2)",minecraft:bricks,{},
"(23, 3, 2)",minecraft:stripped_dark_oak_wood,{'axis': 'y'},
"(24, 3, 2)",minecraft:spruce_fence,"{'east': 'false', 'north': 'false', 'south': 'false', 'waterlogged': 'false', 'west': 'true'}",
"(2, 3, 3)",minecraft:spruce_fence,"{'east': 'false', 'north': 'false', 'south': 'true', 'waterlogged': 'false', 'west': 'false'}",
"(5, 3, 3)",minecraft:bricks,{},
"(6, 3, 3)",minecraft:terracotta,{},
"(7, 3, 3)",minecraft:bookshelf,{},
"(8, 3, 3)",minecraft:spruce_trapdoor,"{'facing': 'south', 'half': 'top', 'open': 'false', 'powered': 'false', 'waterlogged': 'false'}",
"(9, 3, 3)",minecraft:spruce_trapdoor,"{'facing': 'south', 'half': 'top', 'open': 'false', 'powered': 'false', 'waterlogged': 'false'}",
"(10, 3, 3)",minecraft:spruce_trapdoor,"{'facing': 'south', 'half': 'top', 'open': 'false', 'powered': 'false', 'waterlogged': 'false'}",
"(11, 3, 3)",minecraft:spruce_trapdoor,"{'facing': 'south', 'half': 'top', 'open': 'false', 'powered': 'false', 'waterlogged': 'false'}",
"(12, 3, 3)",minecraft:spruce_trapdoor,"{'facing': 'south', 'half': 'top', 'open': 'false', 'powered': 'false', 'waterlogged': 'false'}",
"(13, 3, 3)",minecraft:spruce_trapdoor,"{'facing': 'south', 'half': 'top', 'open': 'false', 'powered': 'false', 'waterlogged': 'false'}",
"(14, 3, 3)",minecraft:spruce_trapdoor,"{'facing': 'south', 'half': 'top', 'open': 'false', 'powered': 'false', 'waterlogged': 'false'}",
"(15, 3, 3)",minecraft:spruce_trapdoor,"{'facing': 'south', 'half': 'top', 'open': 'false', 'powered': 'false', 'waterlogged': 'false'}",
"(16, 3, 3)",minecraft:spruce_trapdoor,"{'facing': 'south', 'half': 'top', 'open': 'false', 'powered': 'false', 'waterlogged': 'false'}",
"(17, 3, 3)",minecraft:spruce_trapdoor,"{'facing': 'south', 'half': 'top', 'open': 'false', 'powered': 'false', 'waterlogged': 'false'}",
"(18, 3, 3)",minecraft:spruce_trapdoor,"{'facing': 'south', 'half': 'top', 'open': 'false', 'powered': 'false', 'waterlogged': 'false'}",
"(19, 3, 3)",minecraft:spruce_trapdoor,"{'facing': 'south', 'half': 'top', 'open': 'false', 'powered': 'false', 'waterlogged': 'false'}",
"(20, 3, 3)",minecraft:spruce_trapdoor,"{'facing': 'south', 'half': 'top', 'open': 'false', 'powered': 'false', 'waterlogged': 'false'}",
"(21, 3, 3)",minecraft:spruce_trapdoor,"{'facing': 'south', 'half': 'top', 'open': 'false', 'powered': 'false', 'waterlogged': 'false'}",
"(22, 3, 3)",minecraft:spruce_trapdoor,"{'facing': 'south', 'half': 'top', 'open': 'false', 'powered': 'false', 'waterlogged': 'false'}",
"(23, 3, 3)",minecraft:bricks,{},
"(1, 3, 4)",minecraft:spruce_fence,"{'east': 'true', 'north': 'false', 'south': 'false', 'waterlogged': 'false', 'west': 'false'}",
"(2, 3, 4)",minecraft:stripped_dark_oak_wood,{'axis': 'y'},
"(3, 3, 4)",minecraft:terracotta,{},
"(4, 3, 4)",minecraft:bricks,{},
"(5, 3, 4)",minecraft:bricks,{},
"(6, 3, 4)",minecraft:stripped_dark_oak_wood,{'axis': 'y'},
"(7, 3, 4)",minecraft:bookshelf,{},
"(22, 3, 4)",minecraft:spruce_trapdoor,"{'facing': 'north', 'half': 'bottom', 'open': 'true', 'powered': 'false', 'waterlogged': 'false'}",
"(23, 3, 4)",minecraft:terracotta,{},
"(24, 3, 4)",minecraft:oxidized_copper_trapdoor,"{'facing': 'east', 'half': 'bottom', 'open': 'false', 'powered': 'false', 'waterlogged': 'false'}",
"(1, 3, 5)",minecraft:oak_slab,"{'type': 'bottom', 'waterlogged': 'false'}",
"(2, 3, 5)",minecraft:bricks,{},
"(3, 3, 5)",minecraft:spruce_trapdoor,"{'facing': 'east', 'half': 'top', 'open': 'false', 'powered': 'false', 'waterlogged': 'false'}",
"(4, 3, 5)",minecraft:spruce_trapdoor,"{'facing': 'east', 'half': 'top', 'open': 'false', 'powered': 'false', 'waterlogged': 'false'}",
"(5, 3, 5)",minecraft:spruce_trapdoor,"{'facing': 'east', 'half': 'top', 'open': 'false', 'powered': 'false', 'waterlogged': 'false'}",
"(6, 3, 5)",minecraft:terracotta,{},
"(22, 3, 5)",minecraft:black_concrete,{},
"(23, 3, 5)",minecraft:terracotta,{},
"(1, 3, 6)",minecraft:oak_slab,"{'type': 'top', 'waterlogged': 'false'}",
"(2, 3, 6)",minecraft:bricks,{},
"(6, 3, 6)",minecraft:terracotta,{},
"(22, 3, 6)",minecraft:black_concrete,{},
"(23, 3, 6)",minecraft:bricks,{},
"(1, 3, 7)",minecraft:oak_slab,"{'type': 'bottom', 'waterlogged': 'false'}",
"(2, 3, 7)",minecraft:bricks,{},
"(3, 3, 7)",minecraft:spruce_stairs,"{'facing': 'east', 'half': 'top', 'shape': 'straight', 'waterlogged': 'false'}",
"(4, 3, 7)",minecraft:spruce_trapdoor,"{'facing': 'east', 'half': 'bottom', 'open': 'true', 'powered': 'false', 'waterlogged': 'false'}",
"(6, 3, 7)",minecraft:bricks,{},
"(22, 3, 7)",minecraft:black_concrete,{},
"(23, 3, 7)",minecraft:bricks,{},
"(1, 3, 8)",minecraft:dark_oak_fence,"{'east': 'true', 'north': 'false', 'south': 'false', 'waterlogged': 'false', 'west': 'false'}",
"(2, 3, 8)",minecraft:stripped_dark_oak_wood,{'axis': 'y'},
"(3, 3, 8)",minecraft:bricks,{},
"(4, 3, 8)",minecraft:terracotta,{},
"(5, 3, 8)",minecraft:bricks,{},
"(6, 3, 8)",minecraft:stripped_dark_oak_wood,{'axis': 'y'},
"(7, 3, 8)",minecraft:bookshelf,{},
"(22, 3, 8)",minecraft:spruce_trapdoor,"{'facing': 'south', 'half': 'bottom', 'open': 'true', 'powered': 'false', 'waterlogged': 'false'}",
"(23, 3, 8)",minecraft:bricks,{},
"(24, 3, 8)",minecraft:oxidized_copper_trapdoor,"{'facing': 'east', 'half': 'bottom', 'open': 'false', 'powered': 'false', 'waterlogged': 'false'}",
"(2, 3, 9)",minecraft:dark_oak_fence,"{'east': 'false', 'north': 'true', 'south': 'false', 'waterlogged': 'false', 'west': 'false'}",
"(5, 3, 9)",minecraft:terracotta,{},
"(6, 3, 9)",minecraft:bricks,{},
"(7, 3, 9)",minecraft:bookshelf,{},
"(8, 3, 9)",minecraft:spruce_trapdoor,"{'facing': 'north', 'half': 'top', 'open': 'false', 'powered': 'false', 'waterlogged': 'false'}",
"(9, 3, 9)",minecraft:spruce_trapdoor,"{'facing': 'north', 'half': 'top', 'open': 'false', 'powered': 'false', 'waterlogged': 'false'}",
"(10, 3, 9)",minecraft:spruce_trapdoor,"{'facing': 'north', 'half': 'top', 'open': 'false', 'powered': 'false', 'waterlogged': 'false'}",
"(11, 3, 9)",minecraft:spruce_trapdoor,"{'facing': 'north', 'half': 'top', 'open': 'false', 'powered': 'false', 'waterlogged': 'false'}",
"(12, 3, 9)",minecraft:spruce_trapdoor,"{'facing': 'north', 'half': 'top', 'open': 'false', 'powered': 'false', 'waterlogged': 'false'}",
"(13, 3, 9)",minecraft:spruce_trapdoor,"{'facing': 'north', 'half': 'top', 'open': 'false', 'powered': 'false', 'waterlogged': 'false'}",
"(14, 3, 9)",minecraft:spruce_trapdoor,"{'facing': 'north', 'half': 'top', 'open': 'false', 'powered': 'false', 'waterlogged': 'false'}",
"(15, 3, 9)",minecraft:spruce_trapdoor,"{'facing': 'north', 'half': 'top', 'open': 'false', 'powered': 'false', 'waterlogged': 'false'}",
"(16, 3, 9)",minecraft:spruce_trapdoor,"{'facing': 'north', 'half': 'top', 'open': 'false', 'powered': 'false', 'waterlogged': 'false'}",
"(17, 3, 9)",minecraft:spruce_trapdoor,"{'facing': 'north', 'half': 'top', 'open': 'false', 'powered': 'false', 'waterlogged': 'false'}",
"(18, 3, 9)",minecraft:spruce_trapdoor,"{'facing': 'north', 'half': 'top', 'open': 'false', 'powered': 'false', 'waterlogged': 'false'}",
"(19, 3, 9)",minecraft:spruce_trapdoor,"{'facing': 'north', 'half': 'top', 'open': 'false', 'powered': 'false', 'waterlogged': 'false'}",
"(20, 3, 9)",minecraft:spruce_trapdoor,"{'facing': 'north', 'half': 'top', 'open': 'false', 'powered': 'false', 'waterlogged': 'false'}",
"(21, 3, 9)",minecraft:spruce_trapdoor,"{'facing': 'north', 'half': 'top', 'open': 'false', 'powered': 'false', 'waterlogged': 'false'}",
"(22, 3, 9)",minecraft:spruce_trapdoor,"{'facing': 'north', 'half': 'top', 'open': 'false', 'powered': 'false', 'waterlogged': 'false'}",
"(23, 3, 9)",minecraft:terracotta,{},
"(4, 3, 10)",minecraft:dark_oak_fence,"{'east': 'true', 'north': 'false', 'south': 'false', 'waterlogged': 'false', 'west': 'false'}",
"(5, 3, 10)",minecraft:stripped_dark_oak_wood,{'axis': 'y'},
"(6, 3, 10)",minecraft:bricks,{},
"(7, 3, 10)",minecraft:bricks,{},
"(8, 3, 10)",minecraft:bricks,{},
"(9, 3, 10)",minecraft:terracotta,{},
"(10, 3, 10)",minecraft:terracotta,{},
"(11, 3, 10)",minecraft:stripped_dark_oak_wood,{'axis': 'y'},
"(12, 3, 10)",minecraft:bricks,{},
"(13, 3, 10)",minecraft:terracotta,{},
"(14, 3, 10)",minecraft:terracotta,{},
"(15, 3, 10)",minecraft:bricks,{},
"(16, 3, 10)",minecraft:bricks,{},
"(17, 3, 10)",minecraft:stripped_dark_oak_wood,{'axis': 'y'},
"(18, 3, 10)",minecraft:bricks,{},
"(19, 3, 10)",minecraft:terracotta,{},
"(20, 3, 10)",minecraft:terracotta,{},
"(21, 3, 10)",minecraft:bricks,{},
"(22, 3, 10)",minecraft:bricks,{},
"(23, 3, 10)",minecraft:stripped_dark_oak_wood,{'axis': 'y'},
"(24, 3, 10)",minecraft:dark_oak_fence,"{'east': 'false', 'north': 'false', 'south': 'false', 'waterlogged': 'false', 'west': 'true'}",
"(5, 3, 11)",minecraft:dark_oak_fence,"{'east': 'false', 'north': 'true', 'south': 'false', 'waterlogged': 'false', 'west': 'false'}",
"(9, 3, 11)",minecraft:oxidized_copper_trapdoor,"{'facing': 'south', 'half': 'bottom', 'open': 'false', 'powered': 'false', 'waterlogged': 'false'}",
"(11, 3, 11)",minecraft:dark_oak_fence,"{'east': 'false', 'north': 'true', 'south': 'false', 'waterlogged': 'false', 'west': 'false'}",
"(14, 3, 11)",minecraft:oxidized_copper_trapdoor,"{'facing': 'south', 'half': 'bottom', 'open': 'false', 'powered': 'false', 'waterlogged': 'false'}",
"(17, 3, 11)",minecraft:dark_oak_fence,"{'east': 'false', 'north': 'true', 'south': 'false', 'waterlogged': 'false', 'west': 'false'}",
"(19, 3, 11)",minecraft:oxidized_copper_trapdoor,"{'facing': 'south', 'half': 'bottom', 'open': 'false', 'powered': 'false', 'waterlogged': 'false'}",
"(23, 3, 11)",minecraft:dark_oak_fence,"{'east': 'false', 'north': 'true', 'south': 'false', 'waterlogged': 'false', 'west': 'false'}",
"(21, 4, 0)",minecraft:flower_pot,{},
"(5, 4, 1)",minecraft:oak_log,{'axis': 'z'},
"(6, 4, 1)",minecraft:spruce_stairs,"{'facing': 'south', 'half': 'top', 'shape': 'straight', 'waterlogged': 'false'}",
"(7, 4, 1)",minecraft:dark_oak_slab,"{'type': 'top', 'waterlogged': 'false'}",
"(8, 4, 1)",minecraft:spruce_stairs,"{'facing': 'south', 'half': 'top', 'shape': 'straight', 'waterlogged': 'false'}",
"(9, 4, 1)",minecraft:dark_oak_slab,"{'type': 'top', 'waterlogged': 'false'}",
"(10, 4, 1)",minecraft:dark_oak_stairs,"{'facing': 'south', 'half': 'top', 'shape': 'straight', 'waterlogged': 'false'}",
"(11, 4, 1)",minecraft:oak_log,{'axis': 'z'},
"(12, 4, 1)",minecraft:spruce_stairs,"{'facing': 'south', 'half': 'top', 'shape': 'straight', 'waterlogged': 'false'}",
"(13, 4, 1)",minecraft:dark_oak_slab,"{'type': 'top', 'waterlogged': 'false'}",
"(14, 4, 1)",minecraft:spruce_stairs,"{'facing': 'south', 'half': 'top', 'shape': 'straight', 'waterlogged': 'false'}",
"(15, 4, 1)",minecraft:dark_oak_slab,"{'type': 'top', 'waterlogged': 'false'}",
"(16, 4, 1)",minecraft:dark_oak_stairs,"{'facing': 'south', 'half': 'top', 'shape': 'straight', 'waterlogged': 'false'}",
"(17, 4, 1)",minecraft:oak_log,{'axis': 'z'},
"(18, 4, 1)",minecraft:spruce_stairs,"{'facing': 'south', 'half': 'top', 'shape': 'straight', 'waterlogged': 'false'}",
"(19, 4, 1)",minecraft:dark_oak_slab,"{'type': 'top', 'waterlogged': 'false'}",
"(20, 4, 1)",minecraft:spruce_stairs,"{'facing': 'south', 'half': 'top', 'shape': 'straight', 'waterlogged': 'false'}",
"(21, 4, 1)",minecraft:dark_oak_slab,"{'type': 'top', 'waterlogged': 'false'}",
"(22, 4, 1)",minecraft:spruce_stairs,"{'facing': 'south', 'half': 'top', 'shape': 'straight', 'waterlogged': 'false'}",
"(23, 4, 1)",minecraft:oak_log,{'axis': 'z'},
"(4, 4, 2)",minecraft:oak_log,{'axis': 'x'},
"(5, 4, 2)",minecraft:oak_log,{'axis': 'y'},
"(6, 4, 2)",minecraft:oak_log,{'axis': 'x'},
"(7, 4, 2)",minecraft:stripped_dark_oak_wood,{'axis': 'x'},
"(8, 4, 2)",minecraft:stripped_dark_oak_wood,{'axis': 'x'},
"(9, 4, 2)",minecraft:mangrove_wood,{'axis': 'x'},
"(10, 4, 2)",minecraft:mangrove_wood,{'axis': 'x'},
"(11, 4, 2)",minecraft:stripped_dark_oak_wood,{'axis': 'x'},
"(12, 4, 2)",minecraft:stripped_dark_oak_wood,{'axis': 'x'},
"(13, 4, 2)",minecraft:stripped_dark_oak_wood,{'axis': 'x'},
"(14, 4, 2)",minecraft:mangrove_wood,{'axis': 'x'},
"(15, 4, 2)",minecraft:mangrove_wood,{'axis': 'x'},
"(16, 4, 2)",minecraft:stripped_dark_oak_wood,{'axis': 'x'},
"(17, 4, 2)",minecraft:oak_log,{'axis': 'y'},
"(18, 4, 2)",minecraft:stripped_dark_oak_wood,{'axis': 'x'},
"(19, 4, 2)",minecraft:mangrove_wood,{'axis': 'x'},
"(20, 4, 2)",minecraft:mangrove_wood,{'axis': 'x'},
"(21, 4, 2)",minecraft:stripped_dark_oak_wood,{'axis': 'x'},
"(22, 4, 2)",minecraft:stripped_dark_oak_wood,{'axis': 'x'},
"(23, 4, 2)",minecraft:oak_log,{'axis': 'y'},
"(24, 4, 2)",minecraft:oak_log,{'axis': 'x'},
"(2, 4, 3)",minecraft:oak_log,{'axis': 'z'},
"(3, 4, 3)",minecraft:spruce_stairs,"{'facing': 'south', 'half': 'top', 'shape': 'straight', 'waterlogged': 'false'}",
"(4, 4, 3)",minecraft:spruce_stairs,"{'facing': 'east', 'half': 'top', 'shape': 'inner_right', 'waterlogged': 'false'}",
"(5, 4, 3)",minecraft:oak_log,{'axis': 'z'},
"(6, 4, 3)",minecraft:stripped_dark_oak_wood,{'axis': 'z'},
"(23, 4, 3)",minecraft:stripped_dark_oak_wood,{'axis': 'z'},
"(24, 4, 3)",minecraft:spruce_stairs,"{'facing': 'west', 'half': 'top', 'shape': 'straight', 'waterlogged': 'false'}",
"(1, 4, 4)",minecraft:oak_log,{'axis': 'x'},
"(2, 4, 4)",minecraft:oak_log,{'axis': 'y'},
"(3, 4, 4)",minecraft:stripped_dark_oak_wood,{'axis': 'x'},
"(4, 4, 4)",minecraft:stripped_dark_oak_wood,{'axis': 'x'},
"(5, 4, 4)",minecraft:stripped_dark_oak_wood,{'axis': 'x'},
"(6, 4, 4)",minecraft:stripped_dark_oak_wood,{'axis': 'y'},
"(23, 4, 4)",minecraft:mangrove_wood,{'axis': 'z'},
"(24, 4, 4)",minecraft:dark_oak_slab,"{'type': 'top', 'waterlogged': 'false'}",
"(1, 4, 5)",minecraft:spruce_stairs,"{'facing': 'east', 'half': 'top', 'shape': 'straight', 'waterlogged': 'false'}",
"(2, 4, 5)",minecraft:stripped_dark_oak_wood,{'axis': 'z'},
"(5, 4, 5)",minecraft:lantern,"{'hanging': 'false', 'waterlogged': 'false'}",
"(6, 4, 5)",minecraft:stripped_dark_oak_wood,{'axis': 'z'},
"(22, 4, 5)",minecraft:spruce_trapdoor,"{'facing': 'north', 'half': 'bottom', 'open': 'false', 'powered': 'false', 'waterlogged': 'false'}",
"(23, 4, 5)",minecraft:stripped_dark_oak_wood,{'axis': 'z'},
"(24, 4, 5)",minecraft:dark_oak_stairs,"{'facing': 'west', 'half': 'top', 'shape': 'straight', 'waterlogged': 'false'}",
"(1, 4, 6)",minecraft:dark_oak_slab,"{'type': 'top', 'waterlogged': 'false'}",
"(2, 4, 6)",minecraft:stripped_dark_oak_wood,{'axis': 'z'},
"(3, 4, 6)",minecraft:spruce_trapdoor,"{'facing': 'north', 'half': 'bottom', 'open': 'true', 'powered': 'false', 'waterlogged': 'false'}",
"(6, 4, 6)",minecraft:stripped_dark_oak_wood,{'axis': 'z'},
"(22, 4, 6)",minecraft:spruce_trapdoor,"{'facing': 'north', 'half': 'bottom', 'open': 'false', 'powered': 'false', 'waterlogged': 'false'}",
"(23, 4, 6)",minecraft:stripped_dark_oak_wood,{'axis': 'z'},
"(24, 4, 6)",minecraft:spruce_slab,"{'type': 'top', 'waterlogged': 'false'}",
"(1, 4, 7)",minecraft:dark_oak_stairs,"{'facing': 'east', 'half': 'top', 'shape': 'straight', 'waterlogged': 'false'}",
"(2, 4, 7)",minecraft:oak_log,{'axis': 'z'},
"(3, 4, 7)",minecraft:spruce_stairs,"{'facing': 'west', 'half': 'bottom', 'shape': 'straight', 'waterlogged': 'false'}",
"(6, 4, 7)",minecraft:mangrove_wood,{'axis': 'z'},
"(22, 4, 7)",minecraft:spruce_trapdoor,"{'facing': 'north', 'half': 'bottom', 'open': 'false', 'powered': 'false', 'waterlogged': 'false'}",
"(23, 4, 7)",minecraft:mangrove_wood,{'axis': 'z'},
"(24, 4, 7)",minecraft:spruce_stairs,"{'facing': 'west', 'half': 'top', 'shape': 'straight', 'waterlogged': 'false'}",
"(1, 4, 8)",minecraft:oak_log,{'axis': 'x'},
"(2, 4, 8)",minecraft:oak_log,{'axis': 'y'},
"(3, 4, 8)",minecraft:stripped_dark_oak_wood,{'axis': 'x'},
"(4, 4, 8)",minecraft:stripped_dark_oak_wood,{'axis': 'x'},
"(5, 4, 8)",minecraft:stripped_dark_oak_wood,{'axis': 'x'},
"(6, 4, 8)",minecraft:stripped_dark_oak_wood,{'axis': 'y'},
"(23, 4, 8)",minecraft:mangrove_wood,{'axis': 'z'},
"(24, 4, 8)",minecraft:dark_oak_slab,"{'type': 'top', 'waterlogged': 'false'}",
"(2, 4, 9)",minecraft:oak_log,{'axis': 'z'},
"(3, 4, 9)",minecraft:spruce_stairs,"{'facing': 'north', 'half': 'top', 'shape': 'straight', 'waterlogged': 'false'}",
"(4, 4, 9)",minecraft:dark_oak_stairs,"{'facing': 'east', 'half': 'top', 'shape': 'inner_left', 'waterlogged': 'false'}",
"(5, 4, 9)",minecraft:oak_log,{'axis': 'z'},
"(6, 4, 9)",minecraft:stripped_dark_oak_wood,{'axis': 'z'},
"(23, 4, 9)",minecraft:stripped_dark_oak_wood,{'axis': 'z'},
"(24, 4, 9)",minecraft:dark_oak_stairs,"{'facing': 'west', 'half': 'top', 'shape': 'straight', 'waterlogged': 'false'}",
"(4, 4, 10)",minecraft:oak_log,{'axis': 'x'},
"(5, 4, 10)",minecraft:oak_log,{'axis': 'y'},
"(6, 4, 10)",minecraft:oak_log,{'axis': 'x'},
"(7, 4, 10)",minecraft:stripped_dark_oak_wood,{'axis': 'x'},
"(8, 4, 10)",minecraft:mangrove_wood,{'axis': 'x'},
"(9, 4, 10)",minecraft:mangrove_wood,{'axis': 'x'},
"(10, 4, 10)",minecraft:stripped_dark_oak_wood,{'axis': 'x'},
"(11, 4, 10)",minecraft:stripped_dark_oak_wood,{'axis': 'x'},
"(12, 4, 10)",minecraft:stripped_dark_oak_wood,{'axis': 'x'},
"(13, 4, 10)",minecraft:mangrove_wood,{'axis': 'x'},
"(14, 4, 10)",minecraft:mangrove_wood,{'axis': 'x'},
"(15, 4, 10)",minecraft:stripped_dark_oak_wood,{'axis': 'x'},
"(16, 4, 10)",minecraft:stripped_dark_oak_wood,{'axis': 'x'},
"(17, 4, 10)",minecraft:oak_log,{'axis': 'y'},
"(18, 4, 10)",minecraft:stripped_dark_oak_wood,{'axis': 'x'},
"(19, 4, 10)",minecraft:stripped_dark_oak_wood,{'axis': 'x'},
"(20, 4, 10)",minecraft:mangrove_wood,{'axis': 'x'},
"(21, 4, 10)",minecraft:mangrove_wood,{'axis': 'x'},
"(22, 4, 10)",minecraft:stripped_dark_oak_wood,{'axis': 'x'},
"(23, 4, 10)",minecraft:oak_log,{'axis': 'y'},
"(24, 4, 10)",minecraft:oak_log,{'axis': 'x'},
"(5, 4, 11)",minecraft:oak_log,{'axis': 'z'},
"(6, 4, 11)",minecraft:spruce_stairs,"{'facing': 'north', 'half': 'top', 'shape': 'straight', 'waterlogged': 'false'}",
"(7, 4, 11)",minecraft:dark_oak_slab,"{'type': 'top', 'waterlogged': 'false'}",
"(8, 4, 11)",minecraft:spruce_stairs,"{'facing': 'north', 'half': 'top', 'shape': 'straight', 'waterlogged': 'false'}",
"(9, 4, 11)",minecraft:dark_oak_slab,"{'type': 'top', 'waterlogged': 'false'}",
"(10, 4, 11)",minecraft:dark_oak_stairs,"{'facing': 'north', 'half': 'top', 'shape': 'straight', 'waterlogged': 'false'}",
"(11, 4, 11)",minecraft:oak_log,{'axis': 'z'},
"(12, 4, 11)",minecraft:dark_oak_stairs,"{'facing': 'north', 'half': 'top', 'shape': 'straight', 'waterlogged': 'false'}",
"(13, 4, 11)",minecraft:dark_oak_slab,"{'type': 'top', 'waterlogged': 'false'}",
"(14, 4, 11)",minecraft:spruce_stairs,"{'facing': 'north', 'half': 'top', 'shape': 'straight', 'waterlogged': 'false'}",
"(15, 4, 11)",minecraft:dark_oak_slab,"{'type': 'top', 'waterlogged': 'false'}",
"(16, 4, 11)",minecraft:dark_oak_stairs,"{'facing': 'north', 'half': 'top', 'shape': 'straight', 'waterlogged': 'false'}",
"(17, 4, 11)",minecraft:oak_log,{'axis': 'z'},
"(18, 4, 11)",minecraft:dark_oak_stairs,"{'facing': 'north', 'half': 'top', 'shape': 'straight', 'waterlogged': 'false'}",
"(19, 4, 11)",minecraft:dark_oak_slab,"{'type': 'top', 'waterlogged': 'false'}",
"(20, 4, 11)",minecraft:dark_oak_stairs,"{'facing': 'north', 'half': 'top', 'shape': 'straight', 'waterlogged': 'false'}",
"(21, 4, 11)",minecraft:dark_oak_slab,"{'type': 'top', 'waterlogged': 'false'}",
"(22, 4, 11)",minecraft:dark_oak_stairs,"{'facing': 'north', 'half': 'top', 'shape': 'straight', 'waterlogged': 'false'}",
"(23, 4, 11)",minecraft:oak_log,{'axis': 'z'},
"(5, 5, 1)",minecraft:spruce_stairs,"{'facing': 'south', 'half': 'bottom', 'shape': 'straight', 'waterlogged': 'false'}",
"(7, 5, 1)",minecraft:spruce_slab,"{'type': 'bottom', 'waterlogged': 'false'}",
"(8, 5, 1)",minecraft:spruce_leaves,"{'distance': '1', 'persistent': 'true', 'waterlogged': 'false'}",
"(9, 5, 1)",minecraft:spruce_slab,"{'type': 'bottom', 'waterlogged': 'false'}",
"(10, 5, 1)",minecraft:birch_leaves,"{'distance': '7', 'persistent': 'true', 'waterlogged': 'false'}",
"(11, 5, 1)",minecraft:spruce_stairs,"{'facing': 'south', 'half': 'bottom', 'shape': 'straight', 'waterlogged': 'false'}",
"(12, 5, 1)",minecraft:dark_oak_leaves,"{'distance': '7', 'persistent': 'true', 'waterlogged': 'false'}",
"(13, 5, 1)",minecraft:spruce_slab,"{'type': 'bottom', 'waterlogged': 'false'}",
"(14, 5, 1)",minecraft:oak_leaves,"{'distance': '1', 'persistent': 'true', 'waterlogged': 'false'}",
"(15, 5, 1)",minecraft:spruce_slab,"{'type': 'bottom', 'waterlogged': 'false'}",
"(16, 5, 1)",minecraft:azalea_leaves,"{'distance': '7', 'persistent': 'true', 'waterlogged': 'false'}",
"(17, 5, 1)",minecraft:spruce_stairs,"{'facing': 'south', 'half': 'bottom', 'shape': 'straight', 'waterlogged': 'false'}",
"(18, 5, 1)",minecraft:flowering_azalea_leaves,"{'distance': '1', 'persistent': 'true', 'waterlogged': 'false'}",
"(19, 5, 1)",minecraft:spruce_slab,"{'type': 'bottom', 'waterlogged': 'false'}",
"(20, 5, 1)",minecraft:flowering_azalea_leaves,"{'distance': '7', 'persistent': 'true', 'waterlogged': 'false'}",
"(21, 5, 1)",minecraft:spruce_slab,"{'type': 'bottom', 'waterlogged': 'false'}",
"(23, 5, 1)",minecraft:spruce_stairs,"{'facing': 'south', 'half': 'bottom', 'shape': 'straight', 'waterlogged': 'false'}",
"(4, 5, 2)",minecraft:spruce_stairs,"{'facing': 'east', 'half': 'bottom', 'shape': 'straight', 'waterlogged': 'false'}",
"(5, 5, 2)",minecraft:oak_log,{'axis': 'y'},
"(6, 5, 2)",minecraft:mud_bricks,{},
"(7, 5, 2)",minecraft:bricks,{},
"(8, 5, 2)",minecraft:terracotta,{},
"(9, 5, 2)",minecraft:terracotta,{},
"(10, 5, 2)",minecraft:bricks,{},
"(11, 5, 2)",minecraft:bricks,{},
"(12, 5, 2)",minecraft:mud_bricks,{},
"(13, 5, 2)",minecraft:bricks,{},
"(14, 5, 2)",minecraft:mud_bricks,{},
"(15, 5, 2)",minecraft:terracotta,{},
"(16, 5, 2)",minecraft:bricks,{},
"(17, 5, 2)",minecraft:oak_log,{'axis': 'y'},
"(18, 5, 2)",minecraft:terracotta,{},
"(19, 5, 2)",minecraft:terracotta,{},
"(20, 5, 2)",minecraft:mud_bricks,{},
"(21, 5, 2)",minecraft:bricks,{},
"(22, 5, 2)",minecraft:terracotta,{},
"(23, 5, 2)",minecraft:oak_log,{'axis': 'y'},
"(24, 5, 2)",minecraft:spruce_stairs,"{'facing': 'west', 'half': 'bottom', 'shape': 'straight', 'waterlogged': 'false'}",
"(2, 5, 3)",minecraft:spruce_stairs,"{'facing': 'south', 'half': 'bottom', 'shape': 'straight', 'waterlogged': 'false'}",
"(4, 5, 3)",minecraft:oak_leaves,"{'distance': '7', 'persistent': 'true', 'waterlogged': 'false'}",
"(5, 5, 3)",minecraft:mud_bricks,{},
"(6, 5, 3)",minecraft:bricks,{},
"(23, 5, 3)",minecraft:bricks,{},
"(24, 5, 3)",minecraft:acacia_leaves,"{'distance': '7', 'persistent': 'true', 'waterlogged': 'false'}",
"(1, 5, 4)",minecraft:spruce_stairs,"{'facing': 'east', 'half': 'bottom', 'shape': 'straight', 'waterlogged': 'false'}",
"(2, 5, 4)",minecraft:oak_log,{'axis': 'y'},
"(3, 5, 4)",minecraft:mud_bricks,{},
"(4, 5, 4)",minecraft:mud_bricks,{},
"(5, 5, 4)",minecraft:bricks,{},
"(6, 5, 4)",minecraft:stripped_dark_oak_wood,{'axis': 'y'},
"(23, 5, 4)",minecraft:mud_bricks,{},
"(24, 5, 4)",minecraft:spruce_slab,"{'type': 'bottom', 'waterlogged': 'false'}",
"(2, 5, 5)",minecraft:mud_bricks,{},
"(6, 5, 5)",minecraft:mud_bricks,{},
"(23, 5, 5)",minecraft:mud_bricks,{},
"(1, 5, 6)",minecraft:spruce_slab,"{'type': 'bottom', 'waterlogged': 'false'}",
"(2, 5, 6)",minecraft:mud_bricks,{},
"(3, 5, 6)",minecraft:spruce_stairs,"{'facing': 'south', 'half': 'top', 'shape': 'straight', 'waterlogged': 'false'}",
"(6, 5, 6)",minecraft:mud_bricks,{},
"(23, 5, 6)",minecraft:bricks,{},
"(24, 5, 6)",minecraft:dark_oak_slab,"{'type': 'bottom', 'waterlogged': 'false'}",
"(2, 5, 7)",minecraft:terracotta,{},
"(3, 5, 7)",minecraft:spruce_trapdoor,"{'facing': 'south', 'half': 'bottom', 'open': 'true', 'powered': 'false', 'waterlogged': 'false'}",
"(6, 5, 7)",minecraft:terracotta,{},
"(23, 5, 7)",minecraft:mud_bricks,{},
"(1, 5, 8)",minecraft:spruce_stairs,"{'facing': 'east', 'half': 'bottom', 'shape': 'straight', 'waterlogged': 'false'}",
"(2, 5, 8)",minecraft:oak_log,{'axis': 'y'},
"(3, 5, 8)",minecraft:mud_bricks,{},
"(4, 5, 8)",minecraft:mud_bricks,{},
"(5, 5, 8)",minecraft:bricks,{},
"(6, 5, 8)",minecraft:stripped_dark_oak_wood,{'axis': 'y'},
"(23, 5, 8)",minecraft:mud_bricks,{},
"(24, 5, 8)",minecraft:spruce_slab,"{'type': 'bottom', 'waterlogged': 'false'}",
"(2, 5, 9)",minecraft:dark_oak_stairs,"{'facing': 'north', 'half': 'bottom', 'shape': 'straight', 'waterlogged': 'false'}",
"(4, 5, 9)",minecraft:oak_leaves,"{'distance': '7', 'persistent': 'true', 'waterlogged': 'false'}",
"(5, 5, 9)",minecraft:bricks,{},
"(6, 5, 9)",minecraft:mud_bricks,{},
"(23, 5, 9)",minecraft:mud_bricks,{},
"(24, 5, 9)",minecraft:jungle_leaves,"{'distance': '7', 'persistent': 'true', 'waterlogged': 'false'}",
"(4, 5, 10)",minecraft:dark_oak_stairs,"{'facing': 'east', 'half': 'bottom', 'shape': 'straight', 'waterlogged': 'false'}",
"(5, 5, 10)",minecraft:oak_log,{'axis': 'y'},
"(6, 5, 10)",minecraft:bricks,{},
"(7, 5, 10)",minecraft:terracotta,{},
"(8, 5, 10)",minecraft:terracotta,{},
"(9, 5, 10)",minecraft:bricks,{},
"(10, 5, 10)",minecraft:mud_bricks,{},
"(11, 5, 10)",minecraft:mud_bricks,{},
"(12, 5, 10)",minecraft:terracotta,{},
"(13, 5, 10)",minecraft:terracotta,{},
"(14, 5, 10)",minecraft:mud_bricks,{},
"(15, 5, 10)",minecraft:bricks,{},
"(16, 5, 10)",minecraft:terracotta,{},
"(17, 5, 10)",minecraft:oak_log,{'axis': 'y'},
"(18, 5, 10)",minecraft:mud_bricks,{},
"(19, 5, 10)",minecraft:bricks,{},
"(20, 5, 10)",minecraft:mud_bricks,{},
"(21, 5, 10)",minecraft:terracotta,{},
"(22, 5, 10)",minecraft:bricks,{},
"(23, 5, 10)",minecraft:oak_log,{'axis': 'y'},
"(24, 5, 10)",minecraft:spruce_stairs,"{'facing': 'west', 'half': 'bottom', 'shape': 'straight', 'waterlogged': 'false'}",
"(5, 5, 11)",minecraft:dark_oak_stairs,"{'facing': 'north', 'half': 'bottom', 'shape': 'straight', 'waterlogged': 'false'}",
"(7, 5, 11)",minecraft:dark_oak_slab,"{'type': 'bottom', 'waterlogged': 'false'}",
"(8, 5, 11)",minecraft:spruce_leaves,"{'distance': '7', 'persistent': 'true', 'waterlogged': 'false'}",
"(9, 5, 11)",minecraft:spruce_slab,"{'type': 'bottom', 'waterlogged': 'false'}",
"(10, 5, 11)",minecraft:birch_leaves,"{'distance': '7', 'persistent': 'true', 'waterlogged': 'false'}",
"(11, 5, 11)",minecraft:dark_oak_stairs,"{'facing': 'north', 'half': 'bottom', 'shape': 'straight', 'waterlogged': 'false'}",
"(12, 5, 11)",minecraft:dark_oak_leaves,"{'distance': '1', 'persistent': 'true', 'waterlogged': 'false'}",
"(13, 5, 11)",minecraft:dark_oak_slab,"{'type': 'bottom', 'waterlogged': 'false'}",
"(14, 5, 11)",minecraft:oak_leaves,"{'distance': '7', 'persistent': 'true', 'waterlogged': 'false'}",
"(15, 5, 11)",minecraft:spruce_slab,"{'type': 'bottom', 'waterlogged': 'false'}",
"(16, 5, 11)",minecraft:azalea_leaves,"{'distance': '1', 'persistent': 'true', 'waterlogged': 'false'}",
"(17, 5, 11)",minecraft:dark_oak_stairs,"{'facing': 'north', 'half': 'bottom', 'shape': 'straight', 'waterlogged': 'false'}",
"(18, 5, 11)",minecraft:flowering_azalea_leaves,"{'distance': '7', 'persistent': 'true', 'waterlogged': 'false'}",
"(19, 5, 11)",minecraft:spruce_slab,"{'type': 'bottom', 'waterlogged': 'false'}",
"(20, 5, 11)",minecraft:flowering_azalea_leaves,"{'distance': '1', 'persistent': 'true', 'waterlogged': 'false'}",
"(21, 5, 11)",minecraft:spruce_slab,"{'type': 'bottom', 'waterlogged': 'false'}",
"(23, 5, 11)",minecraft:dark_oak_stairs,"{'facing': 'north', 'half': 'bottom', 'shape': 'straight', 'waterlogged': 'false'}",
"(4, 6, 1)",minecraft:jungle_planks,{},
"(5, 6, 1)",minecraft:stripped_jungle_wood,{'axis': 'z'},
"(6, 6, 1)",minecraft:jungle_planks,{},
"(7, 6, 1)",minecraft:stripped_jungle_wood,{'axis': 'y'},
"(8, 6, 1)",minecraft:stripped_jungle_wood,{'axis': 'y'},
"(9, 6, 1)",minecraft:jungle_planks,{},
"(10, 6, 1)",minecraft:jungle_planks,{},
"(11, 6, 1)",minecraft:stripped_jungle_wood,{'axis': 'y'},
"(12, 6, 1)",minecraft:jungle_planks,{},
"(13, 6, 1)",minecraft:jungle_planks,{},
"(14, 6, 1)",minecraft:stripped_jungle_wood,{'axis': 'y'},
"(15, 6, 1)",minecraft:jungle_planks,{},
"(16, 6, 1)",minecraft:jungle_planks,{},
"(17, 6, 1)",minecraft:stripped_jungle_wood,{'axis': 'z'},
"(18, 6, 1)",minecraft:stripped_jungle_wood,{'axis': 'y'},
"(19, 6, 1)",minecraft:jungle_planks,{},
"(20, 6, 1)",minecraft:jungle_planks,{},
"(21, 6, 1)",minecraft:stripped_jungle_wood,{'axis': 'y'},
"(22, 6, 1)",minecraft:stripped_jungle_wood,{'axis': 'y'},
"(23, 6, 1)",minecraft:jungle_planks,{},
"(24, 6, 1)",minecraft:jungle_planks,{},
"(4, 6, 2)",minecraft:dark_oak_fence,"{'east': 'true', 'north': 'true', 'south': 'false', 'waterlogged': 'false', 'west': 'false'}",
"(5, 6, 2)",minecraft:stripped_dark_oak_wood,{'axis': 'y'},
"(6, 6, 2)",minecraft:bricks,{},
"(7, 6, 2)",minecraft:bricks,{},
"(8, 6, 2)",minecraft:bricks,{},
"(9, 6, 2)",minecraft:bricks,{},
"(10, 6, 2)",minecraft:terracotta,{},
"(11, 6, 2)",minecraft:terracotta,{},
"(12, 6, 2)",minecraft:bricks,{},
"(13, 6, 2)",minecraft:bricks,{},
"(14, 6, 2)",minecraft:bricks,{},
"(15, 6, 2)",minecraft:bricks,{},
"(16, 6, 2)",minecraft:terracotta,{},
"(17, 6, 2)",minecraft:mangrove_wood,{'axis': 'y'},
"(18, 6, 2)",minecraft:bricks,{},
"(19, 6, 2)",minecraft:bricks,{},
"(20, 6, 2)",minecraft:terracotta,{},
"(21, 6, 2)",minecraft:terracotta,{},
"(22, 6, 2)",minecraft:bricks,{},
"(23, 6, 2)",minecraft:stripped_dark_oak_wood,{'axis': 'y'},
"(24, 6, 2)",minecraft:dark_oak_fence,"{'east': 'false', 'north': 'true', 'south': 'false', 'waterlogged': 'false', 'west': 'true'}",
"(5, 6, 3)",minecraft:terracotta,{},
"(6, 6, 3)",minecraft:terracotta,{},
"(7, 6, 3)",minecraft:dark_oak_fence,"{'east': 'false', 'north': 'true', 'south': 'false', 'waterlogged': 'false', 'west': 'true'}",
"(10, 6, 3)",minecraft:dark_oak_fence,"{'east': 'false', 'north': 'true', 'south': 'false', 'waterlogged': 'false', 'west': 'false'}",
"(13, 6, 3)",minecraft:dark_oak_fence,"{'east': 'false', 'north': 'true', 'south': 'false', 'waterlogged': 'false', 'west': 'false'}",
"(16, 6, 3)",minecraft:dark_oak_fence,"{'east': 'false', 'north': 'true', 'south': 'false', 'waterlogged': 'false', 'west': 'false'}",
"(19, 6, 3)",minecraft:dark_oak_fence,"{'east': 'false', 'north': 'true', 'south': 'false', 'waterlogged': 'false', 'west': 'false'}",
"(22, 6, 3)",minecraft:dark_oak_fence,"{'east': 'true', 'north': 'true', 'south': 'false', 'waterlogged': 'false', 'west': 'false'}",
"(23, 6, 3)",minecraft:bricks,{},
"(2, 6, 4)",minecraft:oak_log,{'axis': 'y'},
"(3, 6, 4)",minecraft:bricks,{},
"(4, 6, 4)",minecraft:mud_bricks,{},
"(5, 6, 4)",minecraft:bricks,{},
"(6, 6, 4)",minecraft:mangrove_wood,{'axis': 'y'},
"(23, 6, 4)",minecraft:terracotta,{},
"(2, 6, 5)",minecraft:bricks,{},
"(3, 6, 5)",minecraft:spruce_trapdoor,"{'facing': 'north', 'half': 'top', 'open': 'true', 'powered': 'false', 'waterlogged': 'false'}",
"(6, 6, 5)",minecraft:terracotta,{},
"(23, 6, 5)",minecraft:bricks,{},
"(2, 6, 6)",minecraft:white_stained_glass_pane,"{'east': 'false', 'north': 'true', 'south': 'true', 'waterlogged': 'false', 'west': 'false'}",
"(3, 6, 6)",minecraft:spruce_stairs,"{'facing': 'north', 'half': 'bottom', 'shape': 'straight', 'waterlogged': 'false'}",
"(6, 6, 6)",minecraft:mud_bricks,{},
"(7, 6, 6)",minecraft:lantern,"{'hanging': 'true', 'waterlogged': 'false'}",
"(13, 6, 6)",minecraft:lantern,"{'hanging': 'true', 'waterlogged': 'false'}",
"(19, 6, 6)",minecraft:lantern,"{'hanging': 'true', 'waterlogged': 'false'}",
"(23, 6, 6)",minecraft:white_stained_glass_pane,"{'east': 'false', 'north': 'true', 'south': 'true', 'waterlogged': 'false', 'west': 'false'}",
"(24, 6, 6)",minecraft:oak_fence_gate,"{'facing': 'west', 'in_wall': 'false', 'open': 'true', 'powered': 'false'}",
"(2, 6, 7)",minecraft:terracotta,{},
"(6, 6, 7)",minecraft:bricks,{},
"(23, 6, 7)",minecraft:bricks,{},
"(2, 6, 8)",minecraft:oak_log,{'axis': 'y'},
"(3, 6, 8)",minecraft:mud_bricks,{},
"(4, 6, 8)",minecraft:terracotta,{},
"(5, 6, 8)",minecraft:bricks,{},
"(6, 6, 8)",minecraft:mangrove_wood,{'axis': 'y'},
"(23, 6, 8)",minecraft:mud_bricks,{},
"(5, 6, 9)",minecraft:bricks,{},
"(6, 6, 9)",minecraft:bricks,{},
"(7, 6, 9)",minecraft:dark_oak_fence,"{'east': 'false', 'north': 'false', 'south': 'true', 'waterlogged': 'false', 'west': 'true'}",
"(10, 6, 9)",minecraft:dark_oak_fence,"{'east': 'false', 'north': 'false', 'south': 'true', 'waterlogged': 'false', 'west': 'false'}",
"(13, 6, 9)",minecraft:dark_oak_fence,"{'east': 'false', 'north': 'false', 'south': 'true', 'waterlogged': 'false', 'west': 'false'}",
"(16, 6, 9)",minecraft:dark_oak_fence,"{'east': 'false', 'north': 'false', 'south': 'true', 'waterlogged': 'false', 'west': 'false'}",
"(19, 6, 9)",minecraft:dark_oak_fence,"{'east': 'false', 'north': 'false', 'south': 'true', 'waterlogged': 'false', 'west': 'false'}",
"(22, 6, 9)",minecraft:dark_oak_fence,"{'east': 'true', 'north': 'false', 'south': 'true', 'waterlogged': 'false', 'west': 'false'}",
"(23, 6, 9)",minecraft:terracotta,{},
"(4, 6, 10)",minecraft:dark_oak_fence,"{'east': 'true', 'north': 'false', 'south': 'true', 'waterlogged': 'false', 'west': 'false'}",
"(5, 6, 10)",minecraft:stripped_dark_oak_wood,{'axis': 'y'},
"(6, 6, 10)",minecraft:bricks,{},
"(7, 6, 10)",minecraft:bricks,{},
"(8, 6, 10)",minecraft:bricks,{},
"(9, 6, 10)",minecraft:bricks,{},
"(10, 6, 10)",minecraft:terracotta,{},
"(11, 6, 10)",minecraft:bricks,{},
"(12, 6, 10)",minecraft:bricks,{},
"(13, 6, 10)",minecraft:bricks,{},
"(14, 6, 10)",minecraft:terracotta,{},
"(15, 6, 10)",minecraft:terracotta,{},
"(16, 6, 10)",minecraft:bricks,{},
"(17, 6, 10)",minecraft:stripped_dark_oak_wood,{'axis': 'y'},
"(18, 6, 10)",minecraft:bricks,{},
"(19, 6, 10)",minecraft:bricks,{},
"(20, 6, 10)",minecraft:bricks,{},
"(21, 6, 10)",minecraft:bricks,{},
"(22, 6, 10)",minecraft:terracotta,{},
"(23, 6, 10)",minecraft:mangrove_wood,{'axis': 'y'},
"(24, 6, 10)",minecraft:dark_oak_fence,"{'east': 'false', 'north': 'false', 'south': 'true', 'waterlogged': 'false', 'west': 'true'}",
"(4, 6, 11)",minecraft:jungle_planks,{},
"(5, 6, 11)",minecraft:stripped_jungle_wood,{'axis': 'y'},
"(6, 6, 11)",minecraft:jungle_planks,{},
"(7, 6, 11)",minecraft:jungle_planks,{},
"(8, 6, 11)",minecraft:jungle_planks,{},
"(9, 6, 11)",minecraft:stripped_jungle_wood,{'axis': 'y'},
"(10, 6, 11)",minecraft:jungle_planks,{},
"(11, 6, 11)",minecraft:stripped_jungle_wood,{'axis': 'y'},
"(12, 6, 11)",minecraft:stripped_jungle_wood,{'axis': 'y'},
"(13, 6, 11)",minecraft:jungle_planks,{},
"(14, 6, 11)",minecraft:jungle_planks,{},
"(15, 6, 11)",minecraft:stripped_jungle_wood,{'axis': 'y'},
"(16, 6, 11)",minecraft:stripped_jungle_wood,{'axis': 'y'},
"(17, 6, 11)",minecraft:jungle_planks,{},
"(18, 6, 11)",minecraft:jungle_planks,{},
"(19, 6, 11)",minecraft:jungle_planks,{},
"(20, 6, 11)",minecraft:stripped_jungle_wood,{'axis': 'y'},
"(21, 6, 11)",minecraft:jungle_planks,{},
"(22, 6, 11)",minecraft:jungle_planks,{},
"(23, 6, 11)",minecraft:stripped_jungle_wood,{'axis': 'z'},
"(24, 6, 11)",minecraft:jungle_planks,{},
"(4, 7, 2)",minecraft:jungle_planks,{},
"(5, 7, 2)",minecraft:jungle_planks,{},
"(6, 7, 2)",minecraft:stripped_jungle_wood,{'axis': 'z'},
"(7, 7, 2)",minecraft:jungle_planks,{},
"(8, 7, 2)",minecraft:jungle_planks,{},
"(9, 7, 2)",minecraft:jungle_planks,{},
"(10, 7, 2)",minecraft:stripped_oak_wood,{'axis': 'y'},
"(11, 7, 2)",minecraft:oak_planks,{},
"(12, 7, 2)",minecraft:stripped_jungle_wood,{'axis': 'y'},
"(13, 7, 2)",minecraft:jungle_planks,{},
"(14, 7, 2)",minecraft:jungle_planks,{},
"(15, 7, 2)",minecraft:jungle_planks,{},
"(16, 7, 2)",minecraft:stripped_jungle_wood,{'axis': 'z'},
"(17, 7, 2)",minecraft:stripped_jungle_wood,{'axis': 'z'},
"(18, 7, 2)",minecraft:jungle_planks,{},
"(19, 7, 2)",minecraft:oak_planks,{},
"(20, 7, 2)",minecraft:stripped_oak_wood,{'axis': 'y'},
"(21, 7, 2)",minecraft:jungle_planks,{},
"(22, 7, 2)",minecraft:jungle_planks,{},
"(23, 7, 2)",minecraft:stripped_jungle_wood,{'axis': 'z'},
"(24, 7, 2)",minecraft:jungle_planks,{},
"(5, 7, 3)",minecraft:stripped_dark_oak_wood,{'axis': 'x'},
"(6, 7, 3)",minecraft:bricks,{},
"(7, 7, 3)",minecraft:stripped_dark_oak_wood,{'axis': 'z'},
"(8, 7, 3)",minecraft:spruce_stairs,"{'facing': 'north', 'half': 'top', 'shape': 'straight', 'waterlogged': 'false'}",
"(9, 7, 3)",minecraft:spruce_stairs,"{'facing': 'north', 'half': 'top', 'shape': 'straight', 'waterlogged': 'false'}",
"(10, 7, 3)",minecraft:stripped_dark_oak_wood,{'axis': 'z'},
"(11, 7, 3)",minecraft:spruce_stairs,"{'facing': 'north', 'half': 'top', 'shape': 'straight', 'waterlogged': 'false'}",
"(12, 7, 3)",minecraft:spruce_stairs,"{'facing': 'north', 'half': 'top', 'shape': 'straight', 'waterlogged': 'false'}",
"(13, 7, 3)",minecraft:stripped_dark_oak_wood,{'axis': 'z'},
"(14, 7, 3)",minecraft:spruce_stairs,"{'facing': 'north', 'half': 'top', 'shape': 'straight', 'waterlogged': 'false'}",
"(15, 7, 3)",minecraft:spruce_stairs,"{'facing': 'north', 'half': 'top', 'shape': 'straight', 'waterlogged': 'false'}",
"(16, 7, 3)",minecraft:stripped_dark_oak_wood,{'axis': 'z'},
"(17, 7, 3)",minecraft:spruce_stairs,"{'facing': 'north', 'half': 'top', 'shape': 'straight', 'waterlogged': 'false'}",
"(18, 7, 3)",minecraft:spruce_stairs,"{'facing': 'north', 'half': 'top', 'shape': 'straight', 'waterlogged': 'false'}",
"(19, 7, 3)",minecraft:stripped_dark_oak_wood,{'axis': 'z'},
"(20, 7, 3)",minecraft:spruce_stairs,"{'facing': 'north', 'half': 'top', 'shape': 'straight', 'waterlogged': 'false'}",
"(21, 7, 3)",minecraft:spruce_stairs,"{'facing': 'north', 'half': 'top', 'shape': 'straight', 'waterlogged': 'false'}",
"(22, 7, 3)",minecraft:stripped_dark_oak_wood,{'axis': 'z'},
"(23, 7, 3)",minecraft:stripped_dark_oak_wood,{'axis': 'x'},
"(2, 7, 4)",minecraft:oak_log,{'axis': 'y'},
"(3, 7, 4)",minecraft:terracotta,{},
"(4, 7, 4)",minecraft:terracotta,{},
"(5, 7, 4)",minecraft:bricks,{},
"(6, 7, 4)",minecraft:oak_log,{'axis': 'y'},
"(7, 7, 4)",minecraft:stripped_dark_oak_wood,{'axis': 'z'},
"(8, 7, 4)",minecraft:oak_slab,"{'type': 'top', 'waterlogged': 'false'}",
"(9, 7, 4)",minecraft:spruce_slab,"{'type': 'top', 'waterlogged': 'false'}",
"(10, 7, 4)",minecraft:stripped_dark_oak_wood,{'axis': 'z'},
"(11, 7, 4)",minecraft:oak_slab,"{'type': 'top', 'waterlogged': 'false'}",
"(12, 7, 4)",minecraft:spruce_slab,"{'type': 'top', 'waterlogged': 'false'}",
"(13, 7, 4)",minecraft:stripped_dark_oak_wood,{'axis': 'z'},
"(14, 7, 4)",minecraft:spruce_slab,"{'type': 'top', 'waterlogged': 'false'}",
"(15, 7, 4)",minecraft:spruce_slab,"{'type': 'top', 'waterlogged': 'false'}",
"(16, 7, 4)",minecraft:stripped_dark_oak_wood,{'axis': 'z'},
"(17, 7, 4)",minecraft:spruce_slab,"{'type': 'top', 'waterlogged': 'false'}",
"(18, 7, 4)",minecraft:spruce_slab,"{'type': 'top', 'waterlogged': 'false'}",
"(19, 7, 4)",minecraft:stripped_dark_oak_wood,{'axis': 'z'},
"(20, 7, 4)",minecraft:spruce_slab,"{'type': 'top', 'waterlogged': 'false'}",
"(21, 7, 4)",minecraft:spruce_slab,"{'type': 'top', 'waterlogged': 'false'}",
"(22, 7, 4)",minecraft:stripped_dark_oak_wood,{'axis': 'z'},
"(23, 7, 4)",minecraft:terracotta,{},
"(2, 7, 5)",minecraft:bricks,{},
"(3, 7, 5)",minecraft:spruce_stairs,"{'facing': 'south', 'half': 'top', 'shape': 'straight', 'waterlogged': 'false'}",
"(6, 7, 5)",minecraft:bricks,{},
"(7, 7, 5)",minecraft:stripped_dark_oak_wood,{'axis': 'z'},
"(8, 7, 5)",minecraft:spruce_slab,"{'type': 'top', 'waterlogged': 'false'}",
"(9, 7, 5)",minecraft:oak_slab,"{'type': 'top', 'waterlogged': 'false'}",
"(10, 7, 5)",minecraft:mangrove_wood,{'axis': 'z'},
"(11, 7, 5)",minecraft:spruce_slab,"{'type': 'top', 'waterlogged': 'false'}",
"(12, 7, 5)",minecraft:oak_slab,"{'type': 'top', 'waterlogged': 'false'}",
"(13, 7, 5)",minecraft:mangrove_wood,{'axis': 'z'},
"(14, 7, 5)",minecraft:spruce_slab,"{'type': 'top', 'waterlogged': 'false'}",
"(15, 7, 5)",minecraft:oak_slab,"{'type': 'top', 'waterlogged': 'false'}",
"(16, 7, 5)",minecraft:mangrove_wood,{'axis': 'z'},
"(17, 7, 5)",minecraft:spruce_slab,"{'type': 'top', 'waterlogged': 'false'}",
"(18, 7, 5)",minecraft:oak_slab,"{'type': 'top', 'waterlogged': 'false'}",
"(19, 7, 5)",minecraft:mangrove_wood,{'axis': 'z'},
"(20, 7, 5)",minecraft:oak_slab,"{'type': 'top', 'waterlogged': 'false'}",
"(21, 7, 5)",minecraft:spruce_slab,"{'type': 'top', 'waterlogged': 'false'}",
"(22, 7, 5)",minecraft:mangrove_wood,{'axis': 'z'},
"(23, 7, 5)",minecraft:bricks,{},
"(2, 7, 6)",minecraft:white_stained_glass_pane,"{'east': 'false', 'north': 'true', 'south': 'true', 'waterlogged': 'false', 'west': 'false'}",
"(3, 7, 6)",minecraft:spruce_trapdoor,"{'facing': 'south', 'half': 'bottom', 'open': 'true', 'powered': 'false', 'waterlogged': 'false'}",
"(6, 7, 6)",minecraft:terracotta,{},
"(7, 7, 6)",minecraft:mangrove_wood,{'axis': 'z'},
"(8, 7, 6)",minecraft:oak_slab,"{'type': 'top', 'waterlogged': 'false'}",
"(9, 7, 6)",minecraft:oak_slab,"{'type': 'top', 'waterlogged': 'false'}",
"(10, 7, 6)",minecraft:mangrove_wood,{'axis': 'z'},
"(11, 7, 6)",minecraft:oak_slab,"{'type': 'top', 'waterlogged': 'false'}",
"(12, 7, 6)",minecraft:oak_slab,"{'type': 'top', 'waterlogged': 'false'}",
"(13, 7, 6)",minecraft:mangrove_wood,{'axis': 'z'},
"(14, 7, 6)",minecraft:oak_slab,"{'type': 'top', 'waterlogged': 'false'}",
"(15, 7, 6)",minecraft:oak_slab,"{'type': 'top', 'waterlogged': 'false'}",
"(16, 7, 6)",minecraft:stripped_dark_oak_wood,{'axis': 'z'},
"(17, 7, 6)",minecraft:oak_slab,"{'type': 'top', 'waterlogged': 'false'}",
"(18, 7, 6)",minecraft:oak_slab,"{'type': 'top', 'waterlogged': 'false'}",
"(19, 7, 6)",minecraft:mangrove_wood,{'axis': 'z'},
"(20, 7, 6)",minecraft:oak_slab,"{'type': 'top', 'waterlogged': 'false'}",
"(21, 7, 6)",minecraft:oak_slab,"{'type': 'top', 'waterlogged': 'false'}",
"(22, 7, 6)",minecraft:mangrove_wood,{'axis': 'z'},
"(23, 7, 6)",minecraft:bricks,{},
"(24, 7, 6)",minecraft:oxidized_copper_trapdoor,"{'facing': 'east', 'half': 'bottom', 'open': 'false', 'powered': 'false', 'waterlogged': 'false'}",
"(2, 7, 7)",minecraft:bricks,{},
"(6, 7, 7)",minecraft:terracotta,{},
"(7, 7, 7)",minecraft:mangrove_wood,{'axis': 'z'},
"(8, 7, 7)",minecraft:spruce_slab,"{'type': 'top', 'waterlogged': 'false'}",
"(9, 7, 7)",minecraft:oak_slab,"{'type': 'top', 'waterlogged': 'false'}",
"(10, 7, 7)",minecraft:stripped_dark_oak_wood,{'axis': 'z'},
"(11, 7, 7)",minecraft:oak_slab,"{'type': 'top', 'waterlogged': 'false'}",
"(12, 7, 7)",minecraft:oak_slab,"{'type': 'top', 'waterlogged': 'false'}",
"(13, 7, 7)",minecraft:mangrove_wood,{'axis': 'z'},
"(14, 7, 7)",minecraft:oak_slab,"{'type': 'top', 'waterlogged': 'false'}",
"(15, 7, 7)",minecraft:spruce_slab,"{'type': 'top', 'waterlogged': 'false'}",
"(16, 7, 7)",minecraft:stripped_dark_oak_wood,{'axis': 'z'},
"(17, 7, 7)",minecraft:spruce_slab,"{'type': 'top', 'waterlogged': 'false'}",
"(18, 7, 7)",minecraft:oak_slab,"{'type': 'top', 'waterlogged': 'false'}",
"(19, 7, 7)",minecraft:mangrove_wood,{'axis': 'z'},
"(20, 7, 7)",minecraft:spruce_slab,"{'type': 'top', 'waterlogged': 'false'}",
"(21, 7, 7)",minecraft:oak_slab,"{'type': 'top', 'waterlogged': 'false'}",
"(22, 7, 7)",minecraft:stripped_dark_oak_wood,{'axis': 'z'},
"(23, 7, 7)",minecraft:terracotta,{},
"(2, 7, 8)",minecraft:mangrove_wood,{'axis': 'y'},
"(3, 7, 8)",minecraft:terracotta,{},
"(4, 7, 8)",minecraft:bricks,{},
"(5, 7, 8)",minecraft:bricks,{},
"(6, 7, 8)",minecraft:oak_log,{'axis': 'y'},
"(7, 7, 8)",minecraft:stripped_dark_oak_wood,{'axis': 'z'},
"(8, 7, 8)",minecraft:oak_slab,"{'type': 'top', 'waterlogged': 'false'}",
"(9, 7, 8)",minecraft:spruce_slab,"{'type': 'top', 'waterlogged': 'false'}",
"(10, 7, 8)",minecraft:stripped_dark_oak_wood,{'axis': 'z'},
"(11, 7, 8)",minecraft:spruce_slab,"{'type': 'top', 'waterlogged': 'false'}",
"(12, 7, 8)",minecraft:spruce_slab,"{'type': 'top', 'waterlogged': 'false'}",
"(13, 7, 8)",minecraft:stripped_dark_oak_wood,{'axis': 'z'},
"(14, 7, 8)",minecraft:spruce_slab,"{'type': 'top', 'waterlogged': 'false'}",
"(15, 7, 8)",minecraft:spruce_slab,"{'type': 'top', 'waterlogged': 'false'}",
"(16, 7, 8)",minecraft:stripped_dark_oak_wood,{'axis': 'z'},
"(17, 7, 8)",minecraft:oak_slab,"{'type': 'top', 'waterlogged': 'false'}",
"(18, 7, 8)",minecraft:spruce_slab,"{'type': 'top', 'waterlogged': 'false'}",
"(19, 7, 8)",minecraft:stripped_dark_oak_wood,{'axis': 'z'},
"(20, 7, 8)",minecraft:spruce_slab,"{'type': 'top', 'waterlogged': 'false'}",
"(21, 7, 8)",minecraft:spruce_slab,"{'type': 'top', 'waterlogged': 'false'}",
"(22, 7, 8)",minecraft:stripped_dark_oak_wood,{'axis': 'z'},
"(23, 7, 8)",minecraft:terracotta,{},
"(5, 7, 9)",minecraft:stripped_dark_oak_wood,{'axis': 'x'},
"(6, 7, 9)",minecraft:terracotta,{},
"(7, 7, 9)",minecraft:stripped_dark_oak_wood,{'axis': 'z'},
"(8, 7, 9)",minecraft:spruce_stairs,"{'facing': 'south', 'half': 'top', 'shape': 'straight', 'waterlogged': 'false'}",
"(9, 7, 9)",minecraft:spruce_stairs,"{'facing': 'south', 'half': 'top', 'shape': 'straight', 'waterlogged': 'false'}",
"(10, 7, 9)",minecraft:stripped_dark_oak_wood,{'axis': 'z'},
"(11, 7, 9)",minecraft:spruce_stairs,"{'facing': 'south', 'half': 'top', 'shape': 'straight', 'waterlogged': 'false'}",
"(12, 7, 9)",minecraft:spruce_stairs,"{'facing': 'south', 'half': 'top', 'shape': 'straight', 'waterlogged': 'false'}",
"(13, 7, 9)",minecraft:stripped_dark_oak_wood,{'axis': 'z'},
"(14, 7, 9)",minecraft:spruce_stairs,"{'facing': 'south', 'half': 'top', 'shape': 'straight', 'waterlogged': 'false'}",
"(15, 7, 9)",minecraft:spruce_stairs,"{'facing': 'south', 'half': 'top', 'shape': 'straight', 'waterlogged': 'false'}",
"(16, 7, 9)",minecraft:stripped_dark_oak_wood,{'axis': 'z'},
"(17, 7, 9)",minecraft:spruce_stairs,"{'facing': 'south', 'half': 'top', 'shape': 'straight', 'waterlogged': 'false'}",
"(18, 7, 9)",minecraft:spruce_stairs,"{'facing': 'south', 'half': 'top', 'shape': 'straight', 'waterlogged': 'false'}",
"(19, 7, 9)",minecraft:stripped_dark_oak_wood,{'axis': 'z'},
"(20, 7, 9)",minecraft:spruce_stairs,"{'facing': 'south', 'half': 'top', 'shape': 'straight', 'waterlogged': 'false'}",
"(21, 7, 9)",minecraft:spruce_stairs,"{'facing': 'south', 'half': 'top', 'shape': 'straight', 'waterlogged': 'false'}",
"(22, 7, 9)",minecraft:stripped_dark_oak_wood,{'axis': 'z'},
"(23, 7, 9)",minecraft:mangrove_wood,{'axis': 'x'},
"(4, 7, 10)",minecraft:jungle_planks,{},
"(5, 7, 10)",minecraft:jungle_planks,{},
"(6, 7, 10)",minecraft:stripped_jungle_wood,{'axis': 'z'},
"(7, 7, 10)",minecraft:stripped_jungle_wood,{'axis': 'z'},
"(8, 7, 10)",minecraft:jungle_planks,{},
"(9, 7, 10)",minecraft:jungle_planks,{},
"(10, 7, 10)",minecraft:stripped_jungle_wood,{'axis': 'z'},
"(11, 7, 10)",minecraft:jungle_planks,{},
"(12, 7, 10)",minecraft:jungle_planks,{},
"(13, 7, 10)",minecraft:oak_planks,{},
"(14, 7, 10)",minecraft:stripped_oak_wood,{'axis': 'y'},
"(15, 7, 10)",minecraft:jungle_planks,{},
"(16, 7, 10)",minecraft:jungle_planks,{},
"(17, 7, 10)",minecraft:stripped_jungle_wood,{'axis': 'z'},
"(18, 7, 10)",minecraft:stripped_jungle_wood,{'axis': 'y'},
"(19, 7, 10)",minecraft:jungle_planks,{},
"(20, 7, 10)",minecraft:jungle_planks,{},
"(21, 7, 10)",minecraft:jungle_planks,{},
"(22, 7, 10)",minecraft:stripped_jungle_wood,{'axis': 'z'},
"(23, 7, 10)",minecraft:stripped_jungle_wood,{'axis': 'z'},
"(24, 7, 10)",minecraft:jungle_planks,{},
"(4, 8, 3)",minecraft:oak_planks,{},
"(5, 8, 3)",minecraft:oak_planks,{},
"(6, 8, 3)",minecraft:jungle_planks,{},
"(7, 8, 3)",minecraft:stripped_jungle_wood,{'axis': 'z'},
"(8, 8, 3)",minecraft:stripped_oak_wood,{'axis': 'y'},
"(9, 8, 3)",minecraft:oak_planks,{},
"(10, 8, 3)",minecraft:oak_planks,{},
"(11, 8, 3)",minecraft:stripped_oak_wood,{'axis': 'y'},
"(12, 8, 3)",minecraft:oak_planks,{},
"(13, 8, 3)",minecraft:oak_planks,{},
"(14, 8, 3)",minecraft:stripped_oak_wood,{'axis': 'y'},
"(15, 8, 3)",minecraft:oak_planks,{},
"(16, 8, 3)",minecraft:stripped_oak_wood,{'axis': 'y'},
"(17, 8, 3)",minecraft:oak_planks,{},
"(18, 8, 3)",minecraft:stripped_oak_wood,{'axis': 'y'},
"(19, 8, 3)",minecraft:oak_planks,{},
"(20, 8, 3)",minecraft:oak_planks,{},
"(21, 8, 3)",minecraft:stripped_oak_wood,{'axis': 'z'},
"(22, 8, 3)",minecraft:oak_planks,{},
"(23, 8, 3)",minecraft:oak_planks,{},
"(24, 8, 3)",minecraft:stripped_jungle_wood,{'axis': 'z'},
"(2, 8, 4)",minecraft:oak_log,{'axis': 'y'},
"(3, 8, 4)",minecraft:bricks,{},
"(4, 8, 4)",minecraft:bricks,{},
"(5, 8, 4)",minecraft:bricks,{},
"(6, 8, 4)",minecraft:oak_log,{'axis': 'y'},
"(17, 8, 4)",minecraft:stripped_dark_oak_wood,{'axis': 'x'},
"(23, 8, 4)",minecraft:stripped_dark_oak_wood,{'axis': 'x'},
"(24, 8, 4)",minecraft:mangrove_leaves,"{'distance': '1', 'persistent': 'true', 'waterlogged': 'false'}",
"(2, 8, 5)",minecraft:terracotta,{},
"(3, 8, 5)",minecraft:spruce_stairs,"{'facing': 'north', 'half': 'bottom', 'shape': 'straight', 'waterlogged': 'false'}",
"(4, 8, 5)",minecraft:spruce_trapdoor,"{'facing': 'east', 'half': 'top', 'open': 'true', 'powered': 'false', 'waterlogged': 'false'}",
"(6, 8, 5)",minecraft:bricks,{},
"(17, 8, 5)",minecraft:bricks,{},
"(23, 8, 5)",minecraft:bricks,{},
"(2, 8, 6)",minecraft:white_stained_glass_pane,"{'east': 'false', 'north': 'true', 'south': 'true', 'waterlogged': 'false', 'west': 'false'}",
"(6, 8, 6)",minecraft:bricks,{},
"(17, 8, 6)",minecraft:bricks,{},
"(23, 8, 6)",minecraft:bricks,{},
"(2, 8, 7)",minecraft:bricks,{},
"(6, 8, 7)",minecraft:terracotta,{},
"(17, 8, 7)",minecraft:bricks,{},
"(23, 8, 7)",minecraft:bricks,{},
"(2, 8, 8)",minecraft:mangrove_wood,{'axis': 'y'},
"(3, 8, 8)",minecraft:terracotta,{},
"(4, 8, 8)",minecraft:bricks,{},
"(5, 8, 8)",minecraft:bricks,{},
"(6, 8, 8)",minecraft:oak_log,{'axis': 'y'},
"(17, 8, 8)",minecraft:stripped_dark_oak_wood,{'axis': 'x'},
"(23, 8, 8)",minecraft:stripped_dark_oak_wood,{'axis': 'x'},
"(4, 8, 9)",minecraft:oak_planks,{},
"(5, 8, 9)",minecraft:stripped_oak_wood,{'axis': 'z'},
"(6, 8, 9)",minecraft:oak_planks,{},
"(7, 8, 9)",minecraft:stripped_oak_wood,{'axis': 'y'},
"(8, 8, 9)",minecraft:oak_planks,{},
"(9, 8, 9)",minecraft:stripped_oak_wood,{'axis': 'y'},
"(10, 8, 9)",minecraft:oak_planks,{},
"(11, 8, 9)",minecraft:stripped_oak_wood,{'axis': 'y'},
"(12, 8, 9)",minecraft:stripped_oak_wood,{'axis': 'y'},
"(13, 8, 9)",minecraft:oak_planks,{},
"(14, 8, 9)",minecraft:oak_planks,{},
"(15, 8, 9)",minecraft:stripped_oak_wood,{'axis': 'z'},
"(16, 8, 9)",minecraft:oak_planks,{},
"(17, 8, 9)",minecraft:oak_planks,{},
"(18, 8, 9)",minecraft:oak_planks,{},
"(19, 8, 9)",minecraft:oak_planks,{},
"(20, 8, 9)",minecraft:stripped_oak_wood,{'axis': 'y'},
"(21, 8, 9)",minecraft:oak_planks,{},
"(22, 8, 9)",minecraft:stripped_oak_wood,{'axis': 'y'},
"(23, 8, 9)",minecraft:oak_planks,{},
"(24, 8, 9)",minecraft:stripped_oak_wood,{'axis': 'y'},
"(2, 9, 4)",minecraft:mangrove_wood,{'axis': 'y'},
"(3, 9, 4)",minecraft:bricks,{},
"(4, 9, 4)",minecraft:terracotta,{},
"(5, 9, 4)",minecraft:terracotta,{},
"(6, 9, 4)",minecraft:oak_log,{'axis': 'y'},
"(7, 9, 4)",minecraft:stripped_birch_wood,{'axis': 'z'},
"(8, 9, 4)",minecraft:birch_planks,{},
"(9, 9, 4)",minecraft:stripped_oak_wood,{'axis': 'z'},
"(10, 9, 4)",minecraft:birch_planks,{},
"(11, 9, 4)",minecraft:birch_planks,{},
"(12, 9, 4)",minecraft:stripped_oak_wood,{'axis': 'z'},
"(13, 9, 4)",minecraft:oak_planks,{},
"(14, 9, 4)",minecraft:stripped_oak_wood,{'axis': 'y'},
"(15, 9, 4)",minecraft:oak_planks,{},
"(16, 9, 4)",minecraft:stripped_oak_wood,{'axis': 'z'},
"(17, 9, 4)",minecraft:stripped_birch_wood,{'axis': 'y'},
"(18, 9, 4)",minecraft:birch_planks,{},
"(19, 9, 4)",minecraft:stripped_birch_wood,{'axis': 'y'},
"(20, 9, 4)",minecraft:stripped_oak_wood,{'axis': 'z'},
"(21, 9, 4)",minecraft:oak_planks,{},
"(22, 9, 4)",minecraft:stripped_oak_wood,{'axis': 'z'},
"(23, 9, 4)",minecraft:oak_planks,{},
"(24, 9, 4)",minecraft:stripped_oak_wood,{'axis': 'y'},
"(2, 9, 5)",minecraft:terracotta,{},
"(3, 9, 5)",minecraft:spruce_trapdoor,"{'facing': 'west', 'half': 'bottom', 'open': 'true', 'powered': 'false', 'waterlogged': 'false'}",
"(4, 9, 5)",minecraft:spruce_stairs,"{'facing': 'west', 'half': 'top', 'shape': 'straight', 'waterlogged': 'false'}",
"(6, 9, 5)",minecraft:bricks,{},
"(17, 9, 5)",minecraft:stripped_dark_oak_wood,{'axis': 'x'},
"(23, 9, 5)",minecraft:mangrove_wood,{'axis': 'x'},
"(2, 9, 6)",minecraft:white_stained_glass_pane,"{'east': 'false', 'north': 'true', 'south': 'true', 'waterlogged': 'false', 'west': 'false'}",
"(6, 9, 6)",minecraft:terracotta,{},
"(17, 9, 6)",minecraft:terracotta,{},
"(23, 9, 6)",minecraft:terracotta,{},
"(2, 9, 7)",minecraft:terracotta,{},
"(6, 9, 7)",minecraft:bricks,{},
"(17, 9, 7)",minecraft:mangrove_wood,{'axis': 'x'},
"(23, 9, 7)",minecraft:stripped_dark_oak_wood,{'axis': 'x'},
"(2, 9, 8)",minecraft:stripped_dark_oak_wood,{'axis': 'y'},
"(3, 9, 8)",minecraft:bricks,{},
"(4, 9, 8)",minecraft:bricks,{},
"(5, 9, 8)",minecraft:bricks,{},
"(6, 9, 8)",minecraft:mangrove_wood,{'axis': 'y'},
"(7, 9, 8)",minecraft:stripped_birch_wood,{'axis': 'y'},
"(8, 9, 8)",minecraft:stripped_oak_wood,{'axis': 'y'},
"(9, 9, 8)",minecraft:oak_planks,{},
"(10, 9, 8)",minecraft:stripped_oak_wood,{'axis': 'z'},
"(11, 9, 8)",minecraft:oak_planks,{},
"(12, 9, 8)",minecraft:birch_planks,{},
"(13, 9, 8)",minecraft:stripped_birch_wood,{'axis': 'y'},
"(14, 9, 8)",minecraft:stripped_oak_wood,{'axis': 'z'},
"(15, 9, 8)",minecraft:oak_planks,{},
"(16, 9, 8)",minecraft:stripped_oak_wood,{'axis': 'z'},
"(17, 9, 8)",minecraft:oak_planks,{},
"(18, 9, 8)",minecraft:stripped_oak_wood,{'axis': 'z'},
"(19, 9, 8)",minecraft:oak_planks,{},
"(20, 9, 8)",minecraft:stripped_oak_wood,{'axis': 'y'},
"(21, 9, 8)",minecraft:oak_planks,{},
"(22, 9, 8)",minecraft:stripped_oak_wood,{'axis': 'z'},
"(23, 9, 8)",minecraft:stripped_birch_wood,{'axis': 'y'},
"(24, 9, 8)",minecraft:oak_planks,{},
"(2, 10, 4)",minecraft:mangrove_wood,{'axis': 'y'},
"(3, 10, 4)",minecraft:bricks,{},
"(4, 10, 4)",minecraft:terracotta,{},
"(5, 10, 4)",minecraft:bricks,{},
"(6, 10, 4)",minecraft:mangrove_wood,{'axis': 'y'},
"(2, 10, 5)",minecraft:bricks,{},
"(4, 10, 5)",minecraft:spruce_stairs,"{'facing': 'east', 'half': 'bottom', 'shape': 'straight', 'waterlogged': 'false'}",
"(5, 10, 5)",minecraft:spruce_trapdoor,"{'facing': 'east', 'half': 'top', 'open': 'true', 'powered': 'false', 'waterlogged': 'false'}",
"(6, 10, 5)",minecraft:terracotta,{},
"(7, 10, 5)",minecraft:birch_planks,{},
"(8, 10, 5)",minecraft:stripped_birch_wood,{'axis': 'z'},
"(9, 10, 5)",minecraft:birch_planks,{},
"(10, 10, 5)",minecraft:stripped_birch_wood,{'axis': 'z'},
"(11, 10, 5)",minecraft:birch_planks,{},
"(12, 10, 5)",minecraft:birch_planks,{},
"(13, 10, 5)",minecraft:stripped_birch_wood,{'axis': 'z'},
"(14, 10, 5)",minecraft:birch_planks,{},
"(15, 10, 5)",minecraft:stripped_birch_wood,{'axis': 'z'},
"(16, 10, 5)",minecraft:birch_planks,{},
"(17, 10, 5)",minecraft:birch_planks,{},
"(18, 10, 5)",minecraft:birch_planks,{},
"(19, 10, 5)",minecraft:stripped_birch_wood,{'axis': 'y'},
"(20, 10, 5)",minecraft:stripped_birch_wood,{'axis': 'y'},
"(21, 10, 5)",minecraft:birch_planks,{},
"(22, 10, 5)",minecraft:stripped_birch_wood,{'axis': 'z'},
"(23, 10, 5)",minecraft:stripped_oak_wood,{'axis': 'z'},
"(24, 10, 5)",minecraft:birch_planks,{},
"(1, 10, 6)",minecraft:oak_fence_gate,"{'facing': 'east', 'in_wall': 'false', 'open': 'true', 'powered': 'false'}",
"(2, 10, 6)",minecraft:white_stained_glass_pane,"{'east': 'false', 'north': 'true', 'south': 'true', 'waterlogged': 'false', 'west': 'false'}",
"(6, 10, 6)",minecraft:bricks,{},
"(17, 10, 6)",minecraft:stripped_dark_oak_wood,{'axis': 'x'},
"(18, 10, 6)",minecraft:dark_oak_fence,"{'east': 'false', 'north': 'true', 'south': 'true', 'waterlogged': 'false', 'west': 'true'}",
"(23, 10, 6)",minecraft:stripped_dark_oak_wood,{'axis': 'x'},
"(24, 10, 6)",minecraft:dark_oak_fence,"{'east': 'false', 'north': 'true', 'south': 'true', 'waterlogged': 'false', 'west': 'true'}",
"(2, 10, 7)",minecraft:terracotta,{},
"(6, 10, 7)",minecraft:bricks,{},
"(7, 10, 7)",minecraft:birch_planks,{},
"(8, 10, 7)",minecraft:birch_planks,{},
"(9, 10, 7)",minecraft:stripped_oak_wood,{'axis': 'z'},
"(10, 10, 7)",minecraft:birch_planks,{},
"(11, 10, 7)",minecraft:birch_planks,{},
"(12, 10, 7)",minecraft:birch_planks,{},
"(13, 10, 7)",minecraft:stripped_birch_wood,{'axis': 'y'},
"(14, 10, 7)",minecraft:stripped_birch_wood,{'axis': 'y'},
"(15, 10, 7)",minecraft:birch_planks,{},
"(16, 10, 7)",minecraft:stripped_birch_wood,{'axis': 'z'},
"(17, 10, 7)",minecraft:stripped_oak_wood,{'axis': 'z'},
"(18, 10, 7)",minecraft:birch_planks,{},
"(19, 10, 7)",minecraft:stripped_birch_wood,{'axis': 'z'},
"(20, 10, 7)",minecraft:birch_planks,{},
"(21, 10, 7)",minecraft:stripped_birch_wood,{'axis': 'z'},
"(22, 10, 7)",minecraft:birch_planks,{},
"(23, 10, 7)",minecraft:birch_planks,{},
"(24, 10, 7)",minecraft:stripped_birch_wood,{'axis': 'y'},
"(2, 10, 8)",minecraft:stripped_dark_oak_wood,{'axis': 'y'},
"(3, 10, 8)",minecraft:bricks,{},
"(4, 10, 8)",minecraft:bricks,{},
"(5, 10, 8)",minecraft:terracotta,{},
"(6, 10, 8)",minecraft:stripped_dark_oak_wood,{'axis': 'y'},
"(2, 11, 3)",minecraft:spruce_fence,"{'east': 'false', 'north': 'false', 'south': 'true', 'waterlogged': 'false', 'west': 'false'}",
"(6, 11, 3)",minecraft:spruce_fence,"{'east': 'false', 'north': 'false', 'south': 'true', 'waterlogged': 'false', 'west': 'false'}",
"(1, 11, 4)",minecraft:spruce_fence,"{'east': 'true', 'north': 'false', 'south': 'false', 'waterlogged': 'false', 'west': 'false'}",
"(2, 11, 4)",minecraft:stripped_dark_oak_wood,{'axis': 'y'},
"(3, 11, 4)",minecraft:brown_wool,{},
"(4, 11, 4)",minecraft:terracotta,{},
"(5, 11, 4)",minecraft:brown_wool,{},
"(6, 11, 4)",minecraft:stripped_dark_oak_wood,{'axis': 'y'},
"(7, 11, 4)",minecraft:spruce_fence,"{'east': 'false', 'north': 'false', 'south': 'false', 'waterlogged': 'false', 'west': 'true'}",
"(2, 11, 5)",minecraft:brown_wool,{},
"(4, 11, 5)",minecraft:spruce_trapdoor,"{'facing': 'west', 'half': 'bottom', 'open': 'true', 'powered': 'false', 'waterlogged': 'false'}",
"(5, 11, 5)",minecraft:spruce_stairs,"{'facing': 'west', 'half': 'top', 'shape': 'straight', 'waterlogged': 'false'}",
"(6, 11, 5)",minecraft:bricks,{},
"(1, 11, 6)",minecraft:oxidized_copper_trapdoor,"{'facing': 'west', 'half': 'bottom', 'open': 'false', 'powered': 'false', 'waterlogged': 'false'}",
"(2, 11, 6)",minecraft:bricks,{},
"(6, 11, 6)",minecraft:bricks,{},
"(7, 11, 6)",minecraft:stripped_birch_wood,{'axis': 'z'},
"(8, 11, 6)",minecraft:birch_planks,{},
"(9, 11, 6)",minecraft:birch_planks,{},
"(10, 11, 6)",minecraft:birch_planks,{},
"(11, 11, 6)",minecraft:stripped_birch_wood,{'axis': 'z'},
"(12, 11, 6)",minecraft:stripped_birch_wood,{'axis': 'z'},
"(13, 11, 6)",minecraft:birch_planks,{},
"(14, 11, 6)",minecraft:birch_planks,{},
"(15, 11, 6)",minecraft:stripped_birch_wood,{'axis': 'z'},
"(16, 11, 6)",minecraft:birch_planks,{},
"(17, 11, 6)",minecraft:birch_planks,{},
"(18, 11, 6)",minecraft:stripped_birch_wood,{'axis': 'z'},
"(19, 11, 6)",minecraft:birch_planks,{},
"(20, 11, 6)",minecraft:birch_planks,{},
"(21, 11, 6)",minecraft:stripped_birch_wood,{'axis': 'z'},
"(22, 11, 6)",minecraft:birch_planks,{},
"(23, 11, 6)",minecraft:birch_planks,{},
"(24, 11, 6)",minecraft:birch_planks,{},
"(2, 11, 7)",minecraft:brown_wool,{},
"(6, 11, 7)",minecraft:brown_wool,{},
"(1, 11, 8)",minecraft:dark_oak_fence,"{'east': 'true', 'north': 'false', 'south': 'false', 'waterlogged': 'false', 'west': 'false'}",
"(2, 11, 8)",minecraft:stripped_dark_oak_wood,{'axis': 'y'},
"(3, 11, 8)",minecraft:brown_wool,{},
"(4, 11, 8)",minecraft:terracotta,{},
"(5, 11, 8)",minecraft:brown_wool,{},
"(6, 11, 8)",minecraft:stripped_dark_oak_wood,{'axis': 'y'},
"(7, 11, 8)",minecraft:dark_oak_fence,"{'east': 'false', 'north': 'false', 'south': 'false', 'waterlogged': 'false', 'west': 'true'}",
"(2, 11, 9)",minecraft:dark_oak_fence,"{'east': 'false', 'north': 'true', 'south': 'false', 'waterlogged': 'false', 'west': 'false'}",
"(6, 11, 9)",minecraft:dark_oak_fence,"{'east': 'false', 'north': 'true', 'south': 'false', 'waterlogged': 'false', 'west': 'false'}",
"(2, 12, 3)",minecraft:oak_log,{'axis': 'z'},
"(3, 12, 3)",minecraft:spruce_stairs,"{'facing': 'south', 'half': 'top', 'shape': 'straight', 'waterlogged': 'false'}",
"(4, 12, 3)",minecraft:dark_oak_slab,"{'type': 'top', 'waterlogged': 'false'}",
"(5, 12, 3)",minecraft:spruce_stairs,"{'facing': 'south', 'half': 'top', 'shape': 'straight', 'waterlogged': 'false'}",
"(6, 12, 3)",minecraft:oak_log,{'axis': 'z'},
"(1, 12, 4)",minecraft:oak_log,{'axis': 'x'},
"(2, 12, 4)",minecraft:oak_log,{'axis': 'y'},
"(3, 12, 4)",minecraft:stripped_dark_oak_wood,{'axis': 'x'},
"(4, 12, 4)",minecraft:stripped_dark_oak_wood,{'axis': 'x'},
"(5, 12, 4)",minecraft:stripped_dark_oak_wood,{'axis': 'x'},
"(6, 12, 4)",minecraft:oak_log,{'axis': 'y'},
"(7, 12, 4)",minecraft:oak_log,{'axis': 'x'},
"(1, 12, 5)",minecraft:spruce_stairs,"{'facing': 'east', 'half': 'top', 'shape': 'straight', 'waterlogged': 'false'}",
"(2, 12, 5)",minecraft:stripped_dark_oak_wood,{'axis': 'z'},
"(5, 12, 5)",minecraft:spruce_stairs,"{'facing': 'east', 'half': 'bottom', 'shape': 'straight', 'waterlogged': 'false'}",
"(6, 12, 5)",minecraft:stripped_dark_oak_wood,{'axis': 'z'},
"(7, 12, 5)",minecraft:dark_oak_stairs,"{'facing': 'west', 'half': 'top', 'shape': 'straight', 'waterlogged': 'false'}",
"(1, 12, 6)",minecraft:dark_oak_slab,"{'type': 'top', 'waterlogged': 'false'}",
"(2, 12, 6)",minecraft:stripped_dark_oak_wood,{'axis': 'z'},
"(3, 12, 6)",minecraft:spruce_stairs,"{'facing': 'west', 'half': 'top', 'shape': 'straight', 'waterlogged': 'false'}",
"(4, 12, 6)",minecraft:spruce_slab,"{'type': 'top', 'waterlogged': 'false'}",
"(5, 12, 6)",minecraft:spruce_stairs,"{'facing': 'east', 'half': 'top', 'shape': 'straight', 'waterlogged': 'false'}",
"(6, 12, 6)",minecraft:stripped_dark_oak_wood,{'axis': 'z'},
"(7, 12, 6)",minecraft:dark_oak_slab,"{'type': 'top', 'waterlogged': 'false'}",
"(1, 12, 7)",minecraft:dark_oak_stairs,"{'facing': 'east', 'half': 'top', 'shape': 'straight', 'waterlogged': 'false'}",
"(2, 12, 7)",minecraft:stripped_dark_oak_wood,{'axis': 'z'},
"(3, 12, 7)",minecraft:spruce_stairs,"{'facing': 'south', 'half': 'top', 'shape': 'inner_right', 'waterlogged': 'false'}",
"(4, 12, 7)",minecraft:spruce_stairs,"{'facing': 'south', 'half': 'top', 'shape': 'straight', 'waterlogged': 'false'}",
"(5, 12, 7)",minecraft:spruce_stairs,"{'facing': 'south', 'half': 'top', 'shape': 'inner_left', 'waterlogged': 'false'}",
"(6, 12, 7)",minecraft:stripped_dark_oak_wood,{'axis': 'z'},
"(7, 12, 7)",minecraft:spruce_stairs,"{'facing': 'west', 'half': 'top', 'shape': 'straight', 'waterlogged': 'false'}",
"(1, 12, 8)",minecraft:oak_log,{'axis': 'x'},
"(2, 12, 8)",minecraft:oak_log,{'axis': 'y'},
"(3, 12, 8)",minecraft:stripped_dark_oak_wood,{'axis': 'x'},
"(4, 12, 8)",minecraft:stripped_dark_oak_wood,{'axis': 'x'},
"(5, 12, 8)",minecraft:stripped_dark_oak_wood,{'axis': 'x'},
"(6, 12, 8)",minecraft:oak_log,{'axis': 'y'},
"(7, 12, 8)",minecraft:oak_log,{'axis': 'x'},
"(2, 12, 9)",minecraft:oak_log,{'axis': 'z'},
"(3, 12, 9)",minecraft:spruce_stairs,"{'facing': 'north', 'half': 'top', 'shape': 'straight', 'waterlogged': 'false'}",
"(4, 12, 9)",minecraft:dark_oak_slab,"{'type': 'top', 'waterlogged': 'false'}",
"(5, 12, 9)",minecraft:dark_oak_stairs,"{'facing': 'north', 'half': 'top', 'shape': 'straight', 'waterlogged': 'false'}",
"(6, 12, 9)",minecraft:oak_log,{'axis': 'z'},
"(2, 13, 3)",minecraft:spruce_stairs,"{'facing': 'south', 'half': 'bottom', 'shape': 'straight', 'waterlogged': 'false'}",
"(4, 13, 3)",minecraft:spruce_slab,"{'type': 'bottom', 'waterlogged': 'false'}",
"(6, 13, 3)",minecraft:spruce_stairs,"{'facing': 'south', 'half': 'bottom', 'shape': 'straight', 'waterlogged': 'false'}",
"(1, 13, 4)",minecraft:spruce_stairs,"{'facing': 'east', 'half': 'bottom', 'shape': 'straight', 'waterlogged': 'false'}",
"(2, 13, 4)",minecraft:oak_log,{'axis': 'y'},
"(3, 13, 4)",minecraft:spruce_wall_hanging_sign,"{'facing': 'south', 'waterlogged': 'false'}","{back_text: {has_glowing_text: 0b, color: ""black"", messages: ["""", """", """", """"]}, components: {}, is_waxed: 0b, id: ""minecraft:hanging_sign"", front_text: {has_glowing_text: 0b, color: ""black"", messages: ["""", """", """", """"]}}"
"(4, 13, 4)",minecraft:spruce_wall_hanging_sign,"{'facing': 'south', 'waterlogged': 'false'}","{back_text: {has_glowing_text: 0b, color: ""black"", messages: ["""", """", """", """"]}, components: {}, is_waxed: 0b, id: ""minecraft:hanging_sign"", front_text: {has_glowing_text: 0b, color: ""black"", messages: ["""", """", """", """"]}}"
"(5, 13, 4)",minecraft:spruce_wall_hanging_sign,"{'facing': 'south', 'waterlogged': 'false'}","{back_text: {has_glowing_text: 0b, color: ""black"", messages: ["""", """", """", """"]}, components: {}, is_waxed: 0b, id: ""minecraft:hanging_sign"", front_text: {has_glowing_text: 0b, color: ""black"", messages: ["""", """", """", """"]}}"
"(6, 13, 4)",minecraft:oak_log,{'axis': 'y'},
"(7, 13, 4)",minecraft:spruce_stairs,"{'facing': 'west', 'half': 'bottom', 'shape': 'straight', 'waterlogged': 'false'}",
"(1, 13, 5)",minecraft:oak_leaves,"{'distance': '7', 'persistent': 'true', 'waterlogged': 'false'}",
"(2, 13, 5)",minecraft:spruce_wall_hanging_sign,"{'facing': 'east', 'waterlogged': 'false'}","{back_text: {has_glowing_text: 0b, color: ""black"", messages: ["""", """", """", """"]}, components: {}, is_waxed: 0b, id: ""minecraft:hanging_sign"", front_text: {has_glowing_text: 0b, color: ""black"", messages: ["""", """", """", """"]}}"
"(6, 13, 5)",minecraft:spruce_wall_hanging_sign,"{'facing': 'west', 'waterlogged': 'false'}","{back_text: {has_glowing_text: 0b, color: ""black"", messages: ["""", """", """", """"]}, components: {}, is_waxed: 0b, id: ""minecraft:hanging_sign"", front_text: {has_glowing_text: 0b, color: ""black"", messages: ["""", """", """", """"]}}"
"(1, 13, 6)",minecraft:spruce_slab,"{'type': 'bottom', 'waterlogged': 'false'}",
"(2, 13, 6)",minecraft:spruce_wall_hanging_sign,"{'facing': 'east', 'waterlogged': 'false'}","{back_text: {has_glowing_text: 0b, color: ""black"", messages: ["""", """", """", """"]}, components: {}, is_waxed: 0b, id: ""minecraft:hanging_sign"", front_text: {has_glowing_text: 0b, color: ""black"", messages: ["""", """", """", """"]}}"
"(6, 13, 6)",minecraft:spruce_wall_hanging_sign,"{'facing': 'west', 'waterlogged': 'false'}","{back_text: {has_glowing_text: 0b, color: ""black"", messages: ["""", """", """", """"]}, components: {}, is_waxed: 0b, id: ""minecraft:hanging_sign"", front_text: {has_glowing_text: 0b, color: ""black"", messages: ["""", """", """", """"]}}"
"(7, 13, 6)",minecraft:spruce_slab,"{'type': 'bottom', 'waterlogged': 'false'}",
"(2, 13, 7)",minecraft:spruce_wall_hanging_sign,"{'facing': 'east', 'waterlogged': 'false'}","{back_text: {has_glowing_text: 0b, color: ""black"", messages: ["""", """", """", """"]}, components: {}, is_waxed: 0b, id: ""minecraft:hanging_sign"", front_text: {has_glowing_text: 0b, color: ""black"", messages: ["""", """", """", """"]}}"
"(6, 13, 7)",minecraft:spruce_wall_hanging_sign,"{'facing': 'west', 'waterlogged': 'false'}","{back_text: {has_glowing_text: 0b, color: ""black"", messages: ["""", """", """", """"]}, components: {}, is_waxed: 0b, id: ""minecraft:hanging_sign"", front_text: {has_glowing_text: 0b, color: ""black"", messages: ["""", """", """", """"]}}"
"(7, 13, 7)",minecraft:oak_leaves,"{'distance': '7', 'persistent': 'true', 'waterlogged': 'false'}",
"(1, 13, 8)",minecraft:dark_oak_stairs,"{'facing': 'east', 'half': 'bottom', 'shape': 'straight', 'waterlogged': 'false'}",
"(2, 13, 8)",minecraft:oak_log,{'axis': 'y'},
"(3, 13, 8)",minecraft:spruce_wall_hanging_sign,"{'facing': 'north', 'waterlogged': 'false'}","{back_text: {has_glowing_text: 0b, color: ""black"", messages: ["""", """", """", """"]}, components: {}, is_waxed: 0b, id: ""minecraft:hanging_sign"", front_text: {has_glowing_text: 0b, color: ""black"", messages: ["""", """", """", """"]}}"
"(4, 13, 8)",minecraft:spruce_wall_hanging_sign,"{'facing': 'north', 'waterlogged': 'false'}","{back_text: {has_glowing_text: 0b, color: ""black"", messages: ["""", """", """", """"]}, components: {}, is_waxed: 0b, id: ""minecraft:hanging_sign"", front_text: {has_glowing_text: 0b, color: ""black"", messages: ["""", """", """", """"]}}"
"(5, 13, 8)",minecraft:spruce_wall_hanging_sign,"{'facing': 'north', 'waterlogged': 'false'}","{back_text: {has_glowing_text: 0b, color: ""black"", messages: ["""", """", """", """"]}, components: {}, is_waxed: 0b, id: ""minecraft:hanging_sign"", front_text: {has_glowing_text: 0b, color: ""black"", messages: ["""", """", """", """"]}}"
"(6, 13, 8)",minecraft:oak_log,{'axis': 'y'},
"(7, 13, 8)",minecraft:dark_oak_stairs,"{'facing': 'west', 'half': 'bottom', 'shape': 'straight', 'waterlogged': 'false'}",
"(2, 13, 9)",minecraft:dark_oak_stairs,"{'facing': 'north', 'half': 'bottom', 'shape': 'straight', 'waterlogged': 'false'}",
"(4, 13, 9)",minecraft:dark_oak_slab,"{'type': 'bottom', 'waterlogged': 'false'}",
"(6, 13, 9)",minecraft:dark_oak_stairs,"{'facing': 'north', 'half': 'bottom', 'shape': 'straight', 'waterlogged': 'false'}",
"(2, 14, 4)",minecraft:mangrove_wood,{'axis': 'y'},
"(6, 14, 4)",minecraft:mangrove_wood,{'axis': 'y'},
"(2, 14, 8)",minecraft:mangrove_wood,{'axis': 'y'},
"(6, 14, 8)",minecraft:mangrove_wood,{'axis': 'y'},
"(2, 15, 3)",minecraft:spruce_fence,"{'east': 'false', 'north': 'false', 'south': 'true', 'waterlogged': 'false', 'west': 'false'}",
"(6, 15, 3)",minecraft:spruce_fence,"{'east': 'false', 'north': 'false', 'south': 'true', 'waterlogged': 'false', 'west': 'false'}",
"(1, 15, 4)",minecraft:spruce_fence,"{'east': 'true', 'north': 'false', 'south': 'false', 'waterlogged': 'false', 'west': 'false'}",
"(2, 15, 4)",minecraft:stripped_dark_oak_wood,{'axis': 'y'},
"(3, 15, 4)",minecraft:spruce_fence,"{'east': 'false', 'north': 'false', 'south': 'false', 'waterlogged': 'false', 'west': 'true'}",
"(5, 15, 4)",minecraft:spruce_fence,"{'east': 'true', 'north': 'false', 'south': 'false', 'waterlogged': 'false', 'west': 'false'}",
"(6, 15, 4)",minecraft:stripped_dark_oak_wood,{'axis': 'y'},
"(7, 15, 4)",minecraft:spruce_fence,"{'east': 'false', 'north': 'false', 'south': 'false', 'waterlogged': 'false', 'west': 'true'}",
"(2, 15, 5)",minecraft:spruce_fence,"{'east': 'false', 'north': 'true', 'south': 'false', 'waterlogged': 'false', 'west': 'false'}",
"(6, 15, 5)",minecraft:spruce_fence,"{'east': 'false', 'north': 'true', 'south': 'false', 'waterlogged': 'false', 'west': 'false'}",
"(4, 15, 6)",minecraft:bell,"{'attachment': 'ceiling', 'facing': 'north', 'powered': 'false'}","{components: {}, id: ""minecraft:bell""}"
"(2, 15, 7)",minecraft:dark_oak_fence,"{'east': 'false', 'north': 'false', 'south': 'true', 'waterlogged': 'false', 'west': 'false'}",
"(6, 15, 7)",minecraft:dark_oak_fence,"{'east': 'false', 'north': 'false', 'south': 'true', 'waterlogged': 'false', 'west': 'false'}",
"(1, 15, 8)",minecraft:dark_oak_fence,"{'east': 'true', 'north': 'false', 'south': 'false', 'waterlogged': 'false', 'west': 'false'}",
"(2, 15, 8)",minecraft:stripped_dark_oak_wood,{'axis': 'y'},
"(3, 15, 8)",minecraft:dark_oak_fence,"{'east': 'false', 'north': 'false', 'south': 'false', 'waterlogged': 'false', 'west': 'true'}",
"(5, 15, 8)",minecraft:dark_oak_fence,"{'east': 'true', 'north': 'false', 'south': 'false', 'waterlogged': 'false', 'west': 'false'}",
"(6, 15, 8)",minecraft:stripped_dark_oak_wood,{'axis': 'y'},
"(7, 15, 8)",minecraft:dark_oak_fence,"{'east': 'false', 'north': 'false', 'south': 'false', 'waterlogged': 'false', 'west': 'true'}",
"(2, 15, 9)",minecraft:dark_oak_fence,"{'east': 'false', 'north': 'true', 'south': 'false', 'waterlogged': 'false', 'west': 'false'}",
"(6, 15, 9)",minecraft:dark_oak_fence,"{'east': 'false', 'north': 'true', 'south': 'false', 'waterlogged': 'false', 'west': 'false'}",
"(2, 16, 3)",minecraft:jungle_slab,"{'type': 'bottom', 'waterlogged': 'false'}",
"(3, 16, 3)",minecraft:jungle_slab,"{'type': 'bottom', 'waterlogged': 'false'}",
"(4, 16, 3)",minecraft:jungle_stairs,"{'facing': 'south', 'half': 'bottom', 'shape': 'straight', 'waterlogged': 'false'}",
"(5, 16, 3)",minecraft:jungle_slab,"{'type': 'bottom', 'waterlogged': 'false'}",
"(6, 16, 3)",minecraft:jungle_slab,"{'type': 'bottom', 'waterlogged': 'false'}",
"(1, 16, 4)",minecraft:jungle_slab,"{'type': 'bottom', 'waterlogged': 'false'}",
"(2, 16, 4)",minecraft:jungle_planks,{},
"(3, 16, 4)",minecraft:jungle_planks,{},
"(4, 16, 4)",minecraft:oak_stairs,"{'facing': 'north', 'half': 'top', 'shape': 'straight', 'waterlogged': 'false'}",
"(5, 16, 4)",minecraft:jungle_planks,{},
"(6, 16, 4)",minecraft:oak_planks,{},
"(7, 16, 4)",minecraft:jungle_slab,"{'type': 'bottom', 'waterlogged': 'false'}",
"(1, 16, 5)",minecraft:jungle_slab,"{'type': 'bottom', 'waterlogged': 'false'}",
"(2, 16, 5)",minecraft:jungle_planks,{},
"(3, 16, 5)",minecraft:oak_slab,"{'type': 'top', 'waterlogged': 'false'}",
"(5, 16, 5)",minecraft:oak_slab,"{'type': 'top', 'waterlogged': 'false'}",
"(6, 16, 5)",minecraft:jungle_planks,{},
"(7, 16, 5)",minecraft:jungle_slab,"{'type': 'bottom', 'waterlogged': 'false'}",
"(1, 16, 6)",minecraft:jungle_stairs,"{'facing': 'east', 'half': 'bottom', 'shape': 'straight', 'waterlogged': 'false'}",
"(2, 16, 6)",minecraft:oak_stairs,"{'facing': 'west', 'half': 'top', 'shape': 'straight', 'waterlogged': 'false'}",
"(4, 16, 6)",minecraft:oak_fence,"{'east': 'false', 'north': 'false', 'south': 'false', 'waterlogged': 'false', 'west': 'false'}",
"(6, 16, 6)",minecraft:oak_stairs,"{'facing': 'east', 'half': 'top', 'shape': 'straight', 'waterlogged': 'false'}",
"(7, 16, 6)",minecraft:jungle_stairs,"{'facing': 'west', 'half': 'bottom', 'shape': 'straight', 'waterlogged': 'false'}",
"(1, 16, 7)",minecraft:jungle_slab,"{'type': 'bottom', 'waterlogged': 'false'}",
"(2, 16, 7)",minecraft:jungle_planks,{},
"(3, 16, 7)",minecraft:oak_slab,"{'type': 'top', 'waterlogged': 'false'}",
"(5, 16, 7)",minecraft:oak_slab,"{'type': 'top', 'waterlogged': 'false'}",
"(6, 16, 7)",minecraft:jungle_planks,{},
"(7, 16, 7)",minecraft:jungle_slab,"{'type': 'bottom', 'waterlogged': 'false'}",
"(1, 16, 8)",minecraft:jungle_slab,"{'type': 'bottom', 'waterlogged': 'false'}",
"(2, 16, 8)",minecraft:oak_planks,{},
"(3, 16, 8)",minecraft:jungle_planks,{},
"(4, 16, 8)",minecraft:oak_stairs,"{'facing': 'south', 'half': 'top', 'shape': 'straight', 'waterlogged': 'false'}",
"(5, 16, 8)",minecraft:jungle_planks,{},
"(6, 16, 8)",minecraft:oak_planks,{},
"(7, 16, 8)",minecraft:jungle_slab,"{'type': 'bottom', 'waterlogged': 'false'}",
"(2, 16, 9)",minecraft:jungle_slab,"{'type': 'bottom', 'waterlogged': 'false'}",
"(3, 16, 9)",minecraft:jungle_slab,"{'type': 'bottom', 'waterlogged': 'false'}",
"(4, 16, 9)",minecraft:jungle_stairs,"{'facing': 'north', 'half': 'bottom', 'shape': 'straight', 'waterlogged': 'false'}",
"(5, 16, 9)",minecraft:jungle_slab,"{'type': 'bottom', 'waterlogged': 'false'}",
"(6, 16, 9)",minecraft:jungle_slab,"{'type': 'bottom', 'waterlogged': 'false'}",
"(3, 17, 4)",minecraft:oak_stairs,"{'facing': 'east', 'half': 'bottom', 'shape': 'straight', 'waterlogged': 'false'}",
"(4, 17, 4)",minecraft:jungle_planks,{},
"(5, 17, 4)",minecraft:oak_stairs,"{'facing': 'west', 'half': 'bottom', 'shape': 'straight', 'waterlogged': 'false'}",
"(2, 17, 5)",minecraft:jungle_stairs,"{'facing': 'south', 'half': 'bottom', 'shape': 'straight', 'waterlogged': 'false'}",
"(3, 17, 5)",minecraft:oak_planks,{},
"(4, 17, 5)",minecraft:oak_planks,{},
"(5, 17, 5)",minecraft:oak_planks,{},
"(6, 17, 5)",minecraft:oak_stairs,"{'facing': 'south', 'half': 'bottom', 'shape': 'straight', 'waterlogged': 'false'}",
"(2, 17, 6)",minecraft:jungle_planks,{},
"(3, 17, 6)",minecraft:oak_planks,{},
"(4, 17, 6)",minecraft:stripped_oak_log,{'axis': 'y'},
"(5, 17, 6)",minecraft:oak_planks,{},
"(6, 17, 6)",minecraft:jungle_planks,{},
"(2, 17, 7)",minecraft:oak_stairs,"{'facing': 'north', 'half': 'bottom', 'shape': 'straight', 'waterlogged': 'false'}",
"(3, 17, 7)",minecraft:oak_planks,{},
"(4, 17, 7)",minecraft:oak_planks,{},
"(5, 17, 7)",minecraft:jungle_planks,{},
"(6, 17, 7)",minecraft:oak_stairs,"{'facing': 'north', 'half': 'bottom', 'shape': 'straight', 'waterlogged': 'false'}",
"(3, 17, 8)",minecraft:oak_stairs,"{'facing': 'east', 'half': 'bottom', 'shape': 'straight', 'waterlogged': 'false'}",
"(4, 17, 8)",minecraft:jungle_planks,{},
"(5, 17, 8)",minecraft:oak_stairs,"{'facing': 'west', 'half': 'bottom', 'shape': 'straight', 'waterlogged': 'false'}",
"(4, 18, 4)",minecraft:oak_stairs,"{'facing': 'south', 'half': 'bottom', 'shape': 'straight', 'waterlogged': 'false'}",
"(3, 18, 5)",minecraft:oak_fence,"{'east': 'true', 'north': 'false', 'south': 'true', 'waterlogged': 'false', 'west': 'false'}",
"(4, 18, 5)",minecraft:oak_planks,{},
"(5, 18, 5)",minecraft:oak_fence,"{'east': 'false', 'north': 'false', 'south': 'true', 'waterlogged': 'false', 'west': 'true'}",
"(2, 18, 6)",minecraft:oak_stairs,"{'facing': 'east', 'half': 'bottom', 'shape': 'straight', 'waterlogged': 'false'}",
"(3, 18, 6)",minecraft:oak_planks,{},
"(4, 18, 6)",minecraft:oak_planks,{},
"(5, 18, 6)",minecraft:oak_planks,{},
"(6, 18, 6)",minecraft:oak_stairs,"{'facing': 'west', 'half': 'bottom', 'shape': 'straight', 'waterlogged': 'false'}",
"(3, 18, 7)",minecraft:oak_fence,"{'east': 'true', 'north': 'true', 'south': 'false', 'waterlogged': 'false', 'west': 'false'}",
"(4, 18, 7)",minecraft:oak_planks,{},
"(5, 18, 7)",minecraft:oak_fence,"{'east': 'false', 'north': 'true', 'south': 'false', 'waterlogged': 'false', 'west': 'true'}",
"(4, 18, 8)",minecraft:oak_stairs,"{'facing': 'north', 'half': 'bottom', 'shape': 'straight', 'waterlogged': 'false'}",
"(4, 19, 5)",minecraft:oak_stairs,"{'facing': 'south', 'half': 'bottom', 'shape': 'straight', 'waterlogged': 'false'}",
"(3, 19, 6)",minecraft:oak_stairs,"{'facing': 'east', 'half': 'bottom', 'shape': 'straight', 'waterlogged': 'false'}",
"(4, 19, 6)",minecraft:oak_planks,{},
"(5, 19, 6)",minecraft:birch_stairs,"{'facing': 'west', 'half': 'bottom', 'shape': 'straight', 'waterlogged': 'false'}",
"(4, 19, 7)",minecraft:birch_stairs,"{'facing': 'north', 'half': 'bottom', 'shape': 'straight', 'waterlogged': 'false'}",
"(4, 20, 6)",minecraft:birch_planks,{},
