Position,BlockID,States,Data
"(5, 0, 1)",minecraft:tuff_brick_wall,"{'east': 'none', 'north': 'none', 'south': 'none', 'up': 'true', 'waterlogged': 'false', 'west': 'none'}",
"(11, 0, 1)",minecraft:tuff_brick_wall,"{'east': 'none', 'north': 'none', 'south': 'none', 'up': 'true', 'waterlogged': 'false', 'west': 'none'}",
"(17, 0, 1)",minecraft:tuff_brick_wall,"{'east': 'none', 'north': 'none', 'south': 'none', 'up': 'true', 'waterlogged': 'false', 'west': 'none'}",
"(22, 0, 1)",minecraft:campfire,"{'facing': 'south', 'lit': 'false', 'signal_fire': 'false', 'waterlogged': 'false'}","{components: {}, Items: [], CookingTimes: [I; 0, 0, 0, 0], CookingTotalTimes: [I; 0, 0, 0, 0], id: ""minecraft:campfire""}"
"(23, 0, 1)",minecraft:tuff_brick_wall,"{'east': 'none', 'north': 'none', 'south': 'tall', 'up': 'true', 'waterlogged': 'false', 'west': 'none'}",
"(21, 0, 2)",minecraft:spruce_stairs,"{'facing': 'south', 'half': 'bottom', 'shape': 'straight', 'waterlogged': 'false'}",
"(22, 0, 2)",minecraft:oak_log,{'axis': 'z'},
"(23, 0, 2)",minecraft:oak_log,{'axis': 'z'},
"(24, 0, 2)",minecraft:campfire,"{'facing': 'south', 'lit': 'false', 'signal_fire': 'false', 'waterlogged': 'false'}","{components: {}, Items: [], CookingTimes: [I; 0, 0, 0, 0], CookingTotalTimes: [I; 0, 0, 0, 0], id: ""minecraft:campfire""}"
"(25, 0, 2)",minecraft:spruce_stairs,"{'facing': 'south', 'half': 'bottom', 'shape': 'straight', 'waterlogged': 'false'}",
"(14, 0, 3)",minecraft:cobbled_deepslate,{},
"(15, 0, 3)",minecraft:cobbled_deepslate_stairs,"{'facing': 'south', 'half': 'top', 'shape': 'straight', 'waterlogged': 'false'}",
"(16, 0, 3)",minecraft:cobbled_deepslate_stairs,"{'facing': 'south', 'half': 'top', 'shape': 'straight', 'waterlogged': 'false'}",
"(17, 0, 3)",minecraft:cobbled_deepslate_stairs,"{'facing': 'south', 'half': 'top', 'shape': 'straight', 'waterlogged': 'false'}",
"(18, 0, 3)",minecraft:cobbled_deepslate,{},
"(20, 0, 3)",minecraft:spruce_stairs,"{'facing': 'east', 'half': 'bottom', 'shape': 'straight', 'waterlogged': 'false'}",
"(21, 0, 3)",minecraft:oak_log,{'axis': 'y'},
"(22, 0, 3)",minecraft:polished_blackstone_bricks,{},
"(23, 0, 3)",minecraft:polished_blackstone_bricks,{},
"(24, 0, 3)",minecraft:polished_blackstone_bricks,{},
"(25, 0, 3)",minecraft:oak_log,{'axis': 'y'},
"(26, 0, 3)",minecraft:spruce_stairs,"{'facing': 'west', 'half': 'bottom', 'shape': 'straight', 'waterlogged': 'false'}",
"(5, 0, 4)",minecraft:oak_log,{'axis': 'y'},
"(6, 0, 4)",minecraft:grindstone,"{'face': 'floor', 'facing': 'south'}",
"(7, 0, 4)",minecraft:spruce_trapdoor,"{'facing': 'east', 'half': 'top', 'open': 'false', 'powered': 'false', 'waterlogged': 'false'}",
"(8, 0, 4)",minecraft:spruce_trapdoor,"{'facing': 'east', 'half': 'top', 'open': 'false', 'powered': 'false', 'waterlogged': 'false'}",
"(9, 0, 4)",minecraft:smithing_table,{},
"(11, 0, 4)",minecraft:oak_log,{'axis': 'y'},
"(14, 0, 4)",minecraft:cobbled_deepslate_stairs,"{'facing': 'east', 'half': 'top', 'shape': 'straight', 'waterlogged': 'false'}",
"(15, 0, 4)",minecraft:lava,{'level': '0'},
"(16, 0, 4)",minecraft:lava,{'level': '0'},
"(17, 0, 4)",minecraft:lava,{'level': '0'},
"(18, 0, 4)",minecraft:cobbled_deepslate,{},
"(21, 0, 4)",minecraft:polished_blackstone_bricks,{},
"(22, 0, 4)",minecraft:tuff_bricks,{},
"(23, 0, 4)",minecraft:tuff_bricks,{},
"(24, 0, 4)",minecraft:tuff_bricks,{},
"(25, 0, 4)",minecraft:polished_blackstone_bricks,{},
"(26, 0, 4)",minecraft:birch_leaves,"{'distance': '7', 'persistent': 'true', 'waterlogged': 'false'}",
"(1, 0, 5)",minecraft:stripped_spruce_log,{'axis': 'y'},
"(2, 0, 5)",minecraft:dark_oak_fence,"{'east': 'true', 'north': 'false', 'south': 'false', 'waterlogged': 'false', 'west': 'true'}",
"(3, 0, 5)",minecraft:spruce_fence,"{'east': 'true', 'north': 'false', 'south': 'false', 'waterlogged': 'false', 'west': 'true'}",
"(4, 0, 5)",minecraft:oak_log,{'axis': 'y'},
"(5, 0, 5)",minecraft:oak_log,{'axis': 'y'},
"(6, 0, 5)",minecraft:tuff_bricks,{},
"(7, 0, 5)",minecraft:stone_bricks,{},
"(8, 0, 5)",minecraft:stone_bricks,{},
"(9, 0, 5)",minecraft:tuff_bricks,{},
"(10, 0, 5)",minecraft:tuff_bricks,{},
"(11, 0, 5)",minecraft:oak_log,{'axis': 'y'},
"(12, 0, 5)",minecraft:stone_bricks,{},
"(13, 0, 5)",minecraft:tuff_bricks,{},
"(14, 0, 5)",minecraft:cobbled_deepslate,{},
"(15, 0, 5)",minecraft:cobbled_deepslate,{},
"(16, 0, 5)",minecraft:cobbled_deepslate,{},
"(17, 0, 5)",minecraft:cobbled_deepslate,{},
"(18, 0, 5)",minecraft:tuff_bricks,{},
"(19, 0, 5)",minecraft:tuff_bricks,{},
"(20, 0, 5)",minecraft:stone_bricks,{},
"(21, 0, 5)",minecraft:tuff_bricks,{},
"(22, 0, 5)",minecraft:tuff_bricks,{},
"(23, 0, 5)",minecraft:oak_log,{'axis': 'y'},
"(24, 0, 5)",minecraft:tuff_bricks,{},
"(25, 0, 5)",minecraft:polished_blackstone_bricks,{},
"(1, 0, 6)",minecraft:dark_oak_fence,"{'east': 'false', 'north': 'true', 'south': 'true', 'waterlogged': 'false', 'west': 'false'}",
"(5, 0, 6)",minecraft:stone_bricks,{},
"(6, 0, 6)",minecraft:tuff_bricks,{},
"(7, 0, 6)",minecraft:stone_bricks,{},
"(8, 0, 6)",minecraft:tuff_bricks,{},
"(9, 0, 6)",minecraft:tuff_bricks,{},
"(10, 0, 6)",minecraft:stone_bricks,{},
"(11, 0, 6)",minecraft:tuff_bricks,{},
"(12, 0, 6)",minecraft:stone_bricks,{},
"(13, 0, 6)",minecraft:stone_bricks,{},
"(14, 0, 6)",minecraft:tuff_bricks,{},
"(15, 0, 6)",minecraft:tuff_bricks,{},
"(16, 0, 6)",minecraft:stone_bricks,{},
"(17, 0, 6)",minecraft:tuff_bricks,{},
"(18, 0, 6)",minecraft:tuff_bricks,{},
"(19, 0, 6)",minecraft:stone_bricks,{},
"(20, 0, 6)",minecraft:stone_bricks,{},
"(21, 0, 6)",minecraft:tuff_bricks,{},
"(22, 0, 6)",minecraft:stone_bricks,{},
"(23, 0, 6)",minecraft:tuff_bricks,{},
"(24, 0, 6)",minecraft:tuff_bricks,{},
"(25, 0, 6)",minecraft:polished_blackstone_bricks,{},
"(26, 0, 6)",minecraft:birch_leaves,"{'distance': '7', 'persistent': 'true', 'waterlogged': 'false'}",
"(1, 0, 7)",minecraft:spruce_fence_gate,"{'facing': 'west', 'in_wall': 'false', 'open': 'false', 'powered': 'false'}",
"(4, 0, 7)",minecraft:cauldron,{},
"(5, 0, 7)",minecraft:stone_bricks,{},
"(6, 0, 7)",minecraft:tuff_bricks,{},
"(7, 0, 7)",minecraft:tuff_bricks,{},
"(8, 0, 7)",minecraft:stone_bricks,{},
"(9, 0, 7)",minecraft:tuff_bricks,{},
"(10, 0, 7)",minecraft:tuff_bricks,{},
"(11, 0, 7)",minecraft:stone_bricks,{},
"(12, 0, 7)",minecraft:tuff_bricks,{},
"(13, 0, 7)",minecraft:tuff_bricks,{},
"(14, 0, 7)",minecraft:tuff_bricks,{},
"(15, 0, 7)",minecraft:tuff_bricks,{},
"(16, 0, 7)",minecraft:stone_bricks,{},
"(17, 0, 7)",minecraft:tuff_bricks,{},
"(18, 0, 7)",minecraft:stone_bricks,{},
"(19, 0, 7)",minecraft:bamboo_slab,"{'type': 'top', 'waterlogged': 'true'}",
"(20, 0, 7)",minecraft:bamboo_slab,"{'type': 'top', 'waterlogged': 'true'}",
"(21, 0, 7)",minecraft:bamboo_slab,"{'type': 'top', 'waterlogged': 'true'}",
"(22, 0, 7)",minecraft:stone_bricks,{},
"(23, 0, 7)",minecraft:tuff_bricks,{},
"(24, 0, 7)",minecraft:polished_blackstone_bricks,{},
"(25, 0, 7)",minecraft:oak_log,{'axis': 'y'},
"(26, 0, 7)",minecraft:spruce_stairs,"{'facing': 'west', 'half': 'bottom', 'shape': 'straight', 'waterlogged': 'false'}",
"(1, 0, 8)",minecraft:dark_oak_fence_gate,"{'facing': 'west', 'in_wall': 'false', 'open': 'false', 'powered': 'false'}",
"(5, 0, 8)",minecraft:tuff_bricks,{},
"(6, 0, 8)",minecraft:stone_bricks,{},
"(7, 0, 8)",minecraft:tuff_bricks,{},
"(8, 0, 8)",minecraft:crimson_slab,"{'type': 'top', 'waterlogged': 'true'}",
"(9, 0, 8)",minecraft:crimson_slab,"{'type': 'top', 'waterlogged': 'true'}",
"(10, 0, 8)",minecraft:crimson_slab,"{'type': 'top', 'waterlogged': 'true'}",
"(11, 0, 8)",minecraft:stone_bricks,{},
"(12, 0, 8)",minecraft:tuff_bricks,{},
"(13, 0, 8)",minecraft:green_glazed_terracotta,{'facing': 'south'},
"(14, 0, 8)",minecraft:green_glazed_terracotta,{'facing': 'west'},
"(15, 0, 8)",minecraft:green_glazed_terracotta,{'facing': 'south'},
"(16, 0, 8)",minecraft:green_glazed_terracotta,{'facing': 'west'},
"(17, 0, 8)",minecraft:stone_bricks,{},
"(18, 0, 8)",minecraft:stone_bricks,{},
"(19, 0, 8)",minecraft:bamboo_slab,"{'type': 'top', 'waterlogged': 'true'}",
"(20, 0, 8)",minecraft:bamboo_slab,"{'type': 'top', 'waterlogged': 'true'}",
"(21, 0, 8)",minecraft:bamboo_slab,"{'type': 'top', 'waterlogged': 'true'}",
"(22, 0, 8)",minecraft:tuff_bricks,{},
"(23, 0, 8)",minecraft:tuff_bricks,{},
"(24, 0, 8)",minecraft:spruce_planks,{},
"(25, 0, 8)",minecraft:spruce_stairs,"{'facing': 'west', 'half': 'top', 'shape': 'straight', 'waterlogged': 'false'}",
"(1, 0, 9)",minecraft:dark_oak_fence_gate,"{'facing': 'west', 'in_wall': 'false', 'open': 'false', 'powered': 'false'}",
"(4, 0, 9)",minecraft:hay_block,{'axis': 'y'},
"(5, 0, 9)",minecraft:stone_bricks,{},
"(6, 0, 9)",minecraft:stone_bricks,{},
"(7, 0, 9)",minecraft:stone_bricks,{},
"(8, 0, 9)",minecraft:crimson_slab,"{'type': 'top', 'waterlogged': 'true'}",
"(9, 0, 9)",minecraft:crimson_slab,"{'type': 'top', 'waterlogged': 'true'}",
"(10, 0, 9)",minecraft:crimson_slab,"{'type': 'top', 'waterlogged': 'true'}",
"(11, 0, 9)",minecraft:tuff_bricks,{},
"(12, 0, 9)",minecraft:stone_bricks,{},
"(13, 0, 9)",minecraft:green_glazed_terracotta,{'facing': 'east'},
"(14, 0, 9)",minecraft:green_glazed_terracotta,{'facing': 'north'},
"(15, 0, 9)",minecraft:green_glazed_terracotta,{'facing': 'east'},
"(16, 0, 9)",minecraft:green_glazed_terracotta,{'facing': 'north'},
"(17, 0, 9)",minecraft:tuff_bricks,{},
"(18, 0, 9)",minecraft:tuff_bricks,{},
"(19, 0, 9)",minecraft:stone_bricks,{},
"(20, 0, 9)",minecraft:tuff_bricks,{},
"(21, 0, 9)",minecraft:tuff_bricks,{},
"(22, 0, 9)",minecraft:tuff_bricks,{},
"(23, 0, 9)",minecraft:tuff_bricks,{},
"(24, 0, 9)",minecraft:spruce_planks,{},
"(25, 0, 9)",minecraft:spruce_stairs,"{'facing': 'west', 'half': 'bottom', 'shape': 'straight', 'waterlogged': 'false'}",
"(26, 0, 9)",minecraft:jigsaw,{'orientation': 'up_east'},"{components: {}, joint: ""rollable"", name: ""minecraft:empty"", pool: ""minecraft:empty"", final_state: ""minecraft:air"", placement_priority: 0, selection_priority: 0, id: ""minecraft:jigsaw"", target: ""minecraft:empty""}"
"(1, 0, 10)",minecraft:spruce_fence,"{'east': 'false', 'north': 'true', 'south': 'true', 'waterlogged': 'false', 'west': 'false'}",
"(5, 0, 10)",minecraft:tuff_bricks,{},
"(6, 0, 10)",minecraft:stone_bricks,{},
"(7, 0, 10)",minecraft:stone_bricks,{},
"(8, 0, 10)",minecraft:stone_bricks,{},
"(9, 0, 10)",minecraft:tuff_bricks,{},
"(10, 0, 10)",minecraft:stone_bricks,{},
"(11, 0, 10)",minecraft:stone_bricks,{},
"(12, 0, 10)",minecraft:stone_bricks,{},
"(13, 0, 10)",minecraft:tuff_bricks,{},
"(14, 0, 10)",minecraft:stone_bricks,{},
"(15, 0, 10)",minecraft:tuff_bricks,{},
"(16, 0, 10)",minecraft:tuff_bricks,{},
"(17, 0, 10)",minecraft:tuff_bricks,{},
"(18, 0, 10)",minecraft:stone_bricks,{},
"(19, 0, 10)",minecraft:stone_bricks,{},
"(20, 0, 10)",minecraft:tuff_bricks,{},
"(21, 0, 10)",minecraft:stone_bricks,{},
"(22, 0, 10)",minecraft:stone_bricks,{},
"(23, 0, 10)",minecraft:tuff_bricks,{},
"(24, 0, 10)",minecraft:spruce_planks,{},
"(25, 0, 10)",minecraft:spruce_stairs,"{'facing': 'west', 'half': 'top', 'shape': 'straight', 'waterlogged': 'false'}",
"(1, 0, 11)",minecraft:oak_log,{'axis': 'y'},
"(2, 0, 11)",minecraft:spruce_fence,"{'east': 'true', 'north': 'false', 'south': 'false', 'waterlogged': 'false', 'west': 'true'}",
"(3, 0, 11)",minecraft:dark_oak_fence,"{'east': 'true', 'north': 'false', 'south': 'false', 'waterlogged': 'false', 'west': 'true'}",
"(4, 0, 11)",minecraft:oak_log,{'axis': 'y'},
"(5, 0, 11)",minecraft:oak_log,{'axis': 'y'},
"(6, 0, 11)",minecraft:tuff_bricks,{},
"(7, 0, 11)",minecraft:spruce_planks,{},
"(8, 0, 11)",minecraft:spruce_planks,{},
"(9, 0, 11)",minecraft:tuff_bricks,{},
"(10, 0, 11)",minecraft:tuff_bricks,{},
"(11, 0, 11)",minecraft:oak_log,{'axis': 'y'},
"(12, 0, 11)",minecraft:tuff_bricks,{},
"(13, 0, 11)",minecraft:tuff_bricks,{},
"(14, 0, 11)",minecraft:stone_bricks,{},
"(15, 0, 11)",minecraft:stone_bricks,{},
"(16, 0, 11)",minecraft:tuff_bricks,{},
"(17, 0, 11)",minecraft:tuff_bricks,{},
"(18, 0, 11)",minecraft:tuff_bricks,{},
"(19, 0, 11)",minecraft:tuff_bricks,{},
"(20, 0, 11)",minecraft:stone_bricks,{},
"(21, 0, 11)",minecraft:tuff_bricks,{},
"(22, 0, 11)",minecraft:stone_bricks,{},
"(23, 0, 11)",minecraft:oak_log,{'axis': 'y'},
"(24, 0, 11)",minecraft:oak_log,{'axis': 'y'},
"(4, 0, 12)",minecraft:birch_leaves,"{'distance': '1', 'persistent': 'true', 'waterlogged': 'false'}",
"(5, 0, 12)",minecraft:spruce_planks,{},
"(6, 0, 12)",minecraft:spruce_planks,{},
"(7, 0, 12)",minecraft:spruce_planks,{},
"(8, 0, 12)",minecraft:spruce_planks,{},
"(9, 0, 12)",minecraft:spruce_planks,{},
"(10, 0, 12)",minecraft:spruce_planks,{},
"(11, 0, 12)",minecraft:tuff_bricks,{},
"(12, 0, 12)",minecraft:stone_bricks,{},
"(13, 0, 12)",minecraft:stone_bricks,{},
"(14, 0, 12)",minecraft:tuff_bricks,{},
"(15, 0, 12)",minecraft:tuff_bricks,{},
"(16, 0, 12)",minecraft:stone_bricks,{},
"(17, 0, 12)",minecraft:tuff_bricks,{},
"(18, 0, 12)",minecraft:stone_bricks,{},
"(19, 0, 12)",minecraft:tuff_bricks,{},
"(20, 0, 12)",minecraft:blue_concrete_powder,{},
"(21, 0, 12)",minecraft:tuff_bricks,{},
"(22, 0, 12)",minecraft:tuff_bricks,{},
"(23, 0, 12)",minecraft:tuff_bricks,{},
"(24, 0, 12)",minecraft:cobbled_deepslate_wall,"{'east': 'none', 'north': 'low', 'south': 'tall', 'up': 'true', 'waterlogged': 'false', 'west': 'tall'}",
"(5, 0, 13)",minecraft:spruce_stairs,"{'facing': 'east', 'half': 'top', 'shape': 'straight', 'waterlogged': 'false'}",
"(6, 0, 13)",minecraft:spruce_planks,{},
"(7, 0, 13)",minecraft:spruce_planks,{},
"(8, 0, 13)",minecraft:spruce_planks,{},
"(9, 0, 13)",minecraft:spruce_planks,{},
"(10, 0, 13)",minecraft:spruce_planks,{},
"(11, 0, 13)",minecraft:tuff_bricks,{},
"(12, 0, 13)",minecraft:stone_bricks,{},
"(13, 0, 13)",minecraft:tuff_bricks,{},
"(14, 0, 13)",minecraft:tuff_bricks,{},
"(15, 0, 13)",minecraft:stone_bricks,{},
"(16, 0, 13)",minecraft:tuff_bricks,{},
"(17, 0, 13)",minecraft:tuff_bricks,{},
"(18, 0, 13)",minecraft:stone_bricks,{},
"(19, 0, 13)",minecraft:stone_bricks,{},
"(20, 0, 13)",minecraft:tuff_bricks,{},
"(21, 0, 13)",minecraft:stone_bricks,{},
"(22, 0, 13)",minecraft:furnace,"{'facing': 'west', 'lit': 'false'}","{lit_total_time: 0s, components: {}, cooking_time_spent: 0s, cooking_total_time: 0s, Items: [], id: ""minecraft:furnace"", lit_time_remaining: 0s, RecipesUsed: {}}"
"(23, 0, 13)",minecraft:deepslate_bricks,{},
"(24, 0, 13)",minecraft:cobbled_deepslate,{},
"(25, 0, 13)",minecraft:cobbled_deepslate_wall,"{'east': 'none', 'north': 'none', 'south': 'tall', 'up': 'true', 'waterlogged': 'false', 'west': 'tall'}",
"(5, 0, 14)",minecraft:spruce_stairs,"{'facing': 'east', 'half': 'top', 'shape': 'straight', 'waterlogged': 'false'}",
"(6, 0, 14)",minecraft:spruce_planks,{},
"(7, 0, 14)",minecraft:spruce_planks,{},
"(8, 0, 14)",minecraft:spruce_planks,{},
"(9, 0, 14)",minecraft:spruce_planks,{},
"(10, 0, 14)",minecraft:spruce_planks,{},
"(11, 0, 14)",minecraft:tuff_bricks,{},
"(12, 0, 14)",minecraft:tuff_bricks,{},
"(13, 0, 14)",minecraft:tuff_bricks,{},
"(14, 0, 14)",minecraft:stone_bricks,{},
"(15, 0, 14)",minecraft:stone_bricks,{},
"(16, 0, 14)",minecraft:tuff_bricks,{},
"(17, 0, 14)",minecraft:tuff_bricks,{},
"(18, 0, 14)",minecraft:stone_bricks,{},
"(19, 0, 14)",minecraft:tuff_bricks,{},
"(20, 0, 14)",minecraft:blue_concrete_powder,{},
"(21, 0, 14)",minecraft:stone_bricks,{},
"(22, 0, 14)",minecraft:furnace,"{'facing': 'west', 'lit': 'false'}","{lit_total_time: 0s, components: {}, cooking_time_spent: 0s, cooking_total_time: 0s, Items: [], id: ""minecraft:furnace"", lit_time_remaining: 0s, RecipesUsed: {}}"
"(23, 0, 14)",minecraft:furnace,"{'facing': 'west', 'lit': 'false'}","{lit_total_time: 0s, components: {}, cooking_time_spent: 0s, cooking_total_time: 0s, Items: [], id: ""minecraft:furnace"", lit_time_remaining: 0s, RecipesUsed: {}}"
"(24, 0, 14)",minecraft:cobbled_deepslate,{},
"(25, 0, 14)",minecraft:cobbled_deepslate,{},
"(5, 0, 15)",minecraft:spruce_stairs,"{'facing': 'east', 'half': 'top', 'shape': 'straight', 'waterlogged': 'false'}",
"(6, 0, 15)",minecraft:spruce_planks,{},
"(7, 0, 15)",minecraft:spruce_planks,{},
"(8, 0, 15)",minecraft:spruce_planks,{},
"(9, 0, 15)",minecraft:spruce_planks,{},
"(10, 0, 15)",minecraft:spruce_planks,{},
"(11, 0, 15)",minecraft:tuff_bricks,{},
"(12, 0, 15)",minecraft:stone_bricks,{},
"(13, 0, 15)",minecraft:stone_bricks,{},
"(14, 0, 15)",minecraft:tuff_bricks,{},
"(15, 0, 15)",minecraft:tuff_bricks,{},
"(16, 0, 15)",minecraft:stone_bricks,{},
"(17, 0, 15)",minecraft:stone_bricks,{},
"(18, 0, 15)",minecraft:tuff_bricks,{},
"(19, 0, 15)",minecraft:stone_bricks,{},
"(20, 0, 15)",minecraft:stone_bricks,{},
"(21, 0, 15)",minecraft:tuff_bricks,{},
"(22, 0, 15)",minecraft:furnace,"{'facing': 'west', 'lit': 'false'}","{lit_total_time: 0s, components: {}, cooking_time_spent: 0s, cooking_total_time: 0s, Items: [], id: ""minecraft:furnace"", lit_time_remaining: 0s, RecipesUsed: {}}"
"(23, 0, 15)",minecraft:deepslate_bricks,{},
"(24, 0, 15)",minecraft:cobbled_deepslate,{},
"(25, 0, 15)",minecraft:cobbled_deepslate_wall,"{'east': 'none', 'north': 'tall', 'south': 'none', 'up': 'true', 'waterlogged': 'false', 'west': 'tall'}",
"(5, 0, 16)",minecraft:spruce_stairs,"{'facing': 'east', 'half': 'top', 'shape': 'straight', 'waterlogged': 'false'}",
"(6, 0, 16)",minecraft:spruce_planks,{},
"(7, 0, 16)",minecraft:spruce_planks,{},
"(8, 0, 16)",minecraft:spruce_planks,{},
"(9, 0, 16)",minecraft:spruce_planks,{},
"(10, 0, 16)",minecraft:spruce_planks,{},
"(11, 0, 16)",minecraft:tuff_bricks,{},
"(12, 0, 16)",minecraft:stone_bricks,{},
"(13, 0, 16)",minecraft:tuff_bricks,{},
"(14, 0, 16)",minecraft:stone_bricks,{},
"(15, 0, 16)",minecraft:tuff_bricks,{},
"(16, 0, 16)",minecraft:tuff_bricks,{},
"(17, 0, 16)",minecraft:stone_bricks,{},
"(18, 0, 16)",minecraft:tuff_bricks,{},
"(19, 0, 16)",minecraft:stone_bricks,{},
"(20, 0, 16)",minecraft:tuff_bricks,{},
"(21, 0, 16)",minecraft:stone_bricks,{},
"(22, 0, 16)",minecraft:stone_bricks,{},
"(23, 0, 16)",minecraft:stone_bricks,{},
"(24, 0, 16)",minecraft:cobbled_deepslate_wall,"{'east': 'none', 'north': 'tall', 'south': 'low', 'up': 'true', 'waterlogged': 'false', 'west': 'tall'}",
"(5, 0, 17)",minecraft:spruce_log,{'axis': 'y'},
"(6, 0, 17)",minecraft:spruce_stairs,"{'facing': 'north', 'half': 'top', 'shape': 'straight', 'waterlogged': 'false'}",
"(7, 0, 17)",minecraft:spruce_stairs,"{'facing': 'north', 'half': 'bottom', 'shape': 'straight', 'waterlogged': 'false'}",
"(8, 0, 17)",minecraft:spruce_stairs,"{'facing': 'north', 'half': 'bottom', 'shape': 'straight', 'waterlogged': 'false'}",
"(9, 0, 17)",minecraft:spruce_stairs,"{'facing': 'north', 'half': 'top', 'shape': 'straight', 'waterlogged': 'false'}",
"(10, 0, 17)",minecraft:spruce_planks,{},
"(11, 0, 17)",minecraft:oak_log,{'axis': 'y'},
"(12, 0, 17)",minecraft:tuff_bricks,{},
"(13, 0, 17)",minecraft:tuff_bricks,{},
"(14, 0, 17)",minecraft:stone_bricks,{},
"(15, 0, 17)",minecraft:stone_bricks,{},
"(16, 0, 17)",minecraft:stone_bricks,{},
"(17, 0, 17)",minecraft:oak_log,{'axis': 'y'},
"(18, 0, 17)",minecraft:tuff_bricks,{},
"(19, 0, 17)",minecraft:tuff_bricks,{},
"(20, 0, 17)",minecraft:stone_bricks,{},
"(21, 0, 17)",minecraft:tuff_bricks,{},
"(22, 0, 17)",minecraft:stone_bricks,{},
"(23, 0, 17)",minecraft:oak_log,{'axis': 'y'},
"(24, 0, 17)",minecraft:oak_log,{'axis': 'y'},
"(7, 0, 18)",minecraft:jigsaw,{'orientation': 'up_south'},"{components: {}, joint: ""rollable"", name: ""minecraft:empty"", pool: ""minecraft:empty"", final_state: ""minecraft:air"", placement_priority: 0, selection_priority: 0, id: ""minecraft:jigsaw"", target: ""minecraft:empty""}"
"(11, 0, 18)",minecraft:tuff_bricks,{},
"(12, 0, 18)",minecraft:stone_bricks,{},
"(13, 0, 18)",minecraft:polished_diorite,{},
"(14, 0, 18)",minecraft:polished_tuff,{},
"(15, 0, 18)",minecraft:polished_diorite,{},
"(16, 0, 18)",minecraft:tuff_bricks,{},
"(17, 0, 18)",minecraft:tuff_bricks,{},
"(23, 0, 18)",minecraft:oak_log,{'axis': 'y'},
"(24, 0, 18)",minecraft:birch_leaves,"{'distance': '1', 'persistent': 'true', 'waterlogged': 'false'}",
"(10, 0, 19)",minecraft:spruce_trapdoor,"{'facing': 'west', 'half': 'top', 'open': 'false', 'powered': 'false', 'waterlogged': 'false'}",
"(11, 0, 19)",minecraft:stone_bricks,{},
"(12, 0, 19)",minecraft:stone_bricks,{},
"(13, 0, 19)",minecraft:polished_tuff,{},
"(14, 0, 19)",minecraft:polished_diorite,{},
"(15, 0, 19)",minecraft:polished_tuff,{},
"(16, 0, 19)",minecraft:tuff_bricks,{},
"(17, 0, 19)",minecraft:stone_bricks,{},
"(23, 0, 19)",minecraft:dark_oak_fence,"{'east': 'false', 'north': 'true', 'south': 'true', 'waterlogged': 'false', 'west': 'false'}",
"(10, 0, 20)",minecraft:spruce_trapdoor,"{'facing': 'west', 'half': 'top', 'open': 'false', 'powered': 'false', 'waterlogged': 'false'}",
"(11, 0, 20)",minecraft:tuff_bricks,{},
"(12, 0, 20)",minecraft:tuff_bricks,{},
"(13, 0, 20)",minecraft:polished_diorite,{},
"(14, 0, 20)",minecraft:polished_tuff,{},
"(15, 0, 20)",minecraft:polished_diorite,{},
"(16, 0, 20)",minecraft:polished_tuff,{},
"(17, 0, 20)",minecraft:stone_bricks,{},
"(23, 0, 20)",minecraft:spruce_fence,"{'east': 'false', 'north': 'true', 'south': 'true', 'waterlogged': 'false', 'west': 'false'}",
"(10, 0, 21)",minecraft:birch_leaves,"{'distance': '7', 'persistent': 'true', 'waterlogged': 'false'}",
"(11, 0, 21)",minecraft:stone_bricks,{},
"(12, 0, 21)",minecraft:tuff_bricks,{},
"(13, 0, 21)",minecraft:polished_tuff,{},
"(14, 0, 21)",minecraft:polished_diorite,{},
"(15, 0, 21)",minecraft:polished_tuff,{},
"(16, 0, 21)",minecraft:stone_bricks,{},
"(17, 0, 21)",minecraft:tuff_bricks,{},
"(23, 0, 21)",minecraft:dark_oak_fence_gate,"{'facing': 'west', 'in_wall': 'false', 'open': 'false', 'powered': 'false'}",
"(11, 0, 22)",minecraft:stone_bricks,{},
"(12, 0, 22)",minecraft:polished_tuff,{},
"(13, 0, 22)",minecraft:deepslate_brick_stairs,"{'facing': 'west', 'half': 'bottom', 'shape': 'inner_right', 'waterlogged': 'false'}",
"(14, 0, 22)",minecraft:deepslate_brick_stairs,"{'facing': 'north', 'half': 'bottom', 'shape': 'straight', 'waterlogged': 'false'}",
"(15, 0, 22)",minecraft:deepslate_brick_stairs,"{'facing': 'east', 'half': 'bottom', 'shape': 'inner_left', 'waterlogged': 'false'}",
"(16, 0, 22)",minecraft:tuff_bricks,{},
"(17, 0, 22)",minecraft:tuff_bricks,{},
"(23, 0, 22)",minecraft:spruce_fence_gate,"{'facing': 'west', 'in_wall': 'true', 'open': 'false', 'powered': 'false'}",
"(10, 0, 23)",minecraft:oak_log,{'axis': 'y'},
"(11, 0, 23)",minecraft:oak_log,{'axis': 'y'},
"(12, 0, 23)",minecraft:tuff_bricks,{},
"(13, 0, 23)",minecraft:oak_log,{'axis': 'y'},
"(15, 0, 23)",minecraft:oak_log,{'axis': 'y'},
"(16, 0, 23)",minecraft:tuff_bricks,{},
"(17, 0, 23)",minecraft:oak_log,{'axis': 'y'},
"(18, 0, 23)",minecraft:oak_log,{'axis': 'y'},
"(19, 0, 23)",minecraft:spruce_fence,"{'east': 'true', 'north': 'false', 'south': 'false', 'waterlogged': 'false', 'west': 'true'}",
"(20, 0, 23)",minecraft:dark_oak_fence_gate,"{'facing': 'north', 'in_wall': 'false', 'open': 'false', 'powered': 'false'}",
"(21, 0, 23)",minecraft:spruce_fence,"{'east': 'true', 'north': 'false', 'south': 'false', 'waterlogged': 'false', 'west': 'true'}",
"(22, 0, 23)",minecraft:spruce_fence_gate,"{'facing': 'north', 'in_wall': 'true', 'open': 'false', 'powered': 'false'}",
"(23, 0, 23)",minecraft:tuff_brick_wall,"{'east': 'none', 'north': 'low', 'south': 'none', 'up': 'true', 'waterlogged': 'false', 'west': 'low'}",
"(10, 0, 24)",minecraft:birch_leaves,"{'distance': '1', 'persistent': 'true', 'waterlogged': 'false'}",
"(11, 0, 24)",minecraft:oak_log,{'axis': 'y'},
"(12, 0, 24)",minecraft:cobbled_deepslate_wall,"{'east': 'tall', 'north': 'tall', 'south': 'none', 'up': 'true', 'waterlogged': 'false', 'west': 'low'}",
"(13, 0, 24)",minecraft:deepslate_bricks,{},
"(14, 0, 24)",minecraft:campfire,"{'facing': 'south', 'lit': 'true', 'signal_fire': 'false', 'waterlogged': 'false'}","{components: {}, Items: [], CookingTimes: [I; 0, 0, 0, 0], CookingTotalTimes: [I; 0, 0, 0, 0], id: ""minecraft:campfire""}"
"(15, 0, 24)",minecraft:deepslate_bricks,{},
"(16, 0, 24)",minecraft:cobbled_deepslate_wall,"{'east': 'low', 'north': 'tall', 'south': 'none', 'up': 'true', 'waterlogged': 'false', 'west': 'tall'}",
"(17, 0, 24)",minecraft:oak_log,{'axis': 'y'},
"(18, 0, 24)",minecraft:birch_leaves,"{'distance': '1', 'persistent': 'true', 'waterlogged': 'false'}",
"(13, 0, 25)",minecraft:deepslate_brick_wall,"{'east': 'tall', 'north': 'tall', 'south': 'none', 'up': 'true', 'waterlogged': 'false', 'west': 'none'}",
"(14, 0, 25)",minecraft:deepslate_bricks,{},
"(15, 0, 25)",minecraft:deepslate_brick_wall,"{'east': 'none', 'north': 'tall', 'south': 'none', 'up': 'true', 'waterlogged': 'false', 'west': 'tall'}",
"(16, 0, 25)",minecraft:birch_leaves,"{'distance': '7', 'persistent': 'true', 'waterlogged': 'false'}",
"(5, 1, 1)",minecraft:spruce_fence,"{'east': 'false', 'north': 'false', 'south': 'false', 'waterlogged': 'false', 'west': 'false'}",
"(11, 1, 1)",minecraft:spruce_fence,"{'east': 'false', 'north': 'false', 'south': 'false', 'waterlogged': 'false', 'west': 'false'}",
"(17, 1, 1)",minecraft:spruce_fence,"{'east': 'false', 'north': 'false', 'south': 'false', 'waterlogged': 'false', 'west': 'false'}",
"(23, 1, 1)",minecraft:spruce_fence,"{'east': 'false', 'north': 'false', 'south': 'true', 'waterlogged': 'false', 'west': 'false'}",
"(22, 1, 2)",minecraft:campfire,"{'facing': 'south', 'lit': 'false', 'signal_fire': 'false', 'waterlogged': 'false'}","{components: {}, Items: [], CookingTimes: [I; 0, 0, 0, 0], CookingTotalTimes: [I; 0, 0, 0, 0], id: ""minecraft:campfire""}"
"(23, 1, 2)",minecraft:oak_log,{'axis': 'z'},
"(14, 1, 3)",minecraft:iron_bars,"{'east': 'true', 'north': 'false', 'south': 'true', 'waterlogged': 'false', 'west': 'false'}",
"(15, 1, 3)",minecraft:iron_bars,"{'east': 'false', 'north': 'false', 'south': 'false', 'waterlogged': 'false', 'west': 'true'}",
"(18, 1, 3)",minecraft:iron_bars,"{'east': 'false', 'north': 'false', 'south': 'true', 'waterlogged': 'false', 'west': 'false'}",
"(21, 1, 3)",minecraft:stripped_spruce_log,{'axis': 'y'},
"(22, 1, 3)",minecraft:polished_blackstone_bricks,{},
"(23, 1, 3)",minecraft:deepslate_bricks,{},
"(24, 1, 3)",minecraft:polished_blackstone_bricks,{},
"(25, 1, 3)",minecraft:stripped_spruce_log,{'axis': 'y'},
"(5, 1, 4)",minecraft:spruce_stairs,"{'facing': 'south', 'half': 'bottom', 'shape': 'straight', 'waterlogged': 'false'}",
"(7, 1, 4)",minecraft:potted_cornflower,{},
"(10, 1, 4)",minecraft:gray_wall_banner,{'facing': 'north'},"{components: {}, id: ""minecraft:banner""}"
"(11, 1, 4)",minecraft:spruce_stairs,"{'facing': 'south', 'half': 'bottom', 'shape': 'straight', 'waterlogged': 'false'}",
"(14, 1, 4)",minecraft:iron_bars,"{'east': 'false', 'north': 'true', 'south': 'true', 'waterlogged': 'false', 'west': 'false'}",
"(18, 1, 4)",minecraft:blast_furnace,"{'facing': 'west', 'lit': 'false'}","{lit_total_time: 0s, components: {}, cooking_time_spent: 0s, cooking_total_time: 0s, Items: [], id: ""minecraft:blast_furnace"", lit_time_remaining: 0s, RecipesUsed: {}}"
"(21, 1, 4)",minecraft:polished_blackstone_bricks,{},
"(25, 1, 4)",minecraft:deepslate_bricks,{},
"(1, 1, 5)",minecraft:oak_log,{'axis': 'y'},
"(4, 1, 5)",minecraft:spruce_stairs,"{'facing': 'east', 'half': 'bottom', 'shape': 'straight', 'waterlogged': 'false'}",
"(5, 1, 5)",minecraft:stripped_spruce_log,{'axis': 'y'},
"(6, 1, 5)",minecraft:terracotta,{},
"(7, 1, 5)",minecraft:granite,{},
"(8, 1, 5)",minecraft:terracotta,{},
"(9, 1, 5)",minecraft:terracotta,{},
"(10, 1, 5)",minecraft:terracotta,{},
"(11, 1, 5)",minecraft:stripped_spruce_log,{'axis': 'y'},
"(12, 1, 5)",minecraft:terracotta,{},
"(13, 1, 5)",minecraft:granite,{},
"(14, 1, 5)",minecraft:cobbled_deepslate,{},
"(15, 1, 5)",minecraft:cobbled_deepslate,{},
"(16, 1, 5)",minecraft:cobbled_deepslate,{},
"(17, 1, 5)",minecraft:cobbled_deepslate,{},
"(18, 1, 5)",minecraft:terracotta,{},
"(19, 1, 5)",minecraft:terracotta,{},
"(20, 1, 5)",minecraft:terracotta,{},
"(21, 1, 5)",minecraft:polished_blackstone_bricks,{},
"(22, 1, 5)",minecraft:spruce_stairs,"{'facing': 'north', 'half': 'bottom', 'shape': 'straight', 'waterlogged': 'false'}",
"(23, 1, 5)",minecraft:stripped_spruce_log,{'axis': 'y'},
"(25, 1, 5)",minecraft:polished_blackstone_bricks,{},
"(26, 1, 5)",minecraft:birch_leaves,"{'distance': '7', 'persistent': 'true', 'waterlogged': 'false'}",
"(5, 1, 6)",minecraft:terracotta,{},
"(6, 1, 6)",minecraft:spruce_trapdoor,"{'facing': 'north', 'half': 'bottom', 'open': 'true', 'powered': 'false', 'waterlogged': 'false'}",
"(7, 1, 6)",minecraft:spruce_trapdoor,"{'facing': 'west', 'half': 'bottom', 'open': 'true', 'powered': 'false', 'waterlogged': 'false'}",
"(8, 1, 6)",minecraft:barrel,"{'facing': 'south', 'open': 'false'}","{components: {}, Items: [], id: ""minecraft:barrel""}"
"(9, 1, 6)",minecraft:barrel,"{'facing': 'south', 'open': 'false'}","{components: {}, Items: [], id: ""minecraft:barrel""}"
"(10, 1, 6)",minecraft:spruce_trapdoor,"{'facing': 'east', 'half': 'bottom', 'open': 'true', 'powered': 'false', 'waterlogged': 'false'}",
"(11, 1, 6)",minecraft:decorated_pot,"{'cracked': 'false', 'facing': 'north', 'waterlogged': 'false'}","{components: {}, id: ""minecraft:decorated_pot""}"
"(12, 1, 6)",minecraft:bookshelf,{},
"(13, 1, 6)",minecraft:bookshelf,{},
"(14, 1, 6)",minecraft:chiseled_bookshelf,"{'facing': 'south', 'slot_0_occupied': 'true', 'slot_1_occupied': 'true', 'slot_2_occupied': 'false', 'slot_3_occupied': 'false', 'slot_4_occupied': 'true', 'slot_5_occupied': 'true'}","{last_interacted_slot: 4, components: {}, Items: [{count: 1, Slot: 0b, id: ""minecraft:writable_book""}, {count: 1, Slot: 1b, id: ""minecraft:writable_book""}, {count: 1, Slot: 4b, id: ""minecraft:writable_book""}, {count: 1, Slot: 5b, id: ""minecraft:writable_book""}], id: ""minecraft:chiseled_bookshelf""}"
"(15, 1, 6)",minecraft:bookshelf,{},
"(16, 1, 6)",minecraft:bookshelf,{},
"(17, 1, 6)",minecraft:chiseled_bookshelf,"{'facing': 'south', 'slot_0_occupied': 'true', 'slot_1_occupied': 'true', 'slot_2_occupied': 'false', 'slot_3_occupied': 'false', 'slot_4_occupied': 'false', 'slot_5_occupied': 'true'}","{last_interacted_slot: 5, components: {}, Items: [{count: 1, Slot: 0b, id: ""minecraft:writable_book""}, {count: 1, Slot: 1b, id: ""minecraft:writable_book""}, {count: 1, Slot: 5b, id: ""minecraft:writable_book""}], id: ""minecraft:chiseled_bookshelf""}"
"(19, 1, 6)",minecraft:scaffolding,"{'bottom': 'false', 'distance': '0', 'waterlogged': 'false'}",
"(25, 1, 6)",minecraft:deepslate_bricks,{},
"(5, 1, 7)",minecraft:granite,{},
"(6, 1, 7)",minecraft:barrel,"{'facing': 'east', 'open': 'false'}","{components: {}, Items: [], id: ""minecraft:barrel""}"
"(19, 1, 7)",minecraft:horn_coral_fan,{'waterlogged': 'false'},
"(20, 1, 7)",minecraft:horn_coral_fan,{'waterlogged': 'false'},
"(21, 1, 7)",minecraft:horn_coral_fan,{'waterlogged': 'false'},
"(23, 1, 7)",minecraft:polished_blackstone_bricks,{},
"(24, 1, 7)",minecraft:deepslate_bricks,{},
"(25, 1, 7)",minecraft:stripped_spruce_log,{'axis': 'y'},
"(5, 1, 8)",minecraft:granite,{},
"(6, 1, 8)",minecraft:barrel,"{'facing': 'east', 'open': 'false'}","{components: {}, Items: [], id: ""minecraft:barrel""}"
"(8, 1, 8)",minecraft:bubble_coral_fan,{'waterlogged': 'false'},
"(9, 1, 8)",minecraft:bubble_coral_fan,{'waterlogged': 'false'},
"(10, 1, 8)",minecraft:bubble_coral_fan,{'waterlogged': 'false'},
"(19, 1, 8)",minecraft:horn_coral_fan,{'waterlogged': 'false'},
"(20, 1, 8)",minecraft:horn_coral_fan,{'waterlogged': 'false'},
"(21, 1, 8)",minecraft:horn_coral_fan,{'waterlogged': 'false'},
"(23, 1, 8)",minecraft:terracotta,{},
"(24, 1, 8)",minecraft:decorated_pot,"{'cracked': 'false', 'facing': 'north', 'waterlogged': 'false'}","{components: {}, id: ""minecraft:decorated_pot""}"
"(25, 1, 8)",minecraft:spruce_wall_hanging_sign,"{'facing': 'east', 'waterlogged': 'false'}","{back_text: {has_glowing_text: 0b, color: ""black"", messages: ["""", """", """", """"]}, components: {}, is_waxed: 0b, id: ""minecraft:hanging_sign"", front_text: {has_glowing_text: 0b, color: ""black"", messages: ["""", """", """", """"]}}"
"(5, 1, 9)",minecraft:granite,{},
"(6, 1, 9)",minecraft:barrel,"{'facing': 'east', 'open': 'false'}","{components: {}, Items: [], id: ""minecraft:barrel""}"
"(8, 1, 9)",minecraft:bubble_coral_fan,{'waterlogged': 'false'},
"(9, 1, 9)",minecraft:bubble_coral_fan,{'waterlogged': 'false'},
"(10, 1, 9)",minecraft:bubble_coral_fan,{'waterlogged': 'false'},
"(23, 1, 9)",minecraft:spruce_door,"{'facing': 'west', 'half': 'lower', 'hinge': 'left', 'open': 'false', 'powered': 'false'}",
"(5, 1, 10)",minecraft:granite,{},
"(6, 1, 10)",minecraft:spruce_trapdoor,"{'facing': 'south', 'half': 'bottom', 'open': 'true', 'powered': 'false', 'waterlogged': 'false'}",
"(7, 1, 10)",minecraft:oak_door,"{'facing': 'north', 'half': 'lower', 'hinge': 'left', 'open': 'false', 'powered': 'false'}",
"(8, 1, 10)",minecraft:oak_door,"{'facing': 'north', 'half': 'lower', 'hinge': 'right', 'open': 'false', 'powered': 'false'}",
"(19, 1, 10)",minecraft:scaffolding,"{'bottom': 'false', 'distance': '0', 'waterlogged': 'false'}",
"(22, 1, 10)",minecraft:decorated_pot,"{'cracked': 'false', 'facing': 'east', 'waterlogged': 'false'}","{components: {}, id: ""minecraft:decorated_pot""}"
"(23, 1, 10)",minecraft:granite,{},
"(24, 1, 10)",minecraft:spruce_wall_hanging_sign,"{'facing': 'north', 'waterlogged': 'false'}","{back_text: {has_glowing_text: 0b, color: ""black"", messages: ["""", """", """", """"]}, components: {}, is_waxed: 0b, id: ""minecraft:hanging_sign"", front_text: {has_glowing_text: 0b, color: ""black"", messages: ["""", """", """", """"]}}"
"(25, 1, 10)",minecraft:spruce_wall_hanging_sign,"{'facing': 'north', 'waterlogged': 'false'}","{back_text: {has_glowing_text: 0b, color: ""black"", messages: ["""", """", """", """"]}, components: {}, is_waxed: 0b, id: ""minecraft:hanging_sign"", front_text: {has_glowing_text: 0b, color: ""black"", messages: ["""", """", """", """"]}}"
"(1, 1, 11)",minecraft:mangrove_log,{'axis': 'y'},
"(4, 1, 11)",minecraft:spruce_stairs,"{'facing': 'east', 'half': 'bottom', 'shape': 'straight', 'waterlogged': 'false'}",
"(5, 1, 11)",minecraft:stripped_spruce_log,{'axis': 'y'},
"(6, 1, 11)",minecraft:granite,{},
"(7, 1, 11)",minecraft:spruce_trapdoor,"{'facing': 'east', 'half': 'bottom', 'open': 'true', 'powered': 'false', 'waterlogged': 'false'}",
"(8, 1, 11)",minecraft:spruce_trapdoor,"{'facing': 'west', 'half': 'bottom', 'open': 'true', 'powered': 'false', 'waterlogged': 'false'}",
"(9, 1, 11)",minecraft:granite,{},
"(10, 1, 11)",minecraft:granite,{},
"(11, 1, 11)",minecraft:stripped_spruce_log,{'axis': 'y'},
"(13, 1, 11)",minecraft:spruce_wall_hanging_sign,"{'facing': 'south', 'waterlogged': 'false'}","{back_text: {has_glowing_text: 0b, color: ""black"", messages: ["""", """", """", """"]}, components: {}, is_waxed: 0b, id: ""minecraft:hanging_sign"", front_text: {has_glowing_text: 0b, color: ""black"", messages: ["""", """", """", """"]}}"
"(14, 1, 11)",minecraft:spruce_wall_hanging_sign,"{'facing': 'south', 'waterlogged': 'false'}","{back_text: {has_glowing_text: 0b, color: ""black"", messages: ["""", """", """", """"]}, components: {}, is_waxed: 0b, id: ""minecraft:hanging_sign"", front_text: {has_glowing_text: 0b, color: ""black"", messages: ["""", """", """", """"]}}"
"(17, 1, 11)",minecraft:stripped_spruce_log,{'axis': 'y'},
"(18, 1, 11)",minecraft:waxed_weathered_cut_copper_stairs,"{'facing': 'north', 'half': 'bottom', 'shape': 'inner_left', 'waterlogged': 'false'}",
"(19, 1, 11)",minecraft:waxed_weathered_cut_copper_stairs,"{'facing': 'north', 'half': 'bottom', 'shape': 'straight', 'waterlogged': 'false'}",
"(20, 1, 11)",minecraft:warped_wall_sign,"{'facing': 'east', 'waterlogged': 'false'}","{back_text: {has_glowing_text: 0b, color: ""black"", messages: ["""", """", """", """"]}, components: {}, is_waxed: 0b, id: ""minecraft:sign"", front_text: {has_glowing_text: 0b, color: ""black"", messages: ["""", """", """", """"]}}"
"(23, 1, 11)",minecraft:stripped_spruce_log,{'axis': 'y'},
"(24, 1, 11)",minecraft:spruce_stairs,"{'facing': 'west', 'half': 'bottom', 'shape': 'straight', 'waterlogged': 'false'}",
"(5, 1, 12)",minecraft:spruce_wall_hanging_sign,"{'facing': 'west', 'waterlogged': 'false'}","{back_text: {has_glowing_text: 0b, color: ""black"", messages: ["""", """", """", """"]}, components: {}, is_waxed: 0b, id: ""minecraft:hanging_sign"", front_text: {has_glowing_text: 0b, color: ""black"", messages: ["""", """", """", """"]}}"
"(10, 1, 12)",minecraft:spruce_trapdoor,"{'facing': 'north', 'half': 'top', 'open': 'true', 'powered': 'false', 'waterlogged': 'false'}",
"(11, 1, 12)",minecraft:terracotta,{},
"(12, 1, 12)",minecraft:oak_stairs,"{'facing': 'west', 'half': 'bottom', 'shape': 'straight', 'waterlogged': 'false'}",
"(15, 1, 12)",minecraft:oak_stairs,"{'facing': 'east', 'half': 'bottom', 'shape': 'straight', 'waterlogged': 'false'}",
"(17, 1, 12)",minecraft:scaffolding,"{'bottom': 'false', 'distance': '0', 'waterlogged': 'false'}",
"(18, 1, 12)",minecraft:waxed_weathered_cut_copper_stairs,"{'facing': 'west', 'half': 'bottom', 'shape': 'straight', 'waterlogged': 'false'}",
"(23, 1, 12)",minecraft:terracotta,{},
"(24, 1, 12)",minecraft:cobbled_deepslate_wall,"{'east': 'none', 'north': 'none', 'south': 'low', 'up': 'true', 'waterlogged': 'false', 'west': 'low'}",
"(5, 1, 13)",minecraft:spruce_wall_hanging_sign,"{'facing': 'west', 'waterlogged': 'false'}","{back_text: {has_glowing_text: 0b, color: ""black"", messages: ["""", """", """", """"]}, components: {}, is_waxed: 0b, id: ""minecraft:hanging_sign"", front_text: {has_glowing_text: 0b, color: ""black"", messages: ["""", """", """", """"]}}"
"(9, 1, 13)",minecraft:spruce_trapdoor,"{'facing': 'west', 'half': 'top', 'open': 'true', 'powered': 'false', 'waterlogged': 'false'}",
"(10, 1, 13)",minecraft:grass_block,{'snowy': 'false'},
"(11, 1, 13)",minecraft:terracotta,{},
"(17, 1, 13)",minecraft:scaffolding,"{'bottom': 'false', 'distance': '0', 'waterlogged': 'false'}",
"(18, 1, 13)",minecraft:waxed_weathered_cut_copper_stairs,"{'facing': 'west', 'half': 'bottom', 'shape': 'straight', 'waterlogged': 'false'}",
"(20, 1, 13)",minecraft:blue_carpet,{},
"(22, 1, 13)",minecraft:iron_bars,"{'east': 'true', 'north': 'false', 'south': 'true', 'waterlogged': 'false', 'west': 'false'}",
"(23, 1, 13)",minecraft:deepslate_bricks,{},
"(24, 1, 13)",minecraft:basalt,{'axis': 'x'},
"(25, 1, 13)",minecraft:cobbled_deepslate_wall,"{'east': 'none', 'north': 'none', 'south': 'low', 'up': 'true', 'waterlogged': 'false', 'west': 'low'}",
"(5, 1, 14)",minecraft:spruce_wall_hanging_sign,"{'facing': 'west', 'waterlogged': 'false'}","{back_text: {has_glowing_text: 0b, color: ""black"", messages: ["""", """", """", """"]}, components: {}, is_waxed: 0b, id: ""minecraft:hanging_sign"", front_text: {has_glowing_text: 0b, color: ""black"", messages: ["""", """", """", """"]}}"
"(9, 1, 14)",minecraft:spruce_trapdoor,"{'facing': 'west', 'half': 'top', 'open': 'true', 'powered': 'false', 'waterlogged': 'false'}",
"(10, 1, 14)",minecraft:grass_block,{'snowy': 'false'},
"(11, 1, 14)",minecraft:granite,{},
"(12, 1, 14)",minecraft:oak_stairs,"{'facing': 'west', 'half': 'bottom', 'shape': 'straight', 'waterlogged': 'false'}",
"(15, 1, 14)",minecraft:oak_stairs,"{'facing': 'east', 'half': 'bottom', 'shape': 'straight', 'waterlogged': 'false'}",
"(18, 1, 14)",minecraft:warped_wall_sign,"{'facing': 'south', 'waterlogged': 'false'}","{back_text: {has_glowing_text: 0b, color: ""black"", messages: ["""", """", """", """"]}, components: {}, is_waxed: 0b, id: ""minecraft:sign"", front_text: {has_glowing_text: 0b, color: ""black"", messages: ["""", """", """", """"]}}"
"(22, 1, 14)",minecraft:iron_bars,"{'east': 'false', 'north': 'true', 'south': 'true', 'waterlogged': 'false', 'west': 'false'}",
"(24, 1, 14)",minecraft:campfire,"{'facing': 'east', 'lit': 'true', 'signal_fire': 'false', 'waterlogged': 'false'}","{components: {}, Items: [], CookingTimes: [I; 0, 0, 0, 0], CookingTotalTimes: [I; 0, 0, 0, 0], id: ""minecraft:campfire""}"
"(25, 1, 14)",minecraft:cobbled_deepslate,{},
"(5, 1, 15)",minecraft:spruce_wall_hanging_sign,"{'facing': 'west', 'waterlogged': 'false'}","{back_text: {has_glowing_text: 0b, color: ""black"", messages: ["""", """", """", """"]}, components: {}, is_waxed: 0b, id: ""minecraft:hanging_sign"", front_text: {has_glowing_text: 0b, color: ""black"", messages: ["""", """", """", """"]}}"
"(10, 1, 15)",minecraft:spruce_trapdoor,"{'facing': 'south', 'half': 'top', 'open': 'true', 'powered': 'false', 'waterlogged': 'false'}",
"(11, 1, 15)",minecraft:granite,{},
"(13, 1, 15)",minecraft:spruce_wall_hanging_sign,"{'facing': 'north', 'waterlogged': 'false'}","{back_text: {has_glowing_text: 0b, color: ""black"", messages: ["""", """", """", """"]}, components: {}, is_waxed: 0b, id: ""minecraft:hanging_sign"", front_text: {has_glowing_text: 0b, color: ""black"", messages: ["""", """", """", """"]}}"
"(14, 1, 15)",minecraft:spruce_wall_hanging_sign,"{'facing': 'north', 'waterlogged': 'false'}","{back_text: {has_glowing_text: 0b, color: ""black"", messages: ["""", """", """", """"]}, components: {}, is_waxed: 0b, id: ""minecraft:hanging_sign"", front_text: {has_glowing_text: 0b, color: ""black"", messages: ["""", """", """", """"]}}"
"(22, 1, 15)",minecraft:iron_bars,"{'east': 'true', 'north': 'true', 'south': 'false', 'waterlogged': 'false', 'west': 'false'}",
"(23, 1, 15)",minecraft:deepslate_bricks,{},
"(24, 1, 15)",minecraft:cobbled_deepslate,{},
"(25, 1, 15)",minecraft:cobbled_deepslate_wall,"{'east': 'none', 'north': 'tall', 'south': 'none', 'up': 'true', 'waterlogged': 'false', 'west': 'tall'}",
"(5, 1, 16)",minecraft:spruce_wall_hanging_sign,"{'facing': 'west', 'waterlogged': 'false'}","{back_text: {has_glowing_text: 0b, color: ""black"", messages: ["""", """", """", """"]}, components: {}, is_waxed: 0b, id: ""minecraft:hanging_sign"", front_text: {has_glowing_text: 0b, color: ""black"", messages: ["""", """", """", """"]}}"
"(11, 1, 16)",minecraft:granite,{},
"(16, 1, 16)",minecraft:scaffolding,"{'bottom': 'false', 'distance': '0', 'waterlogged': 'false'}",
"(17, 1, 16)",minecraft:warped_wall_sign,"{'facing': 'west', 'waterlogged': 'false'}","{back_text: {has_glowing_text: 0b, color: ""black"", messages: ["""", """", """", """"]}, components: {}, is_waxed: 0b, id: ""minecraft:sign"", front_text: {has_glowing_text: 0b, color: ""black"", messages: ["""", """", """", """"]}}"
"(18, 1, 16)",minecraft:oxidized_cut_copper_stairs,"{'facing': 'south', 'half': 'bottom', 'shape': 'straight', 'waterlogged': 'false'}",
"(19, 1, 16)",minecraft:oxidized_cut_copper_stairs,"{'facing': 'south', 'half': 'bottom', 'shape': 'straight', 'waterlogged': 'false'}",
"(20, 1, 16)",minecraft:oxidized_cut_copper_stairs,"{'facing': 'south', 'half': 'bottom', 'shape': 'straight', 'waterlogged': 'false'}",
"(21, 1, 16)",minecraft:warped_wall_sign,"{'facing': 'east', 'waterlogged': 'false'}","{back_text: {has_glowing_text: 0b, color: ""black"", messages: ["""", """", """", """"]}, components: {}, is_waxed: 0b, id: ""minecraft:sign"", front_text: {has_glowing_text: 0b, color: ""black"", messages: ["""", """", """", """"]}}"
"(22, 1, 16)",minecraft:decorated_pot,"{'cracked': 'false', 'facing': 'east', 'waterlogged': 'false'}","{components: {}, id: ""minecraft:decorated_pot""}"
"(23, 1, 16)",minecraft:granite,{},
"(24, 1, 16)",minecraft:cobbled_deepslate_wall,"{'east': 'none', 'north': 'low', 'south': 'none', 'up': 'true', 'waterlogged': 'false', 'west': 'low'}",
"(5, 1, 17)",minecraft:spruce_log,{'axis': 'y'},
"(6, 1, 17)",minecraft:spruce_wall_hanging_sign,"{'facing': 'north', 'waterlogged': 'false'}","{back_text: {has_glowing_text: 0b, color: ""black"", messages: ["""", """", """", """"]}, components: {}, is_waxed: 0b, id: ""minecraft:hanging_sign"", front_text: {has_glowing_text: 0b, color: ""black"", messages: ["""", """", """", """"]}}"
"(9, 1, 17)",minecraft:spruce_wall_hanging_sign,"{'facing': 'north', 'waterlogged': 'false'}","{back_text: {has_glowing_text: 0b, color: ""black"", messages: ["""", """", """", """"]}, components: {}, is_waxed: 0b, id: ""minecraft:hanging_sign"", front_text: {has_glowing_text: 0b, color: ""black"", messages: ["""", """", """", """"]}}"
"(10, 1, 17)",minecraft:spruce_wall_hanging_sign,"{'facing': 'north', 'waterlogged': 'false'}","{back_text: {has_glowing_text: 0b, color: ""black"", messages: ["""", """", """", """"]}, components: {}, is_waxed: 0b, id: ""minecraft:hanging_sign"", front_text: {has_glowing_text: 0b, color: ""black"", messages: ["""", """", """", """"]}}"
"(11, 1, 17)",minecraft:stripped_spruce_log,{'axis': 'y'},
"(12, 1, 17)",minecraft:oak_planks,{},
"(13, 1, 17)",minecraft:oak_trapdoor,"{'facing': 'east', 'half': 'bottom', 'open': 'true', 'powered': 'false', 'waterlogged': 'false'}",
"(15, 1, 17)",minecraft:oak_trapdoor,"{'facing': 'west', 'half': 'bottom', 'open': 'true', 'powered': 'false', 'waterlogged': 'false'}",
"(16, 1, 17)",minecraft:oak_planks,{},
"(17, 1, 17)",minecraft:stripped_spruce_log,{'axis': 'y'},
"(18, 1, 17)",minecraft:terracotta,{},
"(19, 1, 17)",minecraft:terracotta,{},
"(20, 1, 17)",minecraft:granite,{},
"(21, 1, 17)",minecraft:granite,{},
"(22, 1, 17)",minecraft:terracotta,{},
"(23, 1, 17)",minecraft:stripped_spruce_log,{'axis': 'y'},
"(24, 1, 17)",minecraft:spruce_stairs,"{'facing': 'west', 'half': 'bottom', 'shape': 'straight', 'waterlogged': 'false'}",
"(10, 1, 18)",minecraft:spruce_trapdoor,"{'facing': 'north', 'half': 'top', 'open': 'true', 'powered': 'false', 'waterlogged': 'false'}",
"(11, 1, 18)",minecraft:terracotta,{},
"(12, 1, 18)",minecraft:barrel,"{'facing': 'east', 'open': 'false'}","{components: {}, Items: [], id: ""minecraft:barrel""}"
"(16, 1, 18)",minecraft:barrel,"{'facing': 'west', 'open': 'false'}","{components: {}, Items: [], id: ""minecraft:barrel""}"
"(17, 1, 18)",minecraft:terracotta,{},
"(23, 1, 18)",minecraft:spruce_stairs,"{'facing': 'north', 'half': 'bottom', 'shape': 'straight', 'waterlogged': 'false'}",
"(9, 1, 19)",minecraft:spruce_trapdoor,"{'facing': 'west', 'half': 'top', 'open': 'true', 'powered': 'false', 'waterlogged': 'false'}",
"(10, 1, 19)",minecraft:grass_block,{'snowy': 'false'},
"(11, 1, 19)",minecraft:terracotta,{},
"(12, 1, 19)",minecraft:barrel,"{'facing': 'east', 'open': 'false'}","{components: {}, Items: [], id: ""minecraft:barrel""}"
"(16, 1, 19)",minecraft:barrel,"{'facing': 'west', 'open': 'false'}","{components: {}, Items: [], id: ""minecraft:barrel""}"
"(17, 1, 19)",minecraft:terracotta,{},
"(9, 1, 20)",minecraft:spruce_trapdoor,"{'facing': 'west', 'half': 'top', 'open': 'true', 'powered': 'false', 'waterlogged': 'false'}",
"(10, 1, 20)",minecraft:grass_block,{'snowy': 'false'},
"(11, 1, 20)",minecraft:granite,{},
"(12, 1, 20)",minecraft:barrel,"{'facing': 'east', 'open': 'false'}","{components: {}, Items: [], id: ""minecraft:barrel""}"
"(15, 1, 20)",minecraft:light_gray_wall_banner,{'facing': 'west'},"{components: {}, patterns: [{color: ""black"", pattern: ""minecraft:small_stripes""}, {color: ""black"", pattern: ""minecraft:bricks""}, {color: ""light_gray"", pattern: ""minecraft:small_stripes""}, {color: ""light_gray"", pattern: ""minecraft:bricks""}], id: ""minecraft:banner""}"
"(16, 1, 20)",minecraft:cauldron,{},
"(17, 1, 20)",minecraft:terracotta,{},
"(10, 1, 21)",minecraft:spruce_trapdoor,"{'facing': 'south', 'half': 'top', 'open': 'true', 'powered': 'false', 'waterlogged': 'false'}",
"(11, 1, 21)",minecraft:granite,{},
"(12, 1, 21)",minecraft:barrel,"{'facing': 'east', 'open': 'false'}","{components: {}, Items: [], id: ""minecraft:barrel""}"
"(16, 1, 21)",minecraft:barrel,"{'facing': 'west', 'open': 'false'}","{components: {}, Items: [], id: ""minecraft:barrel""}"
"(17, 1, 21)",minecraft:granite,{},
"(10, 1, 22)",minecraft:oak_leaves,"{'distance': '7', 'persistent': 'true', 'waterlogged': 'false'}",
"(11, 1, 22)",minecraft:granite,{},
"(16, 1, 22)",minecraft:barrel,"{'facing': 'west', 'open': 'false'}","{components: {}, Items: [], id: ""minecraft:barrel""}"
"(17, 1, 22)",minecraft:granite,{},
"(10, 1, 23)",minecraft:spruce_stairs,"{'facing': 'east', 'half': 'bottom', 'shape': 'straight', 'waterlogged': 'false'}",
"(11, 1, 23)",minecraft:stripped_spruce_log,{'axis': 'y'},
"(12, 1, 23)",minecraft:terracotta,{},
"(13, 1, 23)",minecraft:smoker,"{'facing': 'north', 'lit': 'false'}","{lit_total_time: 0s, components: {}, cooking_time_spent: 0s, cooking_total_time: 0s, Items: [], id: ""minecraft:smoker"", lit_time_remaining: 0s, RecipesUsed: {}}"
"(15, 1, 23)",minecraft:smoker,"{'facing': 'north', 'lit': 'false'}","{lit_total_time: 0s, components: {}, cooking_time_spent: 0s, cooking_total_time: 0s, Items: [], id: ""minecraft:smoker"", lit_time_remaining: 0s, RecipesUsed: {}}"
"(16, 1, 23)",minecraft:terracotta,{},
"(17, 1, 23)",minecraft:stripped_spruce_log,{'axis': 'y'},
"(18, 1, 23)",minecraft:spruce_stairs,"{'facing': 'west', 'half': 'bottom', 'shape': 'straight', 'waterlogged': 'false'}",
"(23, 1, 23)",minecraft:spruce_fence,"{'east': 'false', 'north': 'false', 'south': 'false', 'waterlogged': 'false', 'west': 'false'}",
"(11, 1, 24)",minecraft:spruce_stairs,"{'facing': 'north', 'half': 'bottom', 'shape': 'straight', 'waterlogged': 'false'}",
"(12, 1, 24)",minecraft:cobbled_deepslate_wall,"{'east': 'low', 'north': 'low', 'south': 'none', 'up': 'true', 'waterlogged': 'false', 'west': 'none'}",
"(13, 1, 24)",minecraft:cobbled_deepslate,{},
"(14, 1, 24)",minecraft:water_cauldron,{'level': '3'},
"(15, 1, 24)",minecraft:cobbled_deepslate,{},
"(16, 1, 24)",minecraft:cobbled_deepslate_wall,"{'east': 'none', 'north': 'low', 'south': 'none', 'up': 'true', 'waterlogged': 'false', 'west': 'low'}",
"(17, 1, 24)",minecraft:spruce_stairs,"{'facing': 'north', 'half': 'bottom', 'shape': 'straight', 'waterlogged': 'false'}",
"(13, 1, 25)",minecraft:cobbled_deepslate_wall,"{'east': 'tall', 'north': 'tall', 'south': 'none', 'up': 'true', 'waterlogged': 'false', 'west': 'none'}",
"(14, 1, 25)",minecraft:deepslate_bricks,{},
"(15, 1, 25)",minecraft:deepslate_brick_wall,"{'east': 'none', 'north': 'tall', 'south': 'none', 'up': 'true', 'waterlogged': 'false', 'west': 'tall'}",
"(5, 2, 1)",minecraft:spruce_fence,"{'east': 'false', 'north': 'false', 'south': 'false', 'waterlogged': 'false', 'west': 'false'}",
"(11, 2, 1)",minecraft:spruce_fence,"{'east': 'false', 'north': 'false', 'south': 'false', 'waterlogged': 'false', 'west': 'false'}",
"(17, 2, 1)",minecraft:spruce_fence,"{'east': 'false', 'north': 'false', 'south': 'false', 'waterlogged': 'false', 'west': 'false'}",
"(23, 2, 1)",minecraft:spruce_fence,"{'east': 'false', 'north': 'false', 'south': 'false', 'waterlogged': 'false', 'west': 'false'}",
"(14, 2, 3)",minecraft:cobbled_deepslate_stairs,"{'facing': 'east', 'half': 'bottom', 'shape': 'outer_right', 'waterlogged': 'false'}",
"(15, 2, 3)",minecraft:cobbled_deepslate_stairs,"{'facing': 'south', 'half': 'bottom', 'shape': 'straight', 'waterlogged': 'false'}",
"(16, 2, 3)",minecraft:cobbled_deepslate_stairs,"{'facing': 'south', 'half': 'bottom', 'shape': 'straight', 'waterlogged': 'false'}",
"(17, 2, 3)",minecraft:cobbled_deepslate_stairs,"{'facing': 'south', 'half': 'bottom', 'shape': 'straight', 'waterlogged': 'false'}",
"(18, 2, 3)",minecraft:cobbled_deepslate_stairs,"{'facing': 'west', 'half': 'bottom', 'shape': 'outer_left', 'waterlogged': 'false'}",
"(21, 2, 3)",minecraft:oak_log,{'axis': 'y'},
"(22, 2, 3)",minecraft:deepslate_bricks,{},
"(23, 2, 3)",minecraft:polished_blackstone_bricks,{},
"(24, 2, 3)",minecraft:deepslate_bricks,{},
"(25, 2, 3)",minecraft:oak_log,{'axis': 'y'},
"(6, 2, 4)",minecraft:spruce_trapdoor,"{'facing': 'north', 'half': 'top', 'open': 'false', 'powered': 'false', 'waterlogged': 'false'}",
"(7, 2, 4)",minecraft:spruce_trapdoor,"{'facing': 'north', 'half': 'top', 'open': 'false', 'powered': 'false', 'waterlogged': 'false'}",
"(8, 2, 4)",minecraft:spruce_trapdoor,"{'facing': 'north', 'half': 'top', 'open': 'false', 'powered': 'false', 'waterlogged': 'false'}",
"(9, 2, 4)",minecraft:spruce_trapdoor,"{'facing': 'north', 'half': 'top', 'open': 'false', 'powered': 'false', 'waterlogged': 'false'}",
"(10, 2, 4)",minecraft:spruce_trapdoor,"{'facing': 'north', 'half': 'top', 'open': 'false', 'powered': 'false', 'waterlogged': 'false'}",
"(14, 2, 4)",minecraft:cobbled_deepslate_stairs,"{'facing': 'east', 'half': 'bottom', 'shape': 'straight', 'waterlogged': 'false'}",
"(15, 2, 4)",minecraft:cobbled_deepslate,{},
"(16, 2, 4)",minecraft:cobbled_deepslate,{},
"(18, 2, 4)",minecraft:cobbled_deepslate_stairs,"{'facing': 'west', 'half': 'bottom', 'shape': 'straight', 'waterlogged': 'false'}",
"(21, 2, 4)",minecraft:deepslate_bricks,{},
"(22, 2, 4)",minecraft:spruce_stairs,"{'facing': 'north', 'half': 'bottom', 'shape': 'straight', 'waterlogged': 'false'}",
"(23, 2, 4)",minecraft:spruce_stairs,"{'facing': 'west', 'half': 'top', 'shape': 'straight', 'waterlogged': 'false'}",
"(25, 2, 4)",minecraft:deepslate_bricks,{},
"(1, 2, 5)",minecraft:mangrove_log,{'axis': 'y'},
"(5, 2, 5)",minecraft:oak_log,{'axis': 'y'},
"(6, 2, 5)",minecraft:terracotta,{},
"(7, 2, 5)",minecraft:terracotta,{},
"(8, 2, 5)",minecraft:terracotta,{},
"(9, 2, 5)",minecraft:terracotta,{},
"(10, 2, 5)",minecraft:terracotta,{},
"(11, 2, 5)",minecraft:oak_log,{'axis': 'y'},
"(12, 2, 5)",minecraft:terracotta,{},
"(13, 2, 5)",minecraft:terracotta,{},
"(14, 2, 5)",minecraft:terracotta,{},
"(15, 2, 5)",minecraft:cobbled_deepslate,{},
"(16, 2, 5)",minecraft:cobbled_deepslate,{},
"(17, 2, 5)",minecraft:cobbled_deepslate,{},
"(18, 2, 5)",minecraft:brown_wool,{},
"(19, 2, 5)",minecraft:terracotta,{},
"(20, 2, 5)",minecraft:terracotta,{},
"(21, 2, 5)",minecraft:deepslate_bricks,{},
"(23, 2, 5)",minecraft:oak_log,{'axis': 'y'},
"(25, 2, 5)",minecraft:deepslate_bricks,{},
"(4, 2, 6)",minecraft:spruce_trapdoor,"{'facing': 'west', 'half': 'top', 'open': 'false', 'powered': 'false', 'waterlogged': 'false'}",
"(5, 2, 6)",minecraft:terracotta,{},
"(6, 2, 6)",minecraft:spruce_trapdoor,"{'facing': 'north', 'half': 'bottom', 'open': 'true', 'powered': 'false', 'waterlogged': 'false'}",
"(7, 2, 6)",minecraft:spruce_trapdoor,"{'facing': 'west', 'half': 'bottom', 'open': 'true', 'powered': 'false', 'waterlogged': 'false'}",
"(8, 2, 6)",minecraft:candle,"{'candles': '4', 'lit': 'true', 'waterlogged': 'false'}",
"(9, 2, 6)",minecraft:potted_torchflower,{},
"(10, 2, 6)",minecraft:spruce_trapdoor,"{'facing': 'east', 'half': 'bottom', 'open': 'true', 'powered': 'false', 'waterlogged': 'false'}",
"(11, 2, 6)",minecraft:potted_bamboo,{},
"(12, 2, 6)",minecraft:chiseled_bookshelf,"{'facing': 'south', 'slot_0_occupied': 'false', 'slot_1_occupied': 'true', 'slot_2_occupied': 'false', 'slot_3_occupied': 'true', 'slot_4_occupied': 'true', 'slot_5_occupied': 'true'}","{last_interacted_slot: 1, components: {}, Items: [{count: 1, Slot: 1b, id: ""minecraft:writable_book""}, {count: 1, Slot: 3b, id: ""minecraft:writable_book""}, {count: 1, Slot: 4b, id: ""minecraft:writable_book""}, {count: 1, Slot: 5b, id: ""minecraft:writable_book""}], id: ""minecraft:chiseled_bookshelf""}"
"(13, 2, 6)",minecraft:potted_flowering_azalea_bush,{},
"(15, 2, 6)",minecraft:bookshelf,{},
"(16, 2, 6)",minecraft:chiseled_bookshelf,"{'facing': 'south', 'slot_0_occupied': 'false', 'slot_1_occupied': 'false', 'slot_2_occupied': 'true', 'slot_3_occupied': 'true', 'slot_4_occupied': 'true', 'slot_5_occupied': 'false'}","{last_interacted_slot: 2, components: {}, Items: [{count: 1, Slot: 2b, id: ""minecraft:writable_book""}, {count: 1, Slot: 3b, id: ""minecraft:writable_book""}, {count: 1, Slot: 4b, id: ""minecraft:writable_book""}], id: ""minecraft:chiseled_bookshelf""}"
"(17, 2, 6)",minecraft:bookshelf,{},
"(19, 2, 6)",minecraft:black_candle,"{'candles': '4', 'lit': 'true', 'waterlogged': 'false'}",
"(25, 2, 6)",minecraft:polished_blackstone_bricks,{},
"(4, 2, 7)",minecraft:spruce_trapdoor,"{'facing': 'west', 'half': 'top', 'open': 'false', 'powered': 'false', 'waterlogged': 'false'}",
"(5, 2, 7)",minecraft:terracotta,{},
"(23, 2, 7)",minecraft:deepslate_bricks,{},
"(24, 2, 7)",minecraft:deepslate_bricks,{},
"(25, 2, 7)",minecraft:oak_log,{'axis': 'y'},
"(4, 2, 8)",minecraft:spruce_trapdoor,"{'facing': 'west', 'half': 'top', 'open': 'false', 'powered': 'false', 'waterlogged': 'false'}",
"(5, 2, 8)",minecraft:terracotta,{},
"(23, 2, 8)",minecraft:brown_wool,{},
"(24, 2, 8)",minecraft:potted_bamboo,{},
"(4, 2, 9)",minecraft:spruce_trapdoor,"{'facing': 'west', 'half': 'top', 'open': 'false', 'powered': 'false', 'waterlogged': 'false'}",
"(5, 2, 9)",minecraft:terracotta,{},
"(23, 2, 9)",minecraft:spruce_door,"{'facing': 'west', 'half': 'upper', 'hinge': 'left', 'open': 'false', 'powered': 'false'}",
"(5, 2, 10)",minecraft:granite,{},
"(6, 2, 10)",minecraft:spruce_trapdoor,"{'facing': 'south', 'half': 'bottom', 'open': 'true', 'powered': 'false', 'waterlogged': 'false'}",
"(7, 2, 10)",minecraft:oak_door,"{'facing': 'north', 'half': 'upper', 'hinge': 'left', 'open': 'false', 'powered': 'false'}",
"(8, 2, 10)",minecraft:oak_door,"{'facing': 'north', 'half': 'upper', 'hinge': 'right', 'open': 'false', 'powered': 'false'}",
"(19, 2, 10)",minecraft:cyan_candle,"{'candles': '4', 'lit': 'true', 'waterlogged': 'false'}",
"(22, 2, 10)",minecraft:potted_bamboo,{},
"(23, 2, 10)",minecraft:terracotta,{},
"(1, 2, 11)",minecraft:mangrove_log,{'axis': 'y'},
"(5, 2, 11)",minecraft:oak_log,{'axis': 'y'},
"(6, 2, 11)",minecraft:terracotta,{},
"(7, 2, 11)",minecraft:spruce_trapdoor,"{'facing': 'east', 'half': 'bottom', 'open': 'true', 'powered': 'false', 'waterlogged': 'false'}",
"(8, 2, 11)",minecraft:spruce_trapdoor,"{'facing': 'west', 'half': 'bottom', 'open': 'true', 'powered': 'false', 'waterlogged': 'false'}",
"(9, 2, 11)",minecraft:terracotta,{},
"(10, 2, 11)",minecraft:granite,{},
"(11, 2, 11)",minecraft:oak_log,{'axis': 'y'},
"(13, 2, 11)",minecraft:spruce_trapdoor,"{'facing': 'south', 'half': 'bottom', 'open': 'false', 'powered': 'false', 'waterlogged': 'false'}",
"(14, 2, 11)",minecraft:spruce_trapdoor,"{'facing': 'south', 'half': 'bottom', 'open': 'false', 'powered': 'false', 'waterlogged': 'false'}",
"(17, 2, 11)",minecraft:oak_log,{'axis': 'y'},
"(23, 2, 11)",minecraft:oak_log,{'axis': 'y'},
"(11, 2, 12)",minecraft:brown_wool,{},
"(13, 2, 12)",minecraft:spruce_trapdoor,"{'facing': 'south', 'half': 'bottom', 'open': 'false', 'powered': 'false', 'waterlogged': 'false'}",
"(14, 2, 12)",minecraft:spruce_trapdoor,"{'facing': 'south', 'half': 'bottom', 'open': 'false', 'powered': 'false', 'waterlogged': 'false'}",
"(23, 2, 12)",minecraft:brown_wool,{},
"(10, 2, 13)",minecraft:azalea,{},
"(11, 2, 13)",minecraft:light_gray_stained_glass_pane,"{'east': 'false', 'north': 'true', 'south': 'true', 'waterlogged': 'false', 'west': 'false'}",
"(13, 2, 13)",minecraft:spruce_trapdoor,"{'facing': 'south', 'half': 'bottom', 'open': 'false', 'powered': 'false', 'waterlogged': 'false'}",
"(14, 2, 13)",minecraft:spruce_trapdoor,"{'facing': 'south', 'half': 'bottom', 'open': 'false', 'powered': 'false', 'waterlogged': 'false'}",
"(17, 2, 13)",minecraft:potted_allium,{},
"(23, 2, 13)",minecraft:deepslate_brick_stairs,"{'facing': 'east', 'half': 'bottom', 'shape': 'straight', 'waterlogged': 'false'}",
"(24, 2, 13)",minecraft:tuff,{},
"(10, 2, 14)",minecraft:fern,{},
"(11, 2, 14)",minecraft:light_gray_stained_glass_pane,"{'east': 'false', 'north': 'true', 'south': 'true', 'waterlogged': 'false', 'west': 'false'}",
"(13, 2, 14)",minecraft:spruce_trapdoor,"{'facing': 'south', 'half': 'bottom', 'open': 'false', 'powered': 'false', 'waterlogged': 'false'}",
"(14, 2, 14)",minecraft:spruce_trapdoor,"{'facing': 'south', 'half': 'bottom', 'open': 'false', 'powered': 'false', 'waterlogged': 'false'}",
"(25, 2, 14)",minecraft:basalt,{'axis': 'x'},
"(11, 2, 15)",minecraft:terracotta,{},
"(13, 2, 15)",minecraft:spruce_trapdoor,"{'facing': 'south', 'half': 'bottom', 'open': 'false', 'powered': 'false', 'waterlogged': 'false'}",
"(14, 2, 15)",minecraft:spruce_trapdoor,"{'facing': 'south', 'half': 'bottom', 'open': 'false', 'powered': 'false', 'waterlogged': 'false'}",
"(23, 2, 15)",minecraft:cobbled_deepslate_stairs,"{'facing': 'east', 'half': 'bottom', 'shape': 'straight', 'waterlogged': 'false'}",
"(24, 2, 15)",minecraft:basalt,{'axis': 'z'},
"(25, 2, 15)",minecraft:cobbled_deepslate_wall,"{'east': 'none', 'north': 'low', 'south': 'none', 'up': 'true', 'waterlogged': 'false', 'west': 'low'}",
"(11, 2, 16)",minecraft:granite,{},
"(16, 2, 16)",minecraft:brown_candle,"{'candles': '4', 'lit': 'true', 'waterlogged': 'false'}",
"(22, 2, 16)",minecraft:potted_bamboo,{},
"(23, 2, 16)",minecraft:granite,{},
"(11, 2, 17)",minecraft:oak_log,{'axis': 'y'},
"(12, 2, 17)",minecraft:oak_planks,{},
"(13, 2, 17)",minecraft:oak_trapdoor,"{'facing': 'east', 'half': 'bottom', 'open': 'true', 'powered': 'false', 'waterlogged': 'false'}",
"(15, 2, 17)",minecraft:oak_trapdoor,"{'facing': 'west', 'half': 'bottom', 'open': 'true', 'powered': 'false', 'waterlogged': 'false'}",
"(16, 2, 17)",minecraft:oak_planks,{},
"(17, 2, 17)",minecraft:oak_log,{'axis': 'y'},
"(18, 2, 17)",minecraft:terracotta,{},
"(19, 2, 17)",minecraft:terracotta,{},
"(20, 2, 17)",minecraft:terracotta,{},
"(21, 2, 17)",minecraft:terracotta,{},
"(22, 2, 17)",minecraft:terracotta,{},
"(23, 2, 17)",minecraft:oak_log,{'axis': 'y'},
"(11, 2, 18)",minecraft:brown_wool,{},
"(12, 2, 18)",minecraft:potted_red_mushroom,{},
"(16, 2, 18)",minecraft:gray_candle,"{'candles': '3', 'lit': 'true', 'waterlogged': 'false'}",
"(17, 2, 18)",minecraft:brown_wool,{},
"(10, 2, 19)",minecraft:short_grass,{},
"(11, 2, 19)",minecraft:light_gray_stained_glass_pane,"{'east': 'false', 'north': 'true', 'south': 'true', 'waterlogged': 'false', 'west': 'false'}",
"(12, 2, 19)",minecraft:cake,{'bites': '0'},
"(17, 2, 19)",minecraft:terracotta,{},
"(10, 2, 20)",minecraft:poppy,{},
"(11, 2, 20)",minecraft:white_stained_glass_pane,"{'east': 'false', 'north': 'true', 'south': 'true', 'waterlogged': 'false', 'west': 'false'}",
"(16, 2, 20)",minecraft:lever,"{'face': 'wall', 'facing': 'west', 'powered': 'true'}",
"(17, 2, 20)",minecraft:terracotta,{},
"(11, 2, 21)",minecraft:terracotta,{},
"(16, 2, 21)",minecraft:sea_pickle,"{'pickles': '3', 'waterlogged': 'false'}",
"(17, 2, 21)",minecraft:terracotta,{},
"(11, 2, 22)",minecraft:terracotta,{},
"(16, 2, 22)",minecraft:brewing_stand,"{'has_bottle_0': 'false', 'has_bottle_1': 'false', 'has_bottle_2': 'false'}","{components: {}, Fuel: 0b, Items: [], id: ""minecraft:brewing_stand"", BrewTime: 0s}"
"(17, 2, 22)",minecraft:granite,{},
"(11, 2, 23)",minecraft:oak_log,{'axis': 'y'},
"(12, 2, 23)",minecraft:terracotta,{},
"(13, 2, 23)",minecraft:deepslate_brick_stairs,"{'facing': 'south', 'half': 'bottom', 'shape': 'straight', 'waterlogged': 'false'}",
"(15, 2, 23)",minecraft:cobbled_deepslate_stairs,"{'facing': 'south', 'half': 'bottom', 'shape': 'straight', 'waterlogged': 'false'}",
"(16, 2, 23)",minecraft:terracotta,{},
"(17, 2, 23)",minecraft:oak_log,{'axis': 'y'},
"(23, 2, 23)",minecraft:spruce_fence,"{'east': 'false', 'north': 'false', 'south': 'false', 'waterlogged': 'false', 'west': 'false'}",
"(13, 2, 24)",minecraft:basalt,{'axis': 'z'},
"(15, 2, 24)",minecraft:cobbled_deepslate,{},
"(13, 2, 25)",minecraft:cobbled_deepslate_wall,"{'east': 'low', 'north': 'low', 'south': 'none', 'up': 'true', 'waterlogged': 'false', 'west': 'none'}",
"(14, 2, 25)",minecraft:cobbled_deepslate,{},
"(15, 2, 25)",minecraft:cobbled_deepslate_wall,"{'east': 'none', 'north': 'low', 'south': 'none', 'up': 'true', 'waterlogged': 'false', 'west': 'low'}",
"(5, 3, 1)",minecraft:spruce_fence,"{'east': 'false', 'north': 'false', 'south': 'false', 'waterlogged': 'false', 'west': 'false'}",
"(11, 3, 1)",minecraft:spruce_fence,"{'east': 'false', 'north': 'false', 'south': 'false', 'waterlogged': 'false', 'west': 'false'}",
"(17, 3, 1)",minecraft:spruce_fence,"{'east': 'false', 'north': 'false', 'south': 'false', 'waterlogged': 'false', 'west': 'false'}",
"(23, 3, 1)",minecraft:spruce_fence,"{'east': 'false', 'north': 'false', 'south': 'false', 'waterlogged': 'false', 'west': 'false'}",
"(17, 3, 3)",minecraft:cobbled_deepslate_wall,"{'east': 'none', 'north': 'none', 'south': 'tall', 'up': 'true', 'waterlogged': 'false', 'west': 'none'}",
"(21, 3, 3)",minecraft:mangrove_log,{'axis': 'y'},
"(22, 3, 3)",minecraft:deepslate_bricks,{},
"(23, 3, 3)",minecraft:deepslate_bricks,{},
"(24, 3, 3)",minecraft:tuff_bricks,{},
"(25, 3, 3)",minecraft:mangrove_log,{'axis': 'y'},
"(5, 3, 4)",minecraft:birch_leaves,"{'distance': '1', 'persistent': 'true', 'waterlogged': 'false'}",
"(6, 3, 4)",minecraft:potted_blue_orchid,{},
"(8, 3, 4)",minecraft:anvil,{'facing': 'west'},
"(10, 3, 4)",minecraft:birch_leaves,"{'distance': '7', 'persistent': 'true', 'waterlogged': 'false'}",
"(13, 3, 4)",minecraft:light_gray_wall_banner,{'facing': 'north'},"{components: {}, id: ""minecraft:banner""}"
"(16, 3, 4)",minecraft:cobbled_deepslate_wall,"{'east': 'tall', 'north': 'none', 'south': 'tall', 'up': 'true', 'waterlogged': 'false', 'west': 'none'}",
"(17, 3, 4)",minecraft:basalt,{'axis': 'z'},
"(18, 3, 4)",minecraft:tuff_wall,"{'east': 'none', 'north': 'none', 'south': 'tall', 'up': 'true', 'waterlogged': 'false', 'west': 'tall'}",
"(21, 3, 4)",minecraft:deepslate_bricks,{},
"(23, 3, 4)",minecraft:spruce_stairs,"{'facing': 'east', 'half': 'bottom', 'shape': 'straight', 'waterlogged': 'false'}",
"(24, 3, 4)",minecraft:spruce_stairs,"{'facing': 'west', 'half': 'top', 'shape': 'straight', 'waterlogged': 'false'}",
"(25, 3, 4)",minecraft:tuff_bricks,{},
"(1, 3, 5)",minecraft:mangrove_log,{'axis': 'y'},
"(2, 3, 5)",minecraft:dark_oak_fence,"{'east': 'false', 'north': 'false', 'south': 'false', 'waterlogged': 'false', 'west': 'true'}",
"(4, 3, 5)",minecraft:dark_oak_fence,"{'east': 'true', 'north': 'false', 'south': 'false', 'waterlogged': 'false', 'west': 'false'}",
"(5, 3, 5)",minecraft:mangrove_log,{'axis': 'y'},
"(6, 3, 5)",minecraft:brown_wool,{},
"(7, 3, 5)",minecraft:terracotta,{},
"(8, 3, 5)",minecraft:brown_wool,{},
"(9, 3, 5)",minecraft:brown_wool,{},
"(10, 3, 5)",minecraft:brown_wool,{},
"(11, 3, 5)",minecraft:mangrove_log,{'axis': 'y'},
"(12, 3, 5)",minecraft:brown_wool,{},
"(13, 3, 5)",minecraft:terracotta,{},
"(14, 3, 5)",minecraft:terracotta,{},
"(15, 3, 5)",minecraft:brown_wool,{},
"(16, 3, 5)",minecraft:brown_wool,{},
"(17, 3, 5)",minecraft:cobbled_deepslate,{},
"(18, 3, 5)",minecraft:terracotta,{},
"(19, 3, 5)",minecraft:brown_wool,{},
"(20, 3, 5)",minecraft:brown_wool,{},
"(21, 3, 5)",minecraft:tuff_bricks,{},
"(23, 3, 5)",minecraft:mangrove_log,{'axis': 'y'},
"(25, 3, 5)",minecraft:deepslate_bricks,{},
"(1, 3, 6)",minecraft:dark_oak_fence,"{'east': 'false', 'north': 'true', 'south': 'false', 'waterlogged': 'false', 'west': 'false'}",
"(4, 3, 6)",minecraft:oak_leaves,"{'distance': '7', 'persistent': 'true', 'waterlogged': 'false'}",
"(5, 3, 6)",minecraft:brown_wool,{},
"(6, 3, 6)",minecraft:spruce_trapdoor,"{'facing': 'north', 'half': 'bottom', 'open': 'true', 'powered': 'false', 'waterlogged': 'false'}",
"(7, 3, 6)",minecraft:spruce_trapdoor,"{'facing': 'west', 'half': 'bottom', 'open': 'true', 'powered': 'false', 'waterlogged': 'false'}",
"(8, 3, 6)",minecraft:barrel,"{'facing': 'south', 'open': 'false'}","{components: {}, Items: [], id: ""minecraft:barrel""}"
"(9, 3, 6)",minecraft:barrel,"{'facing': 'south', 'open': 'false'}","{components: {}, Items: [], id: ""minecraft:barrel""}"
"(10, 3, 6)",minecraft:spruce_trapdoor,"{'facing': 'east', 'half': 'bottom', 'open': 'true', 'powered': 'false', 'waterlogged': 'false'}",
"(11, 3, 6)",minecraft:oak_leaves,"{'distance': '1', 'persistent': 'true', 'waterlogged': 'false'}",
"(15, 3, 6)",minecraft:skeleton_skull,"{'powered': 'false', 'rotation': '10'}","{components: {}, id: ""minecraft:skull""}"
"(16, 3, 6)",minecraft:potted_blue_orchid,{},
"(17, 3, 6)",minecraft:dark_oak_trapdoor,"{'facing': 'south', 'half': 'top', 'open': 'true', 'powered': 'false', 'waterlogged': 'false'}",
"(20, 3, 6)",minecraft:spruce_trapdoor,"{'facing': 'west', 'half': 'top', 'open': 'false', 'powered': 'false', 'waterlogged': 'false'}",
"(21, 3, 6)",minecraft:deepslate_brick_stairs,"{'facing': 'north', 'half': 'top', 'shape': 'straight', 'waterlogged': 'false'}",
"(25, 3, 6)",minecraft:deepslate_bricks,{},
"(5, 3, 7)",minecraft:brown_wool,{},
"(6, 3, 7)",minecraft:lime_wall_banner,{'facing': 'east'},"{components: {}, patterns: [{color: ""black"", pattern: ""minecraft:small_stripes""}, {color: ""lime"", pattern: ""minecraft:small_stripes""}, {color: ""lime"", pattern: ""minecraft:triangle_top""}, {color: ""yellow"", pattern: ""minecraft:triangles_top""}], id: ""minecraft:banner""}"
"(22, 3, 7)",minecraft:deepslate_brick_stairs,"{'facing': 'east', 'half': 'top', 'shape': 'straight', 'waterlogged': 'false'}",
"(23, 3, 7)",minecraft:deepslate_bricks,{},
"(24, 3, 7)",minecraft:tuff_bricks,{},
"(25, 3, 7)",minecraft:mangrove_log,{'axis': 'y'},
"(4, 3, 8)",minecraft:hay_block,{'axis': 'x'},
"(5, 3, 8)",minecraft:terracotta,{},
"(6, 3, 8)",minecraft:blue_wall_banner,{'facing': 'east'},"{components: {}, patterns: [{color: ""black"", pattern: ""minecraft:small_stripes""}, {color: ""blue"", pattern: ""minecraft:small_stripes""}, {color: ""black"", pattern: ""minecraft:triangles_top""}, {color: ""blue"", pattern: ""minecraft:triangles_top""}], id: ""minecraft:banner""}"
"(23, 3, 8)",minecraft:brown_wool,{},
"(24, 3, 8)",minecraft:oak_leaves,"{'distance': '7', 'persistent': 'true', 'waterlogged': 'false'}",
"(4, 3, 9)",minecraft:potted_oak_sapling,{},
"(5, 3, 9)",minecraft:terracotta,{},
"(6, 3, 9)",minecraft:red_wall_banner,{'facing': 'east'},"{components: {}, patterns: [{color: ""black"", pattern: ""minecraft:small_stripes""}, {color: ""red"", pattern: ""minecraft:small_stripes""}, {color: ""black"", pattern: ""minecraft:triangle_top""}, {color: ""red"", pattern: ""minecraft:triangle_top""}], id: ""minecraft:banner""}"
"(23, 3, 9)",minecraft:brown_wool,{},
"(1, 3, 10)",minecraft:dark_oak_fence,"{'east': 'false', 'north': 'false', 'south': 'true', 'waterlogged': 'false', 'west': 'false'}",
"(5, 3, 10)",minecraft:terracotta,{},
"(6, 3, 10)",minecraft:spruce_trapdoor,"{'facing': 'south', 'half': 'bottom', 'open': 'true', 'powered': 'false', 'waterlogged': 'false'}",
"(7, 3, 10)",minecraft:oak_trapdoor,"{'facing': 'north', 'half': 'top', 'open': 'true', 'powered': 'false', 'waterlogged': 'false'}",
"(8, 3, 10)",minecraft:oak_trapdoor,"{'facing': 'north', 'half': 'top', 'open': 'true', 'powered': 'false', 'waterlogged': 'false'}",
"(17, 3, 10)",minecraft:dark_oak_trapdoor,"{'facing': 'north', 'half': 'top', 'open': 'true', 'powered': 'false', 'waterlogged': 'false'}",
"(22, 3, 10)",minecraft:oak_leaves,"{'distance': '7', 'persistent': 'true', 'waterlogged': 'false'}",
"(23, 3, 10)",minecraft:terracotta,{},
"(1, 3, 11)",minecraft:stripped_dark_oak_log,{'axis': 'y'},
"(2, 3, 11)",minecraft:dark_oak_fence,"{'east': 'false', 'north': 'false', 'south': 'false', 'waterlogged': 'false', 'west': 'true'}",
"(4, 3, 11)",minecraft:dark_oak_fence,"{'east': 'true', 'north': 'false', 'south': 'false', 'waterlogged': 'false', 'west': 'false'}",
"(5, 3, 11)",minecraft:mangrove_log,{'axis': 'y'},
"(6, 3, 11)",minecraft:terracotta,{},
"(7, 3, 11)",minecraft:spruce_stairs,"{'facing': 'west', 'half': 'top', 'shape': 'straight', 'waterlogged': 'false'}",
"(8, 3, 11)",minecraft:spruce_stairs,"{'facing': 'east', 'half': 'top', 'shape': 'straight', 'waterlogged': 'false'}",
"(9, 3, 11)",minecraft:terracotta,{},
"(10, 3, 11)",minecraft:terracotta,{},
"(11, 3, 11)",minecraft:mangrove_log,{'axis': 'y'},
"(12, 3, 11)",minecraft:dark_oak_trapdoor,"{'facing': 'east', 'half': 'top', 'open': 'true', 'powered': 'false', 'waterlogged': 'false'}",
"(16, 3, 11)",minecraft:dark_oak_trapdoor,"{'facing': 'west', 'half': 'top', 'open': 'true', 'powered': 'false', 'waterlogged': 'false'}",
"(17, 3, 11)",minecraft:mangrove_log,{'axis': 'y'},
"(18, 3, 11)",minecraft:dark_oak_trapdoor,"{'facing': 'east', 'half': 'top', 'open': 'true', 'powered': 'false', 'waterlogged': 'false'}",
"(22, 3, 11)",minecraft:dark_oak_trapdoor,"{'facing': 'west', 'half': 'top', 'open': 'true', 'powered': 'false', 'waterlogged': 'false'}",
"(23, 3, 11)",minecraft:mangrove_log,{'axis': 'y'},
"(11, 3, 12)",minecraft:brown_wool,{},
"(12, 3, 12)",minecraft:light_gray_wall_banner,{'facing': 'east'},"{components: {}, patterns: [{color: ""black"", pattern: ""minecraft:small_stripes""}, {color: ""light_gray"", pattern: ""minecraft:small_stripes""}], id: ""minecraft:banner""}"
"(17, 3, 12)",minecraft:dark_oak_trapdoor,"{'facing': 'south', 'half': 'top', 'open': 'true', 'powered': 'false', 'waterlogged': 'false'}",
"(23, 3, 12)",minecraft:brown_wool,{},
"(10, 3, 13)",minecraft:oak_fence_gate,"{'facing': 'east', 'in_wall': 'false', 'open': 'true', 'powered': 'false'}",
"(11, 3, 13)",minecraft:white_stained_glass_pane,"{'east': 'false', 'north': 'true', 'south': 'true', 'waterlogged': 'false', 'west': 'false'}",
"(22, 3, 13)",minecraft:spruce_trapdoor,"{'facing': 'west', 'half': 'top', 'open': 'false', 'powered': 'false', 'waterlogged': 'false'}",
"(23, 3, 13)",minecraft:basalt,{'axis': 'x'},
"(24, 3, 13)",minecraft:tuff_stairs,"{'facing': 'south', 'half': 'bottom', 'shape': 'straight', 'waterlogged': 'false'}",
"(10, 3, 14)",minecraft:oak_fence_gate,"{'facing': 'east', 'in_wall': 'false', 'open': 'true', 'powered': 'false'}",
"(11, 3, 14)",minecraft:white_stained_glass_pane,"{'east': 'false', 'north': 'true', 'south': 'true', 'waterlogged': 'false', 'west': 'false'}",
"(22, 3, 14)",minecraft:spruce_trapdoor,"{'facing': 'west', 'half': 'top', 'open': 'false', 'powered': 'false', 'waterlogged': 'false'}",
"(23, 3, 14)",minecraft:cobbled_deepslate_stairs,"{'facing': 'east', 'half': 'top', 'shape': 'straight', 'waterlogged': 'false'}",
"(25, 3, 14)",minecraft:tuff_stairs,"{'facing': 'west', 'half': 'bottom', 'shape': 'straight', 'waterlogged': 'false'}",
"(11, 3, 15)",minecraft:terracotta,{},
"(12, 3, 15)",minecraft:light_gray_wall_banner,{'facing': 'east'},"{components: {}, patterns: [{color: ""black"", pattern: ""minecraft:small_stripes""}, {color: ""light_gray"", pattern: ""minecraft:small_stripes""}], id: ""minecraft:banner""}"
"(22, 3, 15)",minecraft:spruce_trapdoor,"{'facing': 'west', 'half': 'top', 'open': 'false', 'powered': 'false', 'waterlogged': 'false'}",
"(23, 3, 15)",minecraft:basalt,{'axis': 'x'},
"(24, 3, 15)",minecraft:cobbled_deepslate_stairs,"{'facing': 'north', 'half': 'bottom', 'shape': 'straight', 'waterlogged': 'false'}",
"(11, 3, 16)",minecraft:terracotta,{},
"(12, 3, 16)",minecraft:spruce_trapdoor,"{'facing': 'north', 'half': 'top', 'open': 'false', 'powered': 'false', 'waterlogged': 'false'}",
"(13, 3, 16)",minecraft:spruce_trapdoor,"{'facing': 'north', 'half': 'top', 'open': 'false', 'powered': 'false', 'waterlogged': 'false'}",
"(16, 3, 16)",minecraft:spruce_trapdoor,"{'facing': 'north', 'half': 'top', 'open': 'false', 'powered': 'false', 'waterlogged': 'false'}",
"(17, 3, 16)",minecraft:dark_oak_trapdoor,"{'facing': 'north', 'half': 'bottom', 'open': 'true', 'powered': 'false', 'waterlogged': 'false'}",
"(22, 3, 16)",minecraft:oak_leaves,"{'distance': '7', 'persistent': 'true', 'waterlogged': 'false'}",
"(23, 3, 16)",minecraft:terracotta,{},
"(11, 3, 17)",minecraft:mangrove_log,{'axis': 'y'},
"(12, 3, 17)",minecraft:oak_planks,{},
"(13, 3, 17)",minecraft:oak_stairs,"{'facing': 'west', 'half': 'top', 'shape': 'straight', 'waterlogged': 'false'}",
"(14, 3, 17)",minecraft:oak_trapdoor,"{'facing': 'east', 'half': 'top', 'open': 'false', 'powered': 'false', 'waterlogged': 'false'}",
"(15, 3, 17)",minecraft:oak_stairs,"{'facing': 'east', 'half': 'top', 'shape': 'straight', 'waterlogged': 'false'}",
"(16, 3, 17)",minecraft:oak_planks,{},
"(17, 3, 17)",minecraft:mangrove_log,{'axis': 'y'},
"(18, 3, 17)",minecraft:brown_wool,{},
"(19, 3, 17)",minecraft:brown_wool,{},
"(20, 3, 17)",minecraft:brown_wool,{},
"(21, 3, 17)",minecraft:terracotta,{},
"(22, 3, 17)",minecraft:terracotta,{},
"(23, 3, 17)",minecraft:mangrove_log,{'axis': 'y'},
"(11, 3, 18)",minecraft:brown_wool,{},
"(12, 3, 18)",minecraft:spruce_trapdoor,"{'facing': 'east', 'half': 'top', 'open': 'false', 'powered': 'false', 'waterlogged': 'false'}",
"(13, 3, 18)",minecraft:spruce_wall_sign,"{'facing': 'east', 'waterlogged': 'false'}","{back_text: {has_glowing_text: 0b, color: ""black"", messages: ["""", """", """", """"]}, components: {}, is_waxed: 0b, id: ""minecraft:sign"", front_text: {has_glowing_text: 0b, color: ""black"", messages: ["""", """", """", """"]}}"
"(15, 3, 18)",minecraft:spruce_wall_sign,"{'facing': 'west', 'waterlogged': 'false'}","{back_text: {has_glowing_text: 0b, color: ""black"", messages: ["""", """", """", """"]}, components: {}, is_waxed: 0b, id: ""minecraft:sign"", front_text: {has_glowing_text: 0b, color: ""black"", messages: ["""", """", """", """"]}}"
"(16, 3, 18)",minecraft:spruce_slab,"{'type': 'top', 'waterlogged': 'false'}",
"(17, 3, 18)",minecraft:brown_wool,{},
"(10, 3, 19)",minecraft:oak_fence_gate,"{'facing': 'east', 'in_wall': 'false', 'open': 'true', 'powered': 'false'}",
"(11, 3, 19)",minecraft:white_stained_glass_pane,"{'east': 'false', 'north': 'true', 'south': 'true', 'waterlogged': 'false', 'west': 'false'}",
"(12, 3, 19)",minecraft:spruce_trapdoor,"{'facing': 'east', 'half': 'top', 'open': 'false', 'powered': 'false', 'waterlogged': 'false'}",
"(16, 3, 19)",minecraft:spruce_trapdoor,"{'facing': 'west', 'half': 'top', 'open': 'false', 'powered': 'false', 'waterlogged': 'false'}",
"(17, 3, 19)",minecraft:brown_wool,{},
"(10, 3, 20)",minecraft:oak_fence_gate,"{'facing': 'east', 'in_wall': 'false', 'open': 'true', 'powered': 'false'}",
"(11, 3, 20)",minecraft:white_stained_glass_pane,"{'east': 'false', 'north': 'true', 'south': 'true', 'waterlogged': 'false', 'west': 'false'}",
"(12, 3, 20)",minecraft:spruce_trapdoor,"{'facing': 'east', 'half': 'top', 'open': 'false', 'powered': 'false', 'waterlogged': 'false'}",
"(15, 3, 20)",minecraft:spruce_wall_sign,"{'facing': 'west', 'waterlogged': 'false'}","{back_text: {has_glowing_text: 0b, color: ""black"", messages: ["""", """", """", """"]}, components: {}, is_waxed: 0b, id: ""minecraft:sign"", front_text: {has_glowing_text: 0b, color: ""black"", messages: ["""", """", """", """"]}}"
"(16, 3, 20)",minecraft:spruce_trapdoor,"{'facing': 'west', 'half': 'top', 'open': 'false', 'powered': 'true', 'waterlogged': 'false'}",
"(17, 3, 20)",minecraft:terracotta,{},
"(11, 3, 21)",minecraft:brown_wool,{},
"(12, 3, 21)",minecraft:spruce_slab,"{'type': 'top', 'waterlogged': 'false'}",
"(13, 3, 21)",minecraft:spruce_wall_sign,"{'facing': 'east', 'waterlogged': 'false'}","{back_text: {has_glowing_text: 0b, color: ""black"", messages: ["""", """", """", """"]}, components: {}, is_waxed: 0b, id: ""minecraft:sign"", front_text: {has_glowing_text: 0b, color: ""black"", messages: ["""", """", """", """"]}}"
"(16, 3, 21)",minecraft:spruce_slab,"{'type': 'top', 'waterlogged': 'false'}",
"(17, 3, 21)",minecraft:terracotta,{},
"(23, 3, 21)",minecraft:bamboo_trapdoor,"{'facing': 'north', 'half': 'top', 'open': 'false', 'powered': 'false', 'waterlogged': 'false'}",
"(24, 3, 21)",minecraft:birch_wall_sign,"{'facing': 'east', 'waterlogged': 'false'}","{back_text: {has_glowing_text: 0b, color: ""black"", messages: ["""", """", """", """"]}, components: {}, is_waxed: 0b, id: ""minecraft:sign"", front_text: {has_glowing_text: 0b, color: ""black"", messages: ["""", """", """", """"]}}"
"(11, 3, 22)",minecraft:terracotta,{},
"(12, 3, 22)",minecraft:spruce_trapdoor,"{'facing': 'east', 'half': 'top', 'open': 'false', 'powered': 'false', 'waterlogged': 'false'}",
"(13, 3, 22)",minecraft:spruce_trapdoor,"{'facing': 'north', 'half': 'top', 'open': 'false', 'powered': 'false', 'waterlogged': 'false'}",
"(14, 3, 22)",minecraft:spruce_trapdoor,"{'facing': 'north', 'half': 'top', 'open': 'false', 'powered': 'false', 'waterlogged': 'false'}",
"(15, 3, 22)",minecraft:spruce_trapdoor,"{'facing': 'north', 'half': 'top', 'open': 'false', 'powered': 'false', 'waterlogged': 'false'}",
"(16, 3, 22)",minecraft:spruce_trapdoor,"{'facing': 'west', 'half': 'top', 'open': 'false', 'powered': 'false', 'waterlogged': 'false'}",
"(17, 3, 22)",minecraft:terracotta,{},
"(22, 3, 22)",minecraft:bamboo_trapdoor,"{'facing': 'north', 'half': 'top', 'open': 'false', 'powered': 'false', 'waterlogged': 'false'}",
"(23, 3, 22)",minecraft:bamboo_slab,"{'type': 'top', 'waterlogged': 'false'}",
"(24, 3, 22)",minecraft:bamboo_wall_sign,"{'facing': 'east', 'waterlogged': 'false'}","{back_text: {has_glowing_text: 0b, color: ""black"", messages: ["""", """", """", """"]}, components: {}, is_waxed: 0b, id: ""minecraft:sign"", front_text: {has_glowing_text: 0b, color: ""black"", messages: ["""", """", """", """"]}}"
"(11, 3, 23)",minecraft:mangrove_log,{'axis': 'y'},
"(12, 3, 23)",minecraft:brown_wool,{},
"(13, 3, 23)",minecraft:basalt,{'axis': 'z'},
"(14, 3, 23)",minecraft:cobbled_deepslate_slab,"{'type': 'top', 'waterlogged': 'false'}",
"(15, 3, 23)",minecraft:basalt,{'axis': 'z'},
"(16, 3, 23)",minecraft:brown_wool,{},
"(17, 3, 23)",minecraft:mangrove_log,{'axis': 'y'},
"(21, 3, 23)",minecraft:bamboo_trapdoor,"{'facing': 'west', 'half': 'top', 'open': 'false', 'powered': 'false', 'waterlogged': 'false'}",
"(22, 3, 23)",minecraft:bamboo_mosaic_slab,"{'type': 'top', 'waterlogged': 'false'}",
"(23, 3, 23)",minecraft:birch_slab,"{'type': 'bottom', 'waterlogged': 'false'}",
"(13, 3, 24)",minecraft:cobbled_deepslate_stairs,"{'facing': 'east', 'half': 'bottom', 'shape': 'straight', 'waterlogged': 'false'}",
"(15, 3, 24)",minecraft:tuff_stairs,"{'facing': 'west', 'half': 'bottom', 'shape': 'straight', 'waterlogged': 'false'}",
"(21, 3, 24)",minecraft:bamboo_wall_sign,"{'facing': 'south', 'waterlogged': 'false'}","{back_text: {has_glowing_text: 0b, color: ""black"", messages: ["""", """", """", """"]}, components: {}, is_waxed: 0b, id: ""minecraft:sign"", front_text: {has_glowing_text: 0b, color: ""black"", messages: ["""", """", """", """"]}}"
"(22, 3, 24)",minecraft:bamboo_wall_sign,"{'facing': 'south', 'waterlogged': 'false'}","{back_text: {has_glowing_text: 0b, color: ""black"", messages: ["""", """", """", """"]}, components: {}, is_waxed: 0b, id: ""minecraft:sign"", front_text: {has_glowing_text: 0b, color: ""black"", messages: ["""", """", """", """"]}}"
"(14, 3, 25)",minecraft:cobbled_deepslate_stairs,"{'facing': 'north', 'half': 'bottom', 'shape': 'straight', 'waterlogged': 'false'}",
"(15, 3, 25)",minecraft:tuff_wall,"{'east': 'none', 'north': 'none', 'south': 'none', 'up': 'true', 'waterlogged': 'false', 'west': 'none'}",
"(7, 4, 0)",minecraft:bamboo_wall_sign,"{'facing': 'north', 'waterlogged': 'false'}","{back_text: {has_glowing_text: 0b, color: ""black"", messages: ["""", """", """", """"]}, components: {}, is_waxed: 0b, id: ""minecraft:sign"", front_text: {has_glowing_text: 0b, color: ""black"", messages: ["""", """", """", """"]}}"
"(8, 4, 0)",minecraft:birch_wall_sign,"{'facing': 'north', 'waterlogged': 'false'}","{back_text: {has_glowing_text: 0b, color: ""black"", messages: ["""", """", """", """"]}, components: {}, is_waxed: 0b, id: ""minecraft:sign"", front_text: {has_glowing_text: 0b, color: ""black"", messages: ["""", """", """", """"]}}"
"(9, 4, 0)",minecraft:bamboo_wall_sign,"{'facing': 'north', 'waterlogged': 'false'}","{back_text: {has_glowing_text: 0b, color: ""black"", messages: ["""", """", """", """"]}, components: {}, is_waxed: 0b, id: ""minecraft:sign"", front_text: {has_glowing_text: 0b, color: ""black"", messages: ["""", """", """", """"]}}"
"(13, 4, 0)",minecraft:bamboo_wall_sign,"{'facing': 'north', 'waterlogged': 'false'}","{back_text: {has_glowing_text: 0b, color: ""black"", messages: ["""", """", """", """"]}, components: {}, is_waxed: 0b, id: ""minecraft:sign"", front_text: {has_glowing_text: 0b, color: ""black"", messages: ["""", """", """", """"]}}"
"(14, 4, 0)",minecraft:bamboo_wall_sign,"{'facing': 'north', 'waterlogged': 'false'}","{back_text: {has_glowing_text: 0b, color: ""black"", messages: ["""", """", """", """"]}, components: {}, is_waxed: 0b, id: ""minecraft:sign"", front_text: {has_glowing_text: 0b, color: ""black"", messages: ["""", """", """", """"]}}"
"(15, 4, 0)",minecraft:bamboo_wall_sign,"{'facing': 'north', 'waterlogged': 'false'}","{back_text: {has_glowing_text: 0b, color: ""black"", messages: ["""", """", """", """"]}, components: {}, is_waxed: 0b, id: ""minecraft:sign"", front_text: {has_glowing_text: 0b, color: ""black"", messages: ["""", """", """", """"]}}"
"(19, 4, 0)",minecraft:birch_wall_sign,"{'facing': 'north', 'waterlogged': 'false'}","{back_text: {has_glowing_text: 0b, color: ""black"", messages: ["""", """", """", """"]}, components: {}, is_waxed: 0b, id: ""minecraft:sign"", front_text: {has_glowing_text: 0b, color: ""black"", messages: ["""", """", """", """"]}}"
"(20, 4, 0)",minecraft:bamboo_wall_sign,"{'facing': 'north', 'waterlogged': 'false'}","{back_text: {has_glowing_text: 0b, color: ""black"", messages: ["""", """", """", """"]}, components: {}, is_waxed: 0b, id: ""minecraft:sign"", front_text: {has_glowing_text: 0b, color: ""black"", messages: ["""", """", """", """"]}}"
"(21, 4, 0)",minecraft:bamboo_wall_sign,"{'facing': 'north', 'waterlogged': 'false'}","{back_text: {has_glowing_text: 0b, color: ""black"", messages: ["""", """", """", """"]}, components: {}, is_waxed: 0b, id: ""minecraft:sign"", front_text: {has_glowing_text: 0b, color: ""black"", messages: ["""", """", """", """"]}}"
"(5, 4, 1)",minecraft:bamboo_trapdoor,"{'facing': 'north', 'half': 'bottom', 'open': 'false', 'powered': 'false', 'waterlogged': 'false'}",
"(6, 4, 1)",minecraft:birch_slab,"{'type': 'bottom', 'waterlogged': 'false'}",
"(7, 4, 1)",minecraft:birch_slab,"{'type': 'top', 'waterlogged': 'false'}",
"(8, 4, 1)",minecraft:bamboo_slab,"{'type': 'top', 'waterlogged': 'false'}",
"(9, 4, 1)",minecraft:bamboo_slab,"{'type': 'top', 'waterlogged': 'false'}",
"(10, 4, 1)",minecraft:bamboo_slab,"{'type': 'bottom', 'waterlogged': 'false'}",
"(11, 4, 1)",minecraft:bamboo_trapdoor,"{'facing': 'north', 'half': 'bottom', 'open': 'false', 'powered': 'false', 'waterlogged': 'false'}",
"(12, 4, 1)",minecraft:bamboo_slab,"{'type': 'bottom', 'waterlogged': 'false'}",
"(13, 4, 1)",minecraft:birch_slab,"{'type': 'top', 'waterlogged': 'false'}",
"(14, 4, 1)",minecraft:bamboo_slab,"{'type': 'top', 'waterlogged': 'false'}",
"(15, 4, 1)",minecraft:bamboo_mosaic_slab,"{'type': 'top', 'waterlogged': 'false'}",
"(16, 4, 1)",minecraft:bamboo_mosaic_slab,"{'type': 'bottom', 'waterlogged': 'false'}",
"(17, 4, 1)",minecraft:bamboo_trapdoor,"{'facing': 'north', 'half': 'bottom', 'open': 'false', 'powered': 'false', 'waterlogged': 'false'}",
"(18, 4, 1)",minecraft:bamboo_slab,"{'type': 'bottom', 'waterlogged': 'false'}",
"(19, 4, 1)",minecraft:bamboo_mosaic_slab,"{'type': 'top', 'waterlogged': 'false'}",
"(20, 4, 1)",minecraft:bamboo_mosaic_slab,"{'type': 'top', 'waterlogged': 'false'}",
"(21, 4, 1)",minecraft:bamboo_slab,"{'type': 'top', 'waterlogged': 'false'}",
"(22, 4, 1)",minecraft:bamboo_slab,"{'type': 'bottom', 'waterlogged': 'false'}",
"(23, 4, 1)",minecraft:bamboo_trapdoor,"{'facing': 'north', 'half': 'bottom', 'open': 'false', 'powered': 'false', 'waterlogged': 'false'}",
"(5, 4, 2)",minecraft:bamboo_slab,"{'type': 'top', 'waterlogged': 'false'}",
"(6, 4, 2)",minecraft:bamboo_slab,"{'type': 'top', 'waterlogged': 'false'}",
"(10, 4, 2)",minecraft:birch_slab,"{'type': 'top', 'waterlogged': 'false'}",
"(11, 4, 2)",minecraft:bamboo_mosaic_slab,"{'type': 'top', 'waterlogged': 'false'}",
"(12, 4, 2)",minecraft:bamboo_mosaic_slab,"{'type': 'top', 'waterlogged': 'false'}",
"(16, 4, 2)",minecraft:birch_slab,"{'type': 'top', 'waterlogged': 'false'}",
"(17, 4, 2)",minecraft:bamboo_slab,"{'type': 'top', 'waterlogged': 'false'}",
"(18, 4, 2)",minecraft:bamboo_slab,"{'type': 'top', 'waterlogged': 'false'}",
"(22, 4, 2)",minecraft:bamboo_slab,"{'type': 'top', 'waterlogged': 'false'}",
"(23, 4, 2)",minecraft:birch_slab,"{'type': 'top', 'waterlogged': 'false'}",
"(24, 4, 2)",minecraft:birch_leaves,"{'distance': '7', 'persistent': 'true', 'waterlogged': 'false'}",
"(25, 4, 2)",minecraft:spruce_fence,"{'east': 'false', 'north': 'false', 'south': 'true', 'waterlogged': 'false', 'west': 'false'}",
"(17, 4, 3)",minecraft:tuff_wall,"{'east': 'none', 'north': 'none', 'south': 'tall', 'up': 'true', 'waterlogged': 'false', 'west': 'none'}",
"(21, 4, 3)",minecraft:stripped_dark_oak_log,{'axis': 'y'},
"(22, 4, 3)",minecraft:tuff_bricks,{},
"(23, 4, 3)",minecraft:tuff_bricks,{},
"(24, 4, 3)",minecraft:tuff_bricks,{},
"(25, 4, 3)",minecraft:stripped_dark_oak_log,{'axis': 'y'},
"(26, 4, 3)",minecraft:spruce_fence,"{'east': 'false', 'north': 'false', 'south': 'false', 'waterlogged': 'false', 'west': 'true'}",
"(1, 4, 4)",minecraft:dark_oak_stairs,"{'facing': 'south', 'half': 'top', 'shape': 'straight', 'waterlogged': 'false'}",
"(2, 4, 4)",minecraft:dark_oak_trapdoor,"{'facing': 'north', 'half': 'top', 'open': 'false', 'powered': 'false', 'waterlogged': 'false'}",
"(3, 4, 4)",minecraft:dark_oak_trapdoor,"{'facing': 'north', 'half': 'top', 'open': 'false', 'powered': 'false', 'waterlogged': 'false'}",
"(4, 4, 4)",minecraft:oak_leaves,"{'distance': '1', 'persistent': 'true', 'waterlogged': 'false'}",
"(5, 4, 4)",minecraft:dark_oak_stairs,"{'facing': 'south', 'half': 'top', 'shape': 'straight', 'waterlogged': 'false'}",
"(11, 4, 4)",minecraft:dark_oak_fence,"{'east': 'false', 'north': 'false', 'south': 'true', 'waterlogged': 'false', 'west': 'false'}",
"(16, 4, 4)",minecraft:tuff_wall,"{'east': 'low', 'north': 'none', 'south': 'low', 'up': 'true', 'waterlogged': 'false', 'west': 'none'}",
"(17, 4, 4)",minecraft:tuff,{},
"(18, 4, 4)",minecraft:tuff_wall,"{'east': 'none', 'north': 'none', 'south': 'low', 'up': 'true', 'waterlogged': 'false', 'west': 'low'}",
"(21, 4, 4)",minecraft:tuff_bricks,{},
"(24, 4, 4)",minecraft:spruce_stairs,"{'facing': 'east', 'half': 'bottom', 'shape': 'straight', 'waterlogged': 'false'}",
"(25, 4, 4)",minecraft:tuff_bricks,{},
"(26, 4, 4)",minecraft:oak_leaves,"{'distance': '7', 'persistent': 'true', 'waterlogged': 'false'}",
"(0, 4, 5)",minecraft:dark_oak_stairs,"{'facing': 'east', 'half': 'top', 'shape': 'straight', 'waterlogged': 'false'}",
"(1, 4, 5)",minecraft:stripped_dark_oak_log,{'axis': 'y'},
"(2, 4, 5)",minecraft:stripped_dark_oak_log,{'axis': 'x'},
"(3, 4, 5)",minecraft:dark_oak_stairs,"{'facing': 'south', 'half': 'top', 'shape': 'straight', 'waterlogged': 'false'}",
"(4, 4, 5)",minecraft:stripped_dark_oak_log,{'axis': 'x'},
"(5, 4, 5)",minecraft:stripped_dark_oak_log,{'axis': 'y'},
"(6, 4, 5)",minecraft:brown_wool,{},
"(7, 4, 5)",minecraft:brown_wool,{},
"(8, 4, 5)",minecraft:brown_wool,{},
"(9, 4, 5)",minecraft:brown_wool,{},
"(10, 4, 5)",minecraft:brown_wool,{},
"(11, 4, 5)",minecraft:stripped_dark_oak_log,{'axis': 'y'},
"(12, 4, 5)",minecraft:brown_wool,{},
"(13, 4, 5)",minecraft:brown_wool,{},
"(14, 4, 5)",minecraft:brown_wool,{},
"(15, 4, 5)",minecraft:brown_wool,{},
"(16, 4, 5)",minecraft:brown_wool,{},
"(17, 4, 5)",minecraft:cobbled_deepslate,{},
"(18, 4, 5)",minecraft:brown_wool,{},
"(19, 4, 5)",minecraft:brown_wool,{},
"(20, 4, 5)",minecraft:brown_wool,{},
"(21, 4, 5)",minecraft:tuff_bricks,{},
"(23, 4, 5)",minecraft:stripped_dark_oak_log,{'axis': 'y'},
"(24, 4, 5)",minecraft:spruce_stairs,"{'facing': 'north', 'half': 'top', 'shape': 'straight', 'waterlogged': 'false'}",
"(25, 4, 5)",minecraft:tuff_bricks,{},
"(0, 4, 6)",minecraft:dark_oak_trapdoor,"{'facing': 'west', 'half': 'top', 'open': 'false', 'powered': 'false', 'waterlogged': 'false'}",
"(1, 4, 6)",minecraft:stripped_dark_oak_log,{'axis': 'z'},
"(5, 4, 6)",minecraft:brown_wool,{},
"(8, 4, 6)",minecraft:potted_mangrove_propagule,{},
"(9, 4, 6)",minecraft:light_gray_candle,"{'candles': '4', 'lit': 'true', 'waterlogged': 'false'}",
"(11, 4, 6)",minecraft:oak_leaves,"{'distance': '1', 'persistent': 'true', 'waterlogged': 'false'}",
"(13, 4, 6)",minecraft:green_wall_banner,{'facing': 'south'},"{components: {}, id: ""minecraft:banner""}"
"(16, 4, 6)",minecraft:light_gray_wall_banner,{'facing': 'south'},"{components: {}, id: ""minecraft:banner""}"
"(17, 4, 6)",minecraft:dark_oak_stairs,"{'facing': 'north', 'half': 'top', 'shape': 'straight', 'waterlogged': 'false'}",
"(20, 4, 6)",minecraft:potted_birch_sapling,{},
"(21, 4, 6)",minecraft:tuff_bricks,{},
"(25, 4, 6)",minecraft:tuff_bricks,{},
"(0, 4, 7)",minecraft:dark_oak_trapdoor,"{'facing': 'west', 'half': 'top', 'open': 'false', 'powered': 'false', 'waterlogged': 'false'}",
"(1, 4, 7)",minecraft:dark_oak_stairs,"{'facing': 'east', 'half': 'top', 'shape': 'straight', 'waterlogged': 'false'}",
"(5, 4, 7)",minecraft:brown_wool,{},
"(6, 4, 7)",minecraft:spruce_trapdoor,"{'facing': 'north', 'half': 'bottom', 'open': 'false', 'powered': 'false', 'waterlogged': 'false'}",
"(17, 4, 7)",minecraft:dark_oak_trapdoor,"{'facing': 'west', 'half': 'top', 'open': 'false', 'powered': 'false', 'waterlogged': 'false'}",
"(21, 4, 7)",minecraft:tuff_brick_wall,"{'east': 'tall', 'north': 'tall', 'south': 'none', 'up': 'true', 'waterlogged': 'false', 'west': 'none'}",
"(22, 4, 7)",minecraft:tuff_bricks,{},
"(23, 4, 7)",minecraft:tuff_bricks,{},
"(24, 4, 7)",minecraft:tuff_bricks,{},
"(25, 4, 7)",minecraft:stripped_dark_oak_log,{'axis': 'y'},
"(26, 4, 7)",minecraft:spruce_fence,"{'east': 'false', 'north': 'false', 'south': 'false', 'waterlogged': 'false', 'west': 'true'}",
"(0, 4, 8)",minecraft:dark_oak_trapdoor,"{'facing': 'west', 'half': 'top', 'open': 'false', 'powered': 'false', 'waterlogged': 'false'}",
"(1, 4, 8)",minecraft:stripped_dark_oak_log,{'axis': 'z'},
"(5, 4, 8)",minecraft:brown_wool,{},
"(6, 4, 8)",minecraft:spruce_trapdoor,"{'facing': 'north', 'half': 'bottom', 'open': 'false', 'powered': 'false', 'waterlogged': 'false'}",
"(22, 4, 8)",minecraft:red_wall_banner,{'facing': 'west'},"{components: {}, id: ""minecraft:banner""}"
"(23, 4, 8)",minecraft:brown_wool,{},
"(24, 4, 8)",minecraft:oak_leaves,"{'distance': '7', 'persistent': 'true', 'waterlogged': 'false'}",
"(0, 4, 9)",minecraft:dark_oak_trapdoor,"{'facing': 'west', 'half': 'top', 'open': 'false', 'powered': 'false', 'waterlogged': 'false'}",
"(1, 4, 9)",minecraft:dark_oak_stairs,"{'facing': 'east', 'half': 'top', 'shape': 'straight', 'waterlogged': 'false'}",
"(5, 4, 9)",minecraft:brown_wool,{},
"(6, 4, 9)",minecraft:spruce_trapdoor,"{'facing': 'north', 'half': 'bottom', 'open': 'false', 'powered': 'false', 'waterlogged': 'false'}",
"(17, 4, 9)",minecraft:dark_oak_trapdoor,"{'facing': 'west', 'half': 'top', 'open': 'false', 'powered': 'false', 'waterlogged': 'false'}",
"(23, 4, 9)",minecraft:brown_wool,{},
"(0, 4, 10)",minecraft:dark_oak_trapdoor,"{'facing': 'west', 'half': 'top', 'open': 'false', 'powered': 'false', 'waterlogged': 'false'}",
"(1, 4, 10)",minecraft:stripped_dark_oak_log,{'axis': 'z'},
"(5, 4, 10)",minecraft:terracotta,{},
"(17, 4, 10)",minecraft:dark_oak_stairs,"{'facing': 'south', 'half': 'top', 'shape': 'straight', 'waterlogged': 'false'}",
"(22, 4, 10)",minecraft:oak_leaves,"{'distance': '7', 'persistent': 'true', 'waterlogged': 'false'}",
"(23, 4, 10)",minecraft:brown_wool,{},
"(0, 4, 11)",minecraft:dark_oak_stairs,"{'facing': 'east', 'half': 'top', 'shape': 'straight', 'waterlogged': 'false'}",
"(1, 4, 11)",minecraft:stripped_dark_oak_log,{'axis': 'y'},
"(2, 4, 11)",minecraft:stripped_dark_oak_log,{'axis': 'x'},
"(3, 4, 11)",minecraft:dark_oak_stairs,"{'facing': 'north', 'half': 'top', 'shape': 'straight', 'waterlogged': 'false'}",
"(4, 4, 11)",minecraft:stripped_dark_oak_log,{'axis': 'x'},
"(5, 4, 11)",minecraft:stripped_dark_oak_log,{'axis': 'y'},
"(6, 4, 11)",minecraft:brown_wool,{},
"(7, 4, 11)",minecraft:brown_wool,{},
"(8, 4, 11)",minecraft:brown_wool,{},
"(9, 4, 11)",minecraft:brown_wool,{},
"(10, 4, 11)",minecraft:brown_wool,{},
"(11, 4, 11)",minecraft:stripped_dark_oak_log,{'axis': 'y'},
"(12, 4, 11)",minecraft:dark_oak_stairs,"{'facing': 'west', 'half': 'top', 'shape': 'straight', 'waterlogged': 'false'}",
"(13, 4, 11)",minecraft:dark_oak_trapdoor,"{'facing': 'north', 'half': 'top', 'open': 'false', 'powered': 'false', 'waterlogged': 'false'}",
"(15, 4, 11)",minecraft:dark_oak_trapdoor,"{'facing': 'north', 'half': 'top', 'open': 'false', 'powered': 'false', 'waterlogged': 'false'}",
"(16, 4, 11)",minecraft:dark_oak_stairs,"{'facing': 'east', 'half': 'top', 'shape': 'straight', 'waterlogged': 'false'}",
"(17, 4, 11)",minecraft:stripped_dark_oak_log,{'axis': 'y'},
"(18, 4, 11)",minecraft:dark_oak_stairs,"{'facing': 'west', 'half': 'top', 'shape': 'straight', 'waterlogged': 'false'}",
"(19, 4, 11)",minecraft:dark_oak_trapdoor,"{'facing': 'south', 'half': 'top', 'open': 'false', 'powered': 'false', 'waterlogged': 'false'}",
"(21, 4, 11)",minecraft:dark_oak_trapdoor,"{'facing': 'south', 'half': 'top', 'open': 'false', 'powered': 'false', 'waterlogged': 'false'}",
"(22, 4, 11)",minecraft:dark_oak_stairs,"{'facing': 'east', 'half': 'top', 'shape': 'straight', 'waterlogged': 'false'}",
"(23, 4, 11)",minecraft:stripped_dark_oak_log,{'axis': 'y'},
"(24, 4, 11)",minecraft:dark_oak_fence,"{'east': 'false', 'north': 'false', 'south': 'false', 'waterlogged': 'false', 'west': 'true'}",
"(1, 4, 12)",minecraft:dark_oak_stairs,"{'facing': 'north', 'half': 'top', 'shape': 'straight', 'waterlogged': 'false'}",
"(2, 4, 12)",minecraft:dark_oak_trapdoor,"{'facing': 'south', 'half': 'top', 'open': 'false', 'powered': 'false', 'waterlogged': 'false'}",
"(3, 4, 12)",minecraft:dark_oak_trapdoor,"{'facing': 'south', 'half': 'top', 'open': 'false', 'powered': 'false', 'waterlogged': 'false'}",
"(4, 4, 12)",minecraft:dark_oak_trapdoor,"{'facing': 'south', 'half': 'top', 'open': 'false', 'powered': 'false', 'waterlogged': 'false'}",
"(5, 4, 12)",minecraft:dark_oak_stairs,"{'facing': 'north', 'half': 'top', 'shape': 'straight', 'waterlogged': 'false'}",
"(10, 4, 12)",minecraft:azalea_leaves,"{'distance': '7', 'persistent': 'true', 'waterlogged': 'false'}",
"(11, 4, 12)",minecraft:brown_wool,{},
"(12, 4, 12)",minecraft:light_gray_wall_banner,{'facing': 'east'},"{components: {}, patterns: [{color: ""black"", pattern: ""minecraft:small_stripes""}, {color: ""light_gray"", pattern: ""minecraft:small_stripes""}, {color: ""black"", pattern: ""minecraft:triangles_top""}, {color: ""light_gray"", pattern: ""minecraft:triangles_top""}], id: ""minecraft:banner""}"
"(17, 4, 12)",minecraft:dark_oak_stairs,"{'facing': 'north', 'half': 'top', 'shape': 'straight', 'waterlogged': 'false'}",
"(23, 4, 12)",minecraft:brown_wool,{},
"(10, 4, 13)",minecraft:oxidized_copper_trapdoor,"{'facing': 'west', 'half': 'bottom', 'open': 'false', 'powered': 'false', 'waterlogged': 'false'}",
"(11, 4, 13)",minecraft:brown_wool,{},
"(12, 4, 13)",minecraft:spruce_wall_sign,"{'facing': 'east', 'waterlogged': 'false'}","{back_text: {has_glowing_text: 0b, color: ""black"", messages: ["""", """", """", """"]}, components: {}, is_waxed: 0b, id: ""minecraft:sign"", front_text: {has_glowing_text: 0b, color: ""black"", messages: ["""", """", """", """"]}}"
"(14, 4, 13)",minecraft:oak_wall_sign,"{'facing': 'north', 'waterlogged': 'false'}","{back_text: {has_glowing_text: 0b, color: ""black"", messages: ["""", """", """", """"]}, components: {}, is_waxed: 0b, id: ""minecraft:sign"", front_text: {has_glowing_text: 0b, color: ""black"", messages: ["""", """", """", """"]}}"
"(17, 4, 13)",minecraft:dark_oak_trapdoor,"{'facing': 'south', 'half': 'top', 'open': 'false', 'powered': 'false', 'waterlogged': 'false'}",
"(22, 4, 13)",minecraft:wither_skeleton_skull,"{'powered': 'false', 'rotation': '11'}","{components: {}, id: ""minecraft:skull""}"
"(23, 4, 13)",minecraft:cobbled_deepslate,{},
"(24, 4, 13)",minecraft:tuff_wall,"{'east': 'none', 'north': 'none', 'south': 'tall', 'up': 'true', 'waterlogged': 'false', 'west': 'tall'}",
"(10, 4, 14)",minecraft:oxidized_copper_trapdoor,"{'facing': 'west', 'half': 'bottom', 'open': 'false', 'powered': 'false', 'waterlogged': 'false'}",
"(11, 4, 14)",minecraft:brown_wool,{},
"(12, 4, 14)",minecraft:spruce_wall_sign,"{'facing': 'east', 'waterlogged': 'false'}","{back_text: {has_glowing_text: 0b, color: ""black"", messages: ["""", """", """", """"]}, components: {}, is_waxed: 0b, id: ""minecraft:sign"", front_text: {has_glowing_text: 0b, color: ""black"", messages: ["""", """", """", """"]}}"
"(13, 4, 14)",minecraft:oak_wall_sign,"{'facing': 'west', 'waterlogged': 'false'}","{back_text: {has_glowing_text: 0b, color: ""black"", messages: ["""", """", """", """"]}, components: {}, is_waxed: 0b, id: ""minecraft:sign"", front_text: {has_glowing_text: 0b, color: ""black"", messages: ["""", """", """", """"]}}"
"(14, 4, 14)",minecraft:lantern,"{'hanging': 'true', 'waterlogged': 'false'}",
"(15, 4, 14)",minecraft:oak_wall_sign,"{'facing': 'east', 'waterlogged': 'false'}","{back_text: {has_glowing_text: 0b, color: ""black"", messages: ["""", """", """", """"]}, components: {}, is_waxed: 0b, id: ""minecraft:sign"", front_text: {has_glowing_text: 0b, color: ""black"", messages: ["""", """", """", """"]}}"
"(23, 4, 14)",minecraft:deepslate_bricks,{},
"(24, 4, 14)",minecraft:tuff,{},
"(25, 4, 14)",minecraft:tuff_wall,"{'east': 'none', 'north': 'none', 'south': 'none', 'up': 'true', 'waterlogged': 'false', 'west': 'tall'}",
"(11, 4, 15)",minecraft:brown_wool,{},
"(12, 4, 15)",minecraft:light_gray_wall_banner,{'facing': 'east'},"{components: {}, patterns: [{color: ""black"", pattern: ""minecraft:small_stripes""}, {color: ""light_gray"", pattern: ""minecraft:small_stripes""}, {color: ""black"", pattern: ""minecraft:triangles_top""}, {color: ""light_gray"", pattern: ""minecraft:triangles_top""}], id: ""minecraft:banner""}"
"(14, 4, 15)",minecraft:oak_wall_sign,"{'facing': 'south', 'waterlogged': 'false'}","{back_text: {has_glowing_text: 0b, color: ""black"", messages: ["""", """", """", """"]}, components: {}, is_waxed: 0b, id: ""minecraft:sign"", front_text: {has_glowing_text: 0b, color: ""black"", messages: ["""", """", """", """"]}}"
"(17, 4, 15)",minecraft:dark_oak_trapdoor,"{'facing': 'west', 'half': 'top', 'open': 'false', 'powered': 'false', 'waterlogged': 'false'}",
"(22, 4, 15)",minecraft:yellow_candle,"{'candles': '4', 'lit': 'true', 'waterlogged': 'false'}",
"(23, 4, 15)",minecraft:deepslate_bricks,{},
"(24, 4, 15)",minecraft:cobbled_deepslate_wall,"{'east': 'none', 'north': 'tall', 'south': 'none', 'up': 'true', 'waterlogged': 'false', 'west': 'tall'}",
"(11, 4, 16)",minecraft:brown_wool,{},
"(12, 4, 16)",minecraft:potted_blue_orchid,{},
"(13, 4, 16)",minecraft:zombie_head,"{'powered': 'false', 'rotation': '2'}","{components: {}, id: ""minecraft:skull""}"
"(16, 4, 16)",minecraft:potted_torchflower,{},
"(17, 4, 16)",minecraft:dark_oak_stairs,"{'facing': 'south', 'half': 'top', 'shape': 'straight', 'waterlogged': 'false'}",
"(22, 4, 16)",minecraft:oak_leaves,"{'distance': '7', 'persistent': 'true', 'waterlogged': 'false'}",
"(23, 4, 16)",minecraft:terracotta,{},
"(10, 4, 17)",minecraft:dark_oak_fence,"{'east': 'true', 'north': 'false', 'south': 'false', 'waterlogged': 'false', 'west': 'false'}",
"(11, 4, 17)",minecraft:stripped_dark_oak_log,{'axis': 'y'},
"(12, 4, 17)",minecraft:oak_planks,{},
"(13, 4, 17)",minecraft:oak_planks,{},
"(14, 4, 17)",minecraft:oak_planks,{},
"(15, 4, 17)",minecraft:oak_planks,{},
"(16, 4, 17)",minecraft:oak_planks,{},
"(17, 4, 17)",minecraft:stripped_dark_oak_log,{'axis': 'y'},
"(18, 4, 17)",minecraft:brown_wool,{},
"(19, 4, 17)",minecraft:brown_wool,{},
"(20, 4, 17)",minecraft:brown_wool,{},
"(21, 4, 17)",minecraft:brown_wool,{},
"(22, 4, 17)",minecraft:brown_wool,{},
"(23, 4, 17)",minecraft:stripped_dark_oak_log,{'axis': 'y'},
"(24, 4, 17)",minecraft:dark_oak_fence,"{'east': 'false', 'north': 'false', 'south': 'false', 'waterlogged': 'false', 'west': 'true'}",
"(11, 4, 18)",minecraft:brown_wool,{},
"(12, 4, 18)",minecraft:barrel,"{'facing': 'east', 'open': 'false'}","{components: {}, Items: [], id: ""minecraft:barrel""}"
"(16, 4, 18)",minecraft:barrel,"{'facing': 'west', 'open': 'false'}","{components: {}, Items: [], id: ""minecraft:barrel""}"
"(17, 4, 18)",minecraft:brown_wool,{},
"(23, 4, 18)",minecraft:dark_oak_fence,"{'east': 'false', 'north': 'true', 'south': 'false', 'waterlogged': 'false', 'west': 'false'}",
"(10, 4, 19)",minecraft:oxidized_copper_trapdoor,"{'facing': 'west', 'half': 'bottom', 'open': 'false', 'powered': 'false', 'waterlogged': 'false'}",
"(11, 4, 19)",minecraft:brown_wool,{},
"(12, 4, 19)",minecraft:barrel,"{'facing': 'east', 'open': 'false'}","{components: {}, Items: [], id: ""minecraft:barrel""}"
"(16, 4, 19)",minecraft:bell,"{'attachment': 'floor', 'facing': 'east', 'powered': 'false'}","{components: {}, id: ""minecraft:bell""}"
"(17, 4, 19)",minecraft:brown_wool,{},
"(22, 4, 19)",minecraft:bamboo_trapdoor,"{'facing': 'west', 'half': 'top', 'open': 'false', 'powered': 'false', 'waterlogged': 'false'}",
"(23, 4, 19)",minecraft:birch_slab,"{'type': 'top', 'waterlogged': 'false'}",
"(24, 4, 19)",minecraft:bamboo_wall_sign,"{'facing': 'east', 'waterlogged': 'false'}","{back_text: {has_glowing_text: 0b, color: ""black"", messages: ["""", """", """", """"]}, components: {}, is_waxed: 0b, id: ""minecraft:sign"", front_text: {has_glowing_text: 0b, color: ""black"", messages: ["""", """", """", """"]}}"
"(10, 4, 20)",minecraft:oxidized_copper_trapdoor,"{'facing': 'west', 'half': 'bottom', 'open': 'false', 'powered': 'false', 'waterlogged': 'false'}",
"(11, 4, 20)",minecraft:brown_wool,{},
"(12, 4, 20)",minecraft:potted_acacia_sapling,{},
"(16, 4, 20)",minecraft:barrel,"{'facing': 'west', 'open': 'false'}","{components: {}, Items: [], id: ""minecraft:barrel""}"
"(17, 4, 20)",minecraft:brown_wool,{},
"(21, 4, 20)",minecraft:bamboo_trapdoor,"{'facing': 'west', 'half': 'top', 'open': 'false', 'powered': 'false', 'waterlogged': 'false'}",
"(22, 4, 20)",minecraft:bamboo_slab,"{'type': 'top', 'waterlogged': 'false'}",
"(23, 4, 20)",minecraft:bamboo_mosaic_slab,"{'type': 'bottom', 'waterlogged': 'false'}",
"(11, 4, 21)",minecraft:brown_wool,{},
"(12, 4, 21)",minecraft:barrel,"{'facing': 'east', 'open': 'false'}","{components: {}, Items: [], id: ""minecraft:barrel""}"
"(16, 4, 21)",minecraft:barrel,"{'facing': 'west', 'open': 'false'}","{components: {}, Items: [], id: ""minecraft:barrel""}"
"(17, 4, 21)",minecraft:brown_wool,{},
"(20, 4, 21)",minecraft:bamboo_trapdoor,"{'facing': 'north', 'half': 'top', 'open': 'false', 'powered': 'false', 'waterlogged': 'false'}",
"(21, 4, 21)",minecraft:bamboo_slab,"{'type': 'top', 'waterlogged': 'false'}",
"(22, 4, 21)",minecraft:bamboo_slab,"{'type': 'bottom', 'waterlogged': 'false'}",
"(23, 4, 21)",minecraft:bamboo_trapdoor,"{'facing': 'east', 'half': 'bottom', 'open': 'false', 'powered': 'false', 'waterlogged': 'false'}",
"(10, 4, 22)",minecraft:azalea_leaves,"{'distance': '7', 'persistent': 'true', 'waterlogged': 'false'}",
"(11, 4, 22)",minecraft:brown_wool,{},
"(13, 4, 22)",minecraft:candle,"{'candles': '3', 'lit': 'true', 'waterlogged': 'false'}",
"(15, 4, 22)",minecraft:turtle_egg,"{'eggs': '3', 'hatch': '0'}",
"(17, 4, 22)",minecraft:terracotta,{},
"(19, 4, 22)",minecraft:bamboo_trapdoor,"{'facing': 'north', 'half': 'top', 'open': 'false', 'powered': 'false', 'waterlogged': 'false'}",
"(20, 4, 22)",minecraft:birch_slab,"{'type': 'top', 'waterlogged': 'false'}",
"(21, 4, 22)",minecraft:bamboo_slab,"{'type': 'bottom', 'waterlogged': 'false'}",
"(22, 4, 22)",minecraft:bamboo_trapdoor,"{'facing': 'south', 'half': 'bottom', 'open': 'false', 'powered': 'false', 'waterlogged': 'false'}",
"(10, 4, 23)",minecraft:dark_oak_fence,"{'east': 'true', 'north': 'false', 'south': 'false', 'waterlogged': 'false', 'west': 'false'}",
"(11, 4, 23)",minecraft:stripped_dark_oak_log,{'axis': 'y'},
"(12, 4, 23)",minecraft:brown_wool,{},
"(13, 4, 23)",minecraft:tuff,{},
"(14, 4, 23)",minecraft:cobbled_deepslate,{},
"(15, 4, 23)",minecraft:tuff,{},
"(16, 4, 23)",minecraft:brown_wool,{},
"(17, 4, 23)",minecraft:stripped_dark_oak_log,{'axis': 'y'},
"(18, 4, 23)",minecraft:dark_oak_fence,"{'east': 'false', 'north': 'false', 'south': 'false', 'waterlogged': 'false', 'west': 'true'}",
"(19, 4, 23)",minecraft:bamboo_slab,"{'type': 'top', 'waterlogged': 'false'}",
"(20, 4, 23)",minecraft:bamboo_mosaic_slab,"{'type': 'bottom', 'waterlogged': 'false'}",
"(21, 4, 23)",minecraft:bamboo_trapdoor,"{'facing': 'south', 'half': 'bottom', 'open': 'false', 'powered': 'false', 'waterlogged': 'false'}",
"(11, 4, 24)",minecraft:dark_oak_fence,"{'east': 'false', 'north': 'true', 'south': 'false', 'waterlogged': 'false', 'west': 'false'}",
"(13, 4, 24)",minecraft:tuff_wall,"{'east': 'low', 'north': 'low', 'south': 'none', 'up': 'true', 'waterlogged': 'false', 'west': 'none'}",
"(14, 4, 24)",minecraft:tuff,{},
"(15, 4, 24)",minecraft:tuff_wall,"{'east': 'none', 'north': 'low', 'south': 'none', 'up': 'true', 'waterlogged': 'false', 'west': 'low'}",
"(16, 4, 24)",minecraft:oak_leaves,"{'distance': '7', 'persistent': 'true', 'waterlogged': 'false'}",
"(17, 4, 24)",minecraft:dark_oak_fence,"{'east': 'false', 'north': 'true', 'south': 'false', 'waterlogged': 'false', 'west': 'false'}",
"(19, 4, 24)",minecraft:birch_wall_sign,"{'facing': 'south', 'waterlogged': 'false'}","{back_text: {has_glowing_text: 0b, color: ""black"", messages: ["""", """", """", """"]}, components: {}, is_waxed: 0b, id: ""minecraft:sign"", front_text: {has_glowing_text: 0b, color: ""black"", messages: ["" "", """", """", """"]}}"
"(14, 4, 25)",minecraft:tuff_wall,"{'east': 'none', 'north': 'tall', 'south': 'none', 'up': 'true', 'waterlogged': 'false', 'west': 'none'}",
"(7, 5, 2)",minecraft:bamboo_mosaic_slab,"{'type': 'bottom', 'waterlogged': 'false'}",
"(8, 5, 2)",minecraft:bamboo_mosaic_slab,"{'type': 'bottom', 'waterlogged': 'false'}",
"(9, 5, 2)",minecraft:bamboo_slab,"{'type': 'bottom', 'waterlogged': 'false'}",
"(13, 5, 2)",minecraft:bamboo_slab,"{'type': 'bottom', 'waterlogged': 'false'}",
"(14, 5, 2)",minecraft:bamboo_trapdoor,"{'facing': 'east', 'half': 'bottom', 'open': 'false', 'powered': 'false', 'waterlogged': 'false'}",
"(15, 5, 2)",minecraft:bamboo_slab,"{'type': 'bottom', 'waterlogged': 'false'}",
"(19, 5, 2)",minecraft:bamboo_slab,"{'type': 'bottom', 'waterlogged': 'false'}",
"(20, 5, 2)",minecraft:birch_slab,"{'type': 'bottom', 'waterlogged': 'false'}",
"(21, 5, 2)",minecraft:oak_log,{'axis': 'z'},
"(22, 5, 2)",minecraft:spruce_stairs,"{'facing': 'south', 'half': 'top', 'shape': 'straight', 'waterlogged': 'false'}",
"(23, 5, 2)",minecraft:dark_oak_slab,"{'type': 'top', 'waterlogged': 'false'}",
"(24, 5, 2)",minecraft:spruce_stairs,"{'facing': 'south', 'half': 'top', 'shape': 'straight', 'waterlogged': 'false'}",
"(25, 5, 2)",minecraft:oak_log,{'axis': 'z'},
"(5, 5, 3)",minecraft:bamboo_trapdoor,"{'facing': 'west', 'half': 'bottom', 'open': 'false', 'powered': 'false', 'waterlogged': 'false'}",
"(6, 5, 3)",minecraft:bamboo_slab,"{'type': 'bottom', 'waterlogged': 'false'}",
"(7, 5, 3)",minecraft:bamboo_slab,"{'type': 'top', 'waterlogged': 'false'}",
"(8, 5, 3)",minecraft:bamboo_slab,"{'type': 'top', 'waterlogged': 'false'}",
"(9, 5, 3)",minecraft:bamboo_trapdoor,"{'facing': 'east', 'half': 'top', 'open': 'false', 'powered': 'false', 'waterlogged': 'false'}",
"(10, 5, 3)",minecraft:bamboo_mosaic_slab,"{'type': 'bottom', 'waterlogged': 'false'}",
"(11, 5, 3)",minecraft:bamboo_slab,"{'type': 'bottom', 'waterlogged': 'false'}",
"(12, 5, 3)",minecraft:bamboo_slab,"{'type': 'bottom', 'waterlogged': 'false'}",
"(13, 5, 3)",minecraft:bamboo_slab,"{'type': 'top', 'waterlogged': 'false'}",
"(14, 5, 3)",minecraft:bamboo_mosaic_slab,"{'type': 'top', 'waterlogged': 'false'}",
"(15, 5, 3)",minecraft:bamboo_mosaic_slab,"{'type': 'top', 'waterlogged': 'false'}",
"(16, 5, 3)",minecraft:bamboo_slab,"{'type': 'bottom', 'waterlogged': 'false'}",
"(17, 5, 3)",minecraft:bamboo_mosaic_slab,"{'type': 'bottom', 'waterlogged': 'false'}",
"(18, 5, 3)",minecraft:birch_slab,"{'type': 'bottom', 'waterlogged': 'false'}",
"(19, 5, 3)",minecraft:bamboo_trapdoor,"{'facing': 'west', 'half': 'top', 'open': 'false', 'powered': 'false', 'waterlogged': 'false'}",
"(20, 5, 3)",minecraft:oak_log,{'axis': 'x'},
"(21, 5, 3)",minecraft:oak_log,{'axis': 'y'},
"(22, 5, 3)",minecraft:stripped_dark_oak_log,{'axis': 'x'},
"(23, 5, 3)",minecraft:stripped_dark_oak_log,{'axis': 'x'},
"(24, 5, 3)",minecraft:stripped_dark_oak_log,{'axis': 'x'},
"(25, 5, 3)",minecraft:oak_log,{'axis': 'y'},
"(26, 5, 3)",minecraft:oak_log,{'axis': 'x'},
"(0, 5, 4)",minecraft:mud_brick_slab,"{'type': 'bottom', 'waterlogged': 'false'}",
"(1, 5, 4)",minecraft:mud_brick_slab,"{'type': 'bottom', 'waterlogged': 'false'}",
"(2, 5, 4)",minecraft:mud_brick_slab,"{'type': 'bottom', 'waterlogged': 'false'}",
"(3, 5, 4)",minecraft:mud_brick_slab,"{'type': 'bottom', 'waterlogged': 'false'}",
"(4, 5, 4)",minecraft:mud_brick_slab,"{'type': 'bottom', 'waterlogged': 'false'}",
"(5, 5, 4)",minecraft:oak_log,{'axis': 'z'},
"(6, 5, 4)",minecraft:spruce_stairs,"{'facing': 'south', 'half': 'top', 'shape': 'straight', 'waterlogged': 'false'}",
"(7, 5, 4)",minecraft:dark_oak_slab,"{'type': 'top', 'waterlogged': 'false'}",
"(8, 5, 4)",minecraft:dark_oak_stairs,"{'facing': 'south', 'half': 'top', 'shape': 'straight', 'waterlogged': 'false'}",
"(9, 5, 4)",minecraft:dark_oak_slab,"{'type': 'top', 'waterlogged': 'false'}",
"(10, 5, 4)",minecraft:spruce_stairs,"{'facing': 'south', 'half': 'top', 'shape': 'straight', 'waterlogged': 'false'}",
"(11, 5, 4)",minecraft:oak_log,{'axis': 'z'},
"(12, 5, 4)",minecraft:spruce_stairs,"{'facing': 'south', 'half': 'top', 'shape': 'straight', 'waterlogged': 'false'}",
"(13, 5, 4)",minecraft:dark_oak_slab,"{'type': 'top', 'waterlogged': 'false'}",
"(14, 5, 4)",minecraft:dark_oak_stairs,"{'facing': 'south', 'half': 'top', 'shape': 'straight', 'waterlogged': 'false'}",
"(15, 5, 4)",minecraft:dark_oak_slab,"{'type': 'top', 'waterlogged': 'false'}",
"(16, 5, 4)",minecraft:spruce_stairs,"{'facing': 'south', 'half': 'top', 'shape': 'straight', 'waterlogged': 'false'}",
"(17, 5, 4)",minecraft:tuff,{},
"(18, 5, 4)",minecraft:spruce_stairs,"{'facing': 'south', 'half': 'top', 'shape': 'straight', 'waterlogged': 'false'}",
"(19, 5, 4)",minecraft:dark_oak_slab,"{'type': 'top', 'waterlogged': 'false'}",
"(20, 5, 4)",minecraft:spruce_stairs,"{'facing': 'south', 'half': 'top', 'shape': 'straight', 'waterlogged': 'false'}",
"(21, 5, 4)",minecraft:stripped_dark_oak_log,{'axis': 'z'},
"(25, 5, 4)",minecraft:stripped_dark_oak_log,{'axis': 'z'},
"(26, 5, 4)",minecraft:dark_oak_stairs,"{'facing': 'west', 'half': 'top', 'shape': 'straight', 'waterlogged': 'false'}",
"(0, 5, 5)",minecraft:mud_brick_slab,"{'type': 'double', 'waterlogged': 'false'}",
"(1, 5, 5)",minecraft:mud_brick_slab,"{'type': 'double', 'waterlogged': 'false'}",
"(2, 5, 5)",minecraft:packed_mud,{},
"(3, 5, 5)",minecraft:packed_mud,{},
"(4, 5, 5)",minecraft:oak_log,{'axis': 'x'},
"(5, 5, 5)",minecraft:oak_log,{'axis': 'y'},
"(6, 5, 5)",minecraft:stripped_dark_oak_log,{'axis': 'x'},
"(7, 5, 5)",minecraft:stripped_dark_oak_log,{'axis': 'x'},
"(8, 5, 5)",minecraft:stripped_dark_oak_log,{'axis': 'x'},
"(9, 5, 5)",minecraft:mangrove_log,{'axis': 'x'},
"(10, 5, 5)",minecraft:stripped_dark_oak_log,{'axis': 'x'},
"(11, 5, 5)",minecraft:stripped_dark_oak_log,{'axis': 'x'},
"(12, 5, 5)",minecraft:mangrove_log,{'axis': 'x'},
"(13, 5, 5)",minecraft:mangrove_log,{'axis': 'x'},
"(14, 5, 5)",minecraft:mangrove_log,{'axis': 'x'},
"(15, 5, 5)",minecraft:stripped_dark_oak_log,{'axis': 'x'},
"(16, 5, 5)",minecraft:stripped_dark_oak_log,{'axis': 'x'},
"(17, 5, 5)",minecraft:oak_log,{'axis': 'y'},
"(18, 5, 5)",minecraft:stripped_dark_oak_log,{'axis': 'x'},
"(19, 5, 5)",minecraft:stripped_dark_oak_log,{'axis': 'x'},
"(20, 5, 5)",minecraft:stripped_dark_oak_log,{'axis': 'x'},
"(21, 5, 5)",minecraft:stripped_dark_oak_log,{'axis': 'x'},
"(22, 5, 5)",minecraft:stripped_dark_oak_log,{'axis': 'x'},
"(23, 5, 5)",minecraft:oak_log,{'axis': 'y'},
"(24, 5, 5)",minecraft:spruce_stairs,"{'facing': 'south', 'half': 'bottom', 'shape': 'straight', 'waterlogged': 'false'}",
"(25, 5, 5)",minecraft:stripped_dark_oak_log,{'axis': 'z'},
"(26, 5, 5)",minecraft:dark_oak_slab,"{'type': 'top', 'waterlogged': 'false'}",
"(0, 5, 6)",minecraft:jungle_slab,"{'type': 'top', 'waterlogged': 'false'}",
"(1, 5, 6)",minecraft:dark_oak_fence,"{'east': 'false', 'north': 'true', 'south': 'true', 'waterlogged': 'false', 'west': 'false'}",
"(4, 5, 6)",minecraft:dark_oak_stairs,"{'facing': 'east', 'half': 'top', 'shape': 'straight', 'waterlogged': 'false'}",
"(5, 5, 6)",minecraft:stripped_dark_oak_log,{'axis': 'z'},
"(6, 5, 6)",minecraft:spruce_trapdoor,"{'facing': 'south', 'half': 'top', 'open': 'false', 'powered': 'false', 'waterlogged': 'false'}",
"(7, 5, 6)",minecraft:spruce_trapdoor,"{'facing': 'south', 'half': 'top', 'open': 'false', 'powered': 'false', 'waterlogged': 'false'}",
"(8, 5, 6)",minecraft:spruce_trapdoor,"{'facing': 'south', 'half': 'top', 'open': 'false', 'powered': 'false', 'waterlogged': 'false'}",
"(9, 5, 6)",minecraft:spruce_trapdoor,"{'facing': 'south', 'half': 'top', 'open': 'false', 'powered': 'false', 'waterlogged': 'false'}",
"(14, 5, 6)",minecraft:spruce_trapdoor,"{'facing': 'south', 'half': 'top', 'open': 'false', 'powered': 'false', 'waterlogged': 'false'}",
"(15, 5, 6)",minecraft:spruce_trapdoor,"{'facing': 'south', 'half': 'top', 'open': 'false', 'powered': 'false', 'waterlogged': 'false'}",
"(16, 5, 6)",minecraft:spruce_trapdoor,"{'facing': 'south', 'half': 'top', 'open': 'false', 'powered': 'false', 'waterlogged': 'false'}",
"(17, 5, 6)",minecraft:stripped_dark_oak_log,{'axis': 'z'},
"(18, 5, 6)",minecraft:spruce_slab,"{'type': 'top', 'waterlogged': 'false'}",
"(19, 5, 6)",minecraft:spruce_stairs,"{'facing': 'north', 'half': 'top', 'shape': 'straight', 'waterlogged': 'false'}",
"(20, 5, 6)",minecraft:spruce_stairs,"{'facing': 'east', 'half': 'top', 'shape': 'inner_left', 'waterlogged': 'false'}",
"(21, 5, 6)",minecraft:stripped_dark_oak_log,{'axis': 'z'},
"(22, 5, 6)",minecraft:spruce_slab,"{'type': 'double', 'waterlogged': 'false'}",
"(23, 5, 6)",minecraft:stripped_dark_oak_log,{'axis': 'z'},
"(24, 5, 6)",minecraft:spruce_slab,"{'type': 'double', 'waterlogged': 'false'}",
"(25, 5, 6)",minecraft:stripped_dark_oak_log,{'axis': 'z'},
"(26, 5, 6)",minecraft:spruce_stairs,"{'facing': 'west', 'half': 'top', 'shape': 'straight', 'waterlogged': 'false'}",
"(1, 5, 7)",minecraft:dark_oak_fence,"{'east': 'false', 'north': 'true', 'south': 'true', 'waterlogged': 'false', 'west': 'false'}",
"(4, 5, 7)",minecraft:dark_oak_slab,"{'type': 'top', 'waterlogged': 'false'}",
"(5, 5, 7)",minecraft:mangrove_log,{'axis': 'z'},
"(11, 5, 7)",minecraft:dark_oak_fence_gate,"{'facing': 'south', 'in_wall': 'false', 'open': 'true', 'powered': 'false'}",
"(17, 5, 7)",minecraft:stripped_dark_oak_log,{'axis': 'z'},
"(18, 5, 7)",minecraft:spruce_slab,"{'type': 'top', 'waterlogged': 'false'}",
"(19, 5, 7)",minecraft:spruce_trapdoor,"{'facing': 'west', 'half': 'top', 'open': 'false', 'powered': 'false', 'waterlogged': 'false'}",
"(20, 5, 7)",minecraft:spruce_slab,"{'type': 'top', 'waterlogged': 'false'}",
"(21, 5, 7)",minecraft:stripped_dark_oak_wood,{'axis': 'x'},
"(22, 5, 7)",minecraft:stripped_dark_oak_log,{'axis': 'x'},
"(23, 5, 7)",minecraft:stripped_dark_oak_log,{'axis': 'z'},
"(24, 5, 7)",minecraft:stripped_dark_oak_log,{'axis': 'x'},
"(25, 5, 7)",minecraft:oak_log,{'axis': 'y'},
"(26, 5, 7)",minecraft:oak_log,{'axis': 'x'},
"(1, 5, 8)",minecraft:dark_oak_fence,"{'east': 'false', 'north': 'true', 'south': 'true', 'waterlogged': 'false', 'west': 'false'}",
"(4, 5, 8)",minecraft:dark_oak_stairs,"{'facing': 'east', 'half': 'top', 'shape': 'straight', 'waterlogged': 'false'}",
"(5, 5, 8)",minecraft:mangrove_log,{'axis': 'z'},
"(10, 5, 8)",minecraft:dark_oak_fence_gate,"{'facing': 'east', 'in_wall': 'false', 'open': 'true', 'powered': 'false'}",
"(11, 5, 8)",minecraft:dark_oak_fence,"{'east': 'false', 'north': 'false', 'south': 'false', 'waterlogged': 'false', 'west': 'false'}",
"(12, 5, 8)",minecraft:dark_oak_fence_gate,"{'facing': 'west', 'in_wall': 'false', 'open': 'true', 'powered': 'false'}",
"(17, 5, 8)",minecraft:mangrove_log,{'axis': 'z'},
"(18, 5, 8)",minecraft:spruce_stairs,"{'facing': 'west', 'half': 'top', 'shape': 'straight', 'waterlogged': 'false'}",
"(19, 5, 8)",minecraft:spruce_slab,"{'type': 'top', 'waterlogged': 'false'}",
"(20, 5, 8)",minecraft:spruce_trapdoor,"{'facing': 'north', 'half': 'top', 'open': 'false', 'powered': 'false', 'waterlogged': 'false'}",
"(21, 5, 8)",minecraft:spruce_slab,"{'type': 'top', 'waterlogged': 'false'}",
"(22, 5, 8)",minecraft:spruce_stairs,"{'facing': 'north', 'half': 'top', 'shape': 'inner_right', 'waterlogged': 'false'}",
"(23, 5, 8)",minecraft:stripped_dark_oak_log,{'axis': 'z'},
"(24, 5, 8)",minecraft:dark_oak_stairs,"{'facing': 'west', 'half': 'top', 'shape': 'straight', 'waterlogged': 'false'}",
"(25, 5, 8)",minecraft:oak_log,{'axis': 'z'},
"(1, 5, 9)",minecraft:dark_oak_fence,"{'east': 'false', 'north': 'true', 'south': 'true', 'waterlogged': 'false', 'west': 'false'}",
"(4, 5, 9)",minecraft:dark_oak_slab,"{'type': 'top', 'waterlogged': 'false'}",
"(5, 5, 9)",minecraft:stripped_dark_oak_log,{'axis': 'z'},
"(11, 5, 9)",minecraft:dark_oak_fence_gate,"{'facing': 'north', 'in_wall': 'false', 'open': 'true', 'powered': 'false'}",
"(17, 5, 9)",minecraft:mangrove_log,{'axis': 'z'},
"(18, 5, 9)",minecraft:spruce_stairs,"{'facing': 'west', 'half': 'top', 'shape': 'straight', 'waterlogged': 'false'}",
"(19, 5, 9)",minecraft:spruce_slab,"{'type': 'top', 'waterlogged': 'false'}",
"(20, 5, 9)",minecraft:spruce_trapdoor,"{'facing': 'west', 'half': 'top', 'open': 'false', 'powered': 'false', 'waterlogged': 'false'}",
"(21, 5, 9)",minecraft:spruce_trapdoor,"{'facing': 'north', 'half': 'top', 'open': 'false', 'powered': 'false', 'waterlogged': 'false'}",
"(22, 5, 9)",minecraft:spruce_stairs,"{'facing': 'east', 'half': 'top', 'shape': 'straight', 'waterlogged': 'false'}",
"(23, 5, 9)",minecraft:stripped_dark_oak_log,{'axis': 'z'},
"(24, 5, 9)",minecraft:dark_oak_slab,"{'type': 'top', 'waterlogged': 'false'}",
"(0, 5, 10)",minecraft:jungle_slab,"{'type': 'top', 'waterlogged': 'false'}",
"(1, 5, 10)",minecraft:dark_oak_fence,"{'east': 'false', 'north': 'true', 'south': 'true', 'waterlogged': 'false', 'west': 'false'}",
"(4, 5, 10)",minecraft:spruce_stairs,"{'facing': 'east', 'half': 'top', 'shape': 'straight', 'waterlogged': 'false'}",
"(5, 5, 10)",minecraft:stripped_dark_oak_log,{'axis': 'z'},
"(7, 5, 10)",minecraft:spruce_trapdoor,"{'facing': 'north', 'half': 'top', 'open': 'false', 'powered': 'false', 'waterlogged': 'false'}",
"(8, 5, 10)",minecraft:spruce_trapdoor,"{'facing': 'north', 'half': 'top', 'open': 'false', 'powered': 'false', 'waterlogged': 'false'}",
"(9, 5, 10)",minecraft:spruce_trapdoor,"{'facing': 'north', 'half': 'top', 'open': 'false', 'powered': 'false', 'waterlogged': 'false'}",
"(10, 5, 10)",minecraft:spruce_trapdoor,"{'facing': 'north', 'half': 'top', 'open': 'false', 'powered': 'false', 'waterlogged': 'false'}",
"(11, 5, 10)",minecraft:magenta_wall_banner,{'facing': 'north'},"{components: {}, id: ""minecraft:banner""}"
"(17, 5, 10)",minecraft:stripped_dark_oak_log,{'axis': 'z'},
"(18, 5, 10)",minecraft:spruce_slab,"{'type': 'top', 'waterlogged': 'false'}",
"(19, 5, 10)",minecraft:spruce_stairs,"{'facing': 'south', 'half': 'top', 'shape': 'straight', 'waterlogged': 'false'}",
"(20, 5, 10)",minecraft:spruce_slab,"{'type': 'top', 'waterlogged': 'false'}",
"(21, 5, 10)",minecraft:spruce_stairs,"{'facing': 'south', 'half': 'top', 'shape': 'straight', 'waterlogged': 'false'}",
"(22, 5, 10)",minecraft:spruce_slab,"{'type': 'top', 'waterlogged': 'false'}",
"(23, 5, 10)",minecraft:stripped_dark_oak_log,{'axis': 'z'},
"(24, 5, 10)",minecraft:spruce_stairs,"{'facing': 'west', 'half': 'top', 'shape': 'straight', 'waterlogged': 'false'}",
"(0, 5, 11)",minecraft:mud_brick_slab,"{'type': 'double', 'waterlogged': 'false'}",
"(1, 5, 11)",minecraft:packed_mud,{},
"(2, 5, 11)",minecraft:mud_bricks,{},
"(3, 5, 11)",minecraft:packed_mud,{},
"(4, 5, 11)",minecraft:oak_log,{'axis': 'x'},
"(5, 5, 11)",minecraft:oak_log,{'axis': 'y'},
"(6, 5, 11)",minecraft:stripped_dark_oak_log,{'axis': 'x'},
"(7, 5, 11)",minecraft:mangrove_log,{'axis': 'x'},
"(8, 5, 11)",minecraft:mangrove_log,{'axis': 'x'},
"(9, 5, 11)",minecraft:stripped_dark_oak_log,{'axis': 'x'},
"(10, 5, 11)",minecraft:mangrove_log,{'axis': 'x'},
"(11, 5, 11)",minecraft:mangrove_log,{'axis': 'x'},
"(12, 5, 11)",minecraft:stripped_dark_oak_log,{'axis': 'x'},
"(13, 5, 11)",minecraft:mangrove_log,{'axis': 'x'},
"(14, 5, 11)",minecraft:stripped_dark_oak_log,{'axis': 'x'},
"(15, 5, 11)",minecraft:mangrove_log,{'axis': 'x'},
"(16, 5, 11)",minecraft:stripped_dark_oak_log,{'axis': 'x'},
"(17, 5, 11)",minecraft:stripped_dark_oak_log,{'axis': 'x'},
"(18, 5, 11)",minecraft:stripped_dark_oak_log,{'axis': 'x'},
"(19, 5, 11)",minecraft:stripped_dark_oak_log,{'axis': 'x'},
"(20, 5, 11)",minecraft:stripped_dark_oak_log,{'axis': 'x'},
"(21, 5, 11)",minecraft:stripped_dark_oak_log,{'axis': 'x'},
"(22, 5, 11)",minecraft:stripped_dark_oak_log,{'axis': 'x'},
"(23, 5, 11)",minecraft:oak_log,{'axis': 'y'},
"(24, 5, 11)",minecraft:oak_log,{'axis': 'x'},
"(0, 5, 12)",minecraft:mud_brick_slab,"{'type': 'bottom', 'waterlogged': 'false'}",
"(1, 5, 12)",minecraft:mud_brick_slab,"{'type': 'bottom', 'waterlogged': 'false'}",
"(2, 5, 12)",minecraft:mud_brick_slab,"{'type': 'bottom', 'waterlogged': 'false'}",
"(3, 5, 12)",minecraft:mud_brick_slab,"{'type': 'bottom', 'waterlogged': 'false'}",
"(4, 5, 12)",minecraft:mud_brick_slab,"{'type': 'bottom', 'waterlogged': 'false'}",
"(5, 5, 12)",minecraft:oak_log,{'axis': 'z'},
"(6, 5, 12)",minecraft:dark_oak_stairs,"{'facing': 'north', 'half': 'top', 'shape': 'straight', 'waterlogged': 'false'}",
"(7, 5, 12)",minecraft:dark_oak_slab,"{'type': 'top', 'waterlogged': 'false'}",
"(8, 5, 12)",minecraft:dark_oak_stairs,"{'facing': 'north', 'half': 'top', 'shape': 'straight', 'waterlogged': 'false'}",
"(9, 5, 12)",minecraft:spruce_slab,"{'type': 'top', 'waterlogged': 'false'}",
"(10, 5, 12)",minecraft:dark_oak_stairs,"{'facing': 'east', 'half': 'top', 'shape': 'straight', 'waterlogged': 'false'}",
"(11, 5, 12)",minecraft:stripped_dark_oak_log,{'axis': 'z'},
"(12, 5, 12)",minecraft:spruce_stairs,"{'facing': 'west', 'half': 'top', 'shape': 'inner_right', 'waterlogged': 'false'}",
"(13, 5, 12)",minecraft:spruce_stairs,"{'facing': 'north', 'half': 'top', 'shape': 'straight', 'waterlogged': 'false'}",
"(14, 5, 12)",minecraft:spruce_slab,"{'type': 'top', 'waterlogged': 'false'}",
"(15, 5, 12)",minecraft:spruce_stairs,"{'facing': 'north', 'half': 'top', 'shape': 'straight', 'waterlogged': 'false'}",
"(16, 5, 12)",minecraft:spruce_slab,"{'type': 'top', 'waterlogged': 'false'}",
"(17, 5, 12)",minecraft:stripped_dark_oak_log,{'axis': 'z'},
"(18, 5, 12)",minecraft:spruce_slab,"{'type': 'top', 'waterlogged': 'false'}",
"(19, 5, 12)",minecraft:spruce_stairs,"{'facing': 'north', 'half': 'top', 'shape': 'straight', 'waterlogged': 'false'}",
"(20, 5, 12)",minecraft:spruce_slab,"{'type': 'top', 'waterlogged': 'false'}",
"(21, 5, 12)",minecraft:spruce_stairs,"{'facing': 'north', 'half': 'top', 'shape': 'straight', 'waterlogged': 'false'}",
"(22, 5, 12)",minecraft:spruce_slab,"{'type': 'top', 'waterlogged': 'false'}",
"(23, 5, 12)",minecraft:stripped_dark_oak_log,{'axis': 'z'},
"(24, 5, 12)",minecraft:dark_oak_stairs,"{'facing': 'west', 'half': 'top', 'shape': 'straight', 'waterlogged': 'false'}",
"(10, 5, 13)",minecraft:dark_oak_slab,"{'type': 'top', 'waterlogged': 'false'}",
"(11, 5, 13)",minecraft:stripped_dark_oak_log,{'axis': 'z'},
"(12, 5, 13)",minecraft:spruce_stairs,"{'facing': 'west', 'half': 'top', 'shape': 'straight', 'waterlogged': 'false'}",
"(13, 5, 13)",minecraft:spruce_trapdoor,"{'facing': 'south', 'half': 'top', 'open': 'false', 'powered': 'false', 'waterlogged': 'false'}",
"(14, 5, 13)",minecraft:spruce_slab,"{'type': 'top', 'waterlogged': 'false'}",
"(15, 5, 13)",minecraft:spruce_trapdoor,"{'facing': 'east', 'half': 'top', 'open': 'false', 'powered': 'false', 'waterlogged': 'false'}",
"(16, 5, 13)",minecraft:spruce_slab,"{'type': 'top', 'waterlogged': 'false'}",
"(17, 5, 13)",minecraft:stripped_dark_oak_log,{'axis': 'z'},
"(18, 5, 13)",minecraft:spruce_stairs,"{'facing': 'west', 'half': 'top', 'shape': 'straight', 'waterlogged': 'false'}",
"(19, 5, 13)",minecraft:spruce_slab,"{'type': 'top', 'waterlogged': 'false'}",
"(20, 5, 13)",minecraft:spruce_trapdoor,"{'facing': 'north', 'half': 'top', 'open': 'false', 'powered': 'false', 'waterlogged': 'false'}",
"(21, 5, 13)",minecraft:spruce_trapdoor,"{'facing': 'west', 'half': 'top', 'open': 'false', 'powered': 'false', 'waterlogged': 'false'}",
"(22, 5, 13)",minecraft:spruce_stairs,"{'facing': 'east', 'half': 'top', 'shape': 'straight', 'waterlogged': 'false'}",
"(23, 5, 13)",minecraft:stripped_dark_oak_log,{'axis': 'z'},
"(24, 5, 13)",minecraft:tuff_wall,"{'east': 'none', 'north': 'none', 'south': 'tall', 'up': 'true', 'waterlogged': 'false', 'west': 'tall'}",
"(10, 5, 14)",minecraft:spruce_stairs,"{'facing': 'east', 'half': 'top', 'shape': 'straight', 'waterlogged': 'false'}",
"(11, 5, 14)",minecraft:stripped_dark_oak_log,{'axis': 'z'},
"(12, 5, 14)",minecraft:spruce_slab,"{'type': 'top', 'waterlogged': 'false'}",
"(13, 5, 14)",minecraft:spruce_slab,"{'type': 'top', 'waterlogged': 'false'}",
"(14, 5, 14)",minecraft:iron_chain,"{'axis': 'y', 'waterlogged': 'false'}",
"(15, 5, 14)",minecraft:spruce_trapdoor,"{'facing': 'south', 'half': 'top', 'open': 'false', 'powered': 'false', 'waterlogged': 'false'}",
"(16, 5, 14)",minecraft:spruce_stairs,"{'facing': 'east', 'half': 'top', 'shape': 'straight', 'waterlogged': 'false'}",
"(17, 5, 14)",minecraft:stripped_dark_oak_log,{'axis': 'z'},
"(18, 5, 14)",minecraft:spruce_stairs,"{'facing': 'west', 'half': 'top', 'shape': 'straight', 'waterlogged': 'false'}",
"(19, 5, 14)",minecraft:spruce_trapdoor,"{'facing': 'north', 'half': 'top', 'open': 'false', 'powered': 'false', 'waterlogged': 'false'}",
"(20, 5, 14)",minecraft:spruce_trapdoor,"{'facing': 'west', 'half': 'top', 'open': 'false', 'powered': 'false', 'waterlogged': 'false'}",
"(21, 5, 14)",minecraft:spruce_slab,"{'type': 'top', 'waterlogged': 'false'}",
"(22, 5, 14)",minecraft:spruce_slab,"{'type': 'top', 'waterlogged': 'false'}",
"(23, 5, 14)",minecraft:stripped_dark_oak_log,{'axis': 'z'},
"(24, 5, 14)",minecraft:tuff,{},
"(25, 5, 14)",minecraft:tuff_wall,"{'east': 'none', 'north': 'none', 'south': 'none', 'up': 'true', 'waterlogged': 'false', 'west': 'tall'}",
"(10, 5, 15)",minecraft:dark_oak_slab,"{'type': 'top', 'waterlogged': 'false'}",
"(11, 5, 15)",minecraft:stripped_dark_oak_log,{'axis': 'z'},
"(12, 5, 15)",minecraft:spruce_slab,"{'type': 'top', 'waterlogged': 'false'}",
"(13, 5, 15)",minecraft:spruce_trapdoor,"{'facing': 'east', 'half': 'top', 'open': 'false', 'powered': 'false', 'waterlogged': 'false'}",
"(14, 5, 15)",minecraft:spruce_trapdoor,"{'facing': 'south', 'half': 'top', 'open': 'false', 'powered': 'false', 'waterlogged': 'false'}",
"(15, 5, 15)",minecraft:spruce_slab,"{'type': 'top', 'waterlogged': 'false'}",
"(16, 5, 15)",minecraft:spruce_stairs,"{'facing': 'east', 'half': 'top', 'shape': 'straight', 'waterlogged': 'false'}",
"(17, 5, 15)",minecraft:stripped_dark_oak_log,{'axis': 'z'},
"(18, 5, 15)",minecraft:spruce_slab,"{'type': 'top', 'waterlogged': 'false'}",
"(19, 5, 15)",minecraft:spruce_trapdoor,"{'facing': 'west', 'half': 'top', 'open': 'false', 'powered': 'false', 'waterlogged': 'false'}",
"(20, 5, 15)",minecraft:spruce_trapdoor,"{'facing': 'north', 'half': 'top', 'open': 'false', 'powered': 'false', 'waterlogged': 'false'}",
"(21, 5, 15)",minecraft:spruce_trapdoor,"{'facing': 'west', 'half': 'top', 'open': 'false', 'powered': 'false', 'waterlogged': 'false'}",
"(22, 5, 15)",minecraft:spruce_stairs,"{'facing': 'east', 'half': 'top', 'shape': 'straight', 'waterlogged': 'false'}",
"(23, 5, 15)",minecraft:stripped_dark_oak_log,{'axis': 'z'},
"(24, 5, 15)",minecraft:tuff_wall,"{'east': 'none', 'north': 'tall', 'south': 'none', 'up': 'true', 'waterlogged': 'false', 'west': 'tall'}",
"(10, 5, 16)",minecraft:spruce_stairs,"{'facing': 'east', 'half': 'top', 'shape': 'straight', 'waterlogged': 'false'}",
"(11, 5, 16)",minecraft:stripped_dark_oak_log,{'axis': 'z'},
"(12, 5, 16)",minecraft:spruce_stairs,"{'facing': 'west', 'half': 'top', 'shape': 'inner_left', 'waterlogged': 'false'}",
"(13, 5, 16)",minecraft:spruce_stairs,"{'facing': 'south', 'half': 'top', 'shape': 'straight', 'waterlogged': 'false'}",
"(14, 5, 16)",minecraft:spruce_slab,"{'type': 'top', 'waterlogged': 'false'}",
"(15, 5, 16)",minecraft:spruce_stairs,"{'facing': 'south', 'half': 'top', 'shape': 'straight', 'waterlogged': 'false'}",
"(16, 5, 16)",minecraft:spruce_slab,"{'type': 'top', 'waterlogged': 'false'}",
"(17, 5, 16)",minecraft:stripped_dark_oak_log,{'axis': 'z'},
"(18, 5, 16)",minecraft:spruce_slab,"{'type': 'top', 'waterlogged': 'false'}",
"(19, 5, 16)",minecraft:spruce_stairs,"{'facing': 'south', 'half': 'top', 'shape': 'straight', 'waterlogged': 'false'}",
"(20, 5, 16)",minecraft:spruce_stairs,"{'facing': 'south', 'half': 'top', 'shape': 'straight', 'waterlogged': 'false'}",
"(21, 5, 16)",minecraft:spruce_slab,"{'type': 'top', 'waterlogged': 'false'}",
"(22, 5, 16)",minecraft:spruce_stairs,"{'facing': 'south', 'half': 'top', 'shape': 'inner_left', 'waterlogged': 'false'}",
"(23, 5, 16)",minecraft:stripped_dark_oak_log,{'axis': 'z'},
"(24, 5, 16)",minecraft:spruce_stairs,"{'facing': 'west', 'half': 'top', 'shape': 'straight', 'waterlogged': 'false'}",
"(10, 5, 17)",minecraft:oak_log,{'axis': 'x'},
"(11, 5, 17)",minecraft:oak_log,{'axis': 'y'},
"(12, 5, 17)",minecraft:stripped_dark_oak_log,{'axis': 'x'},
"(13, 5, 17)",minecraft:stripped_dark_oak_log,{'axis': 'x'},
"(14, 5, 17)",minecraft:stripped_dark_oak_log,{'axis': 'x'},
"(15, 5, 17)",minecraft:stripped_dark_oak_log,{'axis': 'x'},
"(16, 5, 17)",minecraft:stripped_dark_oak_log,{'axis': 'x'},
"(17, 5, 17)",minecraft:oak_log,{'axis': 'y'},
"(18, 5, 17)",minecraft:stripped_dark_oak_log,{'axis': 'x'},
"(19, 5, 17)",minecraft:stripped_dark_oak_log,{'axis': 'x'},
"(20, 5, 17)",minecraft:stripped_dark_oak_log,{'axis': 'x'},
"(21, 5, 17)",minecraft:stripped_dark_oak_log,{'axis': 'x'},
"(22, 5, 17)",minecraft:stripped_dark_oak_log,{'axis': 'x'},
"(23, 5, 17)",minecraft:oak_log,{'axis': 'y'},
"(24, 5, 17)",minecraft:oak_log,{'axis': 'x'},
"(10, 5, 18)",minecraft:dark_oak_stairs,"{'facing': 'east', 'half': 'top', 'shape': 'straight', 'waterlogged': 'false'}",
"(11, 5, 18)",minecraft:stripped_dark_oak_log,{'axis': 'z'},
"(12, 5, 18)",minecraft:spruce_slab,"{'type': 'top', 'waterlogged': 'false'}",
"(13, 5, 18)",minecraft:spruce_stairs,"{'facing': 'north', 'half': 'top', 'shape': 'straight', 'waterlogged': 'false'}",
"(14, 5, 18)",minecraft:spruce_stairs,"{'facing': 'north', 'half': 'top', 'shape': 'straight', 'waterlogged': 'false'}",
"(15, 5, 18)",minecraft:spruce_slab,"{'type': 'top', 'waterlogged': 'false'}",
"(16, 5, 18)",minecraft:spruce_slab,"{'type': 'top', 'waterlogged': 'false'}",
"(17, 5, 18)",minecraft:stripped_dark_oak_log,{'axis': 'z'},
"(18, 5, 18)",minecraft:dark_oak_stairs,"{'facing': 'north', 'half': 'top', 'shape': 'straight', 'waterlogged': 'false'}",
"(20, 5, 18)",minecraft:dark_oak_stairs,"{'facing': 'north', 'half': 'top', 'shape': 'straight', 'waterlogged': 'false'}",
"(21, 5, 18)",minecraft:dark_oak_slab,"{'type': 'top', 'waterlogged': 'false'}",
"(22, 5, 18)",minecraft:dark_oak_stairs,"{'facing': 'north', 'half': 'top', 'shape': 'straight', 'waterlogged': 'false'}",
"(23, 5, 18)",minecraft:oak_log,{'axis': 'z'},
"(10, 5, 19)",minecraft:dark_oak_slab,"{'type': 'top', 'waterlogged': 'false'}",
"(11, 5, 19)",minecraft:stripped_dark_oak_log,{'axis': 'z'},
"(12, 5, 19)",minecraft:spruce_stairs,"{'facing': 'west', 'half': 'top', 'shape': 'straight', 'waterlogged': 'false'}",
"(13, 5, 19)",minecraft:spruce_slab,"{'type': 'top', 'waterlogged': 'false'}",
"(14, 5, 19)",minecraft:spruce_trapdoor,"{'facing': 'west', 'half': 'top', 'open': 'false', 'powered': 'false', 'waterlogged': 'false'}",
"(15, 5, 19)",minecraft:spruce_trapdoor,"{'facing': 'north', 'half': 'top', 'open': 'false', 'powered': 'false', 'waterlogged': 'false'}",
"(16, 5, 19)",minecraft:spruce_stairs,"{'facing': 'east', 'half': 'top', 'shape': 'straight', 'waterlogged': 'false'}",
"(17, 5, 19)",minecraft:stripped_dark_oak_log,{'axis': 'z'},
"(19, 5, 19)",minecraft:bamboo_trapdoor,"{'facing': 'east', 'half': 'top', 'open': 'false', 'powered': 'false', 'waterlogged': 'false'}",
"(20, 5, 19)",minecraft:birch_slab,"{'type': 'top', 'waterlogged': 'false'}",
"(21, 5, 19)",minecraft:birch_slab,"{'type': 'bottom', 'waterlogged': 'false'}",
"(22, 5, 19)",minecraft:bamboo_trapdoor,"{'facing': 'east', 'half': 'bottom', 'open': 'false', 'powered': 'false', 'waterlogged': 'false'}",
"(10, 5, 20)",minecraft:dark_oak_stairs,"{'facing': 'east', 'half': 'top', 'shape': 'straight', 'waterlogged': 'false'}",
"(11, 5, 20)",minecraft:stripped_dark_oak_log,{'axis': 'z'},
"(12, 5, 20)",minecraft:spruce_slab,"{'type': 'top', 'waterlogged': 'false'}",
"(13, 5, 20)",minecraft:spruce_trapdoor,"{'facing': 'west', 'half': 'top', 'open': 'false', 'powered': 'false', 'waterlogged': 'false'}",
"(14, 5, 20)",minecraft:spruce_trapdoor,"{'facing': 'north', 'half': 'top', 'open': 'false', 'powered': 'false', 'waterlogged': 'false'}",
"(15, 5, 20)",minecraft:spruce_trapdoor,"{'facing': 'west', 'half': 'top', 'open': 'false', 'powered': 'false', 'waterlogged': 'false'}",
"(16, 5, 20)",minecraft:spruce_stairs,"{'facing': 'east', 'half': 'top', 'shape': 'straight', 'waterlogged': 'false'}",
"(17, 5, 20)",minecraft:stripped_dark_oak_log,{'axis': 'z'},
"(18, 5, 20)",minecraft:dark_oak_stairs,"{'facing': 'west', 'half': 'top', 'shape': 'straight', 'waterlogged': 'false'}",
"(19, 5, 20)",minecraft:bamboo_slab,"{'type': 'top', 'waterlogged': 'false'}",
"(20, 5, 20)",minecraft:bamboo_slab,"{'type': 'bottom', 'waterlogged': 'false'}",
"(21, 5, 20)",minecraft:bamboo_trapdoor,"{'facing': 'south', 'half': 'bottom', 'open': 'false', 'powered': 'false', 'waterlogged': 'false'}",
"(10, 5, 21)",minecraft:spruce_slab,"{'type': 'top', 'waterlogged': 'false'}",
"(11, 5, 21)",minecraft:stripped_dark_oak_log,{'axis': 'z'},
"(12, 5, 21)",minecraft:spruce_stairs,"{'facing': 'west', 'half': 'top', 'shape': 'straight', 'waterlogged': 'false'}",
"(13, 5, 21)",minecraft:spruce_trapdoor,"{'facing': 'north', 'half': 'top', 'open': 'false', 'powered': 'false', 'waterlogged': 'false'}",
"(14, 5, 21)",minecraft:spruce_slab,"{'type': 'top', 'waterlogged': 'false'}",
"(15, 5, 21)",minecraft:spruce_trapdoor,"{'facing': 'north', 'half': 'top', 'open': 'false', 'powered': 'false', 'waterlogged': 'false'}",
"(16, 5, 21)",minecraft:spruce_slab,"{'type': 'top', 'waterlogged': 'false'}",
"(17, 5, 21)",minecraft:stripped_dark_oak_log,{'axis': 'z'},
"(18, 5, 21)",minecraft:dark_oak_slab,"{'type': 'top', 'waterlogged': 'false'}",
"(19, 5, 21)",minecraft:bamboo_slab,"{'type': 'bottom', 'waterlogged': 'false'}",
"(20, 5, 21)",minecraft:bamboo_trapdoor,"{'facing': 'east', 'half': 'bottom', 'open': 'false', 'powered': 'false', 'waterlogged': 'false'}",
"(10, 5, 22)",minecraft:spruce_stairs,"{'facing': 'east', 'half': 'top', 'shape': 'straight', 'waterlogged': 'false'}",
"(11, 5, 22)",minecraft:stripped_dark_oak_log,{'axis': 'z'},
"(12, 5, 22)",minecraft:spruce_slab,"{'type': 'top', 'waterlogged': 'false'}",
"(13, 5, 22)",minecraft:spruce_stairs,"{'facing': 'south', 'half': 'top', 'shape': 'straight', 'waterlogged': 'false'}",
"(14, 5, 22)",minecraft:spruce_slab,"{'type': 'top', 'waterlogged': 'false'}",
"(15, 5, 22)",minecraft:spruce_stairs,"{'facing': 'south', 'half': 'top', 'shape': 'straight', 'waterlogged': 'false'}",
"(16, 5, 22)",minecraft:spruce_stairs,"{'facing': 'east', 'half': 'top', 'shape': 'inner_right', 'waterlogged': 'false'}",
"(17, 5, 22)",minecraft:stripped_dark_oak_log,{'axis': 'z'},
"(18, 5, 22)",minecraft:spruce_stairs,"{'facing': 'west', 'half': 'top', 'shape': 'straight', 'waterlogged': 'false'}",
"(19, 5, 22)",minecraft:bamboo_trapdoor,"{'facing': 'south', 'half': 'bottom', 'open': 'false', 'powered': 'false', 'waterlogged': 'false'}",
"(10, 5, 23)",minecraft:oak_log,{'axis': 'x'},
"(11, 5, 23)",minecraft:oak_log,{'axis': 'y'},
"(12, 5, 23)",minecraft:stripped_dark_oak_log,{'axis': 'x'},
"(13, 5, 23)",minecraft:stripped_dark_oak_log,{'axis': 'x'},
"(14, 5, 23)",minecraft:stripped_dark_oak_log,{'axis': 'x'},
"(15, 5, 23)",minecraft:stripped_dark_oak_log,{'axis': 'x'},
"(16, 5, 23)",minecraft:stripped_dark_oak_log,{'axis': 'x'},
"(17, 5, 23)",minecraft:oak_log,{'axis': 'y'},
"(18, 5, 23)",minecraft:oak_log,{'axis': 'x'},
"(11, 5, 24)",minecraft:oak_log,{'axis': 'z'},
"(12, 5, 24)",minecraft:spruce_stairs,"{'facing': 'north', 'half': 'top', 'shape': 'straight', 'waterlogged': 'false'}",
"(13, 5, 24)",minecraft:dark_oak_slab,"{'type': 'top', 'waterlogged': 'false'}",
"(14, 5, 24)",minecraft:tuff,{},
"(15, 5, 24)",minecraft:dark_oak_slab,"{'type': 'top', 'waterlogged': 'false'}",
"(16, 5, 24)",minecraft:dark_oak_stairs,"{'facing': 'north', 'half': 'top', 'shape': 'straight', 'waterlogged': 'false'}",
"(17, 5, 24)",minecraft:oak_log,{'axis': 'z'},
"(14, 5, 25)",minecraft:tuff_wall,"{'east': 'none', 'north': 'low', 'south': 'none', 'up': 'true', 'waterlogged': 'false', 'west': 'none'}",
"(21, 6, 2)",minecraft:spruce_stairs,"{'facing': 'south', 'half': 'bottom', 'shape': 'straight', 'waterlogged': 'false'}",
"(22, 6, 2)",minecraft:oak_leaves,"{'distance': '7', 'persistent': 'true', 'waterlogged': 'false'}",
"(23, 6, 2)",minecraft:spruce_slab,"{'type': 'bottom', 'waterlogged': 'false'}",
"(25, 6, 2)",minecraft:spruce_stairs,"{'facing': 'south', 'half': 'bottom', 'shape': 'straight', 'waterlogged': 'false'}",
"(17, 6, 3)",minecraft:tuff_wall,"{'east': 'none', 'north': 'none', 'south': 'tall', 'up': 'true', 'waterlogged': 'false', 'west': 'none'}",
"(20, 6, 3)",minecraft:spruce_stairs,"{'facing': 'east', 'half': 'bottom', 'shape': 'straight', 'waterlogged': 'false'}",
"(21, 6, 3)",minecraft:stripped_spruce_log,{'axis': 'y'},
"(22, 6, 3)",minecraft:granite,{},
"(23, 6, 3)",minecraft:granite,{},
"(24, 6, 3)",minecraft:granite,{},
"(25, 6, 3)",minecraft:stripped_spruce_log,{'axis': 'y'},
"(26, 6, 3)",minecraft:spruce_stairs,"{'facing': 'west', 'half': 'bottom', 'shape': 'straight', 'waterlogged': 'false'}",
"(5, 6, 4)",minecraft:spruce_stairs,"{'facing': 'south', 'half': 'bottom', 'shape': 'straight', 'waterlogged': 'false'}",
"(6, 6, 4)",minecraft:bamboo_trapdoor,"{'facing': 'north', 'half': 'bottom', 'open': 'false', 'powered': 'false', 'waterlogged': 'false'}",
"(7, 6, 4)",minecraft:bamboo_mosaic_slab,"{'type': 'bottom', 'waterlogged': 'false'}",
"(8, 6, 4)",minecraft:birch_slab,"{'type': 'bottom', 'waterlogged': 'false'}",
"(9, 6, 4)",minecraft:bamboo_slab,"{'type': 'bottom', 'waterlogged': 'false'}",
"(10, 6, 4)",minecraft:oak_leaves,"{'distance': '7', 'persistent': 'true', 'waterlogged': 'false'}",
"(11, 6, 4)",minecraft:spruce_stairs,"{'facing': 'south', 'half': 'bottom', 'shape': 'straight', 'waterlogged': 'false'}",
"(12, 6, 4)",minecraft:azalea_leaves,"{'distance': '7', 'persistent': 'true', 'waterlogged': 'false'}",
"(13, 6, 4)",minecraft:bamboo_mosaic_slab,"{'type': 'bottom', 'waterlogged': 'false'}",
"(14, 6, 4)",minecraft:birch_slab,"{'type': 'bottom', 'waterlogged': 'false'}",
"(15, 6, 4)",minecraft:bamboo_slab,"{'type': 'bottom', 'waterlogged': 'false'}",
"(16, 6, 4)",minecraft:tuff_wall,"{'east': 'low', 'north': 'none', 'south': 'low', 'up': 'true', 'waterlogged': 'false', 'west': 'none'}",
"(17, 6, 4)",minecraft:tuff,{},
"(18, 6, 4)",minecraft:tuff_wall,"{'east': 'none', 'north': 'none', 'south': 'tall', 'up': 'true', 'waterlogged': 'false', 'west': 'tall'}",
"(19, 6, 4)",minecraft:bamboo_slab,"{'type': 'bottom', 'waterlogged': 'false'}",
"(20, 6, 4)",minecraft:bamboo_mosaic_slab,"{'type': 'bottom', 'waterlogged': 'false'}",
"(21, 6, 4)",minecraft:granite,{},
"(22, 6, 4)",minecraft:spruce_stairs,"{'facing': 'south', 'half': 'top', 'shape': 'straight', 'waterlogged': 'false'}",
"(25, 6, 4)",minecraft:granite,{},
"(26, 6, 4)",minecraft:spruce_trapdoor,"{'facing': 'north', 'half': 'top', 'open': 'true', 'powered': 'false', 'waterlogged': 'false'}",
"(4, 6, 5)",minecraft:spruce_stairs,"{'facing': 'east', 'half': 'bottom', 'shape': 'straight', 'waterlogged': 'false'}",
"(5, 6, 5)",minecraft:oak_log,{'axis': 'y'},
"(6, 6, 5)",minecraft:brown_wool,{},
"(7, 6, 5)",minecraft:terracotta,{},
"(8, 6, 5)",minecraft:brown_wool,{},
"(9, 6, 5)",minecraft:brown_wool,{},
"(10, 6, 5)",minecraft:brown_wool,{},
"(11, 6, 5)",minecraft:mangrove_log,{'axis': 'y'},
"(12, 6, 5)",minecraft:granite,{},
"(13, 6, 5)",minecraft:granite,{},
"(14, 6, 5)",minecraft:granite,{},
"(15, 6, 5)",minecraft:granite,{},
"(16, 6, 5)",minecraft:granite,{},
"(17, 6, 5)",minecraft:stripped_spruce_log,{'axis': 'y'},
"(18, 6, 5)",minecraft:granite,{},
"(19, 6, 5)",minecraft:granite,{},
"(20, 6, 5)",minecraft:granite,{},
"(21, 6, 5)",minecraft:terracotta,{},
"(22, 6, 5)",minecraft:spruce_stairs,"{'facing': 'north', 'half': 'bottom', 'shape': 'straight', 'waterlogged': 'false'}",
"(23, 6, 5)",minecraft:stripped_spruce_log,{'axis': 'y'},
"(25, 6, 5)",minecraft:granite,{},
"(26, 6, 5)",minecraft:grass_block,{'snowy': 'false'},
"(27, 6, 5)",minecraft:spruce_trapdoor,"{'facing': 'east', 'half': 'top', 'open': 'true', 'powered': 'false', 'waterlogged': 'false'}",
"(0, 6, 6)",minecraft:jungle_slab,"{'type': 'bottom', 'waterlogged': 'false'}",
"(1, 6, 6)",minecraft:jungle_slab,"{'type': 'bottom', 'waterlogged': 'false'}",
"(2, 6, 6)",minecraft:jungle_slab,"{'type': 'bottom', 'waterlogged': 'false'}",
"(3, 6, 6)",minecraft:jungle_slab,"{'type': 'bottom', 'waterlogged': 'false'}",
"(4, 6, 6)",minecraft:jungle_slab,"{'type': 'bottom', 'waterlogged': 'false'}",
"(5, 6, 6)",minecraft:terracotta,{},
"(6, 6, 6)",minecraft:oak_leaves,"{'distance': '7', 'persistent': 'true', 'waterlogged': 'false'}",
"(8, 6, 6)",minecraft:bell,"{'attachment': 'floor', 'facing': 'north', 'powered': 'false'}","{components: {}, id: ""minecraft:bell""}"
"(10, 6, 6)",minecraft:gray_wall_banner,{'facing': 'south'},"{components: {}, id: ""minecraft:banner""}"
"(14, 6, 6)",minecraft:potted_bamboo,{},
"(15, 6, 6)",minecraft:white_candle,"{'candles': '4', 'lit': 'true', 'waterlogged': 'false'}",
"(17, 6, 6)",minecraft:spruce_wall_hanging_sign,"{'facing': 'east', 'waterlogged': 'false'}","{back_text: {has_glowing_text: 0b, color: ""black"", messages: ["""", """", """", """"]}, components: {}, is_waxed: 0b, id: ""minecraft:hanging_sign"", front_text: {has_glowing_text: 0b, color: ""black"", messages: ["""", """", """", """"]}}"
"(18, 6, 6)",minecraft:fletching_table,{},
"(19, 6, 6)",minecraft:crafting_table,{},
"(20, 6, 6)",minecraft:cartography_table,{},
"(21, 6, 6)",minecraft:spruce_trapdoor,"{'facing': 'south', 'half': 'top', 'open': 'true', 'powered': 'false', 'waterlogged': 'false'}",
"(25, 6, 6)",minecraft:granite,{},
"(26, 6, 6)",minecraft:spruce_trapdoor,"{'facing': 'south', 'half': 'top', 'open': 'true', 'powered': 'false', 'waterlogged': 'false'}",
"(0, 6, 7)",minecraft:jungle_slab,"{'type': 'double', 'waterlogged': 'false'}",
"(1, 6, 7)",minecraft:jungle_slab,"{'type': 'double', 'waterlogged': 'false'}",
"(2, 6, 7)",minecraft:jungle_slab,"{'type': 'top', 'waterlogged': 'false'}",
"(3, 6, 7)",minecraft:jungle_slab,"{'type': 'top', 'waterlogged': 'false'}",
"(4, 6, 7)",minecraft:jungle_slab,"{'type': 'top', 'waterlogged': 'false'}",
"(5, 6, 7)",minecraft:brown_wool,{},
"(11, 6, 7)",minecraft:candle,"{'candles': '4', 'lit': 'true', 'waterlogged': 'false'}",
"(17, 6, 7)",minecraft:spruce_wall_hanging_sign,"{'facing': 'east', 'waterlogged': 'false'}","{back_text: {has_glowing_text: 0b, color: ""black"", messages: ["""", """", """", """"]}, components: {}, is_waxed: 0b, id: ""minecraft:hanging_sign"", front_text: {has_glowing_text: 0b, color: ""black"", messages: ["""", """", """", """"]}}"
"(22, 6, 7)",minecraft:spruce_trapdoor,"{'facing': 'west', 'half': 'top', 'open': 'true', 'powered': 'false', 'waterlogged': 'false'}",
"(23, 6, 7)",minecraft:terracotta,{},
"(24, 6, 7)",minecraft:granite,{},
"(25, 6, 7)",minecraft:stripped_spruce_log,{'axis': 'y'},
"(26, 6, 7)",minecraft:spruce_stairs,"{'facing': 'west', 'half': 'bottom', 'shape': 'straight', 'waterlogged': 'false'}",
"(0, 6, 8)",minecraft:oak_slab,"{'type': 'top', 'waterlogged': 'false'}",
"(1, 6, 8)",minecraft:dark_oak_fence,"{'east': 'false', 'north': 'true', 'south': 'true', 'waterlogged': 'false', 'west': 'false'}",
"(5, 6, 8)",minecraft:brown_wool,{},
"(10, 6, 8)",minecraft:candle,"{'candles': '4', 'lit': 'true', 'waterlogged': 'false'}",
"(11, 6, 8)",minecraft:iron_chain,"{'axis': 'y', 'waterlogged': 'false'}",
"(12, 6, 8)",minecraft:candle,"{'candles': '4', 'lit': 'true', 'waterlogged': 'false'}",
"(17, 6, 8)",minecraft:spruce_wall_hanging_sign,"{'facing': 'east', 'waterlogged': 'false'}","{back_text: {has_glowing_text: 0b, color: ""black"", messages: ["""", """", """", """"]}, components: {}, is_waxed: 0b, id: ""minecraft:hanging_sign"", front_text: {has_glowing_text: 0b, color: ""black"", messages: ["""", """", """", """"]}}"
"(19, 6, 8)",minecraft:red_carpet,{},
"(20, 6, 8)",minecraft:red_carpet,{},
"(22, 6, 8)",minecraft:barrel,"{'facing': 'west', 'open': 'false'}","{components: {}, Items: [], id: ""minecraft:barrel""}"
"(23, 6, 8)",minecraft:terracotta,{},
"(24, 6, 8)",minecraft:spruce_trapdoor,"{'facing': 'north', 'half': 'top', 'open': 'true', 'powered': 'false', 'waterlogged': 'false'}",
"(25, 6, 8)",minecraft:dark_oak_stairs,"{'facing': 'north', 'half': 'bottom', 'shape': 'straight', 'waterlogged': 'false'}",
"(0, 6, 9)",minecraft:jungle_slab,"{'type': 'double', 'waterlogged': 'false'}",
"(1, 6, 9)",minecraft:jungle_slab,"{'type': 'double', 'waterlogged': 'false'}",
"(2, 6, 9)",minecraft:jungle_slab,"{'type': 'top', 'waterlogged': 'false'}",
"(3, 6, 9)",minecraft:jungle_slab,"{'type': 'top', 'waterlogged': 'false'}",
"(4, 6, 9)",minecraft:jungle_slab,"{'type': 'top', 'waterlogged': 'false'}",
"(5, 6, 9)",minecraft:brown_wool,{},
"(6, 6, 9)",minecraft:cyan_wall_banner,{'facing': 'east'},"{components: {}, id: ""minecraft:banner""}"
"(11, 6, 9)",minecraft:candle,"{'candles': '4', 'lit': 'true', 'waterlogged': 'false'}",
"(17, 6, 9)",minecraft:spruce_wall_hanging_sign,"{'facing': 'east', 'waterlogged': 'false'}","{back_text: {has_glowing_text: 0b, color: ""black"", messages: ["""", """", """", """"]}, components: {}, is_waxed: 0b, id: ""minecraft:hanging_sign"", front_text: {has_glowing_text: 0b, color: ""black"", messages: ["""", """", """", """"]}}"
"(19, 6, 9)",minecraft:orange_carpet,{},
"(20, 6, 9)",minecraft:orange_carpet,{},
"(22, 6, 9)",minecraft:barrel,"{'facing': 'west', 'open': 'false'}","{components: {}, Items: [], id: ""minecraft:barrel""}"
"(23, 6, 9)",minecraft:terracotta,{},
"(24, 6, 9)",minecraft:grass_block,{'snowy': 'false'},
"(25, 6, 9)",minecraft:spruce_trapdoor,"{'facing': 'east', 'half': 'bottom', 'open': 'true', 'powered': 'false', 'waterlogged': 'false'}",
"(0, 6, 10)",minecraft:jungle_slab,"{'type': 'bottom', 'waterlogged': 'false'}",
"(1, 6, 10)",minecraft:jungle_slab,"{'type': 'bottom', 'waterlogged': 'false'}",
"(2, 6, 10)",minecraft:jungle_slab,"{'type': 'bottom', 'waterlogged': 'false'}",
"(3, 6, 10)",minecraft:jungle_slab,"{'type': 'bottom', 'waterlogged': 'false'}",
"(4, 6, 10)",minecraft:jungle_slab,"{'type': 'bottom', 'waterlogged': 'false'}",
"(5, 6, 10)",minecraft:brown_wool,{},
"(7, 6, 10)",minecraft:brown_candle,"{'candles': '4', 'lit': 'true', 'waterlogged': 'false'}",
"(9, 6, 10)",minecraft:oak_leaves,"{'distance': '7', 'persistent': 'true', 'waterlogged': 'false'}",
"(10, 6, 10)",minecraft:potted_fern,{},
"(17, 6, 10)",minecraft:spruce_wall_hanging_sign,"{'facing': 'east', 'waterlogged': 'false'}","{back_text: {has_glowing_text: 0b, color: ""black"", messages: ["""", """", """", """"]}, components: {}, is_waxed: 0b, id: ""minecraft:hanging_sign"", front_text: {has_glowing_text: 0b, color: ""black"", messages: ["""", """", """", """"]}}"
"(18, 6, 10)",minecraft:ender_chest,"{'facing': 'east', 'waterlogged': 'false'}","{components: {}, id: ""minecraft:ender_chest""}"
"(19, 6, 10)",minecraft:yellow_carpet,{},
"(20, 6, 10)",minecraft:yellow_carpet,{},
"(22, 6, 10)",minecraft:barrel,"{'facing': 'west', 'open': 'false'}","{components: {}, Items: [], id: ""minecraft:barrel""}"
"(23, 6, 10)",minecraft:granite,{},
"(24, 6, 10)",minecraft:spruce_trapdoor,"{'facing': 'south', 'half': 'top', 'open': 'true', 'powered': 'false', 'waterlogged': 'false'}",
"(4, 6, 11)",minecraft:spruce_stairs,"{'facing': 'east', 'half': 'bottom', 'shape': 'straight', 'waterlogged': 'false'}",
"(5, 6, 11)",minecraft:oak_log,{'axis': 'y'},
"(6, 6, 11)",minecraft:terracotta,{},
"(7, 6, 11)",minecraft:brown_wool,{},
"(8, 6, 11)",minecraft:terracotta,{},
"(9, 6, 11)",minecraft:brown_wool,{},
"(10, 6, 11)",minecraft:brown_wool,{},
"(11, 6, 11)",minecraft:stripped_dark_oak_log,{'axis': 'y'},
"(12, 6, 11)",minecraft:spruce_wall_hanging_sign,"{'facing': 'north', 'waterlogged': 'false'}","{back_text: {has_glowing_text: 0b, color: ""black"", messages: ["""", """", """", """"]}, components: {}, is_waxed: 0b, id: ""minecraft:hanging_sign"", front_text: {has_glowing_text: 0b, color: ""black"", messages: ["""", """", """", """"]}}"
"(13, 6, 11)",minecraft:spruce_wall_hanging_sign,"{'facing': 'north', 'waterlogged': 'false'}","{back_text: {has_glowing_text: 0b, color: ""black"", messages: ["""", """", """", """"]}, components: {}, is_waxed: 0b, id: ""minecraft:hanging_sign"", front_text: {has_glowing_text: 0b, color: ""black"", messages: ["""", """", """", """"]}}"
"(14, 6, 11)",minecraft:spruce_wall_hanging_sign,"{'facing': 'south', 'waterlogged': 'false'}","{back_text: {has_glowing_text: 0b, color: ""black"", messages: ["""", """", """", """"]}, components: {}, is_waxed: 0b, id: ""minecraft:hanging_sign"", front_text: {has_glowing_text: 0b, color: ""black"", messages: ["""", """", """", """"]}}"
"(15, 6, 11)",minecraft:spruce_wall_hanging_sign,"{'facing': 'south', 'waterlogged': 'false'}","{back_text: {has_glowing_text: 0b, color: ""black"", messages: ["""", """", """", """"]}, components: {}, is_waxed: 0b, id: ""minecraft:hanging_sign"", front_text: {has_glowing_text: 0b, color: ""black"", messages: ["""", """", """", """"]}}"
"(16, 6, 11)",minecraft:spruce_wall_hanging_sign,"{'facing': 'south', 'waterlogged': 'false'}","{back_text: {has_glowing_text: 0b, color: ""black"", messages: ["""", """", """", """"]}, components: {}, is_waxed: 0b, id: ""minecraft:hanging_sign"", front_text: {has_glowing_text: 0b, color: ""black"", messages: ["""", """", """", """"]}}"
"(17, 6, 11)",minecraft:stripped_spruce_log,{'axis': 'y'},
"(18, 6, 11)",minecraft:barrel,"{'facing': 'east', 'open': 'false'}","{components: {}, Items: [], id: ""minecraft:barrel""}"
"(19, 6, 11)",minecraft:lime_carpet,{},
"(20, 6, 11)",minecraft:lime_carpet,{},
"(22, 6, 11)",minecraft:potted_bamboo,{},
"(23, 6, 11)",minecraft:stripped_spruce_log,{'axis': 'y'},
"(24, 6, 11)",minecraft:spruce_stairs,"{'facing': 'west', 'half': 'bottom', 'shape': 'straight', 'waterlogged': 'false'}",
"(5, 6, 12)",minecraft:dark_oak_stairs,"{'facing': 'north', 'half': 'bottom', 'shape': 'straight', 'waterlogged': 'false'}",
"(6, 6, 12)",minecraft:oak_leaves,"{'distance': '7', 'persistent': 'true', 'waterlogged': 'false'}",
"(7, 6, 12)",minecraft:dark_oak_slab,"{'type': 'bottom', 'waterlogged': 'false'}",
"(9, 6, 12)",minecraft:dark_oak_slab,"{'type': 'bottom', 'waterlogged': 'false'}",
"(10, 6, 12)",minecraft:oak_leaves,"{'distance': '7', 'persistent': 'true', 'waterlogged': 'false'}",
"(11, 6, 12)",minecraft:terracotta,{},
"(12, 6, 12)",minecraft:barrel,"{'facing': 'east', 'open': 'false'}","{components: {}, Items: [], id: ""minecraft:barrel""}"
"(13, 6, 12)",minecraft:decorated_pot,"{'cracked': 'false', 'facing': 'west', 'waterlogged': 'false'}","{components: {}, id: ""minecraft:decorated_pot""}"
"(15, 6, 12)",minecraft:spruce_trapdoor,"{'facing': 'west', 'half': 'bottom', 'open': 'false', 'powered': 'false', 'waterlogged': 'false'}",
"(16, 6, 12)",minecraft:barrel,"{'facing': 'south', 'open': 'false'}","{components: {}, Items: [], id: ""minecraft:barrel""}"
"(17, 6, 12)",minecraft:barrel,"{'facing': 'south', 'open': 'false'}","{components: {}, Items: [], id: ""minecraft:barrel""}"
"(18, 6, 12)",minecraft:barrel,"{'facing': 'up', 'open': 'false'}","{components: {}, Items: [], id: ""minecraft:barrel""}"
"(19, 6, 12)",minecraft:green_carpet,{},
"(20, 6, 12)",minecraft:green_carpet,{},
"(22, 6, 12)",minecraft:barrel,"{'facing': 'west', 'open': 'false'}","{components: {}, Items: [], id: ""minecraft:barrel""}"
"(23, 6, 12)",minecraft:terracotta,{},
"(10, 6, 13)",minecraft:spruce_slab,"{'type': 'bottom', 'waterlogged': 'false'}",
"(11, 6, 13)",minecraft:terracotta,{},
"(12, 6, 13)",minecraft:barrel,"{'facing': 'east', 'open': 'false'}","{components: {}, Items: [], id: ""minecraft:barrel""}"
"(15, 6, 13)",minecraft:magenta_carpet,{},
"(16, 6, 13)",minecraft:purple_carpet,{},
"(19, 6, 13)",minecraft:cyan_carpet,{},
"(20, 6, 13)",minecraft:cyan_carpet,{},
"(22, 6, 13)",minecraft:barrel,"{'facing': 'west', 'open': 'false'}","{components: {}, Items: [], id: ""minecraft:barrel""}"
"(23, 6, 13)",minecraft:terracotta,{},
"(24, 6, 13)",minecraft:tuff_wall,"{'east': 'none', 'north': 'none', 'south': 'tall', 'up': 'true', 'waterlogged': 'false', 'west': 'tall'}",
"(10, 6, 14)",minecraft:spruce_trapdoor,"{'facing': 'north', 'half': 'bottom', 'open': 'true', 'powered': 'false', 'waterlogged': 'false'}",
"(11, 6, 14)",minecraft:granite,{},
"(12, 6, 14)",minecraft:barrel,"{'facing': 'east', 'open': 'false'}","{components: {}, Items: [], id: ""minecraft:barrel""}"
"(14, 6, 14)",minecraft:spruce_trapdoor,"{'facing': 'north', 'half': 'bottom', 'open': 'false', 'powered': 'false', 'waterlogged': 'false'}",
"(15, 6, 14)",minecraft:magenta_carpet,{},
"(16, 6, 14)",minecraft:purple_carpet,{},
"(19, 6, 14)",minecraft:blue_carpet,{},
"(20, 6, 14)",minecraft:blue_carpet,{},
"(22, 6, 14)",minecraft:barrel,"{'facing': 'west', 'open': 'false'}","{components: {}, Items: [], id: ""minecraft:barrel""}"
"(23, 6, 14)",minecraft:granite,{},
"(24, 6, 14)",minecraft:tuff,{},
"(25, 6, 14)",minecraft:cobblestone_wall,"{'east': 'none', 'north': 'none', 'south': 'none', 'up': 'true', 'waterlogged': 'false', 'west': 'low'}",
"(9, 6, 15)",minecraft:spruce_trapdoor,"{'facing': 'west', 'half': 'top', 'open': 'true', 'powered': 'false', 'waterlogged': 'false'}",
"(10, 6, 15)",minecraft:grass_block,{'snowy': 'false'},
"(11, 6, 15)",minecraft:granite,{},
"(12, 6, 15)",minecraft:barrel,"{'facing': 'east', 'open': 'false'}","{components: {}, Items: [], id: ""minecraft:barrel""}"
"(14, 6, 15)",minecraft:pink_carpet,{},
"(15, 6, 15)",minecraft:magenta_carpet,{},
"(22, 6, 15)",minecraft:barrel,"{'facing': 'west', 'open': 'false'}","{components: {}, Items: [], id: ""minecraft:barrel""}"
"(23, 6, 15)",minecraft:granite,{},
"(24, 6, 15)",minecraft:tuff_wall,"{'east': 'none', 'north': 'tall', 'south': 'none', 'up': 'true', 'waterlogged': 'false', 'west': 'tall'}",
"(10, 6, 16)",minecraft:spruce_trapdoor,"{'facing': 'south', 'half': 'top', 'open': 'true', 'powered': 'false', 'waterlogged': 'false'}",
"(11, 6, 16)",minecraft:granite,{},
"(13, 6, 16)",minecraft:spruce_trapdoor,"{'facing': 'north', 'half': 'bottom', 'open': 'false', 'powered': 'false', 'waterlogged': 'false'}",
"(15, 6, 16)",minecraft:spruce_trapdoor,"{'facing': 'north', 'half': 'bottom', 'open': 'false', 'powered': 'false', 'waterlogged': 'false'}",
"(16, 6, 16)",minecraft:spruce_trapdoor,"{'facing': 'west', 'half': 'bottom', 'open': 'true', 'powered': 'false', 'waterlogged': 'false'}",
"(17, 6, 16)",minecraft:barrel,"{'facing': 'north', 'open': 'false'}","{components: {}, Items: [], id: ""minecraft:barrel""}"
"(18, 6, 16)",minecraft:barrel,"{'facing': 'north', 'open': 'false'}","{components: {}, Items: [], id: ""minecraft:barrel""}"
"(19, 6, 16)",minecraft:spruce_trapdoor,"{'facing': 'east', 'half': 'bottom', 'open': 'true', 'powered': 'false', 'waterlogged': 'false'}",
"(20, 6, 16)",minecraft:loom,{'facing': 'north'},
"(22, 6, 16)",minecraft:barrel,"{'facing': 'west', 'open': 'false'}","{components: {}, Items: [], id: ""minecraft:barrel""}"
"(23, 6, 16)",minecraft:granite,{},
"(24, 6, 16)",minecraft:oak_leaves,"{'distance': '7', 'persistent': 'true', 'waterlogged': 'false'}",
"(10, 6, 17)",minecraft:dark_oak_stairs,"{'facing': 'east', 'half': 'bottom', 'shape': 'straight', 'waterlogged': 'false'}",
"(11, 6, 17)",minecraft:stripped_spruce_log,{'axis': 'y'},
"(12, 6, 17)",minecraft:chest,"{'facing': 'east', 'type': 'left', 'waterlogged': 'false'}","{components: {}, Items: [], id: ""minecraft:chest""}"
"(13, 6, 17)",minecraft:chest,"{'facing': 'east', 'type': 'left', 'waterlogged': 'false'}","{components: {}, Items: [], id: ""minecraft:chest""}"
"(14, 6, 17)",minecraft:chest,"{'facing': 'east', 'type': 'left', 'waterlogged': 'false'}","{components: {}, Items: [], id: ""minecraft:chest""}"
"(15, 6, 17)",minecraft:chest,"{'facing': 'east', 'type': 'left', 'waterlogged': 'false'}","{components: {}, Items: [], id: ""minecraft:chest""}"
"(16, 6, 17)",minecraft:chest,"{'facing': 'east', 'type': 'left', 'waterlogged': 'false'}","{components: {}, Items: [], id: ""minecraft:chest""}"
"(17, 6, 17)",minecraft:stripped_spruce_log,{'axis': 'y'},
"(18, 6, 17)",minecraft:terracotta,{},
"(19, 6, 17)",minecraft:terracotta,{},
"(20, 6, 17)",minecraft:granite,{},
"(21, 6, 17)",minecraft:terracotta,{},
"(22, 6, 17)",minecraft:granite,{},
"(23, 6, 17)",minecraft:stripped_spruce_log,{'axis': 'y'},
"(24, 6, 17)",minecraft:dark_oak_stairs,"{'facing': 'west', 'half': 'bottom', 'shape': 'straight', 'waterlogged': 'false'}",
"(11, 6, 18)",minecraft:brown_wool,{},
"(12, 6, 18)",minecraft:chest,"{'facing': 'east', 'type': 'right', 'waterlogged': 'false'}","{components: {}, Items: [], id: ""minecraft:chest""}"
"(13, 6, 18)",minecraft:chest,"{'facing': 'east', 'type': 'right', 'waterlogged': 'false'}","{components: {}, Items: [], id: ""minecraft:chest""}"
"(14, 6, 18)",minecraft:chest,"{'facing': 'east', 'type': 'right', 'waterlogged': 'false'}","{components: {}, Items: [], id: ""minecraft:chest""}"
"(15, 6, 18)",minecraft:chest,"{'facing': 'east', 'type': 'right', 'waterlogged': 'false'}","{components: {}, Items: [], id: ""minecraft:chest""}"
"(16, 6, 18)",minecraft:chest,"{'facing': 'east', 'type': 'right', 'waterlogged': 'false'}","{components: {}, Items: [], id: ""minecraft:chest""}"
"(17, 6, 18)",minecraft:brown_wool,{},
"(18, 6, 18)",minecraft:spruce_trapdoor,"{'facing': 'west', 'half': 'top', 'open': 'true', 'powered': 'false', 'waterlogged': 'false'}",
"(19, 6, 18)",minecraft:grass_block,{'snowy': 'false'},
"(20, 6, 18)",minecraft:grass_block,{'snowy': 'false'},
"(21, 6, 18)",minecraft:grass_block,{'snowy': 'false'},
"(22, 6, 18)",minecraft:spruce_trapdoor,"{'facing': 'east', 'half': 'top', 'open': 'true', 'powered': 'false', 'waterlogged': 'false'}",
"(23, 6, 18)",minecraft:dark_oak_stairs,"{'facing': 'north', 'half': 'bottom', 'shape': 'straight', 'waterlogged': 'false'}",
"(10, 6, 19)",minecraft:spruce_slab,"{'type': 'bottom', 'waterlogged': 'false'}",
"(11, 6, 19)",minecraft:terracotta,{},
"(12, 6, 19)",minecraft:brown_wool,{},
"(13, 6, 19)",minecraft:brown_wool,{},
"(14, 6, 19)",minecraft:brown_wool,{},
"(15, 6, 19)",minecraft:brown_wool,{},
"(16, 6, 19)",minecraft:brown_wool,{},
"(17, 6, 19)",minecraft:brown_wool,{},
"(18, 6, 19)",minecraft:dark_oak_slab,"{'type': 'bottom', 'waterlogged': 'false'}",
"(19, 6, 19)",minecraft:spruce_trapdoor,"{'facing': 'south', 'half': 'top', 'open': 'true', 'powered': 'false', 'waterlogged': 'false'}",
"(20, 6, 19)",minecraft:spruce_trapdoor,"{'facing': 'south', 'half': 'top', 'open': 'true', 'powered': 'false', 'waterlogged': 'false'}",
"(21, 6, 19)",minecraft:spruce_trapdoor,"{'facing': 'south', 'half': 'top', 'open': 'true', 'powered': 'false', 'waterlogged': 'false'}",
"(10, 6, 20)",minecraft:oak_leaves,"{'distance': '7', 'persistent': 'true', 'waterlogged': 'false'}",
"(11, 6, 20)",minecraft:terracotta,{},
"(17, 6, 20)",minecraft:terracotta,{},
"(10, 6, 21)",minecraft:dark_oak_slab,"{'type': 'bottom', 'waterlogged': 'false'}",
"(11, 6, 21)",minecraft:terracotta,{},
"(17, 6, 21)",minecraft:terracotta,{},
"(18, 6, 21)",minecraft:spruce_slab,"{'type': 'bottom', 'waterlogged': 'false'}",
"(11, 6, 22)",minecraft:terracotta,{},
"(17, 6, 22)",minecraft:terracotta,{},
"(18, 6, 22)",minecraft:oak_leaves,"{'distance': '7', 'persistent': 'true', 'waterlogged': 'false'}",
"(10, 6, 23)",minecraft:dark_oak_stairs,"{'facing': 'east', 'half': 'bottom', 'shape': 'straight', 'waterlogged': 'false'}",
"(11, 6, 23)",minecraft:mangrove_log,{'axis': 'y'},
"(12, 6, 23)",minecraft:brown_wool,{},
"(13, 6, 23)",minecraft:brown_wool,{},
"(14, 6, 23)",minecraft:brown_wool,{},
"(15, 6, 23)",minecraft:brown_wool,{},
"(16, 6, 23)",minecraft:brown_wool,{},
"(17, 6, 23)",minecraft:mangrove_log,{'axis': 'y'},
"(18, 6, 23)",minecraft:dark_oak_stairs,"{'facing': 'west', 'half': 'bottom', 'shape': 'straight', 'waterlogged': 'false'}",
"(11, 6, 24)",minecraft:dark_oak_stairs,"{'facing': 'north', 'half': 'bottom', 'shape': 'straight', 'waterlogged': 'false'}",
"(12, 6, 24)",minecraft:oak_leaves,"{'distance': '7', 'persistent': 'true', 'waterlogged': 'false'}",
"(13, 6, 24)",minecraft:spruce_slab,"{'type': 'bottom', 'waterlogged': 'false'}",
"(14, 6, 24)",minecraft:tuff,{},
"(15, 6, 24)",minecraft:spruce_slab,"{'type': 'bottom', 'waterlogged': 'false'}",
"(17, 6, 24)",minecraft:dark_oak_stairs,"{'facing': 'north', 'half': 'bottom', 'shape': 'straight', 'waterlogged': 'false'}",
"(21, 7, 2)",minecraft:spruce_fence,"{'east': 'false', 'north': 'false', 'south': 'true', 'waterlogged': 'false', 'west': 'false'}",
"(23, 7, 2)",minecraft:spruce_trapdoor,"{'facing': 'north', 'half': 'top', 'open': 'false', 'powered': 'false', 'waterlogged': 'false'}",
"(25, 7, 2)",minecraft:spruce_fence,"{'east': 'false', 'north': 'false', 'south': 'true', 'waterlogged': 'false', 'west': 'false'}",
"(17, 7, 3)",minecraft:cobblestone_wall,"{'east': 'none', 'north': 'none', 'south': 'tall', 'up': 'true', 'waterlogged': 'false', 'west': 'none'}",
"(20, 7, 3)",minecraft:spruce_fence,"{'east': 'true', 'north': 'false', 'south': 'false', 'waterlogged': 'false', 'west': 'false'}",
"(21, 7, 3)",minecraft:stripped_spruce_log,{'axis': 'y'},
"(22, 7, 3)",minecraft:granite,{},
"(23, 7, 3)",minecraft:granite,{},
"(24, 7, 3)",minecraft:granite,{},
"(25, 7, 3)",minecraft:stripped_spruce_log,{'axis': 'y'},
"(26, 7, 3)",minecraft:spruce_fence,"{'east': 'false', 'north': 'false', 'south': 'false', 'waterlogged': 'false', 'west': 'true'}",
"(4, 7, 4)",minecraft:mud_bricks,{},
"(5, 7, 4)",minecraft:packed_mud,{},
"(6, 7, 4)",minecraft:packed_mud,{},
"(7, 7, 4)",minecraft:mud_bricks,{},
"(8, 7, 4)",minecraft:mud_bricks,{},
"(9, 7, 4)",minecraft:packed_mud,{},
"(10, 7, 4)",minecraft:mud_bricks,{},
"(17, 7, 4)",minecraft:tuff,{},
"(18, 7, 4)",minecraft:cobblestone_wall,"{'east': 'none', 'north': 'none', 'south': 'low', 'up': 'true', 'waterlogged': 'false', 'west': 'low'}",
"(21, 7, 4)",minecraft:granite,{},
"(22, 7, 4)",minecraft:spruce_stairs,"{'facing': 'north', 'half': 'bottom', 'shape': 'straight', 'waterlogged': 'false'}",
"(23, 7, 4)",minecraft:spruce_stairs,"{'facing': 'west', 'half': 'top', 'shape': 'straight', 'waterlogged': 'false'}",
"(25, 7, 4)",minecraft:terracotta,{},
"(4, 7, 5)",minecraft:dark_oak_fence,"{'east': 'true', 'north': 'true', 'south': 'false', 'waterlogged': 'false', 'west': 'false'}",
"(5, 7, 5)",minecraft:mangrove_log,{'axis': 'y'},
"(6, 7, 5)",minecraft:brown_wool,{},
"(7, 7, 5)",minecraft:brown_wool,{},
"(8, 7, 5)",minecraft:terracotta,{},
"(9, 7, 5)",minecraft:terracotta,{},
"(10, 7, 5)",minecraft:brown_wool,{},
"(11, 7, 5)",minecraft:stripped_dark_oak_log,{'axis': 'y'},
"(12, 7, 5)",minecraft:terracotta,{},
"(13, 7, 5)",minecraft:white_stained_glass_pane,"{'east': 'true', 'north': 'false', 'south': 'false', 'waterlogged': 'false', 'west': 'true'}",
"(14, 7, 5)",minecraft:light_gray_stained_glass_pane,"{'east': 'true', 'north': 'false', 'south': 'false', 'waterlogged': 'false', 'west': 'true'}",
"(15, 7, 5)",minecraft:light_gray_stained_glass_pane,"{'east': 'true', 'north': 'false', 'south': 'false', 'waterlogged': 'false', 'west': 'true'}",
"(16, 7, 5)",minecraft:terracotta,{},
"(17, 7, 5)",minecraft:oak_log,{'axis': 'y'},
"(18, 7, 5)",minecraft:terracotta,{},
"(19, 7, 5)",minecraft:white_stained_glass_pane,"{'east': 'true', 'north': 'false', 'south': 'false', 'waterlogged': 'false', 'west': 'true'}",
"(20, 7, 5)",minecraft:terracotta,{},
"(21, 7, 5)",minecraft:terracotta,{},
"(23, 7, 5)",minecraft:oak_log,{'axis': 'y'},
"(25, 7, 5)",minecraft:light_gray_stained_glass_pane,"{'east': 'false', 'north': 'true', 'south': 'true', 'waterlogged': 'false', 'west': 'false'}",
"(26, 7, 5)",minecraft:flowering_azalea,{},
"(5, 7, 6)",minecraft:brown_wool,{},
"(19, 7, 6)",minecraft:potted_torchflower,{},
"(21, 7, 6)",minecraft:spruce_trapdoor,"{'facing': 'south', 'half': 'top', 'open': 'true', 'powered': 'false', 'waterlogged': 'false'}",
"(25, 7, 6)",minecraft:granite,{},
"(4, 7, 7)",minecraft:oak_leaves,"{'distance': '7', 'persistent': 'true', 'waterlogged': 'false'}",
"(5, 7, 7)",minecraft:terracotta,{},
"(17, 7, 7)",minecraft:potted_azalea_bush,{},
"(22, 7, 7)",minecraft:spruce_trapdoor,"{'facing': 'west', 'half': 'top', 'open': 'true', 'powered': 'false', 'waterlogged': 'false'}",
"(23, 7, 7)",minecraft:terracotta,{},
"(24, 7, 7)",minecraft:terracotta,{},
"(25, 7, 7)",minecraft:stripped_spruce_log,{'axis': 'y'},
"(26, 7, 7)",minecraft:spruce_fence,"{'east': 'false', 'north': 'false', 'south': 'false', 'waterlogged': 'false', 'west': 'true'}",
"(0, 7, 8)",minecraft:oak_slab,"{'type': 'bottom', 'waterlogged': 'false'}",
"(1, 7, 8)",minecraft:oak_slab,"{'type': 'bottom', 'waterlogged': 'false'}",
"(2, 7, 8)",minecraft:oak_slab,"{'type': 'bottom', 'waterlogged': 'false'}",
"(3, 7, 8)",minecraft:oak_slab,"{'type': 'bottom', 'waterlogged': 'false'}",
"(4, 7, 8)",minecraft:oak_slab,"{'type': 'bottom', 'waterlogged': 'false'}",
"(5, 7, 8)",minecraft:brown_wool,{},
"(11, 7, 8)",minecraft:iron_chain,"{'axis': 'y', 'waterlogged': 'false'}",
"(22, 7, 8)",minecraft:barrel,"{'facing': 'west', 'open': 'false'}","{components: {}, Items: [], id: ""minecraft:barrel""}"
"(23, 7, 8)",minecraft:brown_wool,{},
"(25, 7, 8)",minecraft:dark_oak_fence,"{'east': 'false', 'north': 'true', 'south': 'false', 'waterlogged': 'false', 'west': 'false'}",
"(5, 7, 9)",minecraft:terracotta,{},
"(22, 7, 9)",minecraft:green_candle,"{'candles': '4', 'lit': 'true', 'waterlogged': 'false'}",
"(23, 7, 9)",minecraft:white_stained_glass_pane,"{'east': 'false', 'north': 'true', 'south': 'true', 'waterlogged': 'false', 'west': 'false'}",
"(24, 7, 9)",minecraft:oxeye_daisy,{},
"(5, 7, 10)",minecraft:terracotta,{},
"(22, 7, 10)",minecraft:barrel,"{'facing': 'west', 'open': 'false'}","{components: {}, Items: [], id: ""minecraft:barrel""}"
"(23, 7, 10)",minecraft:terracotta,{},
"(4, 7, 11)",minecraft:dark_oak_fence,"{'east': 'true', 'north': 'false', 'south': 'true', 'waterlogged': 'false', 'west': 'false'}",
"(5, 7, 11)",minecraft:mangrove_log,{'axis': 'y'},
"(6, 7, 11)",minecraft:brown_wool,{},
"(7, 7, 11)",minecraft:terracotta,{},
"(8, 7, 11)",minecraft:brown_wool,{},
"(9, 7, 11)",minecraft:terracotta,{},
"(10, 7, 11)",minecraft:terracotta,{},
"(11, 7, 11)",minecraft:stripped_dark_oak_log,{'axis': 'y'},
"(16, 7, 11)",minecraft:potted_pink_tulip,{},
"(17, 7, 11)",minecraft:oak_log,{'axis': 'y'},
"(18, 7, 11)",minecraft:barrel,"{'facing': 'east', 'open': 'false'}","{components: {}, Items: [], id: ""minecraft:barrel""}"
"(22, 7, 11)",minecraft:oak_leaves,"{'distance': '1', 'persistent': 'true', 'waterlogged': 'false'}",
"(23, 7, 11)",minecraft:oak_log,{'axis': 'y'},
"(4, 7, 12)",minecraft:mud_bricks,{},
"(5, 7, 12)",minecraft:packed_mud,{},
"(6, 7, 12)",minecraft:mud_bricks,{},
"(7, 7, 12)",minecraft:mud_bricks,{},
"(8, 7, 12)",minecraft:mud_bricks,{},
"(9, 7, 12)",minecraft:packed_mud,{},
"(10, 7, 12)",minecraft:packed_mud,{},
"(11, 7, 12)",minecraft:brown_wool,{},
"(12, 7, 12)",minecraft:barrel,"{'facing': 'east', 'open': 'false'}","{components: {}, Items: [], id: ""minecraft:barrel""}"
"(13, 7, 12)",minecraft:potted_bamboo,{},
"(16, 7, 12)",minecraft:barrel,"{'facing': 'south', 'open': 'false'}","{components: {}, Items: [], id: ""minecraft:barrel""}"
"(17, 7, 12)",minecraft:barrel,"{'facing': 'south', 'open': 'false'}","{components: {}, Items: [], id: ""minecraft:barrel""}"
"(18, 7, 12)",minecraft:potted_azalea_bush,{},
"(22, 7, 12)",minecraft:barrel,"{'facing': 'west', 'open': 'false'}","{components: {}, Items: [], id: ""minecraft:barrel""}"
"(23, 7, 12)",minecraft:terracotta,{},
"(24, 7, 12)",minecraft:azalea_leaves,"{'distance': '7', 'persistent': 'true', 'waterlogged': 'false'}",
"(11, 7, 13)",minecraft:terracotta,{},
"(12, 7, 13)",minecraft:barrel,"{'facing': 'east', 'open': 'false'}","{components: {}, Items: [], id: ""minecraft:barrel""}"
"(22, 7, 13)",minecraft:pointed_dripstone,"{'thickness': 'tip', 'vertical_direction': 'up', 'waterlogged': 'false'}",
"(23, 7, 13)",minecraft:terracotta,{},
"(24, 7, 13)",minecraft:cobblestone_wall,"{'east': 'none', 'north': 'none', 'south': 'low', 'up': 'true', 'waterlogged': 'false', 'west': 'low'}",
"(11, 7, 14)",minecraft:light_gray_stained_glass_pane,"{'east': 'false', 'north': 'true', 'south': 'true', 'waterlogged': 'false', 'west': 'false'}",
"(12, 7, 14)",minecraft:spruce_trapdoor,"{'facing': 'south', 'half': 'top', 'open': 'true', 'powered': 'false', 'waterlogged': 'false'}",
"(22, 7, 14)",minecraft:barrel,"{'facing': 'west', 'open': 'false'}","{components: {}, Items: [], id: ""minecraft:barrel""}"
"(23, 7, 14)",minecraft:terracotta,{},
"(24, 7, 14)",minecraft:tuff,{},
"(10, 7, 15)",minecraft:allium,{},
"(11, 7, 15)",minecraft:light_gray_stained_glass_pane,"{'east': 'false', 'north': 'true', 'south': 'true', 'waterlogged': 'false', 'west': 'false'}",
"(12, 7, 15)",minecraft:spruce_trapdoor,"{'facing': 'north', 'half': 'top', 'open': 'true', 'powered': 'false', 'waterlogged': 'false'}",
"(22, 7, 15)",minecraft:potted_blue_orchid,{},
"(23, 7, 15)",minecraft:terracotta,{},
"(24, 7, 15)",minecraft:tuff_wall,"{'east': 'none', 'north': 'tall', 'south': 'none', 'up': 'true', 'waterlogged': 'false', 'west': 'tall'}",
"(11, 7, 16)",minecraft:granite,{},
"(16, 7, 16)",minecraft:spruce_trapdoor,"{'facing': 'west', 'half': 'bottom', 'open': 'true', 'powered': 'false', 'waterlogged': 'false'}",
"(17, 7, 16)",minecraft:cyan_candle,"{'candles': '4', 'lit': 'true', 'waterlogged': 'false'}",
"(18, 7, 16)",minecraft:barrel,"{'facing': 'north', 'open': 'false'}","{components: {}, Items: [], id: ""minecraft:barrel""}"
"(19, 7, 16)",minecraft:spruce_trapdoor,"{'facing': 'east', 'half': 'bottom', 'open': 'true', 'powered': 'false', 'waterlogged': 'false'}",
"(22, 7, 16)",minecraft:barrel,"{'facing': 'west', 'open': 'false'}","{components: {}, Items: [], id: ""minecraft:barrel""}"
"(23, 7, 16)",minecraft:granite,{},
"(11, 7, 17)",minecraft:oak_log,{'axis': 'y'},
"(12, 7, 17)",minecraft:chest,"{'facing': 'east', 'type': 'left', 'waterlogged': 'false'}","{components: {}, Items: [], id: ""minecraft:chest""}"
"(13, 7, 17)",minecraft:chest,"{'facing': 'east', 'type': 'left', 'waterlogged': 'false'}","{components: {}, Items: [], id: ""minecraft:chest""}"
"(14, 7, 17)",minecraft:chest,"{'facing': 'east', 'type': 'left', 'waterlogged': 'false'}","{components: {}, Items: [], id: ""minecraft:chest""}"
"(15, 7, 17)",minecraft:chest,"{'facing': 'east', 'type': 'left', 'waterlogged': 'false'}","{components: {}, Items: [], id: ""minecraft:chest""}"
"(16, 7, 17)",minecraft:chest,"{'facing': 'east', 'type': 'left', 'waterlogged': 'false'}","{components: {}, Items: [], id: ""minecraft:chest""}"
"(17, 7, 17)",minecraft:oak_log,{'axis': 'y'},
"(18, 7, 17)",minecraft:brown_wool,{},
"(19, 7, 17)",minecraft:light_gray_stained_glass_pane,"{'east': 'true', 'north': 'false', 'south': 'false', 'waterlogged': 'false', 'west': 'true'}",
"(20, 7, 17)",minecraft:light_gray_stained_glass_pane,"{'east': 'true', 'north': 'false', 'south': 'false', 'waterlogged': 'false', 'west': 'true'}",
"(21, 7, 17)",minecraft:white_stained_glass_pane,"{'east': 'true', 'north': 'false', 'south': 'false', 'waterlogged': 'false', 'west': 'true'}",
"(22, 7, 17)",minecraft:terracotta,{},
"(23, 7, 17)",minecraft:oak_log,{'axis': 'y'},
"(11, 7, 18)",minecraft:brown_wool,{},
"(12, 7, 18)",minecraft:chest,"{'facing': 'east', 'type': 'right', 'waterlogged': 'false'}","{components: {}, Items: [], id: ""minecraft:chest""}"
"(13, 7, 18)",minecraft:chest,"{'facing': 'east', 'type': 'right', 'waterlogged': 'false'}","{components: {}, Items: [], id: ""minecraft:chest""}"
"(14, 7, 18)",minecraft:chest,"{'facing': 'east', 'type': 'right', 'waterlogged': 'false'}","{components: {}, Items: [], id: ""minecraft:chest""}"
"(15, 7, 18)",minecraft:chest,"{'facing': 'east', 'type': 'right', 'waterlogged': 'false'}","{components: {}, Items: [], id: ""minecraft:chest""}"
"(16, 7, 18)",minecraft:chest,"{'facing': 'east', 'type': 'right', 'waterlogged': 'false'}","{components: {}, Items: [], id: ""minecraft:chest""}"
"(17, 7, 18)",minecraft:brown_wool,{},
"(19, 7, 18)",minecraft:flowering_azalea_leaves,"{'distance': '7', 'persistent': 'true', 'waterlogged': 'false'}",
"(20, 7, 18)",minecraft:azure_bluet,{},
"(21, 7, 18)",minecraft:flowering_azalea_leaves,"{'distance': '7', 'persistent': 'true', 'waterlogged': 'false'}",
"(11, 7, 19)",minecraft:brown_wool,{},
"(12, 7, 19)",minecraft:brown_wool,{},
"(13, 7, 19)",minecraft:brown_wool,{},
"(14, 7, 19)",minecraft:brown_wool,{},
"(15, 7, 19)",minecraft:brown_wool,{},
"(16, 7, 19)",minecraft:brown_wool,{},
"(17, 7, 19)",minecraft:brown_wool,{},
"(10, 7, 20)",minecraft:jungle_slab,"{'type': 'top', 'waterlogged': 'false'}",
"(11, 7, 20)",minecraft:brown_wool,{},
"(17, 7, 20)",minecraft:brown_wool,{},
"(18, 7, 20)",minecraft:jungle_slab,"{'type': 'top', 'waterlogged': 'false'}",
"(10, 7, 21)",minecraft:jungle_slab,"{'type': 'top', 'waterlogged': 'false'}",
"(11, 7, 21)",minecraft:brown_wool,{},
"(17, 7, 21)",minecraft:brown_wool,{},
"(18, 7, 21)",minecraft:jungle_slab,"{'type': 'top', 'waterlogged': 'false'}",
"(10, 7, 22)",minecraft:jungle_planks,{},
"(11, 7, 22)",minecraft:packed_mud,{},
"(12, 7, 22)",minecraft:mud_bricks,{},
"(13, 7, 22)",minecraft:mud_bricks,{},
"(14, 7, 22)",minecraft:stripped_jungle_wood,{'axis': 'y'},
"(15, 7, 22)",minecraft:mud_bricks,{},
"(16, 7, 22)",minecraft:packed_mud,{},
"(17, 7, 22)",minecraft:packed_mud,{},
"(18, 7, 22)",minecraft:mud_bricks,{},
"(10, 7, 23)",minecraft:packed_mud,{},
"(11, 7, 23)",minecraft:packed_mud,{},
"(12, 7, 23)",minecraft:mud_bricks,{},
"(13, 7, 23)",minecraft:packed_mud,{},
"(14, 7, 23)",minecraft:packed_mud,{},
"(15, 7, 23)",minecraft:mud_bricks,{},
"(16, 7, 23)",minecraft:mud_bricks,{},
"(17, 7, 23)",minecraft:mud_bricks,{},
"(18, 7, 23)",minecraft:packed_mud,{},
"(10, 7, 24)",minecraft:mud_brick_slab,"{'type': 'bottom', 'waterlogged': 'false'}",
"(11, 7, 24)",minecraft:mud_brick_slab,"{'type': 'bottom', 'waterlogged': 'false'}",
"(12, 7, 24)",minecraft:mud_brick_slab,"{'type': 'bottom', 'waterlogged': 'false'}",
"(13, 7, 24)",minecraft:mud_brick_slab,"{'type': 'bottom', 'waterlogged': 'false'}",
"(14, 7, 24)",minecraft:cobblestone,{},
"(15, 7, 24)",minecraft:mud_brick_slab,"{'type': 'bottom', 'waterlogged': 'false'}",
"(16, 7, 24)",minecraft:mud_brick_slab,"{'type': 'bottom', 'waterlogged': 'false'}",
"(17, 7, 24)",minecraft:mud_brick_slab,"{'type': 'bottom', 'waterlogged': 'false'}",
"(18, 7, 24)",minecraft:mud_brick_slab,"{'type': 'bottom', 'waterlogged': 'false'}",
"(23, 8, 1)",minecraft:spruce_trapdoor,"{'facing': 'north', 'half': 'top', 'open': 'true', 'powered': 'false', 'waterlogged': 'false'}",
"(22, 8, 2)",minecraft:spruce_trapdoor,"{'facing': 'west', 'half': 'top', 'open': 'true', 'powered': 'false', 'waterlogged': 'false'}",
"(23, 8, 2)",minecraft:grass_block,{'snowy': 'false'},
"(24, 8, 2)",minecraft:spruce_trapdoor,"{'facing': 'east', 'half': 'top', 'open': 'true', 'powered': 'false', 'waterlogged': 'false'}",
"(17, 8, 3)",minecraft:cobblestone,{},
"(21, 8, 3)",minecraft:oak_log,{'axis': 'y'},
"(22, 8, 3)",minecraft:granite,{},
"(23, 8, 3)",minecraft:terracotta,{},
"(24, 8, 3)",minecraft:terracotta,{},
"(25, 8, 3)",minecraft:oak_log,{'axis': 'y'},
"(13, 8, 4)",minecraft:oak_fence_gate,"{'facing': 'south', 'in_wall': 'false', 'open': 'true', 'powered': 'false'}",
"(15, 8, 4)",minecraft:oak_fence_gate,"{'facing': 'south', 'in_wall': 'false', 'open': 'true', 'powered': 'false'}",
"(17, 8, 4)",minecraft:cobblestone_stairs,"{'facing': 'north', 'half': 'bottom', 'shape': 'straight', 'waterlogged': 'false'}",
"(19, 8, 4)",minecraft:oak_fence_gate,"{'facing': 'south', 'in_wall': 'false', 'open': 'true', 'powered': 'false'}",
"(21, 8, 4)",minecraft:terracotta,{},
"(23, 8, 4)",minecraft:spruce_stairs,"{'facing': 'east', 'half': 'bottom', 'shape': 'straight', 'waterlogged': 'false'}",
"(24, 8, 4)",minecraft:spruce_stairs,"{'facing': 'west', 'half': 'top', 'shape': 'straight', 'waterlogged': 'false'}",
"(25, 8, 4)",minecraft:terracotta,{},
"(4, 8, 5)",minecraft:jungle_planks,{},
"(5, 8, 5)",minecraft:mud_bricks,{},
"(6, 8, 5)",minecraft:mud_bricks,{},
"(7, 8, 5)",minecraft:jungle_planks,{},
"(8, 8, 5)",minecraft:stripped_jungle_wood,{'axis': 'y'},
"(9, 8, 5)",minecraft:jungle_planks,{},
"(10, 8, 5)",minecraft:packed_mud,{},
"(11, 8, 5)",minecraft:mangrove_log,{'axis': 'y'},
"(12, 8, 5)",minecraft:terracotta,{},
"(13, 8, 5)",minecraft:white_stained_glass_pane,"{'east': 'true', 'north': 'false', 'south': 'false', 'waterlogged': 'false', 'west': 'true'}",
"(14, 8, 5)",minecraft:white_stained_glass_pane,"{'east': 'true', 'north': 'false', 'south': 'false', 'waterlogged': 'false', 'west': 'true'}",
"(15, 8, 5)",minecraft:light_gray_stained_glass_pane,"{'east': 'true', 'north': 'false', 'south': 'false', 'waterlogged': 'false', 'west': 'true'}",
"(16, 8, 5)",minecraft:terracotta,{},
"(17, 8, 5)",minecraft:mangrove_log,{'axis': 'y'},
"(18, 8, 5)",minecraft:terracotta,{},
"(19, 8, 5)",minecraft:white_stained_glass_pane,"{'east': 'true', 'north': 'false', 'south': 'false', 'waterlogged': 'false', 'west': 'true'}",
"(20, 8, 5)",minecraft:terracotta,{},
"(21, 8, 5)",minecraft:terracotta,{},
"(23, 8, 5)",minecraft:mangrove_log,{'axis': 'y'},
"(25, 8, 5)",minecraft:white_stained_glass_pane,"{'east': 'false', 'north': 'true', 'south': 'true', 'waterlogged': 'false', 'west': 'false'}",
"(26, 8, 5)",minecraft:oak_fence_gate,"{'facing': 'west', 'in_wall': 'false', 'open': 'true', 'powered': 'false'}",
"(5, 8, 6)",minecraft:stripped_dark_oak_log,{'axis': 'y'},
"(6, 8, 6)",minecraft:jungle_stairs,"{'facing': 'north', 'half': 'top', 'shape': 'straight', 'waterlogged': 'false'}",
"(7, 8, 6)",minecraft:jungle_stairs,"{'facing': 'north', 'half': 'top', 'shape': 'straight', 'waterlogged': 'false'}",
"(8, 8, 6)",minecraft:jungle_stairs,"{'facing': 'north', 'half': 'top', 'shape': 'straight', 'waterlogged': 'false'}",
"(9, 8, 6)",minecraft:jungle_stairs,"{'facing': 'north', 'half': 'top', 'shape': 'straight', 'waterlogged': 'false'}",
"(10, 8, 6)",minecraft:jungle_stairs,"{'facing': 'north', 'half': 'top', 'shape': 'straight', 'waterlogged': 'false'}",
"(11, 8, 6)",minecraft:dark_oak_stairs,"{'facing': 'north', 'half': 'top', 'shape': 'straight', 'waterlogged': 'false'}",
"(12, 8, 6)",minecraft:light_gray_wall_banner,{'facing': 'south'},"{components: {}, patterns: [{color: ""black"", pattern: ""minecraft:small_stripes""}, {color: ""light_gray"", pattern: ""minecraft:small_stripes""}], id: ""minecraft:banner""}"
"(16, 8, 6)",minecraft:light_gray_wall_banner,{'facing': 'south'},"{components: {}, patterns: [{color: ""black"", pattern: ""minecraft:small_stripes""}, {color: ""light_gray"", pattern: ""minecraft:small_stripes""}], id: ""minecraft:banner""}"
"(17, 8, 6)",minecraft:dark_oak_trapdoor,"{'facing': 'south', 'half': 'top', 'open': 'true', 'powered': 'false', 'waterlogged': 'false'}",
"(18, 8, 6)",minecraft:orange_wall_banner,{'facing': 'south'},"{components: {}, id: ""minecraft:banner""}"
"(21, 8, 6)",minecraft:spruce_trapdoor,"{'facing': 'south', 'half': 'top', 'open': 'true', 'powered': 'false', 'waterlogged': 'false'}",
"(25, 8, 6)",minecraft:granite,{},
"(5, 8, 7)",minecraft:brown_wool,{},
"(22, 8, 7)",minecraft:spruce_trapdoor,"{'facing': 'west', 'half': 'top', 'open': 'true', 'powered': 'false', 'waterlogged': 'false'}",
"(23, 8, 7)",minecraft:brown_wool,{},
"(24, 8, 7)",minecraft:terracotta,{},
"(25, 8, 7)",minecraft:oak_log,{'axis': 'y'},
"(4, 8, 8)",minecraft:oak_fence_gate,"{'facing': 'east', 'in_wall': 'false', 'open': 'true', 'powered': 'false'}",
"(5, 8, 8)",minecraft:white_stained_glass_pane,"{'east': 'false', 'north': 'true', 'south': 'true', 'waterlogged': 'false', 'west': 'false'}",
"(11, 8, 8)",minecraft:iron_chain,"{'axis': 'y', 'waterlogged': 'false'}",
"(22, 8, 8)",minecraft:barrel,"{'facing': 'west', 'open': 'false'}","{components: {}, Items: [], id: ""minecraft:barrel""}"
"(23, 8, 8)",minecraft:brown_wool,{},
"(5, 8, 9)",minecraft:brown_wool,{},
"(23, 8, 9)",minecraft:white_stained_glass_pane,"{'east': 'false', 'north': 'true', 'south': 'true', 'waterlogged': 'false', 'west': 'false'}",
"(24, 8, 9)",minecraft:oak_fence_gate,"{'facing': 'west', 'in_wall': 'false', 'open': 'true', 'powered': 'false'}",
"(5, 8, 10)",minecraft:mangrove_log,{'axis': 'y'},
"(6, 8, 10)",minecraft:jungle_stairs,"{'facing': 'south', 'half': 'top', 'shape': 'straight', 'waterlogged': 'false'}",
"(7, 8, 10)",minecraft:jungle_stairs,"{'facing': 'south', 'half': 'top', 'shape': 'straight', 'waterlogged': 'false'}",
"(8, 8, 10)",minecraft:jungle_stairs,"{'facing': 'south', 'half': 'top', 'shape': 'straight', 'waterlogged': 'false'}",
"(9, 8, 10)",minecraft:jungle_stairs,"{'facing': 'south', 'half': 'top', 'shape': 'straight', 'waterlogged': 'false'}",
"(10, 8, 10)",minecraft:jungle_stairs,"{'facing': 'south', 'half': 'top', 'shape': 'straight', 'waterlogged': 'false'}",
"(11, 8, 10)",minecraft:dark_oak_stairs,"{'facing': 'south', 'half': 'top', 'shape': 'straight', 'waterlogged': 'false'}",
"(17, 8, 10)",minecraft:dark_oak_trapdoor,"{'facing': 'north', 'half': 'top', 'open': 'true', 'powered': 'false', 'waterlogged': 'false'}",
"(22, 8, 10)",minecraft:barrel,"{'facing': 'west', 'open': 'false'}","{components: {}, Items: [], id: ""minecraft:barrel""}"
"(23, 8, 10)",minecraft:terracotta,{},
"(4, 8, 11)",minecraft:jungle_planks,{},
"(5, 8, 11)",minecraft:mud_bricks,{},
"(6, 8, 11)",minecraft:jungle_planks,{},
"(7, 8, 11)",minecraft:stripped_jungle_wood,{'axis': 'y'},
"(8, 8, 11)",minecraft:packed_mud,{},
"(9, 8, 11)",minecraft:stripped_jungle_wood,{'axis': 'y'},
"(10, 8, 11)",minecraft:mud_bricks,{},
"(11, 8, 11)",minecraft:mangrove_log,{'axis': 'y'},
"(12, 8, 11)",minecraft:dark_oak_trapdoor,"{'facing': 'east', 'half': 'top', 'open': 'true', 'powered': 'false', 'waterlogged': 'false'}",
"(16, 8, 11)",minecraft:dark_oak_trapdoor,"{'facing': 'west', 'half': 'top', 'open': 'true', 'powered': 'false', 'waterlogged': 'false'}",
"(17, 8, 11)",minecraft:mangrove_log,{'axis': 'y'},
"(18, 8, 11)",minecraft:barrel,"{'facing': 'east', 'open': 'false'}","{components: {}, Items: [], id: ""minecraft:barrel""}"
"(22, 8, 11)",minecraft:dark_oak_trapdoor,"{'facing': 'west', 'half': 'top', 'open': 'true', 'powered': 'false', 'waterlogged': 'false'}",
"(23, 8, 11)",minecraft:mangrove_log,{'axis': 'y'},
"(11, 8, 12)",minecraft:brown_wool,{},
"(12, 8, 12)",minecraft:barrel,"{'facing': 'east', 'open': 'false'}","{components: {}, Items: [], id: ""minecraft:barrel""}"
"(13, 8, 12)",minecraft:azalea_leaves,"{'distance': '7', 'persistent': 'true', 'waterlogged': 'false'}",
"(16, 8, 12)",minecraft:barrel,"{'facing': 'south', 'open': 'false'}","{components: {}, Items: [], id: ""minecraft:barrel""}"
"(17, 8, 12)",minecraft:barrel,"{'facing': 'south', 'open': 'false'}","{components: {}, Items: [], id: ""minecraft:barrel""}"
"(18, 8, 12)",minecraft:spruce_trapdoor,"{'facing': 'south', 'half': 'top', 'open': 'false', 'powered': 'false', 'waterlogged': 'false'}",
"(22, 8, 12)",minecraft:barrel,"{'facing': 'west', 'open': 'false'}","{components: {}, Items: [], id: ""minecraft:barrel""}"
"(23, 8, 12)",minecraft:brown_wool,{},
"(24, 8, 12)",minecraft:oak_leaves,"{'distance': '7', 'persistent': 'true', 'waterlogged': 'false'}",
"(11, 8, 13)",minecraft:brown_wool,{},
"(12, 8, 13)",minecraft:amethyst_cluster,"{'facing': 'up', 'waterlogged': 'false'}",
"(23, 8, 13)",minecraft:brown_wool,{},
"(10, 8, 14)",minecraft:oak_fence_gate,"{'facing': 'east', 'in_wall': 'false', 'open': 'true', 'powered': 'false'}",
"(11, 8, 14)",minecraft:white_stained_glass_pane,"{'east': 'false', 'north': 'true', 'south': 'true', 'waterlogged': 'false', 'west': 'false'}",
"(12, 8, 14)",minecraft:spruce_trapdoor,"{'facing': 'south', 'half': 'bottom', 'open': 'true', 'powered': 'false', 'waterlogged': 'false'}",
"(22, 8, 14)",minecraft:barrel,"{'facing': 'west', 'open': 'false'}","{components: {}, Items: [], id: ""minecraft:barrel""}"
"(23, 8, 14)",minecraft:terracotta,{},
"(24, 8, 14)",minecraft:tuff,{},
"(10, 8, 15)",minecraft:oak_fence_gate,"{'facing': 'east', 'in_wall': 'false', 'open': 'true', 'powered': 'false'}",
"(11, 8, 15)",minecraft:white_stained_glass_pane,"{'east': 'false', 'north': 'true', 'south': 'true', 'waterlogged': 'false', 'west': 'false'}",
"(12, 8, 15)",minecraft:spruce_trapdoor,"{'facing': 'north', 'half': 'top', 'open': 'true', 'powered': 'false', 'waterlogged': 'false'}",
"(22, 8, 15)",minecraft:bell,"{'attachment': 'ceiling', 'facing': 'east', 'powered': 'false'}","{components: {}, id: ""minecraft:bell""}"
"(23, 8, 15)",minecraft:terracotta,{},
"(24, 8, 15)",minecraft:cobblestone_wall,"{'east': 'none', 'north': 'low', 'south': 'none', 'up': 'true', 'waterlogged': 'false', 'west': 'low'}",
"(11, 8, 16)",minecraft:terracotta,{},
"(16, 8, 16)",minecraft:spruce_trapdoor,"{'facing': 'west', 'half': 'bottom', 'open': 'true', 'powered': 'false', 'waterlogged': 'false'}",
"(17, 8, 16)",minecraft:barrel,"{'facing': 'north', 'open': 'false'}","{components: {}, Items: [], id: ""minecraft:barrel""}"
"(18, 8, 16)",minecraft:potted_oak_sapling,{},
"(19, 8, 16)",minecraft:spruce_trapdoor,"{'facing': 'east', 'half': 'bottom', 'open': 'true', 'powered': 'false', 'waterlogged': 'false'}",
"(22, 8, 16)",minecraft:barrel,"{'facing': 'west', 'open': 'false'}","{components: {}, Items: [], id: ""minecraft:barrel""}"
"(23, 8, 16)",minecraft:terracotta,{},
"(11, 8, 17)",minecraft:mangrove_log,{'axis': 'y'},
"(12, 8, 17)",minecraft:chest,"{'facing': 'east', 'type': 'left', 'waterlogged': 'false'}","{components: {}, Items: [], id: ""minecraft:chest""}"
"(13, 8, 17)",minecraft:chest,"{'facing': 'east', 'type': 'left', 'waterlogged': 'false'}","{components: {}, Items: [], id: ""minecraft:chest""}"
"(14, 8, 17)",minecraft:chest,"{'facing': 'east', 'type': 'left', 'waterlogged': 'false'}","{components: {}, Items: [], id: ""minecraft:chest""}"
"(15, 8, 17)",minecraft:chest,"{'facing': 'east', 'type': 'left', 'waterlogged': 'false'}","{components: {}, Items: [], id: ""minecraft:chest""}"
"(16, 8, 17)",minecraft:chest,"{'facing': 'east', 'type': 'left', 'waterlogged': 'false'}","{components: {}, Items: [], id: ""minecraft:chest""}"
"(17, 8, 17)",minecraft:mangrove_log,{'axis': 'y'},
"(18, 8, 17)",minecraft:terracotta,{},
"(19, 8, 17)",minecraft:white_stained_glass_pane,"{'east': 'true', 'north': 'false', 'south': 'false', 'waterlogged': 'false', 'west': 'true'}",
"(20, 8, 17)",minecraft:white_stained_glass_pane,"{'east': 'true', 'north': 'false', 'south': 'false', 'waterlogged': 'false', 'west': 'true'}",
"(21, 8, 17)",minecraft:white_stained_glass_pane,"{'east': 'true', 'north': 'false', 'south': 'false', 'waterlogged': 'false', 'west': 'true'}",
"(22, 8, 17)",minecraft:brown_wool,{},
"(23, 8, 17)",minecraft:mangrove_log,{'axis': 'y'},
"(10, 8, 18)",minecraft:oak_slab,"{'type': 'top', 'waterlogged': 'false'}",
"(11, 8, 18)",minecraft:brown_wool,{},
"(12, 8, 18)",minecraft:chest,"{'facing': 'east', 'type': 'right', 'waterlogged': 'false'}","{components: {}, Items: [], id: ""minecraft:chest""}"
"(13, 8, 18)",minecraft:chest,"{'facing': 'east', 'type': 'right', 'waterlogged': 'false'}","{components: {}, Items: [], id: ""minecraft:chest""}"
"(14, 8, 18)",minecraft:chest,"{'facing': 'east', 'type': 'right', 'waterlogged': 'false'}","{components: {}, Items: [], id: ""minecraft:chest""}"
"(15, 8, 18)",minecraft:chest,"{'facing': 'east', 'type': 'right', 'waterlogged': 'false'}","{components: {}, Items: [], id: ""minecraft:chest""}"
"(16, 8, 18)",minecraft:chest,"{'facing': 'east', 'type': 'right', 'waterlogged': 'false'}","{components: {}, Items: [], id: ""minecraft:chest""}"
"(17, 8, 18)",minecraft:brown_wool,{},
"(18, 8, 18)",minecraft:oak_slab,"{'type': 'top', 'waterlogged': 'false'}",
"(19, 8, 18)",minecraft:oak_fence_gate,"{'facing': 'north', 'in_wall': 'false', 'open': 'true', 'powered': 'false'}",
"(21, 8, 18)",minecraft:oak_fence_gate,"{'facing': 'north', 'in_wall': 'false', 'open': 'true', 'powered': 'false'}",
"(10, 8, 19)",minecraft:oak_planks,{},
"(11, 8, 19)",minecraft:oak_planks,{},
"(12, 8, 19)",minecraft:jungle_planks,{},
"(13, 8, 19)",minecraft:jungle_planks,{},
"(14, 8, 19)",minecraft:oak_planks,{},
"(15, 8, 19)",minecraft:jungle_planks,{},
"(16, 8, 19)",minecraft:jungle_planks,{},
"(17, 8, 19)",minecraft:oak_planks,{},
"(18, 8, 19)",minecraft:oak_planks,{},
"(10, 8, 20)",minecraft:oak_slab,"{'type': 'bottom', 'waterlogged': 'false'}",
"(11, 8, 20)",minecraft:jungle_slab,"{'type': 'bottom', 'waterlogged': 'false'}",
"(12, 8, 20)",minecraft:jungle_slab,"{'type': 'bottom', 'waterlogged': 'false'}",
"(13, 8, 20)",minecraft:jungle_slab,"{'type': 'bottom', 'waterlogged': 'false'}",
"(14, 8, 20)",minecraft:jungle_slab,"{'type': 'bottom', 'waterlogged': 'false'}",
"(15, 8, 20)",minecraft:jungle_slab,"{'type': 'bottom', 'waterlogged': 'false'}",
"(16, 8, 20)",minecraft:jungle_slab,"{'type': 'bottom', 'waterlogged': 'false'}",
"(17, 8, 20)",minecraft:jungle_slab,"{'type': 'bottom', 'waterlogged': 'false'}",
"(18, 8, 20)",minecraft:jungle_slab,"{'type': 'bottom', 'waterlogged': 'false'}",
"(10, 8, 21)",minecraft:jungle_slab,"{'type': 'bottom', 'waterlogged': 'false'}",
"(11, 8, 21)",minecraft:jungle_slab,"{'type': 'bottom', 'waterlogged': 'false'}",
"(12, 8, 21)",minecraft:mud_brick_slab,"{'type': 'bottom', 'waterlogged': 'false'}",
"(13, 8, 21)",minecraft:jungle_slab,"{'type': 'bottom', 'waterlogged': 'false'}",
"(14, 8, 21)",minecraft:jungle_slab,"{'type': 'bottom', 'waterlogged': 'false'}",
"(15, 8, 21)",minecraft:mud_brick_slab,"{'type': 'bottom', 'waterlogged': 'false'}",
"(16, 8, 21)",minecraft:mud_brick_slab,"{'type': 'bottom', 'waterlogged': 'false'}",
"(17, 8, 21)",minecraft:jungle_slab,"{'type': 'bottom', 'waterlogged': 'false'}",
"(18, 8, 21)",minecraft:jungle_slab,"{'type': 'bottom', 'waterlogged': 'false'}",
"(14, 8, 24)",minecraft:cobblestone,{},
"(23, 9, 2)",minecraft:blue_orchid,{},
"(17, 9, 3)",minecraft:cobblestone,{},
"(21, 9, 3)",minecraft:oak_log,{'axis': 'y'},
"(22, 9, 3)",minecraft:terracotta,{},
"(23, 9, 3)",minecraft:light_gray_stained_glass_pane,"{'east': 'true', 'north': 'false', 'south': 'false', 'waterlogged': 'false', 'west': 'true'}",
"(24, 9, 3)",minecraft:terracotta,{},
"(25, 9, 3)",minecraft:oak_log,{'axis': 'y'},
"(11, 9, 4)",minecraft:spruce_fence,"{'east': 'false', 'north': 'false', 'south': 'true', 'waterlogged': 'false', 'west': 'false'}",
"(13, 9, 4)",minecraft:oxidized_copper_trapdoor,"{'facing': 'north', 'half': 'bottom', 'open': 'false', 'powered': 'false', 'waterlogged': 'false'}",
"(14, 9, 4)",minecraft:oxidized_cut_copper_slab,"{'type': 'bottom', 'waterlogged': 'false'}",
"(15, 9, 4)",minecraft:oxidized_copper_trapdoor,"{'facing': 'north', 'half': 'bottom', 'open': 'false', 'powered': 'false', 'waterlogged': 'false'}",
"(16, 9, 4)",minecraft:oak_leaves,"{'distance': '7', 'persistent': 'true', 'waterlogged': 'false'}",
"(17, 9, 4)",minecraft:spruce_fence,"{'east': 'false', 'north': 'true', 'south': 'true', 'waterlogged': 'false', 'west': 'false'}",
"(19, 9, 4)",minecraft:oxidized_copper_trapdoor,"{'facing': 'north', 'half': 'bottom', 'open': 'false', 'powered': 'false', 'waterlogged': 'false'}",
"(21, 9, 4)",minecraft:brown_wool,{},
"(24, 9, 4)",minecraft:spruce_stairs,"{'facing': 'east', 'half': 'bottom', 'shape': 'straight', 'waterlogged': 'false'}",
"(25, 9, 4)",minecraft:terracotta,{},
"(11, 9, 5)",minecraft:stripped_dark_oak_log,{'axis': 'y'},
"(12, 9, 5)",minecraft:brown_wool,{},
"(13, 9, 5)",minecraft:brown_wool,{},
"(14, 9, 5)",minecraft:terracotta,{},
"(15, 9, 5)",minecraft:brown_wool,{},
"(16, 9, 5)",minecraft:brown_wool,{},
"(17, 9, 5)",minecraft:stripped_dark_oak_log,{'axis': 'y'},
"(18, 9, 5)",minecraft:brown_wool,{},
"(19, 9, 5)",minecraft:brown_wool,{},
"(20, 9, 5)",minecraft:brown_wool,{},
"(21, 9, 5)",minecraft:brown_wool,{},
"(23, 9, 5)",minecraft:stripped_dark_oak_log,{'axis': 'y'},
"(24, 9, 5)",minecraft:spruce_stairs,"{'facing': 'north', 'half': 'top', 'shape': 'straight', 'waterlogged': 'false'}",
"(25, 9, 5)",minecraft:terracotta,{},
"(26, 9, 5)",minecraft:oxidized_copper_trapdoor,"{'facing': 'east', 'half': 'bottom', 'open': 'false', 'powered': 'false', 'waterlogged': 'false'}",
"(4, 9, 6)",minecraft:jungle_planks,{},
"(5, 9, 6)",minecraft:stripped_jungle_wood,{'axis': 'y'},
"(6, 9, 6)",minecraft:stripped_jungle_wood,{'axis': 'y'},
"(7, 9, 6)",minecraft:jungle_planks,{},
"(8, 9, 6)",minecraft:jungle_planks,{},
"(9, 9, 6)",minecraft:jungle_planks,{},
"(10, 9, 6)",minecraft:stripped_jungle_wood,{'axis': 'y'},
"(11, 9, 6)",minecraft:stripped_dark_oak_log,{'axis': 'z'},
"(12, 9, 6)",minecraft:light_gray_wall_banner,{'facing': 'south'},"{components: {}, patterns: [{color: ""black"", pattern: ""minecraft:small_stripes""}, {color: ""light_gray"", pattern: ""minecraft:small_stripes""}, {color: ""black"", pattern: ""minecraft:triangles_top""}, {color: ""light_gray"", pattern: ""minecraft:triangles_top""}], id: ""minecraft:banner""}"
"(13, 9, 6)",minecraft:spruce_wall_sign,"{'facing': 'south', 'waterlogged': 'false'}","{back_text: {has_glowing_text: 0b, color: ""black"", messages: ["""", """", """", """"]}, components: {}, is_waxed: 0b, id: ""minecraft:sign"", front_text: {has_glowing_text: 0b, color: ""black"", messages: ["""", """", """", """"]}}"
"(14, 9, 6)",minecraft:spruce_wall_sign,"{'facing': 'south', 'waterlogged': 'false'}","{back_text: {has_glowing_text: 0b, color: ""black"", messages: ["""", """", """", """"]}, components: {}, is_waxed: 0b, id: ""minecraft:sign"", front_text: {has_glowing_text: 0b, color: ""black"", messages: ["""", """", """", """"]}}"
"(15, 9, 6)",minecraft:spruce_wall_sign,"{'facing': 'south', 'waterlogged': 'false'}","{back_text: {has_glowing_text: 0b, color: ""black"", messages: ["""", """", """", """"]}, components: {}, is_waxed: 0b, id: ""minecraft:sign"", front_text: {has_glowing_text: 0b, color: ""black"", messages: ["""", """", """", """"]}}"
"(16, 9, 6)",minecraft:light_gray_wall_banner,{'facing': 'south'},"{components: {}, patterns: [{color: ""black"", pattern: ""minecraft:small_stripes""}, {color: ""light_gray"", pattern: ""minecraft:small_stripes""}, {color: ""black"", pattern: ""minecraft:triangles_top""}, {color: ""light_gray"", pattern: ""minecraft:triangles_top""}], id: ""minecraft:banner""}"
"(17, 9, 6)",minecraft:dark_oak_stairs,"{'facing': 'north', 'half': 'top', 'shape': 'straight', 'waterlogged': 'false'}",
"(20, 9, 6)",minecraft:magenta_wall_banner,{'facing': 'south'},"{components: {}, id: ""minecraft:banner""}"
"(21, 9, 6)",minecraft:spruce_stairs,"{'facing': 'north', 'half': 'top', 'shape': 'straight', 'waterlogged': 'false'}",
"(25, 9, 6)",minecraft:terracotta,{},
"(5, 9, 7)",minecraft:stripped_dark_oak_log,{'axis': 'y'},
"(6, 9, 7)",minecraft:jungle_stairs,"{'facing': 'north', 'half': 'top', 'shape': 'straight', 'waterlogged': 'false'}",
"(7, 9, 7)",minecraft:jungle_stairs,"{'facing': 'north', 'half': 'top', 'shape': 'straight', 'waterlogged': 'false'}",
"(8, 9, 7)",minecraft:jungle_stairs,"{'facing': 'north', 'half': 'top', 'shape': 'straight', 'waterlogged': 'false'}",
"(9, 9, 7)",minecraft:jungle_stairs,"{'facing': 'north', 'half': 'top', 'shape': 'straight', 'waterlogged': 'false'}",
"(10, 9, 7)",minecraft:jungle_stairs,"{'facing': 'north', 'half': 'top', 'shape': 'straight', 'waterlogged': 'false'}",
"(11, 9, 7)",minecraft:dark_oak_stairs,"{'facing': 'north', 'half': 'top', 'shape': 'straight', 'waterlogged': 'false'}",
"(17, 9, 7)",minecraft:dark_oak_trapdoor,"{'facing': 'west', 'half': 'top', 'open': 'false', 'powered': 'false', 'waterlogged': 'false'}",
"(22, 9, 7)",minecraft:spruce_stairs,"{'facing': 'east', 'half': 'top', 'shape': 'straight', 'waterlogged': 'false'}",
"(23, 9, 7)",minecraft:brown_wool,{},
"(24, 9, 7)",minecraft:brown_wool,{},
"(25, 9, 7)",minecraft:oak_log,{'axis': 'y'},
"(4, 9, 8)",minecraft:oxidized_copper_trapdoor,"{'facing': 'west', 'half': 'bottom', 'open': 'false', 'powered': 'false', 'waterlogged': 'false'}",
"(5, 9, 8)",minecraft:brown_wool,{},
"(11, 9, 8)",minecraft:dark_oak_fence,"{'east': 'false', 'north': 'false', 'south': 'false', 'waterlogged': 'false', 'west': 'false'}",
"(17, 9, 8)",minecraft:lantern,"{'hanging': 'true', 'waterlogged': 'false'}",
"(22, 9, 8)",minecraft:barrel,"{'facing': 'west', 'open': 'false'}","{components: {}, Items: [], id: ""minecraft:barrel""}"
"(23, 9, 8)",minecraft:brown_wool,{},
"(5, 9, 9)",minecraft:stripped_dark_oak_log,{'axis': 'y'},
"(6, 9, 9)",minecraft:jungle_stairs,"{'facing': 'south', 'half': 'top', 'shape': 'straight', 'waterlogged': 'false'}",
"(7, 9, 9)",minecraft:jungle_stairs,"{'facing': 'south', 'half': 'top', 'shape': 'straight', 'waterlogged': 'false'}",
"(8, 9, 9)",minecraft:jungle_stairs,"{'facing': 'south', 'half': 'top', 'shape': 'straight', 'waterlogged': 'false'}",
"(9, 9, 9)",minecraft:jungle_stairs,"{'facing': 'south', 'half': 'top', 'shape': 'straight', 'waterlogged': 'false'}",
"(10, 9, 9)",minecraft:jungle_stairs,"{'facing': 'south', 'half': 'top', 'shape': 'straight', 'waterlogged': 'false'}",
"(11, 9, 9)",minecraft:dark_oak_stairs,"{'facing': 'south', 'half': 'top', 'shape': 'straight', 'waterlogged': 'false'}",
"(17, 9, 9)",minecraft:dark_oak_trapdoor,"{'facing': 'west', 'half': 'top', 'open': 'false', 'powered': 'false', 'waterlogged': 'false'}",
"(22, 9, 9)",minecraft:barrel,"{'facing': 'west', 'open': 'false'}","{components: {}, Items: [], id: ""minecraft:barrel""}"
"(23, 9, 9)",minecraft:brown_wool,{},
"(24, 9, 9)",minecraft:oxidized_copper_trapdoor,"{'facing': 'east', 'half': 'bottom', 'open': 'false', 'powered': 'false', 'waterlogged': 'false'}",
"(4, 9, 10)",minecraft:jungle_planks,{},
"(5, 9, 10)",minecraft:stripped_jungle_wood,{'axis': 'z'},
"(6, 9, 10)",minecraft:jungle_planks,{},
"(7, 9, 10)",minecraft:jungle_planks,{},
"(8, 9, 10)",minecraft:jungle_planks,{},
"(9, 9, 10)",minecraft:jungle_planks,{},
"(10, 9, 10)",minecraft:jungle_planks,{},
"(11, 9, 10)",minecraft:stripped_dark_oak_log,{'axis': 'z'},
"(17, 9, 10)",minecraft:dark_oak_stairs,"{'facing': 'south', 'half': 'top', 'shape': 'straight', 'waterlogged': 'false'}",
"(22, 9, 10)",minecraft:barrel,"{'facing': 'west', 'open': 'false'}","{components: {}, Items: [], id: ""minecraft:barrel""}"
"(23, 9, 10)",minecraft:brown_wool,{},
"(10, 9, 11)",minecraft:dark_oak_fence,"{'east': 'true', 'north': 'true', 'south': 'false', 'waterlogged': 'false', 'west': 'false'}",
"(11, 9, 11)",minecraft:stripped_dark_oak_log,{'axis': 'y'},
"(12, 9, 11)",minecraft:dark_oak_stairs,"{'facing': 'west', 'half': 'top', 'shape': 'straight', 'waterlogged': 'false'}",
"(13, 9, 11)",minecraft:dark_oak_trapdoor,"{'facing': 'north', 'half': 'top', 'open': 'false', 'powered': 'false', 'waterlogged': 'false'}",
"(14, 9, 11)",minecraft:lantern,"{'hanging': 'true', 'waterlogged': 'false'}",
"(15, 9, 11)",minecraft:dark_oak_trapdoor,"{'facing': 'north', 'half': 'top', 'open': 'false', 'powered': 'false', 'waterlogged': 'false'}",
"(16, 9, 11)",minecraft:dark_oak_stairs,"{'facing': 'east', 'half': 'top', 'shape': 'straight', 'waterlogged': 'false'}",
"(17, 9, 11)",minecraft:stripped_dark_oak_log,{'axis': 'y'},
"(18, 9, 11)",minecraft:dark_oak_stairs,"{'facing': 'west', 'half': 'top', 'shape': 'straight', 'waterlogged': 'false'}",
"(19, 9, 11)",minecraft:dark_oak_trapdoor,"{'facing': 'north', 'half': 'top', 'open': 'false', 'powered': 'false', 'waterlogged': 'false'}",
"(20, 9, 11)",minecraft:lantern,"{'hanging': 'true', 'waterlogged': 'false'}",
"(21, 9, 11)",minecraft:dark_oak_trapdoor,"{'facing': 'north', 'half': 'top', 'open': 'false', 'powered': 'false', 'waterlogged': 'false'}",
"(22, 9, 11)",minecraft:dark_oak_stairs,"{'facing': 'east', 'half': 'top', 'shape': 'straight', 'waterlogged': 'false'}",
"(23, 9, 11)",minecraft:stripped_dark_oak_log,{'axis': 'y'},
"(24, 9, 11)",minecraft:dark_oak_fence,"{'east': 'false', 'north': 'false', 'south': 'false', 'waterlogged': 'false', 'west': 'true'}",
"(11, 9, 12)",minecraft:brown_wool,{},
"(12, 9, 12)",minecraft:barrel,"{'facing': 'east', 'open': 'false'}","{components: {}, Items: [], id: ""minecraft:barrel""}"
"(13, 9, 12)",minecraft:azalea_leaves,"{'distance': '7', 'persistent': 'true', 'waterlogged': 'false'}",
"(17, 9, 12)",minecraft:dark_oak_stairs,"{'facing': 'north', 'half': 'top', 'shape': 'straight', 'waterlogged': 'false'}",
"(18, 9, 12)",minecraft:brewing_stand,"{'has_bottle_0': 'false', 'has_bottle_1': 'false', 'has_bottle_2': 'false'}","{components: {}, Fuel: 0b, Items: [], id: ""minecraft:brewing_stand"", BrewTime: 0s}"
"(22, 9, 12)",minecraft:barrel,"{'facing': 'west', 'open': 'false'}","{components: {}, Items: [], id: ""minecraft:barrel""}"
"(23, 9, 12)",minecraft:brown_wool,{},
"(11, 9, 13)",minecraft:brown_wool,{},
"(12, 9, 13)",minecraft:barrel,"{'facing': 'east', 'open': 'false'}","{components: {}, Items: [], id: ""minecraft:barrel""}"
"(17, 9, 13)",minecraft:dark_oak_trapdoor,"{'facing': 'east', 'half': 'top', 'open': 'false', 'powered': 'false', 'waterlogged': 'false'}",
"(22, 9, 13)",minecraft:barrel,"{'facing': 'west', 'open': 'false'}","{components: {}, Items: [], id: ""minecraft:barrel""}"
"(23, 9, 13)",minecraft:brown_wool,{},
"(24, 9, 13)",minecraft:oak_leaves,"{'distance': '7', 'persistent': 'true', 'waterlogged': 'false'}",
"(10, 9, 14)",minecraft:oxidized_copper_trapdoor,"{'facing': 'west', 'half': 'bottom', 'open': 'false', 'powered': 'false', 'waterlogged': 'false'}",
"(11, 9, 14)",minecraft:brown_wool,{},
"(12, 9, 14)",minecraft:barrel,"{'facing': 'east', 'open': 'false'}","{components: {}, Items: [], id: ""minecraft:barrel""}"
"(17, 9, 14)",minecraft:lantern,"{'hanging': 'true', 'waterlogged': 'false'}",
"(22, 9, 14)",minecraft:barrel,"{'facing': 'west', 'open': 'false'}","{components: {}, Items: [], id: ""minecraft:barrel""}"
"(23, 9, 14)",minecraft:brown_wool,{},
"(24, 9, 14)",minecraft:cobblestone,{},
"(25, 9, 14)",minecraft:cobblestone_wall,"{'east': 'none', 'north': 'none', 'south': 'none', 'up': 'true', 'waterlogged': 'false', 'west': 'tall'}",
"(10, 9, 15)",minecraft:oxidized_copper_trapdoor,"{'facing': 'west', 'half': 'bottom', 'open': 'false', 'powered': 'false', 'waterlogged': 'false'}",
"(11, 9, 15)",minecraft:brown_wool,{},
"(12, 9, 15)",minecraft:barrel,"{'facing': 'east', 'open': 'false'}","{components: {}, Items: [], id: ""minecraft:barrel""}"
"(17, 9, 15)",minecraft:dark_oak_trapdoor,"{'facing': 'east', 'half': 'top', 'open': 'false', 'powered': 'false', 'waterlogged': 'false'}",
"(22, 9, 15)",minecraft:barrel,"{'facing': 'west', 'open': 'false'}","{components: {}, Items: [], id: ""minecraft:barrel""}"
"(23, 9, 15)",minecraft:brown_wool,{},
"(11, 9, 16)",minecraft:terracotta,{},
"(17, 9, 16)",minecraft:dark_oak_stairs,"{'facing': 'south', 'half': 'top', 'shape': 'straight', 'waterlogged': 'false'}",
"(18, 9, 16)",minecraft:spruce_trapdoor,"{'facing': 'east', 'half': 'bottom', 'open': 'false', 'powered': 'false', 'waterlogged': 'false'}",
"(22, 9, 16)",minecraft:barrel,"{'facing': 'west', 'open': 'false'}","{components: {}, Items: [], id: ""minecraft:barrel""}"
"(23, 9, 16)",minecraft:brown_wool,{},
"(11, 9, 17)",minecraft:stripped_dark_oak_log,{'axis': 'y'},
"(12, 9, 17)",minecraft:jungle_stairs,"{'facing': 'south', 'half': 'top', 'shape': 'straight', 'waterlogged': 'false'}",
"(13, 9, 17)",minecraft:jungle_stairs,"{'facing': 'south', 'half': 'top', 'shape': 'straight', 'waterlogged': 'false'}",
"(14, 9, 17)",minecraft:jungle_stairs,"{'facing': 'south', 'half': 'top', 'shape': 'straight', 'waterlogged': 'false'}",
"(15, 9, 17)",minecraft:jungle_stairs,"{'facing': 'south', 'half': 'top', 'shape': 'straight', 'waterlogged': 'false'}",
"(16, 9, 17)",minecraft:jungle_stairs,"{'facing': 'south', 'half': 'top', 'shape': 'straight', 'waterlogged': 'false'}",
"(17, 9, 17)",minecraft:stripped_dark_oak_log,{'axis': 'y'},
"(18, 9, 17)",minecraft:brown_wool,{},
"(19, 9, 17)",minecraft:brown_wool,{},
"(20, 9, 17)",minecraft:brown_wool,{},
"(21, 9, 17)",minecraft:brown_wool,{},
"(22, 9, 17)",minecraft:brown_wool,{},
"(23, 9, 17)",minecraft:stripped_dark_oak_log,{'axis': 'y'},
"(24, 9, 17)",minecraft:dark_oak_fence,"{'east': 'false', 'north': 'false', 'south': 'false', 'waterlogged': 'false', 'west': 'true'}",
"(10, 9, 18)",minecraft:oak_slab,"{'type': 'bottom', 'waterlogged': 'false'}",
"(11, 9, 18)",minecraft:oak_slab,"{'type': 'bottom', 'waterlogged': 'false'}",
"(12, 9, 18)",minecraft:oak_slab,"{'type': 'bottom', 'waterlogged': 'false'}",
"(13, 9, 18)",minecraft:oak_slab,"{'type': 'bottom', 'waterlogged': 'false'}",
"(14, 9, 18)",minecraft:oak_slab,"{'type': 'bottom', 'waterlogged': 'false'}",
"(15, 9, 18)",minecraft:oak_slab,"{'type': 'bottom', 'waterlogged': 'false'}",
"(16, 9, 18)",minecraft:oak_slab,"{'type': 'bottom', 'waterlogged': 'false'}",
"(17, 9, 18)",minecraft:oak_slab,"{'type': 'bottom', 'waterlogged': 'false'}",
"(18, 9, 18)",minecraft:oak_slab,"{'type': 'bottom', 'waterlogged': 'false'}",
"(19, 9, 18)",minecraft:oxidized_copper_trapdoor,"{'facing': 'south', 'half': 'bottom', 'open': 'false', 'powered': 'false', 'waterlogged': 'false'}",
"(20, 9, 18)",minecraft:oxidized_cut_copper_slab,"{'type': 'bottom', 'waterlogged': 'false'}",
"(21, 9, 18)",minecraft:oxidized_copper_trapdoor,"{'facing': 'south', 'half': 'bottom', 'open': 'false', 'powered': 'false', 'waterlogged': 'false'}",
"(23, 9, 18)",minecraft:dark_oak_fence,"{'east': 'false', 'north': 'true', 'south': 'false', 'waterlogged': 'false', 'west': 'false'}",
"(14, 9, 23)",minecraft:spruce_trapdoor,"{'facing': 'north', 'half': 'bottom', 'open': 'true', 'powered': 'false', 'waterlogged': 'false'}",
"(13, 9, 24)",minecraft:spruce_trapdoor,"{'facing': 'west', 'half': 'bottom', 'open': 'true', 'powered': 'false', 'waterlogged': 'false'}",
"(14, 9, 24)",minecraft:campfire,"{'facing': 'west', 'lit': 'true', 'signal_fire': 'false', 'waterlogged': 'false'}","{components: {}, Items: [], CookingTimes: [I; 0, 0, 0, 0], CookingTotalTimes: [I; 0, 0, 0, 0], id: ""minecraft:campfire""}"
"(15, 9, 24)",minecraft:spruce_trapdoor,"{'facing': 'east', 'half': 'bottom', 'open': 'true', 'powered': 'false', 'waterlogged': 'false'}",
"(14, 9, 25)",minecraft:spruce_trapdoor,"{'facing': 'south', 'half': 'bottom', 'open': 'true', 'powered': 'false', 'waterlogged': 'false'}",
"(17, 10, 2)",minecraft:spruce_trapdoor,"{'facing': 'north', 'half': 'bottom', 'open': 'true', 'powered': 'false', 'waterlogged': 'false'}",
"(23, 10, 2)",minecraft:oak_fence_gate,"{'facing': 'south', 'in_wall': 'false', 'open': 'true', 'powered': 'false'}",
"(16, 10, 3)",minecraft:spruce_trapdoor,"{'facing': 'west', 'half': 'bottom', 'open': 'true', 'powered': 'false', 'waterlogged': 'false'}",
"(17, 10, 3)",minecraft:campfire,"{'facing': 'south', 'lit': 'true', 'signal_fire': 'false', 'waterlogged': 'false'}","{components: {}, Items: [], CookingTimes: [I; 0, 0, 0, 0], CookingTotalTimes: [I; 0, 0, 0, 0], id: ""minecraft:campfire""}"
"(18, 10, 3)",minecraft:spruce_trapdoor,"{'facing': 'east', 'half': 'bottom', 'open': 'true', 'powered': 'false', 'waterlogged': 'false'}",
"(21, 10, 3)",minecraft:oak_log,{'axis': 'y'},
"(22, 10, 3)",minecraft:terracotta,{},
"(23, 10, 3)",minecraft:white_stained_glass_pane,"{'east': 'true', 'north': 'false', 'south': 'false', 'waterlogged': 'false', 'west': 'true'}",
"(24, 10, 3)",minecraft:terracotta,{},
"(25, 10, 3)",minecraft:oak_log,{'axis': 'y'},
"(11, 10, 4)",minecraft:oak_log,{'axis': 'z'},
"(12, 10, 4)",minecraft:spruce_stairs,"{'facing': 'south', 'half': 'top', 'shape': 'straight', 'waterlogged': 'false'}",
"(13, 10, 4)",minecraft:dark_oak_slab,"{'type': 'top', 'waterlogged': 'false'}",
"(14, 10, 4)",minecraft:spruce_stairs,"{'facing': 'south', 'half': 'top', 'shape': 'straight', 'waterlogged': 'false'}",
"(15, 10, 4)",minecraft:dark_oak_slab,"{'type': 'top', 'waterlogged': 'false'}",
"(16, 10, 4)",minecraft:spruce_stairs,"{'facing': 'south', 'half': 'top', 'shape': 'straight', 'waterlogged': 'false'}",
"(17, 10, 4)",minecraft:oak_log,{'axis': 'z'},
"(18, 10, 4)",minecraft:spruce_stairs,"{'facing': 'south', 'half': 'top', 'shape': 'straight', 'waterlogged': 'false'}",
"(19, 10, 4)",minecraft:dark_oak_slab,"{'type': 'top', 'waterlogged': 'false'}",
"(20, 10, 4)",minecraft:spruce_stairs,"{'facing': 'south', 'half': 'top', 'shape': 'straight', 'waterlogged': 'false'}",
"(21, 10, 4)",minecraft:brown_wool,{},
"(25, 10, 4)",minecraft:brown_wool,{},
"(10, 10, 5)",minecraft:oak_log,{'axis': 'x'},
"(11, 10, 5)",minecraft:oak_log,{'axis': 'y'},
"(12, 10, 5)",minecraft:stripped_dark_oak_log,{'axis': 'x'},
"(13, 10, 5)",minecraft:stripped_dark_oak_log,{'axis': 'x'},
"(14, 10, 5)",minecraft:stripped_dark_oak_log,{'axis': 'x'},
"(15, 10, 5)",minecraft:stripped_dark_oak_log,{'axis': 'x'},
"(16, 10, 5)",minecraft:stripped_dark_oak_log,{'axis': 'x'},
"(17, 10, 5)",minecraft:stripped_dark_oak_log,{'axis': 'y'},
"(18, 10, 5)",minecraft:stripped_dark_oak_log,{'axis': 'x'},
"(19, 10, 5)",minecraft:stripped_dark_oak_log,{'axis': 'x'},
"(20, 10, 5)",minecraft:stripped_dark_oak_log,{'axis': 'x'},
"(21, 10, 5)",minecraft:stripped_dark_oak_log,{'axis': 'x'},
"(22, 10, 5)",minecraft:stripped_dark_oak_log,{'axis': 'x'},
"(23, 10, 5)",minecraft:stripped_dark_oak_log,{'axis': 'y'},
"(24, 10, 5)",minecraft:spruce_stairs,"{'facing': 'south', 'half': 'bottom', 'shape': 'straight', 'waterlogged': 'false'}",
"(25, 10, 5)",minecraft:terracotta,{},
"(11, 10, 6)",minecraft:stripped_dark_oak_log,{'axis': 'z'},
"(12, 10, 6)",minecraft:spruce_stairs,"{'facing': 'north', 'half': 'top', 'shape': 'inner_left', 'waterlogged': 'false'}",
"(13, 10, 6)",minecraft:spruce_slab,"{'type': 'top', 'waterlogged': 'false'}",
"(14, 10, 6)",minecraft:spruce_stairs,"{'facing': 'north', 'half': 'top', 'shape': 'straight', 'waterlogged': 'false'}",
"(15, 10, 6)",minecraft:spruce_stairs,"{'facing': 'north', 'half': 'top', 'shape': 'straight', 'waterlogged': 'false'}",
"(16, 10, 6)",minecraft:spruce_slab,"{'type': 'top', 'waterlogged': 'false'}",
"(17, 10, 6)",minecraft:stripped_dark_oak_log,{'axis': 'z'},
"(18, 10, 6)",minecraft:spruce_slab,"{'type': 'top', 'waterlogged': 'false'}",
"(19, 10, 6)",minecraft:spruce_stairs,"{'facing': 'north', 'half': 'top', 'shape': 'straight', 'waterlogged': 'false'}",
"(20, 10, 6)",minecraft:spruce_slab,"{'type': 'top', 'waterlogged': 'false'}",
"(21, 10, 6)",minecraft:stripped_dark_oak_log,{'axis': 'z'},
"(22, 10, 6)",minecraft:spruce_slab,"{'type': 'top', 'waterlogged': 'false'}",
"(23, 10, 6)",minecraft:stripped_dark_oak_log,{'axis': 'z'},
"(24, 10, 6)",minecraft:spruce_slab,"{'type': 'double', 'waterlogged': 'false'}",
"(25, 10, 6)",minecraft:terracotta,{},
"(4, 10, 7)",minecraft:stripped_oak_wood,{'axis': 'z'},
"(5, 10, 7)",minecraft:jungle_planks,{},
"(6, 10, 7)",minecraft:stripped_jungle_wood,{'axis': 'z'},
"(7, 10, 7)",minecraft:oak_planks,{},
"(8, 10, 7)",minecraft:stripped_oak_wood,{'axis': 'z'},
"(9, 10, 7)",minecraft:oak_planks,{},
"(10, 10, 7)",minecraft:jungle_planks,{},
"(11, 10, 7)",minecraft:stripped_dark_oak_log,{'axis': 'z'},
"(12, 10, 7)",minecraft:spruce_stairs,"{'facing': 'west', 'half': 'top', 'shape': 'straight', 'waterlogged': 'false'}",
"(13, 10, 7)",minecraft:spruce_trapdoor,"{'facing': 'east', 'half': 'top', 'open': 'false', 'powered': 'false', 'waterlogged': 'false'}",
"(14, 10, 7)",minecraft:spruce_trapdoor,"{'facing': 'south', 'half': 'top', 'open': 'false', 'powered': 'false', 'waterlogged': 'false'}",
"(15, 10, 7)",minecraft:spruce_trapdoor,"{'facing': 'east', 'half': 'top', 'open': 'false', 'powered': 'false', 'waterlogged': 'false'}",
"(16, 10, 7)",minecraft:spruce_slab,"{'type': 'top', 'waterlogged': 'false'}",
"(17, 10, 7)",minecraft:stripped_dark_oak_log,{'axis': 'z'},
"(18, 10, 7)",minecraft:spruce_stairs,"{'facing': 'west', 'half': 'top', 'shape': 'straight', 'waterlogged': 'false'}",
"(19, 10, 7)",minecraft:spruce_slab,"{'type': 'top', 'waterlogged': 'false'}",
"(20, 10, 7)",minecraft:spruce_trapdoor,"{'facing': 'north', 'half': 'top', 'open': 'false', 'powered': 'false', 'waterlogged': 'false'}",
"(21, 10, 7)",minecraft:stripped_dark_oak_wood,{'axis': 'x'},
"(22, 10, 7)",minecraft:stripped_dark_oak_log,{'axis': 'x'},
"(23, 10, 7)",minecraft:stripped_dark_oak_log,{'axis': 'z'},
"(24, 10, 7)",minecraft:brown_wool,{},
"(25, 10, 7)",minecraft:mangrove_log,{'axis': 'y'},
"(5, 10, 8)",minecraft:stripped_dark_oak_log,{'axis': 'y'},
"(6, 10, 8)",minecraft:stripped_dark_oak_log,{'axis': 'x'},
"(7, 10, 8)",minecraft:stripped_dark_oak_log,{'axis': 'x'},
"(8, 10, 8)",minecraft:stripped_dark_oak_log,{'axis': 'x'},
"(9, 10, 8)",minecraft:stripped_dark_oak_log,{'axis': 'x'},
"(10, 10, 8)",minecraft:stripped_dark_oak_log,{'axis': 'x'},
"(11, 10, 8)",minecraft:stripped_dark_oak_log,{'axis': 'z'},
"(12, 10, 8)",minecraft:spruce_slab,"{'type': 'top', 'waterlogged': 'false'}",
"(13, 10, 8)",minecraft:spruce_slab,"{'type': 'top', 'waterlogged': 'false'}",
"(14, 10, 8)",minecraft:spruce_trapdoor,"{'facing': 'east', 'half': 'top', 'open': 'false', 'powered': 'false', 'waterlogged': 'false'}",
"(15, 10, 8)",minecraft:spruce_trapdoor,"{'facing': 'south', 'half': 'top', 'open': 'false', 'powered': 'false', 'waterlogged': 'false'}",
"(16, 10, 8)",minecraft:spruce_stairs,"{'facing': 'east', 'half': 'top', 'shape': 'straight', 'waterlogged': 'false'}",
"(17, 10, 8)",minecraft:stripped_dark_oak_log,{'axis': 'z'},
"(18, 10, 8)",minecraft:spruce_stairs,"{'facing': 'west', 'half': 'top', 'shape': 'straight', 'waterlogged': 'false'}",
"(19, 10, 8)",minecraft:spruce_trapdoor,"{'facing': 'north', 'half': 'top', 'open': 'false', 'powered': 'false', 'waterlogged': 'false'}",
"(20, 10, 8)",minecraft:spruce_trapdoor,"{'facing': 'west', 'half': 'top', 'open': 'false', 'powered': 'false', 'waterlogged': 'false'}",
"(21, 10, 8)",minecraft:spruce_slab,"{'type': 'top', 'waterlogged': 'false'}",
"(22, 10, 8)",minecraft:spruce_slab,"{'type': 'top', 'waterlogged': 'false'}",
"(23, 10, 8)",minecraft:stripped_dark_oak_log,{'axis': 'z'},
"(24, 10, 8)",minecraft:dark_oak_stairs,"{'facing': 'west', 'half': 'top', 'shape': 'straight', 'waterlogged': 'false'}",
"(4, 10, 9)",minecraft:oak_planks,{},
"(5, 10, 9)",minecraft:jungle_planks,{},
"(6, 10, 9)",minecraft:oak_planks,{},
"(7, 10, 9)",minecraft:stripped_oak_wood,{'axis': 'y'},
"(8, 10, 9)",minecraft:jungle_planks,{},
"(9, 10, 9)",minecraft:stripped_jungle_wood,{'axis': 'z'},
"(10, 10, 9)",minecraft:oak_planks,{},
"(11, 10, 9)",minecraft:stripped_dark_oak_log,{'axis': 'z'},
"(12, 10, 9)",minecraft:spruce_stairs,"{'facing': 'west', 'half': 'top', 'shape': 'straight', 'waterlogged': 'false'}",
"(13, 10, 9)",minecraft:spruce_trapdoor,"{'facing': 'east', 'half': 'top', 'open': 'false', 'powered': 'false', 'waterlogged': 'false'}",
"(14, 10, 9)",minecraft:spruce_trapdoor,"{'facing': 'south', 'half': 'top', 'open': 'false', 'powered': 'false', 'waterlogged': 'false'}",
"(15, 10, 9)",minecraft:spruce_slab,"{'type': 'top', 'waterlogged': 'false'}",
"(16, 10, 9)",minecraft:spruce_stairs,"{'facing': 'east', 'half': 'top', 'shape': 'straight', 'waterlogged': 'false'}",
"(17, 10, 9)",minecraft:stripped_dark_oak_log,{'axis': 'z'},
"(18, 10, 9)",minecraft:spruce_slab,"{'type': 'top', 'waterlogged': 'false'}",
"(19, 10, 9)",minecraft:spruce_trapdoor,"{'facing': 'west', 'half': 'top', 'open': 'false', 'powered': 'false', 'waterlogged': 'false'}",
"(20, 10, 9)",minecraft:spruce_slab,"{'type': 'top', 'waterlogged': 'false'}",
"(21, 10, 9)",minecraft:spruce_trapdoor,"{'facing': 'north', 'half': 'top', 'open': 'false', 'powered': 'false', 'waterlogged': 'false'}",
"(22, 10, 9)",minecraft:spruce_stairs,"{'facing': 'east', 'half': 'top', 'shape': 'straight', 'waterlogged': 'false'}",
"(23, 10, 9)",minecraft:stripped_dark_oak_log,{'axis': 'z'},
"(24, 10, 9)",minecraft:dark_oak_slab,"{'type': 'top', 'waterlogged': 'false'}",
"(10, 10, 10)",minecraft:dark_oak_stairs,"{'facing': 'east', 'half': 'top', 'shape': 'straight', 'waterlogged': 'false'}",
"(11, 10, 10)",minecraft:stripped_dark_oak_log,{'axis': 'z'},
"(12, 10, 10)",minecraft:spruce_slab,"{'type': 'top', 'waterlogged': 'false'}",
"(13, 10, 10)",minecraft:spruce_stairs,"{'facing': 'south', 'half': 'top', 'shape': 'straight', 'waterlogged': 'false'}",
"(14, 10, 10)",minecraft:spruce_slab,"{'type': 'top', 'waterlogged': 'false'}",
"(15, 10, 10)",minecraft:spruce_stairs,"{'facing': 'south', 'half': 'top', 'shape': 'straight', 'waterlogged': 'false'}",
"(16, 10, 10)",minecraft:spruce_slab,"{'type': 'top', 'waterlogged': 'false'}",
"(17, 10, 10)",minecraft:stripped_dark_oak_log,{'axis': 'z'},
"(18, 10, 10)",minecraft:spruce_slab,"{'type': 'top', 'waterlogged': 'false'}",
"(19, 10, 10)",minecraft:spruce_stairs,"{'facing': 'south', 'half': 'top', 'shape': 'straight', 'waterlogged': 'false'}",
"(20, 10, 10)",minecraft:spruce_slab,"{'type': 'top', 'waterlogged': 'false'}",
"(21, 10, 10)",minecraft:spruce_stairs,"{'facing': 'south', 'half': 'top', 'shape': 'straight', 'waterlogged': 'false'}",
"(22, 10, 10)",minecraft:spruce_stairs,"{'facing': 'east', 'half': 'top', 'shape': 'inner_right', 'waterlogged': 'false'}",
"(23, 10, 10)",minecraft:stripped_dark_oak_log,{'axis': 'z'},
"(24, 10, 10)",minecraft:spruce_stairs,"{'facing': 'west', 'half': 'top', 'shape': 'straight', 'waterlogged': 'false'}",
"(10, 10, 11)",minecraft:oak_log,{'axis': 'x'},
"(11, 10, 11)",minecraft:stripped_dark_oak_log,{'axis': 'z'},
"(12, 10, 11)",minecraft:stripped_dark_oak_log,{'axis': 'x'},
"(13, 10, 11)",minecraft:stripped_dark_oak_log,{'axis': 'x'},
"(14, 10, 11)",minecraft:stripped_dark_oak_log,{'axis': 'x'},
"(15, 10, 11)",minecraft:stripped_dark_oak_log,{'axis': 'x'},
"(16, 10, 11)",minecraft:stripped_dark_oak_log,{'axis': 'x'},
"(17, 10, 11)",minecraft:stripped_dark_oak_log,{'axis': 'x'},
"(18, 10, 11)",minecraft:stripped_dark_oak_log,{'axis': 'x'},
"(19, 10, 11)",minecraft:stripped_dark_oak_log,{'axis': 'x'},
"(20, 10, 11)",minecraft:stripped_dark_oak_log,{'axis': 'x'},
"(21, 10, 11)",minecraft:stripped_dark_oak_log,{'axis': 'x'},
"(22, 10, 11)",minecraft:stripped_dark_oak_log,{'axis': 'x'},
"(23, 10, 11)",minecraft:stripped_dark_oak_log,{'axis': 'y'},
"(24, 10, 11)",minecraft:oak_log,{'axis': 'x'},
"(8, 10, 12)",minecraft:spruce_trapdoor,"{'facing': 'west', 'half': 'top', 'open': 'false', 'powered': 'false', 'waterlogged': 'false'}",
"(9, 10, 12)",minecraft:spruce_slab,"{'type': 'top', 'waterlogged': 'false'}",
"(10, 10, 12)",minecraft:spruce_stairs,"{'facing': 'east', 'half': 'top', 'shape': 'straight', 'waterlogged': 'false'}",
"(11, 10, 12)",minecraft:stripped_dark_oak_log,{'axis': 'z'},
"(12, 10, 12)",minecraft:spruce_slab,"{'type': 'top', 'waterlogged': 'false'}",
"(13, 10, 12)",minecraft:spruce_stairs,"{'facing': 'north', 'half': 'top', 'shape': 'straight', 'waterlogged': 'false'}",
"(14, 10, 12)",minecraft:spruce_slab,"{'type': 'top', 'waterlogged': 'false'}",
"(15, 10, 12)",minecraft:spruce_stairs,"{'facing': 'north', 'half': 'top', 'shape': 'straight', 'waterlogged': 'false'}",
"(16, 10, 12)",minecraft:spruce_slab,"{'type': 'top', 'waterlogged': 'false'}",
"(17, 10, 12)",minecraft:stripped_dark_oak_log,{'axis': 'z'},
"(18, 10, 12)",minecraft:spruce_slab,"{'type': 'top', 'waterlogged': 'false'}",
"(19, 10, 12)",minecraft:spruce_stairs,"{'facing': 'north', 'half': 'top', 'shape': 'straight', 'waterlogged': 'false'}",
"(20, 10, 12)",minecraft:spruce_slab,"{'type': 'top', 'waterlogged': 'false'}",
"(21, 10, 12)",minecraft:spruce_stairs,"{'facing': 'north', 'half': 'top', 'shape': 'straight', 'waterlogged': 'false'}",
"(22, 10, 12)",minecraft:spruce_stairs,"{'facing': 'east', 'half': 'top', 'shape': 'inner_left', 'waterlogged': 'false'}",
"(23, 10, 12)",minecraft:stripped_dark_oak_log,{'axis': 'z'},
"(24, 10, 12)",minecraft:dark_oak_stairs,"{'facing': 'west', 'half': 'top', 'shape': 'straight', 'waterlogged': 'false'}",
"(8, 10, 13)",minecraft:spruce_trapdoor,"{'facing': 'west', 'half': 'top', 'open': 'false', 'powered': 'false', 'waterlogged': 'false'}",
"(9, 10, 13)",minecraft:spruce_trapdoor,"{'facing': 'west', 'half': 'top', 'open': 'false', 'powered': 'false', 'waterlogged': 'false'}",
"(10, 10, 13)",minecraft:spruce_slab,"{'type': 'top', 'waterlogged': 'false'}",
"(11, 10, 13)",minecraft:stripped_dark_oak_log,{'axis': 'z'},
"(12, 10, 13)",minecraft:spruce_stairs,"{'facing': 'west', 'half': 'top', 'shape': 'straight', 'waterlogged': 'false'}",
"(13, 10, 13)",minecraft:spruce_trapdoor,"{'facing': 'south', 'half': 'top', 'open': 'false', 'powered': 'false', 'waterlogged': 'false'}",
"(14, 10, 13)",minecraft:spruce_trapdoor,"{'facing': 'east', 'half': 'top', 'open': 'false', 'powered': 'false', 'waterlogged': 'false'}",
"(15, 10, 13)",minecraft:spruce_slab,"{'type': 'top', 'waterlogged': 'false'}",
"(16, 10, 13)",minecraft:spruce_stairs,"{'facing': 'east', 'half': 'top', 'shape': 'straight', 'waterlogged': 'false'}",
"(17, 10, 13)",minecraft:stripped_dark_oak_log,{'axis': 'z'},
"(18, 10, 13)",minecraft:spruce_stairs,"{'facing': 'west', 'half': 'top', 'shape': 'straight', 'waterlogged': 'false'}",
"(19, 10, 13)",minecraft:spruce_slab,"{'type': 'top', 'waterlogged': 'false'}",
"(20, 10, 13)",minecraft:spruce_trapdoor,"{'facing': 'south', 'half': 'top', 'open': 'false', 'powered': 'false', 'waterlogged': 'false'}",
"(21, 10, 13)",minecraft:spruce_trapdoor,"{'facing': 'south', 'half': 'top', 'open': 'false', 'powered': 'false', 'waterlogged': 'false'}",
"(22, 10, 13)",minecraft:spruce_stairs,"{'facing': 'east', 'half': 'top', 'shape': 'straight', 'waterlogged': 'false'}",
"(23, 10, 13)",minecraft:stripped_dark_oak_log,{'axis': 'z'},
"(24, 10, 13)",minecraft:dark_oak_slab,"{'type': 'top', 'waterlogged': 'false'}",
"(8, 10, 14)",minecraft:spruce_trapdoor,"{'facing': 'west', 'half': 'top', 'open': 'false', 'powered': 'false', 'waterlogged': 'false'}",
"(9, 10, 14)",minecraft:spruce_slab,"{'type': 'top', 'waterlogged': 'false'}",
"(10, 10, 14)",minecraft:spruce_stairs,"{'facing': 'east', 'half': 'top', 'shape': 'straight', 'waterlogged': 'false'}",
"(11, 10, 14)",minecraft:stripped_dark_oak_log,{'axis': 'z'},
"(12, 10, 14)",minecraft:spruce_stairs,"{'facing': 'south', 'half': 'top', 'shape': 'outer_right', 'waterlogged': 'false'}",
"(13, 10, 14)",minecraft:spruce_slab,"{'type': 'top', 'waterlogged': 'false'}",
"(14, 10, 14)",minecraft:spruce_trapdoor,"{'facing': 'south', 'half': 'top', 'open': 'false', 'powered': 'false', 'waterlogged': 'false'}",
"(15, 10, 14)",minecraft:spruce_slab,"{'type': 'top', 'waterlogged': 'false'}",
"(16, 10, 14)",minecraft:spruce_stairs,"{'facing': 'east', 'half': 'top', 'shape': 'straight', 'waterlogged': 'false'}",
"(17, 10, 14)",minecraft:stripped_dark_oak_log,{'axis': 'z'},
"(18, 10, 14)",minecraft:spruce_slab,"{'type': 'top', 'waterlogged': 'false'}",
"(19, 10, 14)",minecraft:spruce_trapdoor,"{'facing': 'east', 'half': 'top', 'open': 'false', 'powered': 'false', 'waterlogged': 'false'}",
"(20, 10, 14)",minecraft:spruce_trapdoor,"{'facing': 'south', 'half': 'top', 'open': 'false', 'powered': 'false', 'waterlogged': 'false'}",
"(21, 10, 14)",minecraft:spruce_slab,"{'type': 'top', 'waterlogged': 'false'}",
"(22, 10, 14)",minecraft:spruce_slab,"{'type': 'top', 'waterlogged': 'false'}",
"(23, 10, 14)",minecraft:stripped_dark_oak_log,{'axis': 'z'},
"(24, 10, 14)",minecraft:cobblestone,{},
"(25, 10, 14)",minecraft:cobblestone_wall,"{'east': 'none', 'north': 'none', 'south': 'none', 'up': 'true', 'waterlogged': 'false', 'west': 'tall'}",
"(8, 10, 15)",minecraft:spruce_trapdoor,"{'facing': 'west', 'half': 'top', 'open': 'false', 'powered': 'false', 'waterlogged': 'false'}",
"(9, 10, 15)",minecraft:spruce_trapdoor,"{'facing': 'west', 'half': 'top', 'open': 'false', 'powered': 'false', 'waterlogged': 'false'}",
"(10, 10, 15)",minecraft:spruce_slab,"{'type': 'top', 'waterlogged': 'false'}",
"(11, 10, 15)",minecraft:stripped_dark_oak_log,{'axis': 'z'},
"(12, 10, 15)",minecraft:spruce_stairs,"{'facing': 'west', 'half': 'top', 'shape': 'straight', 'waterlogged': 'false'}",
"(13, 10, 15)",minecraft:spruce_trapdoor,"{'facing': 'north', 'half': 'top', 'open': 'false', 'powered': 'false', 'waterlogged': 'false'}",
"(14, 10, 15)",minecraft:spruce_slab,"{'type': 'top', 'waterlogged': 'false'}",
"(15, 10, 15)",minecraft:spruce_trapdoor,"{'facing': 'east', 'half': 'top', 'open': 'false', 'powered': 'false', 'waterlogged': 'false'}",
"(16, 10, 15)",minecraft:spruce_slab,"{'type': 'top', 'waterlogged': 'false'}",
"(17, 10, 15)",minecraft:stripped_dark_oak_log,{'axis': 'z'},
"(18, 10, 15)",minecraft:spruce_stairs,"{'facing': 'west', 'half': 'top', 'shape': 'straight', 'waterlogged': 'false'}",
"(19, 10, 15)",minecraft:spruce_slab,"{'type': 'top', 'waterlogged': 'false'}",
"(20, 10, 15)",minecraft:spruce_trapdoor,"{'facing': 'east', 'half': 'top', 'open': 'false', 'powered': 'false', 'waterlogged': 'false'}",
"(21, 10, 15)",minecraft:spruce_slab,"{'type': 'top', 'waterlogged': 'false'}",
"(22, 10, 15)",minecraft:spruce_stairs,"{'facing': 'east', 'half': 'top', 'shape': 'straight', 'waterlogged': 'false'}",
"(23, 10, 15)",minecraft:stripped_dark_oak_log,{'axis': 'z'},
"(24, 10, 15)",minecraft:dark_oak_slab,"{'type': 'top', 'waterlogged': 'false'}",
"(8, 10, 16)",minecraft:spruce_trapdoor,"{'facing': 'west', 'half': 'top', 'open': 'false', 'powered': 'false', 'waterlogged': 'false'}",
"(9, 10, 16)",minecraft:spruce_slab,"{'type': 'top', 'waterlogged': 'false'}",
"(10, 10, 16)",minecraft:spruce_stairs,"{'facing': 'east', 'half': 'top', 'shape': 'straight', 'waterlogged': 'false'}",
"(11, 10, 16)",minecraft:stripped_dark_oak_log,{'axis': 'z'},
"(12, 10, 16)",minecraft:spruce_stairs,"{'facing': 'south', 'half': 'top', 'shape': 'inner_right', 'waterlogged': 'false'}",
"(13, 10, 16)",minecraft:spruce_stairs,"{'facing': 'south', 'half': 'top', 'shape': 'straight', 'waterlogged': 'false'}",
"(14, 10, 16)",minecraft:spruce_stairs,"{'facing': 'west', 'half': 'top', 'shape': 'outer_left', 'waterlogged': 'false'}",
"(15, 10, 16)",minecraft:spruce_stairs,"{'facing': 'south', 'half': 'top', 'shape': 'straight', 'waterlogged': 'false'}",
"(16, 10, 16)",minecraft:spruce_slab,"{'type': 'top', 'waterlogged': 'false'}",
"(17, 10, 16)",minecraft:stripped_dark_oak_log,{'axis': 'z'},
"(18, 10, 16)",minecraft:spruce_stairs,"{'facing': 'south', 'half': 'top', 'shape': 'inner_right', 'waterlogged': 'false'}",
"(19, 10, 16)",minecraft:spruce_slab,"{'type': 'top', 'waterlogged': 'false'}",
"(20, 10, 16)",minecraft:spruce_stairs,"{'facing': 'south', 'half': 'top', 'shape': 'straight', 'waterlogged': 'false'}",
"(21, 10, 16)",minecraft:spruce_stairs,"{'facing': 'south', 'half': 'top', 'shape': 'straight', 'waterlogged': 'false'}",
"(22, 10, 16)",minecraft:spruce_slab,"{'type': 'top', 'waterlogged': 'false'}",
"(23, 10, 16)",minecraft:stripped_dark_oak_log,{'axis': 'z'},
"(24, 10, 16)",minecraft:spruce_stairs,"{'facing': 'west', 'half': 'top', 'shape': 'straight', 'waterlogged': 'false'}",
"(10, 10, 17)",minecraft:oak_log,{'axis': 'x'},
"(11, 10, 17)",minecraft:oak_log,{'axis': 'y'},
"(12, 10, 17)",minecraft:stripped_dark_oak_log,{'axis': 'x'},
"(13, 10, 17)",minecraft:stripped_dark_oak_log,{'axis': 'x'},
"(14, 10, 17)",minecraft:stripped_dark_oak_log,{'axis': 'x'},
"(15, 10, 17)",minecraft:stripped_dark_oak_log,{'axis': 'x'},
"(16, 10, 17)",minecraft:stripped_dark_oak_log,{'axis': 'x'},
"(17, 10, 17)",minecraft:stripped_dark_oak_log,{'axis': 'y'},
"(18, 10, 17)",minecraft:stripped_dark_oak_log,{'axis': 'x'},
"(19, 10, 17)",minecraft:stripped_dark_oak_log,{'axis': 'x'},
"(20, 10, 17)",minecraft:stripped_dark_oak_log,{'axis': 'x'},
"(21, 10, 17)",minecraft:stripped_dark_oak_log,{'axis': 'x'},
"(22, 10, 17)",minecraft:stripped_dark_oak_log,{'axis': 'x'},
"(23, 10, 17)",minecraft:oak_log,{'axis': 'y'},
"(24, 10, 17)",minecraft:oak_log,{'axis': 'x'},
"(11, 10, 18)",minecraft:oak_log,{'axis': 'z'},
"(12, 10, 18)",minecraft:dark_oak_stairs,"{'facing': 'north', 'half': 'top', 'shape': 'straight', 'waterlogged': 'false'}",
"(13, 10, 18)",minecraft:dark_oak_slab,"{'type': 'top', 'waterlogged': 'false'}",
"(14, 10, 18)",minecraft:dark_oak_stairs,"{'facing': 'north', 'half': 'top', 'shape': 'straight', 'waterlogged': 'false'}",
"(15, 10, 18)",minecraft:dark_oak_slab,"{'type': 'top', 'waterlogged': 'false'}",
"(16, 10, 18)",minecraft:dark_oak_stairs,"{'facing': 'north', 'half': 'top', 'shape': 'straight', 'waterlogged': 'false'}",
"(17, 10, 18)",minecraft:oak_log,{'axis': 'z'},
"(18, 10, 18)",minecraft:dark_oak_stairs,"{'facing': 'north', 'half': 'top', 'shape': 'straight', 'waterlogged': 'false'}",
"(19, 10, 18)",minecraft:dark_oak_slab,"{'type': 'top', 'waterlogged': 'false'}",
"(20, 10, 18)",minecraft:dark_oak_stairs,"{'facing': 'north', 'half': 'top', 'shape': 'straight', 'waterlogged': 'false'}",
"(21, 10, 18)",minecraft:dark_oak_slab,"{'type': 'top', 'waterlogged': 'false'}",
"(22, 10, 18)",minecraft:dark_oak_stairs,"{'facing': 'north', 'half': 'top', 'shape': 'straight', 'waterlogged': 'false'}",
"(23, 10, 18)",minecraft:oak_log,{'axis': 'z'},
"(14, 10, 24)",minecraft:cobbled_deepslate_wall,"{'east': 'none', 'north': 'none', 'south': 'none', 'up': 'true', 'waterlogged': 'false', 'west': 'none'}",
"(23, 11, 2)",minecraft:oxidized_copper_trapdoor,"{'facing': 'north', 'half': 'bottom', 'open': 'false', 'powered': 'false', 'waterlogged': 'false'}",
"(15, 11, 3)",minecraft:spruce_trapdoor,"{'facing': 'north', 'half': 'top', 'open': 'true', 'powered': 'false', 'waterlogged': 'false'}",
"(17, 11, 3)",minecraft:cobbled_deepslate_wall,"{'east': 'none', 'north': 'none', 'south': 'none', 'up': 'true', 'waterlogged': 'false', 'west': 'none'}",
"(21, 11, 3)",minecraft:mangrove_log,{'axis': 'y'},
"(22, 11, 3)",minecraft:terracotta,{},
"(23, 11, 3)",minecraft:terracotta,{},
"(24, 11, 3)",minecraft:terracotta,{},
"(25, 11, 3)",minecraft:mangrove_log,{'axis': 'y'},
"(11, 11, 4)",minecraft:spruce_stairs,"{'facing': 'south', 'half': 'bottom', 'shape': 'straight', 'waterlogged': 'false'}",
"(12, 11, 4)",minecraft:oak_leaves,"{'distance': '7', 'persistent': 'true', 'waterlogged': 'false'}",
"(13, 11, 4)",minecraft:spruce_slab,"{'type': 'bottom', 'waterlogged': 'false'}",
"(14, 11, 4)",minecraft:spruce_trapdoor,"{'facing': 'west', 'half': 'top', 'open': 'true', 'powered': 'false', 'waterlogged': 'false'}",
"(15, 11, 4)",minecraft:grass_block,{'snowy': 'false'},
"(16, 11, 4)",minecraft:spruce_trapdoor,"{'facing': 'east', 'half': 'top', 'open': 'true', 'powered': 'false', 'waterlogged': 'false'}",
"(17, 11, 4)",minecraft:spruce_stairs,"{'facing': 'south', 'half': 'bottom', 'shape': 'straight', 'waterlogged': 'false'}",
"(19, 11, 4)",minecraft:spruce_slab,"{'type': 'bottom', 'waterlogged': 'false'}",
"(20, 11, 4)",minecraft:oak_leaves,"{'distance': '7', 'persistent': 'true', 'waterlogged': 'false'}",
"(21, 11, 4)",minecraft:brown_wool,{},
"(22, 11, 4)",minecraft:spruce_stairs,"{'facing': 'south', 'half': 'top', 'shape': 'straight', 'waterlogged': 'false'}",
"(25, 11, 4)",minecraft:brown_wool,{},
"(10, 11, 5)",minecraft:spruce_stairs,"{'facing': 'east', 'half': 'bottom', 'shape': 'straight', 'waterlogged': 'false'}",
"(11, 11, 5)",minecraft:stripped_spruce_log,{'axis': 'y'},
"(12, 11, 5)",minecraft:terracotta,{},
"(13, 11, 5)",minecraft:terracotta,{},
"(14, 11, 5)",minecraft:granite,{},
"(15, 11, 5)",minecraft:granite,{},
"(16, 11, 5)",minecraft:granite,{},
"(17, 11, 5)",minecraft:stripped_spruce_log,{'axis': 'y'},
"(18, 11, 5)",minecraft:granite,{},
"(19, 11, 5)",minecraft:granite,{},
"(20, 11, 5)",minecraft:terracotta,{},
"(21, 11, 5)",minecraft:terracotta,{},
"(22, 11, 5)",minecraft:spruce_stairs,"{'facing': 'north', 'half': 'bottom', 'shape': 'straight', 'waterlogged': 'false'}",
"(23, 11, 5)",minecraft:stripped_spruce_log,{'axis': 'y'},
"(25, 11, 5)",minecraft:brown_wool,{},
"(26, 11, 5)",minecraft:spruce_stairs,"{'facing': 'west', 'half': 'top', 'shape': 'straight', 'waterlogged': 'false'}",
"(11, 11, 6)",minecraft:brown_wool,{},
"(12, 11, 6)",minecraft:brown_wool,{},
"(13, 11, 6)",minecraft:beehive,"{'facing': 'east', 'honey_level': '0'}","{components: {}, id: ""minecraft:beehive"", bees: []}"
"(17, 11, 6)",minecraft:ender_chest,"{'facing': 'south', 'waterlogged': 'false'}","{components: {}, id: ""minecraft:ender_chest""}"
"(18, 11, 6)",minecraft:decorated_pot,"{'cracked': 'false', 'facing': 'north', 'waterlogged': 'false'}","{components: {}, id: ""minecraft:decorated_pot""}"
"(21, 11, 6)",minecraft:spruce_trapdoor,"{'facing': 'south', 'half': 'top', 'open': 'true', 'powered': 'false', 'waterlogged': 'false'}",
"(25, 11, 6)",minecraft:terracotta,{},
"(26, 11, 6)",minecraft:oak_leaves,"{'distance': '7', 'persistent': 'true', 'waterlogged': 'false'}",
"(11, 11, 7)",minecraft:brown_wool,{},
"(12, 11, 7)",minecraft:terracotta,{},
"(13, 11, 7)",minecraft:oak_planks,{},
"(14, 11, 7)",minecraft:light_blue_bed,"{'facing': 'west', 'occupied': 'false', 'part': 'head'}","{components: {}, id: ""minecraft:bed""}"
"(15, 11, 7)",minecraft:light_blue_bed,"{'facing': 'west', 'occupied': 'false', 'part': 'foot'}","{components: {}, id: ""minecraft:bed""}"
"(16, 11, 7)",minecraft:oak_wall_sign,"{'facing': 'east', 'waterlogged': 'false'}","{back_text: {has_glowing_text: 0b, color: ""black"", messages: ["""", """", """", """"]}, components: {}, is_waxed: 0b, id: ""minecraft:sign"", front_text: {has_glowing_text: 0b, color: ""black"", messages: ["""", """", """", """"]}}"
"(18, 11, 7)",minecraft:cyan_carpet,{},
"(19, 11, 7)",minecraft:green_carpet,{},
"(20, 11, 7)",minecraft:cyan_carpet,{},
"(22, 11, 7)",minecraft:spruce_trapdoor,"{'facing': 'west', 'half': 'top', 'open': 'true', 'powered': 'false', 'waterlogged': 'false'}",
"(23, 11, 7)",minecraft:terracotta,{},
"(24, 11, 7)",minecraft:brown_wool,{},
"(25, 11, 7)",minecraft:mangrove_log,{'axis': 'y'},
"(4, 11, 8)",minecraft:oak_planks,{},
"(5, 11, 8)",minecraft:stripped_oak_wood,{'axis': 'z'},
"(6, 11, 8)",minecraft:stripped_oak_wood,{'axis': 'z'},
"(7, 11, 8)",minecraft:oak_planks,{},
"(8, 11, 8)",minecraft:oak_planks,{},
"(9, 11, 8)",minecraft:stripped_oak_wood,{'axis': 'z'},
"(10, 11, 8)",minecraft:oak_planks,{},
"(12, 11, 8)",minecraft:brown_wool,{},
"(13, 11, 8)",minecraft:oak_planks,{},
"(14, 11, 8)",minecraft:light_blue_bed,"{'facing': 'west', 'occupied': 'false', 'part': 'head'}","{components: {}, id: ""minecraft:bed""}"
"(15, 11, 8)",minecraft:light_blue_bed,"{'facing': 'west', 'occupied': 'false', 'part': 'foot'}","{components: {}, id: ""minecraft:bed""}"
"(16, 11, 8)",minecraft:oak_wall_sign,"{'facing': 'east', 'waterlogged': 'false'}","{back_text: {has_glowing_text: 0b, color: ""black"", messages: ["""", """", """", """"]}, components: {}, is_waxed: 0b, id: ""minecraft:sign"", front_text: {has_glowing_text: 0b, color: ""black"", messages: ["""", """", """", """"]}}"
"(18, 11, 8)",minecraft:green_carpet,{},
"(19, 11, 8)",minecraft:cyan_carpet,{},
"(20, 11, 8)",minecraft:green_carpet,{},
"(22, 11, 8)",minecraft:barrel,"{'facing': 'west', 'open': 'false'}","{components: {}, Items: [], id: ""minecraft:barrel""}"
"(23, 11, 8)",minecraft:terracotta,{},
"(24, 11, 8)",minecraft:oak_leaves,"{'distance': '7', 'persistent': 'true', 'waterlogged': 'false'}",
"(11, 11, 9)",minecraft:brown_wool,{},
"(12, 11, 9)",minecraft:terracotta,{},
"(13, 11, 9)",minecraft:oak_planks,{},
"(14, 11, 9)",minecraft:light_blue_bed,"{'facing': 'west', 'occupied': 'false', 'part': 'head'}","{components: {}, id: ""minecraft:bed""}"
"(15, 11, 9)",minecraft:light_blue_bed,"{'facing': 'west', 'occupied': 'false', 'part': 'foot'}","{components: {}, id: ""minecraft:bed""}"
"(16, 11, 9)",minecraft:oak_wall_sign,"{'facing': 'east', 'waterlogged': 'false'}","{back_text: {has_glowing_text: 0b, color: ""black"", messages: ["""", """", """", """"]}, components: {}, is_waxed: 0b, id: ""minecraft:sign"", front_text: {has_glowing_text: 0b, color: ""black"", messages: ["""", """", """", """"]}}"
"(18, 11, 9)",minecraft:cyan_carpet,{},
"(19, 11, 9)",minecraft:green_carpet,{},
"(20, 11, 9)",minecraft:cyan_carpet,{},
"(22, 11, 9)",minecraft:barrel,"{'facing': 'west', 'open': 'false'}","{components: {}, Items: [], id: ""minecraft:barrel""}"
"(23, 11, 9)",minecraft:brown_wool,{},
"(24, 11, 9)",minecraft:spruce_slab,"{'type': 'bottom', 'waterlogged': 'false'}",
"(11, 11, 10)",minecraft:terracotta,{},
"(12, 11, 10)",minecraft:brown_wool,{},
"(13, 11, 10)",minecraft:beehive,"{'facing': 'east', 'honey_level': '0'}","{components: {}, id: ""minecraft:beehive"", bees: []}"
"(17, 11, 10)",minecraft:barrel,"{'facing': 'north', 'open': 'false'}","{components: {}, Items: [], id: ""minecraft:barrel""}"
"(18, 11, 10)",minecraft:decorated_pot,"{'cracked': 'false', 'facing': 'south', 'waterlogged': 'false'}","{components: {}, id: ""minecraft:decorated_pot""}"
"(22, 11, 10)",minecraft:barrel,"{'facing': 'west', 'open': 'false'}","{components: {}, Items: [], id: ""minecraft:barrel""}"
"(23, 11, 10)",minecraft:terracotta,{},
"(10, 11, 11)",minecraft:dark_oak_stairs,"{'facing': 'east', 'half': 'bottom', 'shape': 'straight', 'waterlogged': 'false'}",
"(11, 11, 11)",minecraft:stripped_spruce_log,{'axis': 'y'},
"(12, 11, 11)",minecraft:stripped_spruce_log,{'axis': 'y'},
"(13, 11, 11)",minecraft:brown_wool,{},
"(14, 11, 11)",minecraft:terracotta,{},
"(15, 11, 11)",minecraft:granite,{},
"(16, 11, 11)",minecraft:granite,{},
"(17, 11, 11)",minecraft:stripped_spruce_log,{'axis': 'y'},
"(18, 11, 11)",minecraft:granite,{},
"(19, 11, 11)",minecraft:spruce_trapdoor,"{'facing': 'east', 'half': 'bottom', 'open': 'true', 'powered': 'false', 'waterlogged': 'false'}",
"(20, 11, 11)",minecraft:spruce_trapdoor,"{'facing': 'west', 'half': 'bottom', 'open': 'true', 'powered': 'false', 'waterlogged': 'false'}",
"(21, 11, 11)",minecraft:terracotta,{},
"(22, 11, 11)",minecraft:stripped_spruce_log,{'axis': 'y'},
"(23, 11, 11)",minecraft:stripped_spruce_log,{'axis': 'y'},
"(24, 11, 11)",minecraft:dark_oak_stairs,"{'facing': 'west', 'half': 'bottom', 'shape': 'straight', 'waterlogged': 'false'}",
"(8, 11, 12)",minecraft:spruce_wall_hanging_sign,"{'facing': 'south', 'waterlogged': 'false'}","{back_text: {has_glowing_text: 0b, color: ""black"", messages: ["""", """", """", """"]}, components: {}, is_waxed: 0b, id: ""minecraft:hanging_sign"", front_text: {has_glowing_text: 0b, color: ""black"", messages: ["""", """", """", """"]}}"
"(9, 11, 12)",minecraft:spruce_wall_hanging_sign,"{'facing': 'south', 'waterlogged': 'false'}","{back_text: {has_glowing_text: 0b, color: ""black"", messages: ["""", """", """", """"]}, components: {}, is_waxed: 0b, id: ""minecraft:hanging_sign"", front_text: {has_glowing_text: 0b, color: ""black"", messages: ["""", """", """", """"]}}"
"(10, 11, 12)",minecraft:spruce_wall_hanging_sign,"{'facing': 'south', 'waterlogged': 'false'}","{back_text: {has_glowing_text: 0b, color: ""black"", messages: ["""", """", """", """"]}, components: {}, is_waxed: 0b, id: ""minecraft:hanging_sign"", front_text: {has_glowing_text: 0b, color: ""black"", messages: ["""", """", """", """"]}}"
"(11, 11, 12)",minecraft:brown_wool,{},
"(12, 11, 12)",minecraft:barrel,"{'facing': 'south', 'open': 'false'}","{components: {}, Items: [], id: ""minecraft:barrel""}"
"(13, 11, 12)",minecraft:barrel,"{'facing': 'south', 'open': 'false'}","{components: {}, Items: [], id: ""minecraft:barrel""}"
"(14, 11, 12)",minecraft:barrel,"{'facing': 'south', 'open': 'false'}","{components: {}, Items: [], id: ""minecraft:barrel""}"
"(15, 11, 12)",minecraft:barrel,"{'facing': 'south', 'open': 'false'}","{components: {}, Items: [], id: ""minecraft:barrel""}"
"(16, 11, 12)",minecraft:barrel,"{'facing': 'south', 'open': 'false'}","{components: {}, Items: [], id: ""minecraft:barrel""}"
"(17, 11, 12)",minecraft:decorated_pot,"{'cracked': 'false', 'facing': 'west', 'waterlogged': 'false'}","{components: {}, id: ""minecraft:decorated_pot""}"
"(21, 11, 12)",minecraft:decorated_pot,"{'cracked': 'false', 'facing': 'east', 'waterlogged': 'false'}","{components: {}, id: ""minecraft:decorated_pot""}"
"(22, 11, 12)",minecraft:brown_wool,{},
"(23, 11, 12)",minecraft:brown_wool,{},
"(11, 11, 13)",minecraft:spruce_trapdoor,"{'facing': 'south', 'half': 'bottom', 'open': 'true', 'powered': 'false', 'waterlogged': 'false'}",
"(21, 11, 13)",minecraft:jungle_wall_sign,"{'facing': 'north', 'waterlogged': 'false'}","{back_text: {has_glowing_text: 0b, color: ""black"", messages: ["""", """", """", """"]}, components: {}, is_waxed: 0b, id: ""minecraft:sign"", front_text: {has_glowing_text: 0b, color: ""black"", messages: ["""", """", """", """"]}}"
"(22, 11, 13)",minecraft:terracotta,{},
"(23, 11, 13)",minecraft:brown_wool,{},
"(24, 11, 13)",minecraft:spruce_slab,"{'type': 'bottom', 'waterlogged': 'false'}",
"(14, 11, 14)",minecraft:yellow_carpet,{},
"(15, 11, 14)",minecraft:orange_carpet,{},
"(16, 11, 14)",minecraft:red_carpet,{},
"(17, 11, 14)",minecraft:red_carpet,{},
"(18, 11, 14)",minecraft:purple_carpet,{},
"(19, 11, 14)",minecraft:magenta_carpet,{},
"(21, 11, 14)",minecraft:jungle_stairs,"{'facing': 'east', 'half': 'bottom', 'shape': 'straight', 'waterlogged': 'false'}",
"(22, 11, 14)",minecraft:brown_wool,{},
"(23, 11, 14)",minecraft:brown_wool,{},
"(24, 11, 14)",minecraft:cobblestone_wall,"{'east': 'tall', 'north': 'none', 'south': 'none', 'up': 'false', 'waterlogged': 'false', 'west': 'tall'}",
"(25, 11, 14)",minecraft:cobblestone,{},
"(11, 11, 15)",minecraft:spruce_trapdoor,"{'facing': 'north', 'half': 'bottom', 'open': 'true', 'powered': 'false', 'waterlogged': 'false'}",
"(21, 11, 15)",minecraft:jungle_wall_sign,"{'facing': 'south', 'waterlogged': 'false'}","{back_text: {has_glowing_text: 0b, color: ""black"", messages: ["""", """", """", """"]}, components: {}, is_waxed: 0b, id: ""minecraft:sign"", front_text: {has_glowing_text: 0b, color: ""black"", messages: ["""", """", """", """"]}}"
"(22, 11, 15)",minecraft:brown_wool,{},
"(23, 11, 15)",minecraft:terracotta,{},
"(24, 11, 15)",minecraft:spruce_slab,"{'type': 'bottom', 'waterlogged': 'false'}",
"(8, 11, 16)",minecraft:spruce_wall_hanging_sign,"{'facing': 'north', 'waterlogged': 'false'}","{back_text: {has_glowing_text: 0b, color: ""black"", messages: ["""", """", """", """"]}, components: {}, is_waxed: 0b, id: ""minecraft:hanging_sign"", front_text: {has_glowing_text: 0b, color: ""black"", messages: ["""", """", """", """"]}}"
"(9, 11, 16)",minecraft:spruce_wall_hanging_sign,"{'facing': 'north', 'waterlogged': 'false'}","{back_text: {has_glowing_text: 0b, color: ""black"", messages: ["""", """", """", """"]}, components: {}, is_waxed: 0b, id: ""minecraft:hanging_sign"", front_text: {has_glowing_text: 0b, color: ""black"", messages: ["""", """", """", """"]}}"
"(10, 11, 16)",minecraft:spruce_wall_hanging_sign,"{'facing': 'north', 'waterlogged': 'false'}","{back_text: {has_glowing_text: 0b, color: ""black"", messages: ["""", """", """", """"]}, components: {}, is_waxed: 0b, id: ""minecraft:hanging_sign"", front_text: {has_glowing_text: 0b, color: ""black"", messages: ["""", """", """", """"]}}"
"(11, 11, 16)",minecraft:terracotta,{},
"(12, 11, 16)",minecraft:barrel,"{'facing': 'north', 'open': 'false'}","{components: {}, Items: [], id: ""minecraft:barrel""}"
"(13, 11, 16)",minecraft:barrel,"{'facing': 'north', 'open': 'false'}","{components: {}, Items: [], id: ""minecraft:barrel""}"
"(14, 11, 16)",minecraft:barrel,"{'facing': 'north', 'open': 'false'}","{components: {}, Items: [], id: ""minecraft:barrel""}"
"(15, 11, 16)",minecraft:barrel,"{'facing': 'north', 'open': 'false'}","{components: {}, Items: [], id: ""minecraft:barrel""}"
"(16, 11, 16)",minecraft:barrel,"{'facing': 'north', 'open': 'false'}","{components: {}, Items: [], id: ""minecraft:barrel""}"
"(17, 11, 16)",minecraft:barrel,"{'facing': 'north', 'open': 'false'}","{components: {}, Items: [], id: ""minecraft:barrel""}"
"(18, 11, 16)",minecraft:barrel,"{'facing': 'north', 'open': 'false'}","{components: {}, Items: [], id: ""minecraft:barrel""}"
"(19, 11, 16)",minecraft:barrel,"{'facing': 'north', 'open': 'false'}","{components: {}, Items: [], id: ""minecraft:barrel""}"
"(20, 11, 16)",minecraft:barrel,"{'facing': 'north', 'open': 'false'}","{components: {}, Items: [], id: ""minecraft:barrel""}"
"(21, 11, 16)",minecraft:barrel,"{'facing': 'north', 'open': 'false'}","{components: {}, Items: [], id: ""minecraft:barrel""}"
"(22, 11, 16)",minecraft:terracotta,{},
"(23, 11, 16)",minecraft:brown_wool,{},
"(24, 11, 16)",minecraft:oak_leaves,"{'distance': '7', 'persistent': 'true', 'waterlogged': 'false'}",
"(10, 11, 17)",minecraft:dark_oak_stairs,"{'facing': 'east', 'half': 'bottom', 'shape': 'straight', 'waterlogged': 'false'}",
"(11, 11, 17)",minecraft:stripped_spruce_log,{'axis': 'y'},
"(12, 11, 17)",minecraft:brown_wool,{},
"(13, 11, 17)",minecraft:terracotta,{},
"(14, 11, 17)",minecraft:terracotta,{},
"(15, 11, 17)",minecraft:granite,{},
"(16, 11, 17)",minecraft:granite,{},
"(17, 11, 17)",minecraft:stripped_spruce_log,{'axis': 'y'},
"(18, 11, 17)",minecraft:granite,{},
"(19, 11, 17)",minecraft:granite,{},
"(20, 11, 17)",minecraft:terracotta,{},
"(21, 11, 17)",minecraft:terracotta,{},
"(22, 11, 17)",minecraft:brown_wool,{},
"(23, 11, 17)",minecraft:stripped_spruce_log,{'axis': 'y'},
"(24, 11, 17)",minecraft:dark_oak_stairs,"{'facing': 'west', 'half': 'bottom', 'shape': 'straight', 'waterlogged': 'false'}",
"(11, 11, 18)",minecraft:dark_oak_stairs,"{'facing': 'north', 'half': 'bottom', 'shape': 'straight', 'waterlogged': 'false'}",
"(12, 11, 18)",minecraft:oak_leaves,"{'distance': '7', 'persistent': 'true', 'waterlogged': 'false'}",
"(13, 11, 18)",minecraft:spruce_slab,"{'type': 'bottom', 'waterlogged': 'false'}",
"(14, 11, 18)",minecraft:spruce_trapdoor,"{'facing': 'west', 'half': 'bottom', 'open': 'true', 'powered': 'false', 'waterlogged': 'false'}",
"(15, 11, 18)",minecraft:grass_block,{'snowy': 'false'},
"(16, 11, 18)",minecraft:spruce_trapdoor,"{'facing': 'east', 'half': 'top', 'open': 'true', 'powered': 'false', 'waterlogged': 'false'}",
"(17, 11, 18)",minecraft:dark_oak_stairs,"{'facing': 'north', 'half': 'bottom', 'shape': 'straight', 'waterlogged': 'false'}",
"(18, 11, 18)",minecraft:spruce_trapdoor,"{'facing': 'west', 'half': 'top', 'open': 'true', 'powered': 'false', 'waterlogged': 'false'}",
"(19, 11, 18)",minecraft:grass_block,{'snowy': 'false'},
"(20, 11, 18)",minecraft:spruce_trapdoor,"{'facing': 'east', 'half': 'bottom', 'open': 'true', 'powered': 'false', 'waterlogged': 'false'}",
"(21, 11, 18)",minecraft:dark_oak_slab,"{'type': 'bottom', 'waterlogged': 'false'}",
"(22, 11, 18)",minecraft:oak_leaves,"{'distance': '7', 'persistent': 'true', 'waterlogged': 'false'}",
"(23, 11, 18)",minecraft:dark_oak_stairs,"{'facing': 'north', 'half': 'bottom', 'shape': 'straight', 'waterlogged': 'false'}",
"(15, 11, 19)",minecraft:spruce_trapdoor,"{'facing': 'south', 'half': 'top', 'open': 'true', 'powered': 'false', 'waterlogged': 'false'}",
"(19, 11, 19)",minecraft:spruce_trapdoor,"{'facing': 'south', 'half': 'top', 'open': 'true', 'powered': 'false', 'waterlogged': 'false'}",
"(24, 12, 2)",minecraft:azalea_leaves,"{'distance': '7', 'persistent': 'true', 'waterlogged': 'false'}",
"(21, 12, 3)",minecraft:mangrove_log,{'axis': 'y'},
"(22, 12, 3)",minecraft:brown_wool,{},
"(23, 12, 3)",minecraft:terracotta,{},
"(24, 12, 3)",minecraft:brown_wool,{},
"(25, 12, 3)",minecraft:mangrove_log,{'axis': 'y'},
"(10, 12, 4)",minecraft:jungle_planks,{},
"(11, 12, 4)",minecraft:spruce_fence,"{'east': 'false', 'north': 'false', 'south': 'true', 'waterlogged': 'false', 'west': 'true'}",
"(15, 12, 4)",minecraft:torchflower,{},
"(21, 12, 4)",minecraft:brown_wool,{},
"(22, 12, 4)",minecraft:spruce_stairs,"{'facing': 'north', 'half': 'bottom', 'shape': 'straight', 'waterlogged': 'false'}",
"(23, 12, 4)",minecraft:spruce_stairs,"{'facing': 'west', 'half': 'top', 'shape': 'straight', 'waterlogged': 'false'}",
"(25, 12, 4)",minecraft:brown_wool,{},
"(10, 12, 5)",minecraft:stripped_jungle_wood,{'axis': 'x'},
"(11, 12, 5)",minecraft:oak_log,{'axis': 'y'},
"(12, 12, 5)",minecraft:brown_wool,{},
"(13, 12, 5)",minecraft:terracotta,{},
"(14, 12, 5)",minecraft:light_gray_stained_glass_pane,"{'east': 'true', 'north': 'false', 'south': 'false', 'waterlogged': 'false', 'west': 'true'}",
"(15, 12, 5)",minecraft:light_gray_stained_glass_pane,"{'east': 'true', 'north': 'false', 'south': 'false', 'waterlogged': 'false', 'west': 'true'}",
"(16, 12, 5)",minecraft:granite,{},
"(17, 12, 5)",minecraft:oak_log,{'axis': 'y'},
"(18, 12, 5)",minecraft:granite,{},
"(19, 12, 5)",minecraft:light_gray_stained_glass_pane,"{'east': 'true', 'north': 'false', 'south': 'false', 'waterlogged': 'false', 'west': 'true'}",
"(20, 12, 5)",minecraft:terracotta,{},
"(21, 12, 5)",minecraft:brown_wool,{},
"(23, 12, 5)",minecraft:oak_log,{'axis': 'y'},
"(25, 12, 5)",minecraft:light_gray_stained_glass_pane,"{'east': 'false', 'north': 'true', 'south': 'true', 'waterlogged': 'false', 'west': 'false'}",
"(10, 12, 6)",minecraft:jungle_planks,{},
"(12, 12, 6)",minecraft:brown_wool,{},
"(13, 12, 6)",minecraft:potted_torchflower,{},
"(18, 12, 6)",minecraft:potted_bamboo,{},
"(20, 12, 6)",minecraft:green_wall_banner,{'facing': 'south'},"{components: {}, id: ""minecraft:banner""}"
"(21, 12, 6)",minecraft:spruce_trapdoor,"{'facing': 'south', 'half': 'bottom', 'open': 'true', 'powered': 'false', 'waterlogged': 'false'}",
"(25, 12, 6)",minecraft:terracotta,{},
"(10, 12, 7)",minecraft:jungle_stairs,"{'facing': 'east', 'half': 'bottom', 'shape': 'straight', 'waterlogged': 'false'}",
"(11, 12, 7)",minecraft:grass_block,{'snowy': 'false'},
"(12, 12, 7)",minecraft:brown_wool,{},
"(13, 12, 7)",minecraft:oak_stairs,"{'facing': 'south', 'half': 'bottom', 'shape': 'straight', 'waterlogged': 'false'}",
"(22, 12, 7)",minecraft:spruce_trapdoor,"{'facing': 'west', 'half': 'bottom', 'open': 'true', 'powered': 'false', 'waterlogged': 'false'}",
"(23, 12, 7)",minecraft:terracotta,{},
"(24, 12, 7)",minecraft:brown_wool,{},
"(25, 12, 7)",minecraft:stripped_dark_oak_log,{'axis': 'y'},
"(10, 12, 8)",minecraft:jungle_stairs,"{'facing': 'east', 'half': 'bottom', 'shape': 'straight', 'waterlogged': 'false'}",
"(11, 12, 8)",minecraft:grass_block,{'snowy': 'false'},
"(12, 12, 8)",minecraft:terracotta,{},
"(13, 12, 8)",minecraft:oak_planks,{},
"(22, 12, 8)",minecraft:green_candle,"{'candles': '4', 'lit': 'true', 'waterlogged': 'false'}",
"(23, 12, 8)",minecraft:barrel,"{'facing': 'west', 'open': 'false'}","{components: {}, Items: [], id: ""minecraft:barrel""}"
"(24, 12, 8)",minecraft:jungle_planks,{},
"(10, 12, 9)",minecraft:jungle_stairs,"{'facing': 'east', 'half': 'bottom', 'shape': 'straight', 'waterlogged': 'false'}",
"(11, 12, 9)",minecraft:grass_block,{'snowy': 'false'},
"(12, 12, 9)",minecraft:terracotta,{},
"(13, 12, 9)",minecraft:oak_stairs,"{'facing': 'north', 'half': 'bottom', 'shape': 'straight', 'waterlogged': 'false'}",
"(23, 12, 9)",minecraft:barrel,"{'facing': 'west', 'open': 'false'}","{components: {}, Items: [], id: ""minecraft:barrel""}"
"(24, 12, 9)",minecraft:stripped_jungle_wood,{'axis': 'y'},
"(10, 12, 10)",minecraft:stripped_jungle_wood,{'axis': 'y'},
"(12, 12, 10)",minecraft:terracotta,{},
"(13, 12, 10)",minecraft:lantern,"{'hanging': 'false', 'waterlogged': 'false'}",
"(17, 12, 10)",minecraft:barrel,"{'facing': 'north', 'open': 'false'}","{components: {}, Items: [], id: ""minecraft:barrel""}"
"(18, 12, 10)",minecraft:potted_bamboo,{},
"(22, 12, 10)",minecraft:potted_blue_orchid,{},
"(23, 12, 10)",minecraft:barrel,"{'facing': 'west', 'open': 'false'}","{components: {}, Items: [], id: ""minecraft:barrel""}"
"(24, 12, 10)",minecraft:jungle_planks,{},
"(10, 12, 11)",minecraft:jungle_planks,{},
"(11, 12, 11)",minecraft:oak_log,{'axis': 'y'},
"(12, 12, 11)",minecraft:oak_log,{'axis': 'y'},
"(13, 12, 11)",minecraft:brown_wool,{},
"(14, 12, 11)",minecraft:terracotta,{},
"(15, 12, 11)",minecraft:terracotta,{},
"(16, 12, 11)",minecraft:granite,{},
"(17, 12, 11)",minecraft:oak_log,{'axis': 'y'},
"(18, 12, 11)",minecraft:terracotta,{},
"(19, 12, 11)",minecraft:spruce_trapdoor,"{'facing': 'east', 'half': 'bottom', 'open': 'true', 'powered': 'false', 'waterlogged': 'false'}",
"(20, 12, 11)",minecraft:spruce_trapdoor,"{'facing': 'west', 'half': 'bottom', 'open': 'true', 'powered': 'false', 'waterlogged': 'false'}",
"(21, 12, 11)",minecraft:brown_wool,{},
"(22, 12, 11)",minecraft:oak_log,{'axis': 'y'},
"(23, 12, 11)",minecraft:oak_log,{'axis': 'y'},
"(24, 12, 11)",minecraft:jungle_planks,{},
"(10, 12, 12)",minecraft:jungle_stairs,"{'facing': 'north', 'half': 'top', 'shape': 'straight', 'waterlogged': 'false'}",
"(11, 12, 12)",minecraft:brown_wool,{},
"(12, 12, 12)",minecraft:potted_blue_orchid,{},
"(14, 12, 12)",minecraft:skeleton_skull,"{'powered': 'false', 'rotation': '6'}","{components: {}, id: ""minecraft:skull""}"
"(15, 12, 12)",minecraft:gray_candle,"{'candles': '4', 'lit': 'true', 'waterlogged': 'false'}",
"(16, 12, 12)",minecraft:wither_skeleton_skull,"{'powered': 'false', 'rotation': '10'}","{components: {}, id: ""minecraft:skull""}"
"(17, 12, 12)",minecraft:potted_bamboo,{},
"(21, 12, 12)",minecraft:potted_bamboo,{},
"(22, 12, 12)",minecraft:brown_wool,{},
"(24, 12, 12)",minecraft:stripped_jungle_wood,{'axis': 'y'},
"(11, 12, 13)",minecraft:spruce_trapdoor,"{'facing': 'south', 'half': 'bottom', 'open': 'true', 'powered': 'false', 'waterlogged': 'false'}",
"(21, 12, 13)",minecraft:magenta_wall_banner,{'facing': 'west'},"{components: {}, id: ""minecraft:banner""}"
"(22, 12, 13)",minecraft:brown_wool,{},
"(23, 12, 13)",minecraft:grass_block,{'snowy': 'false'},
"(24, 12, 13)",minecraft:jungle_stairs,"{'facing': 'west', 'half': 'bottom', 'shape': 'straight', 'waterlogged': 'false'}",
"(22, 12, 14)",minecraft:terracotta,{},
"(23, 12, 14)",minecraft:grass_block,{'snowy': 'false'},
"(24, 12, 14)",minecraft:jungle_stairs,"{'facing': 'west', 'half': 'bottom', 'shape': 'straight', 'waterlogged': 'false'}",
"(25, 12, 14)",minecraft:cobblestone,{},
"(11, 12, 15)",minecraft:spruce_trapdoor,"{'facing': 'north', 'half': 'bottom', 'open': 'true', 'powered': 'false', 'waterlogged': 'false'}",
"(21, 12, 15)",minecraft:cyan_wall_banner,{'facing': 'west'},"{components: {}, id: ""minecraft:banner""}"
"(22, 12, 15)",minecraft:terracotta,{},
"(23, 12, 15)",minecraft:grass_block,{'snowy': 'false'},
"(24, 12, 15)",minecraft:jungle_stairs,"{'facing': 'west', 'half': 'bottom', 'shape': 'straight', 'waterlogged': 'false'}",
"(10, 12, 16)",minecraft:jungle_stairs,"{'facing': 'south', 'half': 'top', 'shape': 'straight', 'waterlogged': 'false'}",
"(11, 12, 16)",minecraft:brown_wool,{},
"(12, 12, 16)",minecraft:dragon_head,"{'powered': 'false', 'rotation': '3'}","{components: {}, id: ""minecraft:skull""}"
"(14, 12, 16)",minecraft:amethyst_cluster,"{'facing': 'up', 'waterlogged': 'false'}",
"(15, 12, 16)",minecraft:creeper_head,"{'powered': 'false', 'rotation': '2'}","{components: {}, id: ""minecraft:skull""}"
"(18, 12, 16)",minecraft:zombie_head,"{'powered': 'false', 'rotation': '14'}","{components: {}, id: ""minecraft:skull""}"
"(19, 12, 16)",minecraft:candle,"{'candles': '4', 'lit': 'true', 'waterlogged': 'false'}",
"(20, 12, 16)",minecraft:potted_torchflower,{},
"(22, 12, 16)",minecraft:brown_wool,{},
"(24, 12, 16)",minecraft:jungle_planks,{},
"(10, 12, 17)",minecraft:jungle_planks,{},
"(11, 12, 17)",minecraft:oak_log,{'axis': 'y'},
"(12, 12, 17)",minecraft:brown_wool,{},
"(13, 12, 17)",minecraft:terracotta,{},
"(14, 12, 17)",minecraft:light_gray_stained_glass_pane,"{'east': 'true', 'north': 'false', 'south': 'false', 'waterlogged': 'false', 'west': 'true'}",
"(15, 12, 17)",minecraft:white_stained_glass_pane,"{'east': 'true', 'north': 'false', 'south': 'false', 'waterlogged': 'false', 'west': 'true'}",
"(16, 12, 17)",minecraft:granite,{},
"(17, 12, 17)",minecraft:oak_log,{'axis': 'y'},
"(18, 12, 17)",minecraft:granite,{},
"(19, 12, 17)",minecraft:light_gray_stained_glass_pane,"{'east': 'true', 'north': 'false', 'south': 'false', 'waterlogged': 'false', 'west': 'true'}",
"(20, 12, 17)",minecraft:light_gray_stained_glass_pane,"{'east': 'true', 'north': 'false', 'south': 'false', 'waterlogged': 'false', 'west': 'true'}",
"(21, 12, 17)",minecraft:brown_wool,{},
"(22, 12, 17)",minecraft:brown_wool,{},
"(23, 12, 17)",minecraft:oak_log,{'axis': 'y'},
"(24, 12, 17)",minecraft:jungle_planks,{},
"(10, 12, 18)",minecraft:stripped_jungle_wood,{'axis': 'y'},
"(11, 12, 18)",minecraft:dark_oak_fence,"{'east': 'false', 'north': 'true', 'south': 'false', 'waterlogged': 'false', 'west': 'true'}",
"(12, 12, 18)",minecraft:azalea_leaves,"{'distance': '7', 'persistent': 'true', 'waterlogged': 'false'}",
"(15, 12, 18)",minecraft:fern,{},
"(19, 12, 18)",minecraft:cornflower,{},
"(23, 12, 18)",minecraft:dark_oak_fence,"{'east': 'true', 'north': 'true', 'south': 'false', 'waterlogged': 'false', 'west': 'false'}",
"(24, 12, 18)",minecraft:stripped_jungle_wood,{'axis': 'y'},
"(21, 13, 2)",minecraft:spruce_fence,"{'east': 'false', 'north': 'false', 'south': 'true', 'waterlogged': 'false', 'west': 'false'}",
"(24, 13, 2)",minecraft:flowering_azalea_leaves,"{'distance': '7', 'persistent': 'true', 'waterlogged': 'false'}",
"(25, 13, 2)",minecraft:spruce_fence,"{'east': 'false', 'north': 'false', 'south': 'true', 'waterlogged': 'false', 'west': 'false'}",
"(20, 13, 3)",minecraft:spruce_fence,"{'east': 'true', 'north': 'false', 'south': 'false', 'waterlogged': 'false', 'west': 'false'}",
"(21, 13, 3)",minecraft:stripped_dark_oak_log,{'axis': 'y'},
"(22, 13, 3)",minecraft:brown_wool,{},
"(23, 13, 3)",minecraft:brown_wool,{},
"(24, 13, 3)",minecraft:brown_wool,{},
"(25, 13, 3)",minecraft:stripped_dark_oak_log,{'axis': 'y'},
"(26, 13, 3)",minecraft:spruce_fence,"{'east': 'false', 'north': 'false', 'south': 'false', 'waterlogged': 'false', 'west': 'true'}",
"(11, 13, 4)",minecraft:stripped_jungle_wood,{'axis': 'x'},
"(14, 13, 4)",minecraft:oak_fence_gate,"{'facing': 'south', 'in_wall': 'false', 'open': 'true', 'powered': 'false'}",
"(15, 13, 4)",minecraft:oak_fence_gate,"{'facing': 'south', 'in_wall': 'false', 'open': 'true', 'powered': 'false'}",
"(19, 13, 4)",minecraft:oak_fence_gate,"{'facing': 'south', 'in_wall': 'false', 'open': 'true', 'powered': 'false'}",
"(21, 13, 4)",minecraft:brown_wool,{},
"(23, 13, 4)",minecraft:spruce_stairs,"{'facing': 'east', 'half': 'bottom', 'shape': 'straight', 'waterlogged': 'false'}",
"(24, 13, 4)",minecraft:spruce_stairs,"{'facing': 'west', 'half': 'top', 'shape': 'straight', 'waterlogged': 'false'}",
"(25, 13, 4)",minecraft:brown_wool,{},
"(11, 13, 5)",minecraft:jungle_planks,{},
"(12, 13, 5)",minecraft:oak_log,{'axis': 'y'},
"(13, 13, 5)",minecraft:brown_wool,{},
"(14, 13, 5)",minecraft:white_stained_glass_pane,"{'east': 'true', 'north': 'false', 'south': 'false', 'waterlogged': 'false', 'west': 'true'}",
"(15, 13, 5)",minecraft:light_gray_stained_glass_pane,"{'east': 'true', 'north': 'false', 'south': 'false', 'waterlogged': 'false', 'west': 'true'}",
"(16, 13, 5)",minecraft:granite,{},
"(17, 13, 5)",minecraft:mangrove_log,{'axis': 'y'},
"(18, 13, 5)",minecraft:granite,{},
"(19, 13, 5)",minecraft:white_stained_glass_pane,"{'east': 'true', 'north': 'false', 'south': 'false', 'waterlogged': 'false', 'west': 'true'}",
"(20, 13, 5)",minecraft:terracotta,{},
"(21, 13, 5)",minecraft:brown_wool,{},
"(23, 13, 5)",minecraft:mangrove_log,{'axis': 'y'},
"(25, 13, 5)",minecraft:white_stained_glass_pane,"{'east': 'false', 'north': 'true', 'south': 'true', 'waterlogged': 'false', 'west': 'false'}",
"(26, 13, 5)",minecraft:oak_fence_gate,"{'facing': 'west', 'in_wall': 'false', 'open': 'true', 'powered': 'false'}",
"(11, 13, 6)",minecraft:jungle_planks,{},
"(12, 13, 6)",minecraft:terracotta,{},
"(16, 13, 6)",minecraft:spruce_trapdoor,"{'facing': 'south', 'half': 'top', 'open': 'false', 'powered': 'false', 'waterlogged': 'false'}",
"(17, 13, 6)",minecraft:spruce_trapdoor,"{'facing': 'south', 'half': 'top', 'open': 'false', 'powered': 'false', 'waterlogged': 'false'}",
"(18, 13, 6)",minecraft:azalea_leaves,"{'distance': '7', 'persistent': 'true', 'waterlogged': 'false'}",
"(20, 13, 6)",minecraft:spruce_trapdoor,"{'facing': 'south', 'half': 'top', 'open': 'false', 'powered': 'false', 'waterlogged': 'false'}",
"(21, 13, 6)",minecraft:spruce_stairs,"{'facing': 'north', 'half': 'top', 'shape': 'straight', 'waterlogged': 'false'}",
"(25, 13, 6)",minecraft:brown_wool,{},
"(11, 13, 7)",minecraft:pitcher_plant,{'half': 'lower'},
"(12, 13, 7)",minecraft:light_gray_stained_glass_pane,"{'east': 'false', 'north': 'true', 'south': 'true', 'waterlogged': 'false', 'west': 'false'}",
"(22, 13, 7)",minecraft:spruce_stairs,"{'facing': 'east', 'half': 'top', 'shape': 'straight', 'waterlogged': 'false'}",
"(23, 13, 7)",minecraft:brown_wool,{},
"(24, 13, 7)",minecraft:brown_wool,{},
"(25, 13, 7)",minecraft:stripped_dark_oak_log,{'axis': 'y'},
"(26, 13, 7)",minecraft:dark_oak_fence,"{'east': 'false', 'north': 'false', 'south': 'false', 'waterlogged': 'false', 'west': 'true'}",
"(11, 13, 8)",minecraft:lily_of_the_valley,{},
"(12, 13, 8)",minecraft:light_gray_stained_glass_pane,"{'east': 'false', 'north': 'true', 'south': 'true', 'waterlogged': 'false', 'west': 'false'}",
"(22, 13, 8)",minecraft:jungle_stairs,"{'facing': 'east', 'half': 'top', 'shape': 'straight', 'waterlogged': 'false'}",
"(23, 13, 8)",minecraft:stripped_jungle_wood,{'axis': 'x'},
"(25, 13, 8)",minecraft:dark_oak_fence,"{'east': 'false', 'north': 'true', 'south': 'false', 'waterlogged': 'false', 'west': 'false'}",
"(11, 13, 9)",minecraft:lilac,{'half': 'lower'},
"(12, 13, 9)",minecraft:white_stained_glass_pane,"{'east': 'false', 'north': 'true', 'south': 'true', 'waterlogged': 'false', 'west': 'false'}",
"(22, 13, 9)",minecraft:jungle_stairs,"{'facing': 'east', 'half': 'top', 'shape': 'straight', 'waterlogged': 'false'}",
"(23, 13, 9)",minecraft:jungle_planks,{},
"(11, 13, 10)",minecraft:stripped_jungle_wood,{'axis': 'x'},
"(12, 13, 10)",minecraft:terracotta,{},
"(13, 13, 10)",minecraft:spruce_trapdoor,"{'facing': 'north', 'half': 'top', 'open': 'false', 'powered': 'false', 'waterlogged': 'false'}",
"(14, 13, 10)",minecraft:spruce_trapdoor,"{'facing': 'north', 'half': 'top', 'open': 'false', 'powered': 'false', 'waterlogged': 'false'}",
"(15, 13, 10)",minecraft:spruce_trapdoor,"{'facing': 'north', 'half': 'top', 'open': 'false', 'powered': 'false', 'waterlogged': 'false'}",
"(16, 13, 10)",minecraft:spruce_trapdoor,"{'facing': 'north', 'half': 'top', 'open': 'false', 'powered': 'false', 'waterlogged': 'false'}",
"(17, 13, 10)",minecraft:barrel,"{'facing': 'north', 'open': 'false'}","{components: {}, Items: [], id: ""minecraft:barrel""}"
"(18, 13, 10)",minecraft:oak_leaves,"{'distance': '7', 'persistent': 'true', 'waterlogged': 'false'}",
"(22, 13, 10)",minecraft:jungle_stairs,"{'facing': 'east', 'half': 'top', 'shape': 'straight', 'waterlogged': 'false'}",
"(23, 13, 10)",minecraft:oak_planks,{},
"(11, 13, 11)",minecraft:jungle_planks,{},
"(12, 13, 11)",minecraft:mangrove_log,{'axis': 'y'},
"(13, 13, 11)",minecraft:brown_wool,{},
"(14, 13, 11)",minecraft:brown_wool,{},
"(15, 13, 11)",minecraft:terracotta,{},
"(16, 13, 11)",minecraft:terracotta,{},
"(17, 13, 11)",minecraft:mangrove_log,{'axis': 'y'},
"(18, 13, 11)",minecraft:terracotta,{},
"(19, 13, 11)",minecraft:spruce_stairs,"{'facing': 'west', 'half': 'top', 'shape': 'straight', 'waterlogged': 'false'}",
"(20, 13, 11)",minecraft:spruce_stairs,"{'facing': 'east', 'half': 'top', 'shape': 'straight', 'waterlogged': 'false'}",
"(21, 13, 11)",minecraft:brown_wool,{},
"(22, 13, 11)",minecraft:mangrove_log,{'axis': 'y'},
"(23, 13, 11)",minecraft:stripped_jungle_wood,{'axis': 'x'},
"(10, 13, 12)",minecraft:jungle_planks,{},
"(11, 13, 12)",minecraft:oak_planks,{},
"(12, 13, 12)",minecraft:jungle_stairs,"{'facing': 'west', 'half': 'top', 'shape': 'straight', 'waterlogged': 'false'}",
"(17, 13, 12)",minecraft:azalea_leaves,"{'distance': '1', 'persistent': 'true', 'waterlogged': 'false'}",
"(21, 13, 12)",minecraft:oak_leaves,"{'distance': '7', 'persistent': 'true', 'waterlogged': 'false'}",
"(22, 13, 12)",minecraft:terracotta,{},
"(23, 13, 12)",minecraft:jungle_planks,{},
"(11, 13, 13)",minecraft:spruce_stairs,"{'facing': 'north', 'half': 'top', 'shape': 'straight', 'waterlogged': 'false'}",
"(22, 13, 13)",minecraft:light_gray_stained_glass_pane,"{'east': 'false', 'north': 'true', 'south': 'true', 'waterlogged': 'false', 'west': 'false'}",
"(23, 13, 13)",minecraft:tall_grass,{'half': 'lower'},
"(25, 13, 13)",minecraft:spruce_trapdoor,"{'facing': 'north', 'half': 'bottom', 'open': 'true', 'powered': 'false', 'waterlogged': 'false'}",
"(11, 13, 14)",minecraft:spruce_trapdoor,"{'facing': 'north', 'half': 'top', 'open': 'false', 'powered': 'false', 'waterlogged': 'false'}",
"(22, 13, 14)",minecraft:light_gray_stained_glass_pane,"{'east': 'false', 'north': 'true', 'south': 'true', 'waterlogged': 'false', 'west': 'false'}",
"(23, 13, 14)",minecraft:pitcher_plant,{'half': 'lower'},
"(24, 13, 14)",minecraft:spruce_trapdoor,"{'facing': 'west', 'half': 'bottom', 'open': 'true', 'powered': 'false', 'waterlogged': 'false'}",
"(25, 13, 14)",minecraft:campfire,"{'facing': 'west', 'lit': 'true', 'signal_fire': 'false', 'waterlogged': 'false'}","{components: {}, Items: [], CookingTimes: [I; 0, 0, 0, 0], CookingTotalTimes: [I; 0, 0, 0, 0], id: ""minecraft:campfire""}"
"(26, 13, 14)",minecraft:spruce_trapdoor,"{'facing': 'east', 'half': 'bottom', 'open': 'true', 'powered': 'false', 'waterlogged': 'false'}",
"(11, 13, 15)",minecraft:spruce_stairs,"{'facing': 'south', 'half': 'top', 'shape': 'straight', 'waterlogged': 'false'}",
"(22, 13, 15)",minecraft:light_gray_stained_glass_pane,"{'east': 'false', 'north': 'true', 'south': 'true', 'waterlogged': 'false', 'west': 'false'}",
"(23, 13, 15)",minecraft:lilac,{'half': 'lower'},
"(25, 13, 15)",minecraft:spruce_trapdoor,"{'facing': 'south', 'half': 'bottom', 'open': 'true', 'powered': 'false', 'waterlogged': 'false'}",
"(10, 13, 16)",minecraft:stripped_jungle_wood,{'axis': 'x'},
"(11, 13, 16)",minecraft:oak_planks,{},
"(12, 13, 16)",minecraft:jungle_stairs,"{'facing': 'west', 'half': 'top', 'shape': 'straight', 'waterlogged': 'false'}",
"(22, 13, 16)",minecraft:brown_wool,{},
"(23, 13, 16)",minecraft:oak_planks,{},
"(11, 13, 17)",minecraft:stripped_jungle_wood,{'axis': 'y'},
"(12, 13, 17)",minecraft:mangrove_log,{'axis': 'y'},
"(13, 13, 17)",minecraft:brown_wool,{},
"(14, 13, 17)",minecraft:white_stained_glass_pane,"{'east': 'true', 'north': 'false', 'south': 'false', 'waterlogged': 'false', 'west': 'true'}",
"(15, 13, 17)",minecraft:white_stained_glass_pane,"{'east': 'true', 'north': 'false', 'south': 'false', 'waterlogged': 'false', 'west': 'true'}",
"(16, 13, 17)",minecraft:terracotta,{},
"(17, 13, 17)",minecraft:mangrove_log,{'axis': 'y'},
"(18, 13, 17)",minecraft:terracotta,{},
"(19, 13, 17)",minecraft:white_stained_glass_pane,"{'east': 'true', 'north': 'false', 'south': 'false', 'waterlogged': 'false', 'west': 'true'}",
"(20, 13, 17)",minecraft:white_stained_glass_pane,"{'east': 'true', 'north': 'false', 'south': 'false', 'waterlogged': 'false', 'west': 'true'}",
"(21, 13, 17)",minecraft:brown_wool,{},
"(22, 13, 17)",minecraft:oak_log,{'axis': 'y'},
"(23, 13, 17)",minecraft:stripped_jungle_wood,{'axis': 'x'},
"(11, 13, 18)",minecraft:oak_planks,{},
"(14, 13, 18)",minecraft:oak_fence_gate,"{'facing': 'north', 'in_wall': 'false', 'open': 'true', 'powered': 'false'}",
"(15, 13, 18)",minecraft:oak_fence_gate,"{'facing': 'north', 'in_wall': 'false', 'open': 'true', 'powered': 'false'}",
"(19, 13, 18)",minecraft:oak_fence_gate,"{'facing': 'north', 'in_wall': 'false', 'open': 'true', 'powered': 'false'}",
"(20, 13, 18)",minecraft:oak_fence_gate,"{'facing': 'north', 'in_wall': 'false', 'open': 'true', 'powered': 'false'}",
"(23, 13, 18)",minecraft:oak_planks,{},
"(21, 14, 2)",minecraft:spruce_stairs,"{'facing': 'south', 'half': 'top', 'shape': 'straight', 'waterlogged': 'false'}",
"(23, 14, 2)",minecraft:azalea_leaves,"{'distance': '7', 'persistent': 'true', 'waterlogged': 'false'}",
"(25, 14, 2)",minecraft:spruce_stairs,"{'facing': 'south', 'half': 'top', 'shape': 'straight', 'waterlogged': 'false'}",
"(20, 14, 3)",minecraft:spruce_stairs,"{'facing': 'east', 'half': 'top', 'shape': 'straight', 'waterlogged': 'false'}",
"(21, 14, 3)",minecraft:stripped_dark_oak_log,{'axis': 'y'},
"(22, 14, 3)",minecraft:brown_wool,{},
"(23, 14, 3)",minecraft:brown_wool,{},
"(24, 14, 3)",minecraft:brown_wool,{},
"(25, 14, 3)",minecraft:stripped_dark_oak_log,{'axis': 'y'},
"(26, 14, 3)",minecraft:spruce_stairs,"{'facing': 'west', 'half': 'top', 'shape': 'straight', 'waterlogged': 'false'}",
"(12, 14, 4)",minecraft:jungle_planks,{},
"(13, 14, 4)",minecraft:flowering_azalea_leaves,"{'distance': '1', 'persistent': 'true', 'waterlogged': 'false'}",
"(14, 14, 4)",minecraft:oxidized_copper_trapdoor,"{'facing': 'north', 'half': 'bottom', 'open': 'false', 'powered': 'false', 'waterlogged': 'false'}",
"(15, 14, 4)",minecraft:oxidized_copper_trapdoor,"{'facing': 'north', 'half': 'bottom', 'open': 'false', 'powered': 'false', 'waterlogged': 'false'}",
"(19, 14, 4)",minecraft:oxidized_copper_trapdoor,"{'facing': 'north', 'half': 'bottom', 'open': 'false', 'powered': 'false', 'waterlogged': 'false'}",
"(21, 14, 4)",minecraft:brown_wool,{},
"(24, 14, 4)",minecraft:spruce_stairs,"{'facing': 'east', 'half': 'bottom', 'shape': 'straight', 'waterlogged': 'false'}",
"(25, 14, 4)",minecraft:brown_wool,{},
"(12, 14, 5)",minecraft:oak_planks,{},
"(13, 14, 5)",minecraft:mangrove_log,{'axis': 'y'},
"(14, 14, 5)",minecraft:brown_wool,{},
"(15, 14, 5)",minecraft:terracotta,{},
"(16, 14, 5)",minecraft:terracotta,{},
"(17, 14, 5)",minecraft:mangrove_log,{'axis': 'y'},
"(18, 14, 5)",minecraft:terracotta,{},
"(19, 14, 5)",minecraft:terracotta,{},
"(20, 14, 5)",minecraft:brown_wool,{},
"(21, 14, 5)",minecraft:brown_wool,{},
"(23, 14, 5)",minecraft:stripped_dark_oak_log,{'axis': 'y'},
"(24, 14, 5)",minecraft:spruce_stairs,"{'facing': 'north', 'half': 'top', 'shape': 'straight', 'waterlogged': 'false'}",
"(25, 14, 5)",minecraft:brown_wool,{},
"(26, 14, 5)",minecraft:oxidized_copper_trapdoor,"{'facing': 'east', 'half': 'bottom', 'open': 'false', 'powered': 'false', 'waterlogged': 'false'}",
"(11, 14, 6)",minecraft:oak_planks,{},
"(12, 14, 6)",minecraft:brown_wool,{},
"(13, 14, 6)",minecraft:jungle_stairs,"{'facing': 'west', 'half': 'top', 'shape': 'straight', 'waterlogged': 'false'}",
"(17, 14, 6)",minecraft:potted_lily_of_the_valley,{},
"(18, 14, 6)",minecraft:flowering_azalea_leaves,"{'distance': '7', 'persistent': 'true', 'waterlogged': 'false'}",
"(20, 14, 6)",minecraft:candle,"{'candles': '4', 'lit': 'true', 'waterlogged': 'false'}",
"(21, 14, 6)",minecraft:stripped_dark_oak_wood,{'axis': 'z'},
"(25, 14, 6)",minecraft:brown_wool,{},
"(11, 14, 7)",minecraft:pitcher_plant,{'half': 'upper'},
"(12, 14, 7)",minecraft:white_stained_glass_pane,"{'east': 'false', 'north': 'true', 'south': 'true', 'waterlogged': 'false', 'west': 'false'}",
"(21, 14, 7)",minecraft:stripped_dark_oak_wood,{'axis': 'x'},
"(22, 14, 7)",minecraft:brown_wool,{},
"(23, 14, 7)",minecraft:brown_wool,{},
"(24, 14, 7)",minecraft:brown_wool,{},
"(25, 14, 7)",minecraft:stripped_dark_oak_log,{'axis': 'y'},
"(26, 14, 7)",minecraft:dark_oak_stairs,"{'facing': 'west', 'half': 'top', 'shape': 'straight', 'waterlogged': 'false'}",
"(12, 14, 8)",minecraft:white_stained_glass_pane,"{'east': 'false', 'north': 'true', 'south': 'true', 'waterlogged': 'false', 'west': 'false'}",
"(21, 14, 8)",minecraft:jungle_stairs,"{'facing': 'east', 'half': 'top', 'shape': 'straight', 'waterlogged': 'false'}",
"(22, 14, 8)",minecraft:jungle_planks,{},
"(25, 14, 8)",minecraft:dark_oak_stairs,"{'facing': 'north', 'half': 'top', 'shape': 'straight', 'waterlogged': 'false'}",
"(11, 14, 9)",minecraft:lilac,{'half': 'upper'},
"(12, 14, 9)",minecraft:white_stained_glass_pane,"{'east': 'false', 'north': 'true', 'south': 'true', 'waterlogged': 'false', 'west': 'false'}",
"(21, 14, 9)",minecraft:jungle_stairs,"{'facing': 'east', 'half': 'top', 'shape': 'straight', 'waterlogged': 'false'}",
"(22, 14, 9)",minecraft:oak_planks,{},
"(11, 14, 10)",minecraft:oak_planks,{},
"(12, 14, 10)",minecraft:brown_wool,{},
"(13, 14, 10)",minecraft:jungle_stairs,"{'facing': 'west', 'half': 'top', 'shape': 'straight', 'waterlogged': 'false'}",
"(14, 14, 10)",minecraft:cyan_candle,"{'candles': '4', 'lit': 'true', 'waterlogged': 'false'}",
"(15, 14, 10)",minecraft:potted_azure_bluet,{},
"(18, 14, 10)",minecraft:spruce_trapdoor,"{'facing': 'north', 'half': 'top', 'open': 'false', 'powered': 'false', 'waterlogged': 'false'}",
"(19, 14, 10)",minecraft:spruce_trapdoor,"{'facing': 'north', 'half': 'top', 'open': 'false', 'powered': 'false', 'waterlogged': 'false'}",
"(21, 14, 10)",minecraft:jungle_stairs,"{'facing': 'east', 'half': 'top', 'shape': 'straight', 'waterlogged': 'false'}",
"(22, 14, 10)",minecraft:stripped_oak_wood,{'axis': 'x'},
"(12, 14, 11)",minecraft:stripped_jungle_wood,{'axis': 'x'},
"(13, 14, 11)",minecraft:stripped_dark_oak_wood,{'axis': 'x'},
"(14, 14, 11)",minecraft:brown_wool,{},
"(15, 14, 11)",minecraft:brown_wool,{},
"(16, 14, 11)",minecraft:terracotta,{},
"(17, 14, 11)",minecraft:mangrove_log,{'axis': 'y'},
"(18, 14, 11)",minecraft:terracotta,{},
"(19, 14, 11)",minecraft:brown_wool,{},
"(20, 14, 11)",minecraft:brown_wool,{},
"(21, 14, 11)",minecraft:stripped_dark_oak_wood,{'axis': 'x'},
"(22, 14, 11)",minecraft:stripped_oak_wood,{'axis': 'y'},
"(23, 14, 11)",minecraft:azalea_leaves,"{'distance': '1', 'persistent': 'true', 'waterlogged': 'false'}",
"(10, 14, 12)",minecraft:oak_stairs,"{'facing': 'south', 'half': 'bottom', 'shape': 'straight', 'waterlogged': 'false'}",
"(11, 14, 12)",minecraft:oak_stairs,"{'facing': 'south', 'half': 'bottom', 'shape': 'straight', 'waterlogged': 'false'}",
"(12, 14, 12)",minecraft:jungle_planks,{},
"(13, 14, 12)",minecraft:jungle_stairs,"{'facing': 'west', 'half': 'top', 'shape': 'straight', 'waterlogged': 'false'}",
"(17, 14, 12)",minecraft:azalea_leaves,"{'distance': '1', 'persistent': 'true', 'waterlogged': 'false'}",
"(21, 14, 12)",minecraft:jungle_stairs,"{'facing': 'east', 'half': 'top', 'shape': 'straight', 'waterlogged': 'false'}",
"(22, 14, 12)",minecraft:brown_wool,{},
"(23, 14, 12)",minecraft:stripped_jungle_wood,{'axis': 'x'},
"(10, 14, 13)",minecraft:oak_stairs,"{'facing': 'north', 'half': 'top', 'shape': 'straight', 'waterlogged': 'false'}",
"(11, 14, 13)",minecraft:brown_wool,{},
"(12, 14, 13)",minecraft:brown_wool,{},
"(13, 14, 13)",minecraft:jungle_slab,"{'type': 'top', 'waterlogged': 'false'}",
"(22, 14, 13)",minecraft:white_stained_glass_pane,"{'east': 'false', 'north': 'true', 'south': 'true', 'waterlogged': 'false', 'west': 'false'}",
"(23, 14, 13)",minecraft:tall_grass,{'half': 'upper'},
"(11, 14, 14)",minecraft:brown_wool,{},
"(12, 14, 14)",minecraft:brown_wool,{},
"(13, 14, 14)",minecraft:jungle_slab,"{'type': 'top', 'waterlogged': 'false'}",
"(17, 14, 14)",minecraft:end_rod,{'facing': 'down'},
"(22, 14, 14)",minecraft:white_stained_glass_pane,"{'east': 'false', 'north': 'true', 'south': 'true', 'waterlogged': 'false', 'west': 'false'}",
"(23, 14, 14)",minecraft:pitcher_plant,{'half': 'upper'},
"(25, 14, 14)",minecraft:cobbled_deepslate_wall,"{'east': 'none', 'north': 'none', 'south': 'none', 'up': 'true', 'waterlogged': 'false', 'west': 'none'}",
"(10, 14, 15)",minecraft:jungle_stairs,"{'facing': 'south', 'half': 'top', 'shape': 'straight', 'waterlogged': 'false'}",
"(11, 14, 15)",minecraft:brown_wool,{},
"(12, 14, 15)",minecraft:brown_wool,{},
"(13, 14, 15)",minecraft:jungle_slab,"{'type': 'top', 'waterlogged': 'false'}",
"(22, 14, 15)",minecraft:white_stained_glass_pane,"{'east': 'false', 'north': 'true', 'south': 'true', 'waterlogged': 'false', 'west': 'false'}",
"(23, 14, 15)",minecraft:lilac,{'half': 'upper'},
"(10, 14, 16)",minecraft:oak_stairs,"{'facing': 'north', 'half': 'bottom', 'shape': 'straight', 'waterlogged': 'false'}",
"(11, 14, 16)",minecraft:oak_stairs,"{'facing': 'north', 'half': 'bottom', 'shape': 'straight', 'waterlogged': 'false'}",
"(12, 14, 16)",minecraft:oak_planks,{},
"(13, 14, 16)",minecraft:jungle_stairs,"{'facing': 'west', 'half': 'top', 'shape': 'straight', 'waterlogged': 'false'}",
"(21, 14, 16)",minecraft:jungle_stairs,"{'facing': 'east', 'half': 'top', 'shape': 'straight', 'waterlogged': 'false'}",
"(22, 14, 16)",minecraft:brown_wool,{},
"(23, 14, 16)",minecraft:jungle_planks,{},
"(12, 14, 17)",minecraft:stripped_oak_wood,{'axis': 'y'},
"(13, 14, 17)",minecraft:mangrove_log,{'axis': 'y'},
"(14, 14, 17)",minecraft:brown_wool,{},
"(15, 14, 17)",minecraft:brown_wool,{},
"(16, 14, 17)",minecraft:terracotta,{},
"(17, 14, 17)",minecraft:mangrove_log,{'axis': 'y'},
"(18, 14, 17)",minecraft:terracotta,{},
"(19, 14, 17)",minecraft:brown_wool,{},
"(20, 14, 17)",minecraft:brown_wool,{},
"(21, 14, 17)",minecraft:mangrove_log,{'axis': 'y'},
"(22, 14, 17)",minecraft:stripped_oak_wood,{'axis': 'y'},
"(12, 14, 18)",minecraft:jungle_planks,{},
"(14, 14, 18)",minecraft:oxidized_copper_trapdoor,"{'facing': 'south', 'half': 'bottom', 'open': 'false', 'powered': 'false', 'waterlogged': 'false'}",
"(15, 14, 18)",minecraft:oxidized_copper_trapdoor,"{'facing': 'south', 'half': 'bottom', 'open': 'false', 'powered': 'false', 'waterlogged': 'false'}",
"(19, 14, 18)",minecraft:oxidized_copper_trapdoor,"{'facing': 'south', 'half': 'bottom', 'open': 'false', 'powered': 'false', 'waterlogged': 'false'}",
"(20, 14, 18)",minecraft:oxidized_copper_trapdoor,"{'facing': 'south', 'half': 'bottom', 'open': 'false', 'powered': 'false', 'waterlogged': 'false'}",
"(22, 14, 18)",minecraft:jungle_planks,{},
"(20, 15, 2)",minecraft:spruce_fence,"{'east': 'true', 'north': 'false', 'south': 'true', 'waterlogged': 'false', 'west': 'false'}",
"(21, 15, 2)",minecraft:oak_log,{'axis': 'z'},
"(22, 15, 2)",minecraft:spruce_stairs,"{'facing': 'south', 'half': 'top', 'shape': 'straight', 'waterlogged': 'false'}",
"(23, 15, 2)",minecraft:dark_oak_slab,"{'type': 'top', 'waterlogged': 'false'}",
"(24, 15, 2)",minecraft:spruce_stairs,"{'facing': 'south', 'half': 'top', 'shape': 'straight', 'waterlogged': 'false'}",
"(25, 15, 2)",minecraft:oak_log,{'axis': 'z'},
"(26, 15, 2)",minecraft:spruce_fence,"{'east': 'false', 'north': 'false', 'south': 'true', 'waterlogged': 'false', 'west': 'true'}",
"(20, 15, 3)",minecraft:oak_log,{'axis': 'x'},
"(21, 15, 3)",minecraft:oak_log,{'axis': 'y'},
"(22, 15, 3)",minecraft:stripped_dark_oak_log,{'axis': 'x'},
"(23, 15, 3)",minecraft:stripped_dark_oak_log,{'axis': 'x'},
"(24, 15, 3)",minecraft:stripped_dark_oak_log,{'axis': 'x'},
"(25, 15, 3)",minecraft:oak_log,{'axis': 'y'},
"(26, 15, 3)",minecraft:oak_log,{'axis': 'x'},
"(13, 15, 4)",minecraft:stripped_oak_wood,{'axis': 'y'},
"(14, 15, 4)",minecraft:azalea_leaves,"{'distance': '1', 'persistent': 'true', 'waterlogged': 'false'}",
"(20, 15, 4)",minecraft:dark_oak_stairs,"{'facing': 'east', 'half': 'top', 'shape': 'straight', 'waterlogged': 'false'}",
"(21, 15, 4)",minecraft:stripped_dark_oak_log,{'axis': 'z'},
"(25, 15, 4)",minecraft:stripped_dark_oak_log,{'axis': 'z'},
"(26, 15, 4)",minecraft:dark_oak_stairs,"{'facing': 'west', 'half': 'top', 'shape': 'straight', 'waterlogged': 'false'}",
"(27, 15, 4)",minecraft:spruce_slab,"{'type': 'top', 'waterlogged': 'false'}",
"(28, 15, 4)",minecraft:spruce_trapdoor,"{'facing': 'east', 'half': 'top', 'open': 'false', 'powered': 'false', 'waterlogged': 'false'}",
"(13, 15, 5)",minecraft:stripped_birch_wood,{'axis': 'y'},
"(14, 15, 5)",minecraft:mangrove_log,{'axis': 'y'},
"(15, 15, 5)",minecraft:brown_wool,{},
"(16, 15, 5)",minecraft:terracotta,{},
"(17, 15, 5)",minecraft:stripped_dark_oak_log,{'axis': 'y'},
"(18, 15, 5)",minecraft:terracotta,{},
"(19, 15, 5)",minecraft:brown_wool,{},
"(20, 15, 5)",minecraft:stripped_dark_oak_log,{'axis': 'y'},
"(21, 15, 5)",minecraft:stripped_dark_oak_log,{'axis': 'z'},
"(22, 15, 5)",minecraft:spruce_slab,"{'type': 'double', 'waterlogged': 'false'}",
"(23, 15, 5)",minecraft:stripped_dark_oak_log,{'axis': 'y'},
"(24, 15, 5)",minecraft:spruce_stairs,"{'facing': 'south', 'half': 'bottom', 'shape': 'straight', 'waterlogged': 'false'}",
"(25, 15, 5)",minecraft:stripped_dark_oak_log,{'axis': 'z'},
"(26, 15, 5)",minecraft:dark_oak_slab,"{'type': 'top', 'waterlogged': 'false'}",
"(27, 15, 5)",minecraft:spruce_trapdoor,"{'facing': 'east', 'half': 'top', 'open': 'false', 'powered': 'false', 'waterlogged': 'false'}",
"(28, 15, 5)",minecraft:spruce_trapdoor,"{'facing': 'east', 'half': 'top', 'open': 'false', 'powered': 'false', 'waterlogged': 'false'}",
"(11, 15, 6)",minecraft:oak_stairs,"{'facing': 'south', 'half': 'bottom', 'shape': 'straight', 'waterlogged': 'false'}",
"(12, 15, 6)",minecraft:oak_stairs,"{'facing': 'south', 'half': 'bottom', 'shape': 'straight', 'waterlogged': 'false'}",
"(13, 15, 6)",minecraft:stripped_oak_wood,{'axis': 'y'},
"(14, 15, 6)",minecraft:jungle_stairs,"{'facing': 'west', 'half': 'top', 'shape': 'straight', 'waterlogged': 'false'}",
"(16, 15, 6)",minecraft:cyan_wall_banner,{'facing': 'south'},"{components: {}, id: ""minecraft:banner""}"
"(20, 15, 6)",minecraft:jungle_stairs,"{'facing': 'east', 'half': 'top', 'shape': 'straight', 'waterlogged': 'false'}",
"(21, 15, 6)",minecraft:stripped_dark_oak_log,{'axis': 'z'},
"(22, 15, 6)",minecraft:spruce_slab,"{'type': 'double', 'waterlogged': 'false'}",
"(23, 15, 6)",minecraft:spruce_slab,"{'type': 'double', 'waterlogged': 'false'}",
"(24, 15, 6)",minecraft:spruce_slab,"{'type': 'double', 'waterlogged': 'false'}",
"(25, 15, 6)",minecraft:stripped_dark_oak_log,{'axis': 'z'},
"(26, 15, 6)",minecraft:dark_oak_stairs,"{'facing': 'west', 'half': 'top', 'shape': 'straight', 'waterlogged': 'false'}",
"(27, 15, 6)",minecraft:spruce_slab,"{'type': 'top', 'waterlogged': 'false'}",
"(28, 15, 6)",minecraft:spruce_trapdoor,"{'facing': 'east', 'half': 'top', 'open': 'false', 'powered': 'false', 'waterlogged': 'false'}",
"(11, 15, 7)",minecraft:oak_stairs,"{'facing': 'north', 'half': 'top', 'shape': 'straight', 'waterlogged': 'false'}",
"(12, 15, 7)",minecraft:brown_wool,{},
"(13, 15, 7)",minecraft:brown_wool,{},
"(14, 15, 7)",minecraft:jungle_slab,"{'type': 'top', 'waterlogged': 'false'}",
"(17, 15, 7)",minecraft:lantern,"{'hanging': 'true', 'waterlogged': 'false'}",
"(20, 15, 7)",minecraft:jungle_stairs,"{'facing': 'east', 'half': 'top', 'shape': 'straight', 'waterlogged': 'false'}",
"(21, 15, 7)",minecraft:oak_log,{'axis': 'y'},
"(22, 15, 7)",minecraft:stripped_dark_oak_log,{'axis': 'x'},
"(23, 15, 7)",minecraft:stripped_dark_oak_log,{'axis': 'x'},
"(24, 15, 7)",minecraft:stripped_dark_oak_log,{'axis': 'x'},
"(25, 15, 7)",minecraft:oak_log,{'axis': 'y'},
"(26, 15, 7)",minecraft:oak_log,{'axis': 'x'},
"(11, 15, 8)",minecraft:azalea_leaves,"{'distance': '1', 'persistent': 'true', 'waterlogged': 'false'}",
"(12, 15, 8)",minecraft:brown_wool,{},
"(13, 15, 8)",minecraft:brown_wool,{},
"(14, 15, 8)",minecraft:jungle_slab,"{'type': 'top', 'waterlogged': 'false'}",
"(20, 15, 8)",minecraft:jungle_stairs,"{'facing': 'east', 'half': 'top', 'shape': 'straight', 'waterlogged': 'false'}",
"(21, 15, 8)",minecraft:oak_planks,{},
"(22, 15, 8)",minecraft:dark_oak_stairs,"{'facing': 'north', 'half': 'top', 'shape': 'straight', 'waterlogged': 'false'}",
"(23, 15, 8)",minecraft:dark_oak_slab,"{'type': 'top', 'waterlogged': 'false'}",
"(24, 15, 8)",minecraft:dark_oak_stairs,"{'facing': 'north', 'half': 'top', 'shape': 'straight', 'waterlogged': 'false'}",
"(25, 15, 8)",minecraft:oak_log,{'axis': 'z'},
"(26, 15, 8)",minecraft:dark_oak_fence,"{'east': 'false', 'north': 'true', 'south': 'false', 'waterlogged': 'false', 'west': 'true'}",
"(11, 15, 9)",minecraft:oak_stairs,"{'facing': 'south', 'half': 'top', 'shape': 'straight', 'waterlogged': 'false'}",
"(12, 15, 9)",minecraft:brown_wool,{},
"(13, 15, 9)",minecraft:brown_wool,{},
"(14, 15, 9)",minecraft:jungle_slab,"{'type': 'top', 'waterlogged': 'false'}",
"(20, 15, 9)",minecraft:jungle_stairs,"{'facing': 'east', 'half': 'top', 'shape': 'straight', 'waterlogged': 'false'}",
"(21, 15, 9)",minecraft:stripped_oak_wood,{'axis': 'x'},
"(11, 15, 10)",minecraft:oak_stairs,"{'facing': 'north', 'half': 'bottom', 'shape': 'straight', 'waterlogged': 'false'}",
"(12, 15, 10)",minecraft:oak_stairs,"{'facing': 'north', 'half': 'bottom', 'shape': 'straight', 'waterlogged': 'false'}",
"(13, 15, 10)",minecraft:stripped_oak_wood,{'axis': 'y'},
"(14, 15, 10)",minecraft:jungle_stairs,"{'facing': 'west', 'half': 'top', 'shape': 'straight', 'waterlogged': 'false'}",
"(15, 15, 10)",minecraft:magenta_wall_banner,{'facing': 'north'},"{components: {}, id: ""minecraft:banner""}"
"(18, 15, 10)",minecraft:brown_candle,"{'candles': '4', 'lit': 'true', 'waterlogged': 'false'}",
"(19, 15, 10)",minecraft:potted_cornflower,{},
"(20, 15, 10)",minecraft:jungle_stairs,"{'facing': 'east', 'half': 'top', 'shape': 'straight', 'waterlogged': 'false'}",
"(21, 15, 10)",minecraft:oak_planks,{},
"(22, 15, 10)",minecraft:oak_leaves,"{'distance': '1', 'persistent': 'true', 'waterlogged': 'false'}",
"(13, 15, 11)",minecraft:oak_planks,{},
"(14, 15, 11)",minecraft:stripped_dark_oak_wood,{'axis': 'x'},
"(15, 15, 11)",minecraft:brown_wool,{},
"(16, 15, 11)",minecraft:brown_wool,{},
"(17, 15, 11)",minecraft:stripped_dark_oak_log,{'axis': 'y'},
"(18, 15, 11)",minecraft:brown_wool,{},
"(19, 15, 11)",minecraft:brown_wool,{},
"(20, 15, 11)",minecraft:stripped_dark_oak_wood,{'axis': 'x'},
"(21, 15, 11)",minecraft:oak_planks,{},
"(13, 15, 12)",minecraft:oak_planks,{},
"(14, 15, 12)",minecraft:jungle_stairs,"{'facing': 'west', 'half': 'top', 'shape': 'straight', 'waterlogged': 'false'}",
"(20, 15, 12)",minecraft:jungle_stairs,"{'facing': 'east', 'half': 'top', 'shape': 'straight', 'waterlogged': 'false'}",
"(21, 15, 12)",minecraft:oak_planks,{},
"(22, 15, 12)",minecraft:oak_stairs,"{'facing': 'south', 'half': 'bottom', 'shape': 'straight', 'waterlogged': 'false'}",
"(23, 15, 12)",minecraft:oak_stairs,"{'facing': 'south', 'half': 'bottom', 'shape': 'straight', 'waterlogged': 'false'}",
"(10, 15, 13)",minecraft:oak_slab,"{'type': 'bottom', 'waterlogged': 'false'}",
"(11, 15, 13)",minecraft:oak_slab,"{'type': 'bottom', 'waterlogged': 'false'}",
"(12, 15, 13)",minecraft:oak_slab,"{'type': 'bottom', 'waterlogged': 'false'}",
"(13, 15, 13)",minecraft:stripped_oak_wood,{'axis': 'y'},
"(14, 15, 13)",minecraft:jungle_stairs,"{'facing': 'west', 'half': 'top', 'shape': 'straight', 'waterlogged': 'false'}",
"(20, 15, 13)",minecraft:jungle_slab,"{'type': 'top', 'waterlogged': 'false'}",
"(21, 15, 13)",minecraft:brown_wool,{},
"(22, 15, 13)",minecraft:brown_wool,{},
"(23, 15, 13)",minecraft:oak_stairs,"{'facing': 'north', 'half': 'top', 'shape': 'straight', 'waterlogged': 'false'}",
"(10, 15, 14)",minecraft:oak_planks,{},
"(11, 15, 14)",minecraft:stripped_oak_wood,{'axis': 'y'},
"(12, 15, 14)",minecraft:oak_planks,{},
"(13, 15, 14)",minecraft:stripped_oak_wood,{'axis': 'y'},
"(14, 15, 14)",minecraft:jungle_stairs,"{'facing': 'west', 'half': 'top', 'shape': 'straight', 'waterlogged': 'false'}",
"(17, 15, 14)",minecraft:dragon_egg,{},
"(20, 15, 14)",minecraft:jungle_slab,"{'type': 'top', 'waterlogged': 'false'}",
"(21, 15, 14)",minecraft:brown_wool,{},
"(22, 15, 14)",minecraft:brown_wool,{},
"(10, 15, 15)",minecraft:oak_slab,"{'type': 'bottom', 'waterlogged': 'false'}",
"(11, 15, 15)",minecraft:oak_slab,"{'type': 'bottom', 'waterlogged': 'false'}",
"(12, 15, 15)",minecraft:oak_slab,"{'type': 'bottom', 'waterlogged': 'false'}",
"(13, 15, 15)",minecraft:oak_planks,{},
"(14, 15, 15)",minecraft:jungle_stairs,"{'facing': 'west', 'half': 'top', 'shape': 'straight', 'waterlogged': 'false'}",
"(20, 15, 15)",minecraft:jungle_slab,"{'type': 'top', 'waterlogged': 'false'}",
"(21, 15, 15)",minecraft:brown_wool,{},
"(22, 15, 15)",minecraft:brown_wool,{},
"(23, 15, 15)",minecraft:oak_stairs,"{'facing': 'south', 'half': 'top', 'shape': 'straight', 'waterlogged': 'false'}",
"(13, 15, 16)",minecraft:stripped_oak_wood,{'axis': 'x'},
"(14, 15, 16)",minecraft:jungle_stairs,"{'facing': 'west', 'half': 'top', 'shape': 'straight', 'waterlogged': 'false'}",
"(16, 15, 16)",minecraft:piglin_wall_head,"{'facing': 'north', 'powered': 'false'}","{components: {}, id: ""minecraft:skull""}"
"(20, 15, 16)",minecraft:jungle_stairs,"{'facing': 'east', 'half': 'top', 'shape': 'straight', 'waterlogged': 'false'}",
"(21, 15, 16)",minecraft:oak_planks,{},
"(22, 15, 16)",minecraft:oak_stairs,"{'facing': 'north', 'half': 'bottom', 'shape': 'straight', 'waterlogged': 'false'}",
"(23, 15, 16)",minecraft:oak_stairs,"{'facing': 'north', 'half': 'bottom', 'shape': 'straight', 'waterlogged': 'false'}",
"(13, 15, 17)",minecraft:oak_planks,{},
"(14, 15, 17)",minecraft:stripped_dark_oak_log,{'axis': 'y'},
"(15, 15, 17)",minecraft:brown_wool,{},
"(16, 15, 17)",minecraft:brown_wool,{},
"(17, 15, 17)",minecraft:stripped_dark_oak_log,{'axis': 'y'},
"(18, 15, 17)",minecraft:brown_wool,{},
"(19, 15, 17)",minecraft:brown_wool,{},
"(20, 15, 17)",minecraft:mangrove_log,{'axis': 'y'},
"(21, 15, 17)",minecraft:oak_planks,{},
"(13, 15, 18)",minecraft:oak_planks,{},
"(20, 15, 18)",minecraft:flowering_azalea_leaves,"{'distance': '1', 'persistent': 'true', 'waterlogged': 'false'}",
"(21, 15, 18)",minecraft:stripped_oak_wood,{'axis': 'y'},
"(21, 16, 1)",minecraft:spruce_wall_sign,"{'facing': 'north', 'waterlogged': 'false'}","{back_text: {has_glowing_text: 0b, color: ""black"", messages: ["""", """", """", """"]}, components: {}, is_waxed: 0b, id: ""minecraft:sign"", front_text: {has_glowing_text: 0b, color: ""black"", messages: ["""", """", """", """"]}}"
"(22, 16, 1)",minecraft:spruce_wall_sign,"{'facing': 'north', 'waterlogged': 'false'}","{back_text: {has_glowing_text: 0b, color: ""black"", messages: ["""", """", """", """"]}, components: {}, is_waxed: 0b, id: ""minecraft:sign"", front_text: {has_glowing_text: 0b, color: ""black"", messages: ["""", """", """", """"]}}"
"(23, 16, 1)",minecraft:spruce_wall_sign,"{'facing': 'north', 'waterlogged': 'false'}","{back_text: {has_glowing_text: 0b, color: ""black"", messages: ["""", """", """", """"]}, components: {}, is_waxed: 0b, id: ""minecraft:sign"", front_text: {has_glowing_text: 0b, color: ""black"", messages: ["""", """", """", """"]}}"
"(24, 16, 1)",minecraft:spruce_wall_sign,"{'facing': 'north', 'waterlogged': 'false'}","{back_text: {has_glowing_text: 0b, color: ""black"", messages: ["""", """", """", """"]}, components: {}, is_waxed: 0b, id: ""minecraft:sign"", front_text: {has_glowing_text: 0b, color: ""black"", messages: ["""", """", """", """"]}}"
"(25, 16, 1)",minecraft:spruce_wall_sign,"{'facing': 'north', 'waterlogged': 'false'}","{back_text: {has_glowing_text: 0b, color: ""black"", messages: ["""", """", """", """"]}, components: {}, is_waxed: 0b, id: ""minecraft:sign"", front_text: {has_glowing_text: 0b, color: ""black"", messages: ["""", """", """", """"]}}"
"(20, 16, 2)",minecraft:barrel,"{'facing': 'down', 'open': 'false'}","{components: {}, Items: [], id: ""minecraft:barrel""}"
"(21, 16, 2)",minecraft:granite,{},
"(22, 16, 2)",minecraft:granite,{},
"(23, 16, 2)",minecraft:granite,{},
"(24, 16, 2)",minecraft:granite,{},
"(25, 16, 2)",minecraft:granite,{},
"(26, 16, 2)",minecraft:barrel,"{'facing': 'down', 'open': 'false'}","{components: {}, Items: [], id: ""minecraft:barrel""}"
"(19, 16, 3)",minecraft:spruce_wall_sign,"{'facing': 'west', 'waterlogged': 'false'}","{back_text: {has_glowing_text: 0b, color: ""black"", messages: ["""", """", """", """"]}, components: {}, is_waxed: 0b, id: ""minecraft:sign"", front_text: {has_glowing_text: 0b, color: ""black"", messages: ["""", """", """", """"]}}"
"(20, 16, 3)",minecraft:terracotta,{},
"(21, 16, 3)",minecraft:bookshelf,{},
"(22, 16, 3)",minecraft:bookshelf,{},
"(23, 16, 3)",minecraft:bookshelf,{},
"(24, 16, 3)",minecraft:bookshelf,{},
"(25, 16, 3)",minecraft:bookshelf,{},
"(26, 16, 3)",minecraft:terracotta,{},
"(27, 16, 3)",minecraft:spruce_wall_sign,"{'facing': 'east', 'waterlogged': 'false'}","{back_text: {has_glowing_text: 0b, color: ""black"", messages: ["""", """", """", """"]}, components: {}, is_waxed: 0b, id: ""minecraft:sign"", front_text: {has_glowing_text: 0b, color: ""black"", messages: ["""", """", """", """"]}}"
"(14, 16, 4)",minecraft:oak_planks,{},
"(15, 16, 4)",minecraft:oak_leaves,"{'distance': '1', 'persistent': 'true', 'waterlogged': 'false'}",
"(17, 16, 4)",minecraft:dark_oak_fence,"{'east': 'false', 'north': 'false', 'south': 'true', 'waterlogged': 'false', 'west': 'false'}",
"(19, 16, 4)",minecraft:spruce_wall_sign,"{'facing': 'west', 'waterlogged': 'false'}","{back_text: {has_glowing_text: 0b, color: ""black"", messages: ["""", """", """", """"]}, components: {}, is_waxed: 0b, id: ""minecraft:sign"", front_text: {has_glowing_text: 0b, color: ""black"", messages: ["""", """", """", """"]}}"
"(20, 16, 4)",minecraft:terracotta,{},
"(21, 16, 4)",minecraft:bookshelf,{},
"(26, 16, 4)",minecraft:spruce_trapdoor,"{'facing': 'south', 'half': 'bottom', 'open': 'true', 'powered': 'false', 'waterlogged': 'false'}",
"(27, 16, 4)",minecraft:spruce_trapdoor,"{'facing': 'south', 'half': 'bottom', 'open': 'true', 'powered': 'false', 'waterlogged': 'false'}",
"(28, 16, 4)",minecraft:spruce_trapdoor,"{'facing': 'south', 'half': 'bottom', 'open': 'true', 'powered': 'false', 'waterlogged': 'false'}",
"(14, 16, 5)",minecraft:stripped_oak_wood,{'axis': 'x'},
"(15, 16, 5)",minecraft:stripped_dark_oak_log,{'axis': 'y'},
"(16, 16, 5)",minecraft:brown_wool,{},
"(17, 16, 5)",minecraft:stripped_dark_oak_log,{'axis': 'y'},
"(18, 16, 5)",minecraft:brown_wool,{},
"(19, 16, 5)",minecraft:stripped_dark_oak_log,{'axis': 'y'},
"(20, 16, 5)",minecraft:terracotta,{},
"(21, 16, 5)",minecraft:bookshelf,{},
"(23, 16, 5)",minecraft:enchanting_table,{},"{components: {}, id: ""minecraft:enchanting_table""}"
"(14, 16, 6)",minecraft:birch_planks,{},
"(15, 16, 6)",minecraft:jungle_stairs,"{'facing': 'west', 'half': 'top', 'shape': 'straight', 'waterlogged': 'false'}",
"(19, 16, 6)",minecraft:jungle_stairs,"{'facing': 'east', 'half': 'top', 'shape': 'straight', 'waterlogged': 'false'}",
"(20, 16, 6)",minecraft:granite,{},
"(21, 16, 6)",minecraft:bookshelf,{},
"(26, 16, 6)",minecraft:spruce_trapdoor,"{'facing': 'north', 'half': 'bottom', 'open': 'true', 'powered': 'false', 'waterlogged': 'false'}",
"(27, 16, 6)",minecraft:spruce_trapdoor,"{'facing': 'north', 'half': 'bottom', 'open': 'true', 'powered': 'false', 'waterlogged': 'false'}",
"(28, 16, 6)",minecraft:spruce_trapdoor,"{'facing': 'north', 'half': 'bottom', 'open': 'true', 'powered': 'false', 'waterlogged': 'false'}",
"(11, 16, 7)",minecraft:oak_slab,"{'type': 'bottom', 'waterlogged': 'false'}",
"(12, 16, 7)",minecraft:oak_slab,"{'type': 'bottom', 'waterlogged': 'false'}",
"(13, 16, 7)",minecraft:oak_slab,"{'type': 'bottom', 'waterlogged': 'false'}",
"(14, 16, 7)",minecraft:oak_planks,{},
"(15, 16, 7)",minecraft:jungle_stairs,"{'facing': 'west', 'half': 'top', 'shape': 'straight', 'waterlogged': 'false'}",
"(17, 16, 7)",minecraft:iron_chain,"{'axis': 'y', 'waterlogged': 'false'}",
"(19, 16, 7)",minecraft:jungle_stairs,"{'facing': 'east', 'half': 'top', 'shape': 'straight', 'waterlogged': 'false'}",
"(20, 16, 7)",minecraft:granite,{},
"(21, 16, 7)",minecraft:bookshelf,{},
"(22, 16, 7)",minecraft:bookshelf,{},
"(23, 16, 7)",minecraft:bookshelf,{},
"(24, 16, 7)",minecraft:bookshelf,{},
"(25, 16, 7)",minecraft:bookshelf,{},
"(26, 16, 7)",minecraft:granite,{},
"(27, 16, 7)",minecraft:spruce_wall_sign,"{'facing': 'east', 'waterlogged': 'false'}","{back_text: {has_glowing_text: 0b, color: ""black"", messages: ["""", """", """", """"]}, components: {}, is_waxed: 0b, id: ""minecraft:sign"", front_text: {has_glowing_text: 0b, color: ""black"", messages: ["""", """", """", """"]}}"
"(11, 16, 8)",minecraft:stripped_oak_wood,{'axis': 'y'},
"(12, 16, 8)",minecraft:stripped_oak_wood,{'axis': 'y'},
"(13, 16, 8)",minecraft:oak_planks,{},
"(14, 16, 8)",minecraft:stripped_oak_wood,{'axis': 'y'},
"(15, 16, 8)",minecraft:jungle_stairs,"{'facing': 'west', 'half': 'top', 'shape': 'straight', 'waterlogged': 'false'}",
"(19, 16, 8)",minecraft:jungle_stairs,"{'facing': 'east', 'half': 'top', 'shape': 'straight', 'waterlogged': 'false'}",
"(20, 16, 8)",minecraft:stripped_spruce_log,{'axis': 'y'},
"(21, 16, 8)",minecraft:terracotta,{},
"(22, 16, 8)",minecraft:granite,{},
"(23, 16, 8)",minecraft:terracotta,{},
"(24, 16, 8)",minecraft:terracotta,{},
"(25, 16, 8)",minecraft:granite,{},
"(26, 16, 8)",minecraft:barrel,"{'facing': 'down', 'open': 'false'}","{components: {}, Items: [], id: ""minecraft:barrel""}"
"(11, 16, 9)",minecraft:oak_slab,"{'type': 'bottom', 'waterlogged': 'false'}",
"(12, 16, 9)",minecraft:oak_slab,"{'type': 'bottom', 'waterlogged': 'false'}",
"(13, 16, 9)",minecraft:oak_slab,"{'type': 'bottom', 'waterlogged': 'false'}",
"(14, 16, 9)",minecraft:stripped_oak_wood,{'axis': 'y'},
"(15, 16, 9)",minecraft:jungle_stairs,"{'facing': 'west', 'half': 'top', 'shape': 'straight', 'waterlogged': 'false'}",
"(19, 16, 9)",minecraft:jungle_stairs,"{'facing': 'east', 'half': 'top', 'shape': 'straight', 'waterlogged': 'false'}",
"(20, 16, 9)",minecraft:oak_planks,{},
"(21, 16, 9)",minecraft:azalea_leaves,"{'distance': '1', 'persistent': 'true', 'waterlogged': 'false'}",
"(22, 16, 9)",minecraft:spruce_wall_sign,"{'facing': 'south', 'waterlogged': 'false'}","{back_text: {has_glowing_text: 0b, color: ""black"", messages: ["""", """", """", """"]}, components: {}, is_waxed: 0b, id: ""minecraft:sign"", front_text: {has_glowing_text: 0b, color: ""black"", messages: ["""", """", """", """"]}}"
"(23, 16, 9)",minecraft:spruce_wall_sign,"{'facing': 'south', 'waterlogged': 'false'}","{back_text: {has_glowing_text: 0b, color: ""black"", messages: ["""", """", """", """"]}, components: {}, is_waxed: 0b, id: ""minecraft:sign"", front_text: {has_glowing_text: 0b, color: ""black"", messages: ["""", """", """", """"]}}"
"(24, 16, 9)",minecraft:spruce_wall_sign,"{'facing': 'south', 'waterlogged': 'false'}","{back_text: {has_glowing_text: 0b, color: ""black"", messages: ["""", """", """", """"]}, components: {}, is_waxed: 0b, id: ""minecraft:sign"", front_text: {has_glowing_text: 0b, color: ""black"", messages: ["""", """", """", """"]}}"
"(25, 16, 9)",minecraft:spruce_wall_sign,"{'facing': 'south', 'waterlogged': 'false'}","{back_text: {has_glowing_text: 0b, color: ""black"", messages: ["""", """", """", """"]}, components: {}, is_waxed: 0b, id: ""minecraft:sign"", front_text: {has_glowing_text: 0b, color: ""black"", messages: ["""", """", """", """"]}}"
"(14, 16, 10)",minecraft:oak_planks,{},
"(15, 16, 10)",minecraft:jungle_stairs,"{'facing': 'west', 'half': 'top', 'shape': 'straight', 'waterlogged': 'false'}",
"(19, 16, 10)",minecraft:jungle_stairs,"{'facing': 'east', 'half': 'top', 'shape': 'straight', 'waterlogged': 'false'}",
"(20, 16, 10)",minecraft:stripped_birch_wood,{'axis': 'y'},
"(14, 16, 11)",minecraft:stripped_oak_wood,{'axis': 'x'},
"(15, 16, 11)",minecraft:stripped_dark_oak_wood,{'axis': 'y'},
"(16, 16, 11)",minecraft:brown_wool,{},
"(17, 16, 11)",minecraft:stripped_dark_oak_log,{'axis': 'y'},
"(18, 16, 11)",minecraft:brown_wool,{},
"(19, 16, 11)",minecraft:stripped_dark_oak_wood,{'axis': 'y'},
"(20, 16, 11)",minecraft:birch_planks,{},
"(14, 16, 12)",minecraft:oak_planks,{},
"(15, 16, 12)",minecraft:jungle_stairs,"{'facing': 'west', 'half': 'top', 'shape': 'straight', 'waterlogged': 'false'}",
"(19, 16, 12)",minecraft:jungle_stairs,"{'facing': 'east', 'half': 'top', 'shape': 'straight', 'waterlogged': 'false'}",
"(20, 16, 12)",minecraft:stripped_oak_wood,{'axis': 'x'},
"(14, 16, 13)",minecraft:oak_planks,{},
"(15, 16, 13)",minecraft:jungle_stairs,"{'facing': 'west', 'half': 'top', 'shape': 'straight', 'waterlogged': 'false'}",
"(19, 16, 13)",minecraft:jungle_stairs,"{'facing': 'east', 'half': 'top', 'shape': 'straight', 'waterlogged': 'false'}",
"(20, 16, 13)",minecraft:stripped_oak_wood,{'axis': 'x'},
"(21, 16, 13)",minecraft:oak_slab,"{'type': 'bottom', 'waterlogged': 'false'}",
"(22, 16, 13)",minecraft:oak_slab,"{'type': 'bottom', 'waterlogged': 'false'}",
"(23, 16, 13)",minecraft:oak_slab,"{'type': 'bottom', 'waterlogged': 'false'}",
"(14, 16, 14)",minecraft:oak_planks,{},
"(15, 16, 14)",minecraft:jungle_stairs,"{'facing': 'west', 'half': 'top', 'shape': 'straight', 'waterlogged': 'false'}",
"(17, 16, 14)",minecraft:iron_chain,"{'axis': 'y', 'waterlogged': 'false'}",
"(19, 16, 14)",minecraft:jungle_stairs,"{'facing': 'east', 'half': 'top', 'shape': 'straight', 'waterlogged': 'false'}",
"(20, 16, 14)",minecraft:oak_planks,{},
"(21, 16, 14)",minecraft:stripped_oak_wood,{'axis': 'y'},
"(22, 16, 14)",minecraft:oak_planks,{},
"(23, 16, 14)",minecraft:stripped_oak_wood,{'axis': 'y'},
"(14, 16, 15)",minecraft:stripped_oak_wood,{'axis': 'x'},
"(15, 16, 15)",minecraft:jungle_stairs,"{'facing': 'west', 'half': 'top', 'shape': 'straight', 'waterlogged': 'false'}",
"(19, 16, 15)",minecraft:jungle_stairs,"{'facing': 'east', 'half': 'top', 'shape': 'straight', 'waterlogged': 'false'}",
"(20, 16, 15)",minecraft:oak_planks,{},
"(21, 16, 15)",minecraft:oak_slab,"{'type': 'bottom', 'waterlogged': 'false'}",
"(22, 16, 15)",minecraft:oak_slab,"{'type': 'bottom', 'waterlogged': 'false'}",
"(23, 16, 15)",minecraft:oak_slab,"{'type': 'bottom', 'waterlogged': 'false'}",
"(14, 16, 16)",minecraft:birch_planks,{},
"(15, 16, 16)",minecraft:jungle_stairs,"{'facing': 'west', 'half': 'top', 'shape': 'straight', 'waterlogged': 'false'}",
"(19, 16, 16)",minecraft:jungle_stairs,"{'facing': 'east', 'half': 'top', 'shape': 'straight', 'waterlogged': 'false'}",
"(20, 16, 16)",minecraft:stripped_birch_wood,{'axis': 'y'},
"(14, 16, 17)",minecraft:oak_planks,{},
"(15, 16, 17)",minecraft:stripped_dark_oak_log,{'axis': 'y'},
"(16, 16, 17)",minecraft:brown_wool,{},
"(17, 16, 17)",minecraft:stripped_dark_oak_log,{'axis': 'y'},
"(18, 16, 17)",minecraft:brown_wool,{},
"(19, 16, 17)",minecraft:stripped_dark_oak_log,{'axis': 'y'},
"(20, 16, 17)",minecraft:stripped_oak_wood,{'axis': 'x'},
"(14, 16, 18)",minecraft:stripped_oak_wood,{'axis': 'x'},
"(17, 16, 18)",minecraft:dark_oak_fence,"{'east': 'false', 'north': 'true', 'south': 'false', 'waterlogged': 'false', 'west': 'false'}",
"(19, 16, 18)",minecraft:azalea_leaves,"{'distance': '1', 'persistent': 'true', 'waterlogged': 'false'}",
"(20, 16, 18)",minecraft:oak_planks,{},
"(20, 17, 2)",minecraft:oak_log,{'axis': 'y'},
"(21, 17, 2)",minecraft:terracotta,{},
"(22, 17, 2)",minecraft:granite,{},
"(23, 17, 2)",minecraft:light_gray_stained_glass_pane,"{'east': 'true', 'north': 'false', 'south': 'false', 'waterlogged': 'false', 'west': 'true'}",
"(24, 17, 2)",minecraft:terracotta,{},
"(25, 17, 2)",minecraft:terracotta,{},
"(26, 17, 2)",minecraft:oak_log,{'axis': 'y'},
"(20, 17, 3)",minecraft:terracotta,{},
"(21, 17, 3)",minecraft:bookshelf,{},
"(22, 17, 3)",minecraft:amethyst_cluster,"{'facing': 'up', 'waterlogged': 'false'}",
"(23, 17, 3)",minecraft:magenta_candle,"{'candles': '4', 'lit': 'true', 'waterlogged': 'false'}",
"(24, 17, 3)",minecraft:purple_candle,"{'candles': '4', 'lit': 'true', 'waterlogged': 'false'}",
"(25, 17, 3)",minecraft:bookshelf,{},
"(26, 17, 3)",minecraft:brown_wool,{},
"(15, 17, 4)",minecraft:oak_planks,{},
"(17, 17, 4)",minecraft:dark_oak_stairs,"{'facing': 'south', 'half': 'top', 'shape': 'straight', 'waterlogged': 'false'}",
"(19, 17, 4)",minecraft:stripped_birch_wood,{'axis': 'y'},
"(20, 17, 4)",minecraft:terracotta,{},
"(21, 17, 4)",minecraft:large_amethyst_bud,"{'facing': 'up', 'waterlogged': 'false'}",
"(26, 17, 4)",minecraft:spruce_trapdoor,"{'facing': 'south', 'half': 'top', 'open': 'true', 'powered': 'false', 'waterlogged': 'false'}",
"(15, 17, 5)",minecraft:birch_planks,{},
"(16, 17, 5)",minecraft:stripped_dark_oak_log,{'axis': 'y'},
"(17, 17, 5)",minecraft:stripped_dark_oak_log,{'axis': 'y'},
"(18, 17, 5)",minecraft:stripped_dark_oak_log,{'axis': 'y'},
"(19, 17, 5)",minecraft:birch_planks,{},
"(20, 17, 5)",minecraft:terracotta,{},
"(21, 17, 5)",minecraft:magenta_candle,"{'candles': '4', 'lit': 'true', 'waterlogged': 'false'}",
"(15, 17, 6)",minecraft:stripped_birch_wood,{'axis': 'x'},
"(16, 17, 6)",minecraft:jungle_stairs,"{'facing': 'west', 'half': 'top', 'shape': 'straight', 'waterlogged': 'false'}",
"(17, 17, 6)",minecraft:dark_oak_fence_gate,"{'facing': 'west', 'in_wall': 'false', 'open': 'false', 'powered': 'false'}",
"(18, 17, 6)",minecraft:jungle_stairs,"{'facing': 'east', 'half': 'top', 'shape': 'straight', 'waterlogged': 'false'}",
"(19, 17, 6)",minecraft:birch_planks,{},
"(20, 17, 6)",minecraft:terracotta,{},
"(21, 17, 6)",minecraft:purple_candle,"{'candles': '4', 'lit': 'true', 'waterlogged': 'false'}",
"(26, 17, 6)",minecraft:spruce_trapdoor,"{'facing': 'north', 'half': 'bottom', 'open': 'true', 'powered': 'false', 'waterlogged': 'false'}",
"(15, 17, 7)",minecraft:birch_planks,{},
"(16, 17, 7)",minecraft:jungle_stairs,"{'facing': 'west', 'half': 'top', 'shape': 'straight', 'waterlogged': 'false'}",
"(17, 17, 7)",minecraft:dark_oak_fence,"{'east': 'false', 'north': 'true', 'south': 'true', 'waterlogged': 'false', 'west': 'false'}",
"(18, 17, 7)",minecraft:jungle_stairs,"{'facing': 'east', 'half': 'top', 'shape': 'straight', 'waterlogged': 'false'}",
"(19, 17, 7)",minecraft:oak_planks,{},
"(20, 17, 7)",minecraft:terracotta,{},
"(21, 17, 7)",minecraft:bookshelf,{},
"(22, 17, 7)",minecraft:purple_candle,"{'candles': '4', 'lit': 'true', 'waterlogged': 'false'}",
"(23, 17, 7)",minecraft:large_amethyst_bud,"{'facing': 'up', 'waterlogged': 'false'}",
"(24, 17, 7)",minecraft:magenta_candle,"{'candles': '4', 'lit': 'true', 'waterlogged': 'false'}",
"(25, 17, 7)",minecraft:bookshelf,{},
"(26, 17, 7)",minecraft:granite,{},
"(15, 17, 8)",minecraft:oak_planks,{},
"(16, 17, 8)",minecraft:jungle_stairs,"{'facing': 'west', 'half': 'top', 'shape': 'straight', 'waterlogged': 'false'}",
"(17, 17, 8)",minecraft:dark_oak_fence_gate,"{'facing': 'west', 'in_wall': 'false', 'open': 'false', 'powered': 'false'}",
"(18, 17, 8)",minecraft:jungle_stairs,"{'facing': 'east', 'half': 'top', 'shape': 'straight', 'waterlogged': 'false'}",
"(19, 17, 8)",minecraft:oak_planks,{},
"(20, 17, 8)",minecraft:oak_log,{'axis': 'y'},
"(21, 17, 8)",minecraft:terracotta,{},
"(22, 17, 8)",minecraft:terracotta,{},
"(23, 17, 8)",minecraft:light_gray_stained_glass_pane,"{'east': 'true', 'north': 'false', 'south': 'false', 'waterlogged': 'false', 'west': 'true'}",
"(24, 17, 8)",minecraft:terracotta,{},
"(25, 17, 8)",minecraft:terracotta,{},
"(26, 17, 8)",minecraft:oak_log,{'axis': 'y'},
"(15, 17, 9)",minecraft:oak_planks,{},
"(16, 17, 9)",minecraft:jungle_stairs,"{'facing': 'west', 'half': 'top', 'shape': 'straight', 'waterlogged': 'false'}",
"(17, 17, 9)",minecraft:dark_oak_fence_gate,"{'facing': 'west', 'in_wall': 'false', 'open': 'false', 'powered': 'false'}",
"(18, 17, 9)",minecraft:jungle_stairs,"{'facing': 'east', 'half': 'top', 'shape': 'straight', 'waterlogged': 'false'}",
"(19, 17, 9)",minecraft:birch_planks,{},
"(20, 17, 9)",minecraft:oak_leaves,"{'distance': '1', 'persistent': 'true', 'waterlogged': 'false'}",
"(15, 17, 10)",minecraft:stripped_oak_wood,{'axis': 'x'},
"(16, 17, 10)",minecraft:jungle_stairs,"{'facing': 'west', 'half': 'top', 'shape': 'straight', 'waterlogged': 'false'}",
"(17, 17, 10)",minecraft:dark_oak_fence_gate,"{'facing': 'west', 'in_wall': 'false', 'open': 'false', 'powered': 'false'}",
"(18, 17, 10)",minecraft:jungle_stairs,"{'facing': 'east', 'half': 'top', 'shape': 'straight', 'waterlogged': 'false'}",
"(19, 17, 10)",minecraft:birch_planks,{},
"(15, 17, 11)",minecraft:stripped_birch_wood,{'axis': 'y'},
"(16, 17, 11)",minecraft:stripped_dark_oak_wood,{'axis': 'x'},
"(17, 17, 11)",minecraft:stripped_dark_oak_log,{'axis': 'y'},
"(18, 17, 11)",minecraft:stripped_dark_oak_wood,{'axis': 'x'},
"(19, 17, 11)",minecraft:stripped_birch_wood,{'axis': 'x'},
"(15, 17, 12)",minecraft:stripped_oak_wood,{'axis': 'x'},
"(16, 17, 12)",minecraft:jungle_stairs,"{'facing': 'west', 'half': 'top', 'shape': 'straight', 'waterlogged': 'false'}",
"(17, 17, 12)",minecraft:dark_oak_fence_gate,"{'facing': 'west', 'in_wall': 'false', 'open': 'false', 'powered': 'false'}",
"(18, 17, 12)",minecraft:jungle_stairs,"{'facing': 'east', 'half': 'top', 'shape': 'straight', 'waterlogged': 'false'}",
"(19, 17, 12)",minecraft:birch_planks,{},
"(15, 17, 13)",minecraft:stripped_oak_wood,{'axis': 'x'},
"(16, 17, 13)",minecraft:jungle_stairs,"{'facing': 'west', 'half': 'top', 'shape': 'straight', 'waterlogged': 'false'}",
"(17, 17, 13)",minecraft:dark_oak_fence_gate,"{'facing': 'west', 'in_wall': 'false', 'open': 'false', 'powered': 'false'}",
"(18, 17, 13)",minecraft:jungle_stairs,"{'facing': 'east', 'half': 'top', 'shape': 'straight', 'waterlogged': 'false'}",
"(19, 17, 13)",minecraft:stripped_oak_wood,{'axis': 'x'},
"(15, 17, 14)",minecraft:oak_planks,{},
"(16, 17, 14)",minecraft:jungle_stairs,"{'facing': 'west', 'half': 'top', 'shape': 'straight', 'waterlogged': 'false'}",
"(17, 17, 14)",minecraft:dark_oak_fence,"{'east': 'false', 'north': 'true', 'south': 'true', 'waterlogged': 'false', 'west': 'false'}",
"(18, 17, 14)",minecraft:jungle_stairs,"{'facing': 'east', 'half': 'top', 'shape': 'straight', 'waterlogged': 'false'}",
"(19, 17, 14)",minecraft:oak_planks,{},
"(15, 17, 15)",minecraft:birch_planks,{},
"(16, 17, 15)",minecraft:jungle_stairs,"{'facing': 'west', 'half': 'top', 'shape': 'straight', 'waterlogged': 'false'}",
"(17, 17, 15)",minecraft:dark_oak_fence_gate,"{'facing': 'west', 'in_wall': 'false', 'open': 'false', 'powered': 'false'}",
"(18, 17, 15)",minecraft:jungle_stairs,"{'facing': 'east', 'half': 'top', 'shape': 'straight', 'waterlogged': 'false'}",
"(19, 17, 15)",minecraft:birch_planks,{},
"(15, 17, 16)",minecraft:stripped_birch_wood,{'axis': 'y'},
"(16, 17, 16)",minecraft:jungle_stairs,"{'facing': 'west', 'half': 'top', 'shape': 'straight', 'waterlogged': 'false'}",
"(17, 17, 16)",minecraft:dark_oak_fence_gate,"{'facing': 'west', 'in_wall': 'false', 'open': 'false', 'powered': 'false'}",
"(18, 17, 16)",minecraft:jungle_stairs,"{'facing': 'east', 'half': 'top', 'shape': 'straight', 'waterlogged': 'false'}",
"(19, 17, 16)",minecraft:birch_planks,{},
"(15, 17, 17)",minecraft:stripped_birch_wood,{'axis': 'y'},
"(16, 17, 17)",minecraft:stripped_dark_oak_log,{'axis': 'y'},
"(17, 17, 17)",minecraft:stripped_dark_oak_log,{'axis': 'y'},
"(18, 17, 17)",minecraft:stripped_dark_oak_log,{'axis': 'y'},
"(19, 17, 17)",minecraft:stripped_birch_wood,{'axis': 'y'},
"(15, 17, 18)",minecraft:stripped_oak_wood,{'axis': 'x'},
"(17, 17, 18)",minecraft:dark_oak_stairs,"{'facing': 'north', 'half': 'top', 'shape': 'straight', 'waterlogged': 'false'}",
"(18, 17, 18)",minecraft:flowering_azalea_leaves,"{'distance': '1', 'persistent': 'true', 'waterlogged': 'false'}",
"(19, 17, 18)",minecraft:stripped_oak_wood,{'axis': 'x'},
"(23, 18, 1)",minecraft:oak_fence_gate,"{'facing': 'south', 'in_wall': 'false', 'open': 'true', 'powered': 'false'}",
"(20, 18, 2)",minecraft:mangrove_log,{'axis': 'y'},
"(21, 18, 2)",minecraft:terracotta,{},
"(22, 18, 2)",minecraft:terracotta,{},
"(23, 18, 2)",minecraft:white_stained_glass_pane,"{'east': 'true', 'north': 'false', 'south': 'false', 'waterlogged': 'false', 'west': 'true'}",
"(24, 18, 2)",minecraft:terracotta,{},
"(25, 18, 2)",minecraft:terracotta,{},
"(26, 18, 2)",minecraft:mangrove_log,{'axis': 'y'},
"(20, 18, 3)",minecraft:brown_wool,{},
"(21, 18, 3)",minecraft:purple_candle,"{'candles': '4', 'lit': 'true', 'waterlogged': 'false'}",
"(25, 18, 3)",minecraft:large_amethyst_bud,"{'facing': 'up', 'waterlogged': 'false'}",
"(26, 18, 3)",minecraft:brown_wool,{},
"(16, 18, 4)",minecraft:birch_planks,{},
"(17, 18, 4)",minecraft:oak_log,{'axis': 'z'},
"(18, 18, 4)",minecraft:birch_planks,{},
"(20, 18, 4)",minecraft:brown_wool,{},
"(26, 18, 4)",minecraft:spruce_stairs,"{'facing': 'north', 'half': 'top', 'shape': 'straight', 'waterlogged': 'false'}",
"(16, 18, 5)",minecraft:stripped_birch_wood,{'axis': 'y'},
"(17, 18, 5)",minecraft:oak_log,{'axis': 'y'},
"(18, 18, 5)",minecraft:stripped_birch_wood,{'axis': 'y'},
"(20, 18, 5)",minecraft:terracotta,{},
"(26, 18, 5)",minecraft:spruce_trapdoor,"{'facing': 'north', 'half': 'top', 'open': 'false', 'powered': 'false', 'waterlogged': 'false'}",
"(16, 18, 6)",minecraft:birch_planks,{},
"(17, 18, 6)",minecraft:stripped_dark_oak_log,{'axis': 'z'},
"(18, 18, 6)",minecraft:birch_planks,{},
"(20, 18, 6)",minecraft:terracotta,{},
"(26, 18, 6)",minecraft:spruce_stairs,"{'facing': 'south', 'half': 'top', 'shape': 'straight', 'waterlogged': 'false'}",
"(16, 18, 7)",minecraft:birch_planks,{},
"(17, 18, 7)",minecraft:stripped_dark_oak_log,{'axis': 'z'},
"(18, 18, 7)",minecraft:birch_planks,{},
"(20, 18, 7)",minecraft:terracotta,{},
"(21, 18, 7)",minecraft:amethyst_cluster,"{'facing': 'up', 'waterlogged': 'false'}",
"(25, 18, 7)",minecraft:amethyst_cluster,"{'facing': 'up', 'waterlogged': 'false'}",
"(26, 18, 7)",minecraft:terracotta,{},
"(16, 18, 8)",minecraft:birch_planks,{},
"(17, 18, 8)",minecraft:stripped_dark_oak_log,{'axis': 'z'},
"(18, 18, 8)",minecraft:birch_planks,{},
"(20, 18, 8)",minecraft:mangrove_log,{'axis': 'y'},
"(21, 18, 8)",minecraft:brown_wool,{},
"(22, 18, 8)",minecraft:terracotta,{},
"(23, 18, 8)",minecraft:white_stained_glass_pane,"{'east': 'true', 'north': 'false', 'south': 'false', 'waterlogged': 'false', 'west': 'true'}",
"(24, 18, 8)",minecraft:brown_wool,{},
"(25, 18, 8)",minecraft:terracotta,{},
"(26, 18, 8)",minecraft:mangrove_log,{'axis': 'y'},
"(16, 18, 9)",minecraft:stripped_birch_wood,{'axis': 'y'},
"(17, 18, 9)",minecraft:stripped_dark_oak_log,{'axis': 'z'},
"(18, 18, 9)",minecraft:stripped_birch_wood,{'axis': 'x'},
"(23, 18, 9)",minecraft:oak_fence_gate,"{'facing': 'north', 'in_wall': 'false', 'open': 'true', 'powered': 'false'}",
"(25, 18, 9)",minecraft:flowering_azalea_leaves,"{'distance': '7', 'persistent': 'true', 'waterlogged': 'false'}",
"(16, 18, 10)",minecraft:birch_planks,{},
"(17, 18, 10)",minecraft:stripped_dark_oak_log,{'axis': 'z'},
"(18, 18, 10)",minecraft:stripped_birch_wood,{'axis': 'y'},
"(16, 18, 11)",minecraft:stripped_birch_wood,{'axis': 'y'},
"(17, 18, 11)",minecraft:stripped_dark_oak_log,{'axis': 'y'},
"(18, 18, 11)",minecraft:birch_planks,{},
"(16, 18, 12)",minecraft:birch_planks,{},
"(17, 18, 12)",minecraft:stripped_dark_oak_log,{'axis': 'z'},
"(18, 18, 12)",minecraft:birch_planks,{},
"(16, 18, 13)",minecraft:birch_planks,{},
"(17, 18, 13)",minecraft:stripped_dark_oak_log,{'axis': 'z'},
"(18, 18, 13)",minecraft:stripped_birch_wood,{'axis': 'x'},
"(16, 18, 14)",minecraft:birch_planks,{},
"(17, 18, 14)",minecraft:stripped_dark_oak_log,{'axis': 'z'},
"(18, 18, 14)",minecraft:birch_planks,{},
"(16, 18, 15)",minecraft:stripped_birch_wood,{'axis': 'y'},
"(17, 18, 15)",minecraft:stripped_dark_oak_log,{'axis': 'z'},
"(18, 18, 15)",minecraft:stripped_birch_wood,{'axis': 'x'},
"(16, 18, 16)",minecraft:birch_planks,{},
"(17, 18, 16)",minecraft:stripped_dark_oak_log,{'axis': 'z'},
"(18, 18, 16)",minecraft:stripped_birch_wood,{'axis': 'x'},
"(16, 18, 17)",minecraft:birch_planks,{},
"(17, 18, 17)",minecraft:oak_log,{'axis': 'y'},
"(18, 18, 17)",minecraft:birch_planks,{},
"(16, 18, 18)",minecraft:birch_planks,{},
"(17, 18, 18)",minecraft:oak_log,{'axis': 'z'},
"(18, 18, 18)",minecraft:birch_planks,{},
"(20, 19, 1)",minecraft:spruce_fence,"{'east': 'false', 'north': 'false', 'south': 'true', 'waterlogged': 'false', 'west': 'false'}",
"(23, 19, 1)",minecraft:oxidized_copper_trapdoor,"{'facing': 'north', 'half': 'bottom', 'open': 'false', 'powered': 'false', 'waterlogged': 'false'}",
"(26, 19, 1)",minecraft:spruce_fence,"{'east': 'false', 'north': 'false', 'south': 'true', 'waterlogged': 'false', 'west': 'false'}",
"(19, 19, 2)",minecraft:spruce_fence,"{'east': 'true', 'north': 'false', 'south': 'false', 'waterlogged': 'false', 'west': 'false'}",
"(20, 19, 2)",minecraft:stripped_dark_oak_log,{'axis': 'y'},
"(21, 19, 2)",minecraft:brown_wool,{},
"(22, 19, 2)",minecraft:terracotta,{},
"(23, 19, 2)",minecraft:terracotta,{},
"(24, 19, 2)",minecraft:brown_wool,{},
"(25, 19, 2)",minecraft:brown_wool,{},
"(26, 19, 2)",minecraft:stripped_dark_oak_log,{'axis': 'y'},
"(27, 19, 2)",minecraft:spruce_fence,"{'east': 'false', 'north': 'false', 'south': 'false', 'waterlogged': 'false', 'west': 'true'}",
"(20, 19, 3)",minecraft:brown_wool,{},
"(23, 19, 3)",minecraft:dark_oak_slab,"{'type': 'top', 'waterlogged': 'false'}",
"(24, 19, 3)",minecraft:purple_wall_banner,{'facing': 'south'},"{components: {}, id: ""minecraft:banner""}"
"(26, 19, 3)",minecraft:brown_wool,{},
"(27, 19, 3)",minecraft:oak_leaves,"{'distance': '7', 'persistent': 'true', 'waterlogged': 'false'}",
"(17, 19, 4)",minecraft:stripped_birch_wood,{'axis': 'x'},
"(20, 19, 4)",minecraft:brown_wool,{},
"(26, 19, 4)",minecraft:brown_wool,{},
"(17, 19, 5)",minecraft:birch_planks,{},
"(20, 19, 5)",minecraft:brown_wool,{},
"(21, 19, 5)",minecraft:dark_oak_slab,"{'type': 'top', 'waterlogged': 'false'}",
"(23, 19, 5)",minecraft:spore_blossom,{},
"(25, 19, 5)",minecraft:dark_oak_slab,"{'type': 'top', 'waterlogged': 'false'}",
"(26, 19, 5)",minecraft:brown_wool,{},
"(17, 19, 6)",minecraft:birch_planks,{},
"(20, 19, 6)",minecraft:brown_wool,{},
"(26, 19, 6)",minecraft:brown_wool,{},
"(17, 19, 7)",minecraft:stripped_birch_wood,{'axis': 'y'},
"(20, 19, 7)",minecraft:brown_wool,{},
"(22, 19, 7)",minecraft:magenta_wall_banner,{'facing': 'north'},"{components: {}, id: ""minecraft:banner""}"
"(23, 19, 7)",minecraft:dark_oak_slab,"{'type': 'top', 'waterlogged': 'false'}",
"(26, 19, 7)",minecraft:terracotta,{},
"(17, 19, 8)",minecraft:stripped_birch_wood,{'axis': 'y'},
"(19, 19, 8)",minecraft:dark_oak_fence,"{'east': 'true', 'north': 'false', 'south': 'false', 'waterlogged': 'false', 'west': 'false'}",
"(20, 19, 8)",minecraft:stripped_dark_oak_log,{'axis': 'y'},
"(21, 19, 8)",minecraft:brown_wool,{},
"(22, 19, 8)",minecraft:brown_wool,{},
"(23, 19, 8)",minecraft:brown_wool,{},
"(24, 19, 8)",minecraft:brown_wool,{},
"(25, 19, 8)",minecraft:brown_wool,{},
"(26, 19, 8)",minecraft:stripped_dark_oak_log,{'axis': 'y'},
"(27, 19, 8)",minecraft:dark_oak_fence,"{'east': 'false', 'north': 'false', 'south': 'false', 'waterlogged': 'false', 'west': 'true'}",
"(17, 19, 9)",minecraft:birch_planks,{},
"(20, 19, 9)",minecraft:dark_oak_fence,"{'east': 'false', 'north': 'true', 'south': 'false', 'waterlogged': 'false', 'west': 'false'}",
"(23, 19, 9)",minecraft:oxidized_copper_trapdoor,"{'facing': 'south', 'half': 'bottom', 'open': 'false', 'powered': 'false', 'waterlogged': 'false'}",
"(24, 19, 9)",minecraft:azalea_leaves,"{'distance': '7', 'persistent': 'true', 'waterlogged': 'false'}",
"(26, 19, 9)",minecraft:dark_oak_fence,"{'east': 'false', 'north': 'true', 'south': 'false', 'waterlogged': 'false', 'west': 'false'}",
"(17, 19, 10)",minecraft:birch_planks,{},
"(17, 19, 11)",minecraft:birch_planks,{},
"(17, 19, 12)",minecraft:stripped_birch_wood,{'axis': 'x'},
"(17, 19, 13)",minecraft:stripped_birch_wood,{'axis': 'x'},
"(17, 19, 14)",minecraft:birch_planks,{},
"(17, 19, 15)",minecraft:birch_planks,{},
"(17, 19, 16)",minecraft:birch_planks,{},
"(17, 19, 17)",minecraft:stripped_birch_wood,{'axis': 'x'},
"(17, 19, 18)",minecraft:birch_planks,{},
"(20, 20, 1)",minecraft:jungle_slab,"{'type': 'bottom', 'waterlogged': 'false'}",
"(21, 20, 1)",minecraft:jungle_slab,"{'type': 'bottom', 'waterlogged': 'false'}",
"(22, 20, 1)",minecraft:jungle_stairs,"{'facing': 'south', 'half': 'bottom', 'shape': 'straight', 'waterlogged': 'false'}",
"(23, 20, 1)",minecraft:jungle_stairs,"{'facing': 'south', 'half': 'bottom', 'shape': 'straight', 'waterlogged': 'false'}",
"(24, 20, 1)",minecraft:jungle_stairs,"{'facing': 'south', 'half': 'bottom', 'shape': 'straight', 'waterlogged': 'false'}",
"(25, 20, 1)",minecraft:jungle_slab,"{'type': 'bottom', 'waterlogged': 'false'}",
"(26, 20, 1)",minecraft:jungle_slab,"{'type': 'bottom', 'waterlogged': 'false'}",
"(19, 20, 2)",minecraft:jungle_slab,"{'type': 'bottom', 'waterlogged': 'false'}",
"(20, 20, 2)",minecraft:jungle_planks,{},
"(21, 20, 2)",minecraft:oak_planks,{},
"(22, 20, 2)",minecraft:oak_planks,{},
"(23, 20, 2)",minecraft:oak_planks,{},
"(24, 20, 2)",minecraft:oak_planks,{},
"(25, 20, 2)",minecraft:jungle_planks,{},
"(26, 20, 2)",minecraft:jungle_planks,{},
"(27, 20, 2)",minecraft:jungle_slab,"{'type': 'bottom', 'waterlogged': 'false'}",
"(19, 20, 3)",minecraft:jungle_slab,"{'type': 'bottom', 'waterlogged': 'false'}",
"(20, 20, 3)",minecraft:oak_planks,{},
"(21, 20, 3)",minecraft:spruce_slab,"{'type': 'bottom', 'waterlogged': 'false'}",
"(22, 20, 3)",minecraft:spruce_slab,"{'type': 'bottom', 'waterlogged': 'false'}",
"(23, 20, 3)",minecraft:stripped_dark_oak_log,{'axis': 'z'},
"(24, 20, 3)",minecraft:spruce_slab,"{'type': 'bottom', 'waterlogged': 'false'}",
"(25, 20, 3)",minecraft:spruce_slab,"{'type': 'bottom', 'waterlogged': 'false'}",
"(26, 20, 3)",minecraft:oak_planks,{},
"(27, 20, 3)",minecraft:jungle_slab,"{'type': 'bottom', 'waterlogged': 'false'}",
"(19, 20, 4)",minecraft:jungle_stairs,"{'facing': 'east', 'half': 'bottom', 'shape': 'straight', 'waterlogged': 'false'}",
"(20, 20, 4)",minecraft:oak_planks,{},
"(21, 20, 4)",minecraft:spruce_slab,"{'type': 'bottom', 'waterlogged': 'false'}",
"(22, 20, 4)",minecraft:spruce_slab,"{'type': 'top', 'waterlogged': 'false'}",
"(23, 20, 4)",minecraft:stripped_dark_oak_log,{'axis': 'z'},
"(24, 20, 4)",minecraft:spruce_slab,"{'type': 'top', 'waterlogged': 'false'}",
"(25, 20, 4)",minecraft:spruce_slab,"{'type': 'bottom', 'waterlogged': 'false'}",
"(26, 20, 4)",minecraft:oak_planks,{},
"(27, 20, 4)",minecraft:jungle_stairs,"{'facing': 'west', 'half': 'bottom', 'shape': 'straight', 'waterlogged': 'false'}",
"(19, 20, 5)",minecraft:jungle_stairs,"{'facing': 'east', 'half': 'bottom', 'shape': 'straight', 'waterlogged': 'false'}",
"(20, 20, 5)",minecraft:oak_planks,{},
"(21, 20, 5)",minecraft:stripped_dark_oak_log,{'axis': 'x'},
"(22, 20, 5)",minecraft:stripped_dark_oak_log,{'axis': 'x'},
"(23, 20, 5)",minecraft:stripped_dark_oak_log,{'axis': 'z'},
"(24, 20, 5)",minecraft:stripped_dark_oak_log,{'axis': 'x'},
"(25, 20, 5)",minecraft:stripped_dark_oak_log,{'axis': 'x'},
"(26, 20, 5)",minecraft:oak_planks,{},
"(27, 20, 5)",minecraft:jungle_stairs,"{'facing': 'west', 'half': 'bottom', 'shape': 'straight', 'waterlogged': 'false'}",
"(19, 20, 6)",minecraft:jungle_stairs,"{'facing': 'east', 'half': 'bottom', 'shape': 'straight', 'waterlogged': 'false'}",
"(20, 20, 6)",minecraft:oak_planks,{},
"(21, 20, 6)",minecraft:spruce_slab,"{'type': 'bottom', 'waterlogged': 'false'}",
"(22, 20, 6)",minecraft:spruce_slab,"{'type': 'top', 'waterlogged': 'false'}",
"(23, 20, 6)",minecraft:stripped_dark_oak_log,{'axis': 'z'},
"(24, 20, 6)",minecraft:spruce_slab,"{'type': 'top', 'waterlogged': 'false'}",
"(25, 20, 6)",minecraft:spruce_slab,"{'type': 'bottom', 'waterlogged': 'false'}",
"(26, 20, 6)",minecraft:oak_planks,{},
"(27, 20, 6)",minecraft:jungle_stairs,"{'facing': 'west', 'half': 'bottom', 'shape': 'straight', 'waterlogged': 'false'}",
"(19, 20, 7)",minecraft:jungle_slab,"{'type': 'bottom', 'waterlogged': 'false'}",
"(20, 20, 7)",minecraft:jungle_planks,{},
"(21, 20, 7)",minecraft:spruce_slab,"{'type': 'bottom', 'waterlogged': 'false'}",
"(22, 20, 7)",minecraft:spruce_slab,"{'type': 'bottom', 'waterlogged': 'false'}",
"(23, 20, 7)",minecraft:stripped_dark_oak_log,{'axis': 'z'},
"(24, 20, 7)",minecraft:spruce_slab,"{'type': 'bottom', 'waterlogged': 'false'}",
"(25, 20, 7)",minecraft:spruce_slab,"{'type': 'bottom', 'waterlogged': 'false'}",
"(26, 20, 7)",minecraft:oak_planks,{},
"(27, 20, 7)",minecraft:jungle_slab,"{'type': 'bottom', 'waterlogged': 'false'}",
"(19, 20, 8)",minecraft:jungle_slab,"{'type': 'bottom', 'waterlogged': 'false'}",
"(20, 20, 8)",minecraft:oak_planks,{},
"(21, 20, 8)",minecraft:jungle_planks,{},
"(22, 20, 8)",minecraft:oak_planks,{},
"(23, 20, 8)",minecraft:oak_planks,{},
"(24, 20, 8)",minecraft:oak_planks,{},
"(25, 20, 8)",minecraft:oak_planks,{},
"(26, 20, 8)",minecraft:jungle_planks,{},
"(27, 20, 8)",minecraft:jungle_slab,"{'type': 'bottom', 'waterlogged': 'false'}",
"(20, 20, 9)",minecraft:jungle_slab,"{'type': 'bottom', 'waterlogged': 'false'}",
"(21, 20, 9)",minecraft:jungle_slab,"{'type': 'bottom', 'waterlogged': 'false'}",
"(22, 20, 9)",minecraft:jungle_stairs,"{'facing': 'north', 'half': 'bottom', 'shape': 'straight', 'waterlogged': 'false'}",
"(23, 20, 9)",minecraft:jungle_stairs,"{'facing': 'north', 'half': 'bottom', 'shape': 'straight', 'waterlogged': 'false'}",
"(24, 20, 9)",minecraft:jungle_stairs,"{'facing': 'north', 'half': 'bottom', 'shape': 'straight', 'waterlogged': 'false'}",
"(25, 20, 9)",minecraft:jungle_slab,"{'type': 'bottom', 'waterlogged': 'false'}",
"(26, 20, 9)",minecraft:jungle_slab,"{'type': 'bottom', 'waterlogged': 'false'}",
"(21, 21, 2)",minecraft:jungle_slab,"{'type': 'bottom', 'waterlogged': 'false'}",
"(22, 21, 2)",minecraft:oak_slab,"{'type': 'bottom', 'waterlogged': 'false'}",
"(23, 21, 2)",minecraft:oak_stairs,"{'facing': 'south', 'half': 'bottom', 'shape': 'straight', 'waterlogged': 'false'}",
"(24, 21, 2)",minecraft:jungle_slab,"{'type': 'bottom', 'waterlogged': 'false'}",
"(25, 21, 2)",minecraft:jungle_slab,"{'type': 'bottom', 'waterlogged': 'false'}",
"(20, 21, 3)",minecraft:oak_slab,"{'type': 'bottom', 'waterlogged': 'false'}",
"(21, 21, 3)",minecraft:oak_planks,{},
"(22, 21, 3)",minecraft:oak_planks,{},
"(23, 21, 3)",minecraft:oak_planks,{},
"(24, 21, 3)",minecraft:oak_planks,{},
"(25, 21, 3)",minecraft:oak_planks,{},
"(26, 21, 3)",minecraft:oak_slab,"{'type': 'bottom', 'waterlogged': 'false'}",
"(20, 21, 4)",minecraft:jungle_slab,"{'type': 'bottom', 'waterlogged': 'false'}",
"(21, 21, 4)",minecraft:oak_planks,{},
"(25, 21, 4)",minecraft:oak_planks,{},
"(26, 21, 4)",minecraft:jungle_slab,"{'type': 'bottom', 'waterlogged': 'false'}",
"(20, 21, 5)",minecraft:oak_stairs,"{'facing': 'east', 'half': 'bottom', 'shape': 'straight', 'waterlogged': 'false'}",
"(21, 21, 5)",minecraft:oak_planks,{},
"(25, 21, 5)",minecraft:oak_planks,{},
"(26, 21, 5)",minecraft:oak_stairs,"{'facing': 'west', 'half': 'bottom', 'shape': 'straight', 'waterlogged': 'false'}",
"(20, 21, 6)",minecraft:jungle_slab,"{'type': 'bottom', 'waterlogged': 'false'}",
"(21, 21, 6)",minecraft:oak_planks,{},
"(25, 21, 6)",minecraft:oak_planks,{},
"(26, 21, 6)",minecraft:oak_slab,"{'type': 'bottom', 'waterlogged': 'false'}",
"(20, 21, 7)",minecraft:oak_slab,"{'type': 'bottom', 'waterlogged': 'false'}",
"(21, 21, 7)",minecraft:oak_planks,{},
"(22, 21, 7)",minecraft:oak_planks,{},
"(23, 21, 7)",minecraft:oak_planks,{},
"(24, 21, 7)",minecraft:oak_planks,{},
"(25, 21, 7)",minecraft:oak_planks,{},
"(26, 21, 7)",minecraft:jungle_slab,"{'type': 'bottom', 'waterlogged': 'false'}",
"(21, 21, 8)",minecraft:oak_slab,"{'type': 'bottom', 'waterlogged': 'false'}",
"(22, 21, 8)",minecraft:jungle_slab,"{'type': 'bottom', 'waterlogged': 'false'}",
"(23, 21, 8)",minecraft:oak_stairs,"{'facing': 'north', 'half': 'bottom', 'shape': 'straight', 'waterlogged': 'false'}",
"(24, 21, 8)",minecraft:oak_slab,"{'type': 'bottom', 'waterlogged': 'false'}",
"(25, 21, 8)",minecraft:jungle_slab,"{'type': 'bottom', 'waterlogged': 'false'}",
"(22, 22, 3)",minecraft:oak_stairs,"{'facing': 'east', 'half': 'bottom', 'shape': 'straight', 'waterlogged': 'false'}",
"(23, 22, 3)",minecraft:oak_planks,{},
"(24, 22, 3)",minecraft:oak_stairs,"{'facing': 'west', 'half': 'bottom', 'shape': 'straight', 'waterlogged': 'false'}",
"(21, 22, 4)",minecraft:oak_stairs,"{'facing': 'south', 'half': 'bottom', 'shape': 'straight', 'waterlogged': 'false'}",
"(22, 22, 4)",minecraft:birch_planks,{},
"(24, 22, 4)",minecraft:oak_planks,{},
"(25, 22, 4)",minecraft:oak_stairs,"{'facing': 'south', 'half': 'bottom', 'shape': 'straight', 'waterlogged': 'false'}",
"(21, 22, 5)",minecraft:oak_planks,{},
"(25, 22, 5)",minecraft:oak_planks,{},
"(21, 22, 6)",minecraft:oak_stairs,"{'facing': 'north', 'half': 'bottom', 'shape': 'straight', 'waterlogged': 'false'}",
"(22, 22, 6)",minecraft:birch_planks,{},
"(24, 22, 6)",minecraft:birch_planks,{},
"(25, 22, 6)",minecraft:oak_stairs,"{'facing': 'north', 'half': 'bottom', 'shape': 'straight', 'waterlogged': 'false'}",
"(22, 22, 7)",minecraft:oak_stairs,"{'facing': 'east', 'half': 'bottom', 'shape': 'straight', 'waterlogged': 'false'}",
"(23, 22, 7)",minecraft:oak_planks,{},
"(24, 22, 7)",minecraft:oak_stairs,"{'facing': 'west', 'half': 'bottom', 'shape': 'straight', 'waterlogged': 'false'}",
"(23, 23, 3)",minecraft:birch_stairs,"{'facing': 'south', 'half': 'bottom', 'shape': 'straight', 'waterlogged': 'false'}",
"(22, 23, 4)",minecraft:oak_planks,{},
"(23, 23, 4)",minecraft:oak_planks,{},
"(24, 23, 4)",minecraft:birch_planks,{},
"(21, 23, 5)",minecraft:oak_stairs,"{'facing': 'east', 'half': 'bottom', 'shape': 'straight', 'waterlogged': 'false'}",
"(22, 23, 5)",minecraft:oak_planks,{},
"(24, 23, 5)",minecraft:oak_planks,{},
"(25, 23, 5)",minecraft:oak_stairs,"{'facing': 'west', 'half': 'bottom', 'shape': 'straight', 'waterlogged': 'false'}",
"(22, 23, 6)",minecraft:birch_planks,{},
"(23, 23, 6)",minecraft:oak_planks,{},
"(24, 23, 6)",minecraft:oak_planks,{},
"(23, 23, 7)",minecraft:birch_stairs,"{'facing': 'north', 'half': 'bottom', 'shape': 'straight', 'waterlogged': 'false'}",
"(22, 24, 4)",minecraft:birch_fence,"{'east': 'true', 'north': 'false', 'south': 'true', 'waterlogged': 'false', 'west': 'false'}",
"(23, 24, 4)",minecraft:birch_planks,{},
"(24, 24, 4)",minecraft:birch_fence,"{'east': 'false', 'north': 'false', 'south': 'true', 'waterlogged': 'false', 'west': 'true'}",
"(22, 24, 5)",minecraft:birch_planks,{},
"(23, 24, 5)",minecraft:oak_planks,{},
"(24, 24, 5)",minecraft:birch_planks,{},
"(22, 24, 6)",minecraft:birch_fence,"{'east': 'true', 'north': 'true', 'south': 'false', 'waterlogged': 'false', 'west': 'false'}",
"(23, 24, 6)",minecraft:birch_planks,{},
"(24, 24, 6)",minecraft:birch_fence,"{'east': 'false', 'north': 'true', 'south': 'false', 'waterlogged': 'false', 'west': 'true'}",
"(23, 25, 4)",minecraft:birch_fence,"{'east': 'false', 'north': 'false', 'south': 'true', 'waterlogged': 'false', 'west': 'false'}",
"(22, 25, 5)",minecraft:birch_fence,"{'east': 'true', 'north': 'false', 'south': 'false', 'waterlogged': 'false', 'west': 'false'}",
"(23, 25, 5)",minecraft:birch_planks,{},
"(24, 25, 5)",minecraft:birch_fence,"{'east': 'false', 'north': 'false', 'south': 'false', 'waterlogged': 'false', 'west': 'true'}",
"(23, 25, 6)",minecraft:birch_fence,"{'east': 'false', 'north': 'true', 'south': 'false', 'waterlogged': 'false', 'west': 'false'}",
"(23, 26, 5)",minecraft:birch_planks,{},
"(23, 27, 5)",minecraft:birch_fence,"{'east': 'false', 'north': 'false', 'south': 'false', 'waterlogged': 'false', 'west': 'false'}",
